황정견,두보,코사인 유사도
浙江衲子静無塵,舟子喜甚無氛埃,0.8055165822870909
浙江衲子静無塵,足以静風塵,0.8012246688339538
箇箇莊嚴服飾新,却繞井欄添箇箇,0.8032892273858602
箇箇莊嚴服飾新,個個五花文,0.8131784837713516
何似乾明能效古,唐堯真自聖,0.8013683018158049
何似乾明能效古,許求聰慧者,0.804628337991893
何似乾明能效古,似君須向古人求,0.8188779534299325
何似乾明能效古,恐是漢代韓張良,0.8149865179227626
渠知北斗裏藏身,干戈北斗深,0.8059365220532816
梅蘂觸人意,山意衝寒欲放梅,0.8311674572107266
冒寒開雪花,澗道餘寒歷冰雪,0.8191052014181086
冒寒開雪花,不獨避霜雪,0.800415402646667
冒寒開雪花,增寒抱雪霜,0.8321800094907598
冒寒開雪花,天寒霜雪繁,0.8315723541915969
冒寒開雪花,雪片一冬深,0.8191329014117379
冒寒開雪花,玄冬霜雪積,0.8125168123774997
冒寒開雪花,白屋寒多暖始開,0.825592913234066
冒寒開雪花,白雪避花繁,0.8190787179468244
冒寒開雪花,山寒雨不開,0.845894657690329
冒寒開雪花,寒花只暫香,0.8048608665277528
冒寒開雪花,山花已自開,0.8071602055764779
冒寒開雪花,寒花開已盡,0.8468641504861276
冒寒開雪花,山意衝寒欲放梅,0.8346951438563972
冒寒開雪花,金甲雪猶凍,0.8165088538441581
冒寒開雪花,梅蕊臘前破,0.851854301580871
冒寒開雪花,夜雪鞏梅春,0.8384767155837103
冒寒開雪花,春寒花較遲,0.8094161938605042
冒寒開雪花,餘寒拆花卉,0.867484759421198
冒寒開雪花,雪籬梅可折,0.8332151339334386
冒寒開雪花,積雪飛霜此夜寒,0.8021615424912065
冒寒開雪花,雪岸叢梅發,0.8276758567240372
冒寒開雪花,春蒲長雪消,0.8113858784164452
冒寒開雪花,雖當霰雪嚴,0.8227519819240428
冒寒開雪花,北歸衝雨雪,0.8167911431226716
遥憐水風晚,水花晚色静,0.8173638390503535
遥憐水風晚,遥憐湘水魂,0.8516539495550249
遥憐水風晚,遥悲水國秋,0.8432798762613316
片片點汀沙,洮雲片片黄,0.8516939757388953
片片點汀沙,宿鷺起圓沙,0.8063442376305661
片片點汀沙,宿雁聚圓沙,0.8143278450591724
片片點汀沙,風吹花片片,0.8366427884218492
片片點汀沙,片片晚旗紅,0.8452799328508043
片片點汀沙,片片水上雲,0.8168225276267793
片片點汀沙,流霞分片片,0.8099224770390892
片片點汀沙,遠岸秋沙白,0.8122127724524189
片片點汀沙,片片輕鷗下急湍,0.8810637254816612
溪毛秀兮水清,泉香草豐潔,0.8027627334383006
溪毛秀兮水清,江清心可瑩,0.8196383436279705
溪毛秀兮水清,渚秀蘆笋緑,0.8034753418468905
溪毛秀兮水清,復見秀骨清,0.8483360601447112
溪毛秀兮水清,剡溪藴秀異,0.812868810541149
可飯羹兮濯纓,肉味不足登鼎俎,0.8015201763856252
可飯羹兮濯纓,此足代加餐,0.8096019503009807
可飯羹兮濯纓,苣兮蔬之常,0.8253733594537332
可飯羹兮濯纓,清晨飯其腹,0.8095528454188574
可飯羹兮濯纓,盤飧老夫食,0.8102984284467771
可飯羹兮濯纓,盤飧詎糝藜,0.8055402165419338
不漁民利兮又何有於名,草有害於人,0.8297869958177208
不漁民利兮又何有於名,用之不高亦不庳,0.8127449008911901
弦琴兮觴酒,爲公歌此曲,0.8006497729105504
寫溪聲兮延五老以爲壽,能畫毛延壽,0.8010732624137704
蟬蜕塵埃兮玉雪自清,香汗清塵汙顔色,0.8105012799089255
蟬蜕塵埃兮玉雪自清,清輝玉臂寒,0.8028853084652385
蟬蜕塵埃兮玉雪自清,志已清風塵,0.8081145016529574
蟬蜕塵埃兮玉雪自清,復見秀骨清,0.8004136186643498
蟬蜕塵埃兮玉雪自清,雪飛玉立盡清秋,0.800612760732232
蟬蜕塵埃兮玉雪自清,羽毛淨白雪,0.8190833937790223
蟬蜕塵埃兮玉雪自清,骨清慮不喧,0.8070566775190049
聽潺湲兮鑒澄明,司徒清鑒懸明鏡,0.8052950923977449
聽潺湲兮鑒澄明,洞澈有清識,0.8084439519182045
聽潺湲兮鑒澄明,潺潺石間溜,0.8098750986895106
聽潺湲兮鑒澄明,滿座涕潺湲,0.8022290533171477
聽潺湲兮鑒澄明,鑒徹勞懸鏡,0.8007110310300372
聽潺湲兮鑒澄明,掩抑淚潺湲,0.8029048790829749
激貪兮敦薄,高義薄曾雲,0.8010302206102731
激貪兮敦薄,取别隨薄厚,0.812035662879139
津有舟兮蕩有蓮,不有小舟能蕩槳,0.8196933522677489
津有舟兮蕩有蓮,清池可方舟,0.8066372694584498
津有舟兮蕩有蓮,水中無行舟,0.8267757204089113
津有舟兮蕩有蓮,蕩析川無梁,0.8183257609463156
霜清水寒兮舟著平沙,沙亂雪山清,0.8178944088733934
霜清水寒兮舟著平沙,水寒長冰横,0.8494411255103085
霜清水寒兮舟著平沙,沙白灘漫漫,0.8064047242037463
霜清水寒兮舟著平沙,沙岸風吹葉,0.8001362560632757
霜清水寒兮舟著平沙,眠沙泛浦白於雲,0.8175072332966635
霜清水寒兮舟著平沙,秋沙先少泥,0.8337131712020405
霜清水寒兮舟著平沙,清霜大澤凍,0.8257851773005382
霜清水寒兮舟著平沙,露下天高秋水清,0.8210451690739665
霜清水寒兮舟著平沙,沙虚岸只摧,0.8150571042909132
霜清水寒兮舟著平沙,荻岸如秋水,0.8283970596520511
霜清水寒兮舟著平沙,渚清沙白鳥飛迴,0.8189889309605491
霜清水寒兮舟著平沙,天寒沙水清,0.8875229560545288
霜清水寒兮舟著平沙,北雪犯長沙,0.8178611856187679
魚鳥親人兮野老同社而争席,山鳥山花共友于,0.8065717352027406
白雲蒙頭兮與南山爲伍,東山氣濛鴻,0.815672157049562
非夫人攘臂兮誰余敢侮,邊人不敢議,0.8070046060241447
非夫人攘臂兮誰余敢侮,吾亦驅其兒,0.8000876080991337
非夫人攘臂兮誰余敢侮,吾非丈夫特,0.8055354001789802
騎牛遠遠過前村,前村山路險,0.8461892960084149
騎牛遠遠過前村,歸路晚山稠,0.8142375763735267
騎牛遠遠過前村,車馬入鄰家,0.8031306671444781
騎牛遠遠過前村,牛羊嶺上村,0.839651204902311
騎牛遠遠過前村,山遠道路迷,0.8029700250854301
騎牛遠遠過前村,歸客村非遠,0.8116035048380086
騎牛遠遠過前村,村舂雨外急,0.823823932094681
騎牛遠遠過前村,野橋齊渡馬,0.8234699462113224
騎牛遠遠過前村,入村樵徑引,0.8322873225214062
騎牛遠遠過前村,路出雙林外,0.8154187658430974
騎牛遠遠過前村,白牛車遠近,0.8475686246571343
騎牛遠遠過前村,溪行盡日無村塢,0.8371462310919867
騎牛遠遠過前村,野店山橋送馬蹄,0.847319419939354
騎牛遠遠過前村,村依野廟堧,0.8035540191876812
騎牛遠遠過前村,樵歌稍出村,0.826970171373653
騎牛遠遠過前村,村僻來人少,0.8043148816636074
騎牛遠遠過前村,村墟過翼稀,0.8142749875228671
吹笛風斜隔壠聞,横笛短簫悲遠天,0.8327346640554498
吹笛風斜隔壠聞,高樓夜吹笛,0.8328864598539463
吹笛風斜隔壠聞,羌笛暮吹哀,0.8525769679926871
吹笛風斜隔壠聞,行人不過聽竽籟,0.807105986683298
吹笛風斜隔壠聞,愁連吹笛生,0.8046733922804153
吹笛風斜隔壠聞,背後吹笙竽,0.8026840719478421
吹笛風斜隔壠聞,横笛未休吹,0.8289584178106664
吹笛風斜隔壠聞,吹笛秋山風月清,0.8080544518760416
多少長安名利客,長安水邊多麗人,0.8019172910265987
多少長安名利客,長安卿相多少年,0.8588601345298293
多少長安名利客,君有長才不貧賤,0.8152961647228876
多少長安名利客,才名賈傅多,0.8017878687569175
機關用盡不如君,用急始如神,0.8178056053622336
機關用盡不如君,於身色有用,0.8154870771456955
機關用盡不如君,畫師不是無心學,0.8093669208125095
機關用盡不如君,只有不關渠,0.8020493055081237
青衫烏帽蘆花鞭,錦里先生烏角巾,0.8083862573399426
青衫烏帽蘆花鞭,烏帽拂塵青騾粟,0.8582534682695262
青衫烏帽蘆花鞭,朱紱猶紗帽,0.8119736422166073
青衫烏帽蘆花鞭,掉頭紗帽側,0.8011586646742704
青衫烏帽蘆花鞭,爲客裁烏帽,0.8004321830938338
青衫烏帽蘆花鞭,紗帽隨鷗鳥,0.808879673876503
青衫烏帽蘆花鞭,黄帽青鞋歸去來,0.8273634946725352
青衫烏帽蘆花鞭,浪足浮紗帽,0.812562741870686
送君歸去明主前,先生早賦歸去來,0.8193120420670671
送君歸去明主前,明朝且入藍田山,0.8250300425729771
送君歸去明主前,閭里送我行,0.8062745209196479
送君歸去明主前,歸當再前席,0.803722880261298
送君歸去明主前,劉侯歡我攜客來,0.811923384880435
送君歸去明主前,此時與子空歸來,0.8031371812340081
送君歸去明主前,扶病送君發,0.8107409623964793
送君歸去明主前,明年下春水,0.811501646730511
送君歸去明主前,妻兒待米且歸去,0.8102523554752635
送君歸去明主前,少年早歸來,0.8159383360036958
謫在人間今八年,人生七十古來稀,0.8008846324417851
謫在人間今八年,卽今倏忽已五十,0.8105076928703432
謫在人間今八年,人生在世間,0.8243750963220717
謫在人間今八年,五十年間似反掌,0.808936325521994
謫在人間今八年,于今四十年,0.835208628173669
骨秀已知騏驥子,别養驥子憐神駿,0.8317290171447302
骨秀已知騏驥子,吾聞良驥老始成,0.8004913894848553
骨秀已知騏驥子,其人骨已朽,0.8183828414065248
骨秀已知騏驥子,渥洼騏驥兒,0.8159275389303653
骨秀已知騏驥子,草黄騏驥病,0.8449194958084112
骨秀已知騏驥子,騄驥皆良馬,0.8115387769280205
骨秀已知騏驥子,放蹄知赤驥,0.8012362196373032
骨秀已知騏驥子,賈生骨已朽,0.802723538329069
性仁端是鳳凰雛,鳳穴雛皆好,0.8554576745645974
性仁端是鳳凰雛,誰言養雛不自哺,0.8055144819646675
性仁端是鳳凰雛,歸鳳求凰意,0.8291754193071821
性仁端是鳳凰雛,丹鳳領九雛,0.8020973053921422
性仁端是鳳凰雛,俱宜下鳳凰,0.8381840478443332
性仁端是鳳凰雛,先拂鳳凰雛,0.8357044154786698
性仁端是鳳凰雛,崑山生鳳凰,0.8109408216953684
性仁端是鳳凰雛,一毛生鳳穴,0.8086519993059779
性仁端是鳳凰雛,體物幸鷦鷯,0.8023201492905849
性仁端是鳳凰雛,鳳雛無凡毛,0.8012432291601028
性仁端是鳳凰雛,擇木羞鸞凰,0.8229209829366603
不騰渥水稱神俊,氣驕凌上都,0.8100859691150146
不騰渥水稱神俊,可憐九馬争神駿,0.8211951499966418
不騰渥水稱神俊,燕趙休矜出佳麗,0.8010669774508525
不騰渥水稱神俊,黄金臺貯俊賢多,0.8108571911713469
不騰渥水稱神俊,渥水出騏驥,0.8100754526113457
應出岐山作瑞符,詔發山西將,0.80004618382712
應出岐山作瑞符,奇祥異瑞争來送,0.80630739381887
應出岐山作瑞符,自天銜瑞圖,0.8458083141091153
應出岐山作瑞符,剖符來蜀道,0.8264702409654254
漸指家人知姓字,問之不肯道姓名,0.8071867616140201
漸指家人知姓字,問知人客姓,0.8497487636386116
漸指家人知姓字,學語小兒知姓名,0.8375755921137837
漸指家人知姓字,試覓姓龐人,0.804018420714412
試看屏上識之無,今之畫圖無乃是,0.8070657124058833
試看屏上識之無,問法看詩妄,0.8063494667399915
往往高門待汝車,鹿門自此往,0.800069182577811
矯情不顧驛書傳,將軍有報書,0.8016415254798142
矯情不顧驛書傳,自寄一封書,0.8099372020686447
矯情不顧驛書傳,不寄一行書,0.8364643598901923
矯情不顧驛書傳,傳聞檄屢飛,0.8017511587987465
矯情不顧驛書傳,寄書長不達,0.8411806164556306
矯情不顧驛書傳,傳聲看驛使,0.8115722196811744
矯情不顧驛書傳,書成無信將,0.8217636962415042
矯情不顧驛書傳,家遠傳書日,0.8027468901376942
矯情不顧驛書傳,從來不奉一行書,0.8110362072195021
矯情不顧驛書傳,題書報旅人,0.8212750099733346
矯情不顧驛書傳,有使卽寄書,0.8281476766374568
矯情不顧驛書傳,無犬附書頻,0.8088478738442948
矯情不顧驛書傳,前後緘書報,0.8434017857763398
矯情不顧驛書傳,詔王來射雁,0.801642825349528
矯情不顧驛書傳,北書不至雁無情,0.8639098628932156
矯情不顧驛書傳,音書恨烏鵲,0.8005270272320777
矯情不顧驛書傳,不是尚書期不顧,0.8206243950042027
矯情不顧驛書傳,御札早流傳,0.8415537254646753
矯情不顧驛書傳,肯作致書郵,0.8401350882019676
持危又幸桓温死,時危未授鉞,0.8099218473037915
持危又幸桓温死,不眠持漢節,0.8172430168019715
持危又幸桓温死,公孫初恃險,0.8118995227626498
持危又幸桓温死,願戒兵猶火,0.8043540253310981
持危又幸桓温死,公孫仍恃險,0.8104865992759291
太傅功名亦偶然,端復得之名譽早,0.8085594555415043
太傅功名亦偶然,嗟爾石笋擅虚名,0.8180590828683626
太傅功名亦偶然,争名古豈然,0.8322814187228037
太傅功名亦偶然,不才名位晚,0.8006259503260111
太傅功名亦偶然,功名不早立,0.8058342628733774
太傅功名亦偶然,才名賈傅多,0.804430359591352
太傅功名亦偶然,才微歲晚尚虚名,0.8200582065244414
太傅功名亦偶然,尊榮真不忝,0.8236147630505497
太傅功名亦偶然,李杜齊名真忝竊,0.829308181676284
日月行當壽星紀,大明韜日月,0.810761092384279
日月行當壽星紀,聽履上星辰,0.8228574100354499
日月行當壽星紀,宸極妖星動,0.8086152103723958
日月行當壽星紀,日月繼高衢,0.810040407385596
日月行當壽星紀,日色纔臨仙掌動,0.8013605594385012
日月行當壽星紀,北極捧星辰,0.8406195614592816
日月行當壽星紀,三移斗柄春,0.8088176305501893
日月行當壽星紀,南極一星朝北斗,0.8103099944460197
日月行當壽星紀,榮光懸日月,0.8105284696081096
日月行當壽星紀,卿月昇金掌,0.815288316771308
日月行當壽星紀,星辰北斗深,0.8027467264383403
日月行當壽星紀,聖朝光御極,0.82286024175794
仙人初出閬風時,歸家初散紫宸朝,0.8000679053148582
仙人初出閬風時,安得仙人九節杖,0.8013003616701659
仙人初出閬風時,嘗聞蓬萊殿,0.8068747733078176
仙人初出閬風時,霧裏仙人來,0.8687413068604106
仙人初出閬風時,初傳發閬州,0.8200672369602211
仙人初出閬風時,閬風玄圃與蓬壺,0.809873721275955
仙人初出閬風時,仙人張内樂,0.8188074184761414
欲將何物獻壽酒,惟南將獻壽,0.8017162979207051
欲將何物獻壽酒,只待獻香醪,0.8079019667334042
欲將何物獻壽酒,爲君酤酒滿眼酤,0.8250811158542328
欲將何物獻壽酒,主人罷鱠還傾杯,0.806364220221115
欲將何物獻壽酒,勸酒欲無辭,0.8390213184651665
欲將何物獻壽酒,炙背可以獻天子,0.8085647812706231
欲將何物獻壽酒,獻壽更稱觴,0.8357435354231473
欲將何物獻壽酒,誰欲致杯甖,0.8254681124872651
天上千秋桂一枝,念茲空長大枝葉,0.8012294107578404
天上千秋桂一枝,海椶一株高入雲,0.8065073649710064
疊送香羅淺色衣,美人細意熨貼平,0.80612624872478
疊送香羅淺色衣,衣冷欲裝綿,0.8205896322231823
疊送香羅淺色衣,銀鞍却覆香羅帕,0.8244668186017907
疊送香羅淺色衣,香霧雲鬟濕,0.8211637671984572
疊送香羅淺色衣,尚衣方進翠雲裘,0.8020106248849748
疊送香羅淺色衣,宫衣著更香,0.8365718961747792
疊送香羅淺色衣,香羅疊雪輕,0.8807879687785651
疊送香羅淺色衣,天寒翠袖薄,0.807560502873607
疊送香羅淺色衣,宫莎軟勝綿,0.800239838808839
疊送香羅淺色衣,朱袖拂雲和,0.8033475372227438
疊送香羅淺色衣,衫裛翠微潤,0.8475218564222557
疊送香羅淺色衣,輕輕柳絮點人衣,0.8129089151405682
疊送香羅淺色衣,恩波錦帕舒,0.814058938462016
疊送香羅淺色衣,刺繡五紋添弱線,0.8042543814507374
疊送香羅淺色衣,輕籠熟柰香,0.8313579309057914
疊送香羅淺色衣,姹女縈新裹,0.8000935534186424
疊送香羅淺色衣,羅韈紅蕖艷,0.8018095477427374
疊送香羅淺色衣,赤憎輕薄遮入懷,0.8115744208988134
着來春色入書帷,無賴春色到江亭,0.8116712276431653
着來春色入書帷,色侵書帙晚,0.8079744717550832
着來春色入書帷,錦江春色逐人來,0.8221108293909217
着來春色入書帷,庭春入眼濃,0.8354376743192877
着來春色入書帷,春色漸多添,0.8027811879396127
着來春色入書帷,潤色静書帷,0.8515266647160288
着來春色入書帷,他鄉就我生春色,0.8145486574628408
到家慈母驚相問,家貧仰母慈,0.8137995648157454
到家慈母驚相問,鄰家問不違,0.8020943155115394
到家慈母驚相問,故老仰面啼,0.8126203981755924
到家慈母驚相問,問子能來宿,0.8005277473369908
到家慈母驚相問,主人長跪問,0.8103018063995758
爲説王孫脱贈時,脱劍主人贈,0.8068807971660392
爲説王孫脱贈時,託贈卿家有,0.8048687591076921
城中蛾眉女,長安水邊多麗人,0.806642814638745
城中蛾眉女,想像顰青蛾,0.8051917407001608
城中蛾眉女,渡頭翠柳艷明眉,0.8055889888526113
珂佩響珊珊,時聞雜佩聲珊珊,0.9229279867377286
珂佩響珊珊,劍佩聲隨玉墀步,0.817824659891675
珂佩響珊珊,鏘鏘鳴玉動,0.8715160222252443
鸚鵡花間弄,健筆凌鸚鵡,0.8074086733507659
鸚鵡花間弄,鸚鵡啄金桃,0.8718775367961756
鸚鵡花間弄,隴俗輕鸚鵡,0.8106932327503468
鸚鵡花間弄,莫倚善題鸚鵡賦,0.8205499517911072
鸚鵡花間弄,鸚鵡含愁思,0.8341225866940813
鸚鵡花間弄,醉客霑鸚鵡,0.8322138649642744
琵琶月下彈,千載琵琶作胡語,0.8108195248444718
琵琶月下彈,向夜月休弦,0.8136910644286486
長歌三日繞,痛飲狂歌空度日,0.8004074250092386
長歌三日繞,長歌激屋梁,0.8032239334363792
長歌三日繞,嗚呼二歌兮歌始放,0.8175974699803056
長歌三日繞,嗚呼三歌兮歌三發,0.8317778284185187
長歌三日繞,嗚呼五歌兮歌正長,0.8354543504383399
長歌三日繞,嗚呼六歌兮歌思遲,0.8136244174329659
長歌三日繞,長歌短咏迭相酬,0.8222023848050695
長歌三日繞,長年三老長歌裏,0.8503608018784448
長歌三日繞,今日復悲歌,0.8020874024544788
短舞萬人看,誰憐屢舞長,0.8112435500657678
未必長如此,未必能達道,0.8013297866190612
未必長如此,老夫如有此,0.8174756062024361
未必長如此,行路難如此,0.8043838599317292
未必長如此,吾道竟如何,0.8452803039409084
未必長如此,客至欲如何,0.8094509517116308
未必長如此,消渴今如此,0.8024891731338365
芙蓉不耐寒,並蒂芙蓉本自雙,0.8083319402020521
芙蓉不耐寒,寒花亦可憐,0.8119568834758735
芙蓉不耐寒,勝裏金花巧耐寒,0.8186301964362568
日炙嫣紅滿院香,春殿晴曛赤羽旗,0.8037002919216258
日炙嫣紅滿院香,照室紅爐簇曙花,0.8016222097995768
日炙嫣紅滿院香,紅入桃花嫩,0.8121505126834478
日炙嫣紅滿院香,西蜀櫻桃也自紅,0.8175520777992104
日炙嫣紅滿院香,小驛香醪嫩,0.8002538143906686
日炙嫣紅滿院香,嫩蕊濃花滿目斑,0.8111183691573587
日炙嫣紅滿院香,桃花氣暖眼自醉,0.8008879544284597
日炙嫣紅滿院香,點注桃花舒小紅,0.8061817707841051
日炙嫣紅滿院香,紅鮮任霞散,0.8013342440985876
日炙嫣紅滿院香,紅鮮終日有,0.8105033974689216
不覺風光都過了,一片花飛減却春,0.8029888961128309
東窗渾爲讀書忙,讀書破萬卷,0.8115925963066088
東窗渾爲讀書忙,花嶼讀書床,0.8018205627972959
東窗渾爲讀書忙,老困撥書眠,0.8108145848718984
東窗渾爲讀書忙,攤書解滿牀,0.8260201322209384
壓沙寺後千株雪,沙亂雪山清,0.8156118093517306
壓沙寺後千株雪,窗含西嶺千秋雪,0.8215917003312281
壓沙寺後千株雪,沙村白雪仍含凍,0.8149293022398921
長樂坊前十里香,長安市上酒家眠,0.8034875511089838
長樂坊前十里香,樓前御曲長,0.8084976491024368
寄語春風莫吹盡,腸斷江春欲盡頭,0.8022053424892623
寄語春風莫吹盡,春來花鳥莫深愁,0.8067148938989477
喜聞三徑被恩書,詔書引上殿,0.8056553209628743
喜聞三徑被恩書,天顔有喜近臣知,0.8073203889860854
喜聞三徑被恩書,詔從三殿去,0.8144316309859563
喜聞三徑被恩書,奉詔發金微,0.8006174659108095
喜聞三徑被恩書,恩榮同拜手,0.8001861759716595
喜聞三徑被恩書,密奉聖旨恩宜殊,0.8009724456819486
喜聞三徑被恩書,將帥蒙恩澤,0.8165147403074804
喜聞三徑被恩書,願聞哀痛詔,0.8109391297370672
喜聞三徑被恩書,幸爲達書賢府主,0.8197245901066628
喜聞三徑被恩書,承恩數上南薰殿,0.8108145957598776
喜聞三徑被恩書,朝廷記識蒙禄秩,0.8000698043621164
喜聞三徑被恩書,寵辱自三朝,0.8070673053045345
喜聞三徑被恩書,真賜還疑出尚方,0.8012315009304662
喜聞三徑被恩書,衞幕銜恩重,0.807623917759509
喜聞三徑被恩書,蒙恩早厠儒,0.8049082024617642
喜聞三徑被恩書,常曝報恩鰓,0.8000035656140254
喜聞三徑被恩書,殊恩再直廬,0.8058452015877378
喜聞三徑被恩書,遠愧尚方曾賜履,0.803716204899293
五馬來歌塞里閭,十年戎馬暗南國,0.8190542341582461
天上日清消螮蝀,樓上炎天冰雪生,0.809564962353142
天上日清消螮蝀,天高無消息,0.8067382251610378
蘭不當門亦見鋤,草茅無徑欲教鋤,0.8076650711043517
蘭不當門亦見鋤,葵荒欲自鋤,0.8373080551050316
已發覆盆瞻睿聖,河隴降王款聖朝,0.8035923011492269
已發覆盆瞻睿聖,皇天德澤降,0.815220334808772
已發覆盆瞻睿聖,祀事親聖躬,0.8035400838613314
已發覆盆瞻睿聖,翊戴歸先主,0.8069854310798299
已發覆盆瞻睿聖,台階翊戴全,0.815296573455651
已發覆盆瞻睿聖,望帝傳應實,0.8059490476449065
已發覆盆瞻睿聖,聖朝光御極,0.8025573010350056
已發覆盆瞻睿聖,舊德朝中屬望勞,0.8020132771390023
已發覆盆瞻睿聖,皇天實照臨,0.8108086649651868
富貴功名繭一盆,一匱功盈尺,0.8088056432133703
富貴功名繭一盆,富貴何如草頭露,0.8024290664706666
富貴功名繭一盆,榮貴如糞土,0.823268575460901
富貴功名繭一盆,富貴應須致身早,0.8328208497776193
富貴功名繭一盆,富貴於我如浮雲,0.814754865692912
富貴功名繭一盆,兄將富貴等浮雲,0.8250516357167996
富貴功名繭一盆,富貴任生涯,0.8112120803960483
富貴功名繭一盆,一生富貴傾邦國,0.8172156597533528
富貴功名繭一盆,富貴當如此,0.8391130087036764
富貴功名繭一盆,富貴功名焉足圖,0.8957862266327068
富貴功名繭一盆,梁公富貴於身疏,0.8242691089829194
繰車頭緒正紛紛,紛紛輕薄何須數,0.8330354043489068
繰車頭緒正紛紛,涼月白紛紛,0.8157957847232298
繰車頭緒正紛紛,闌風伏雨秋紛紛,0.8177333869524444
繰車頭緒正紛紛,世上兒子徒紛紛,0.8258350841848845
繰車頭緒正紛紛,繁枝容易紛紛落,0.8195815904570709
繰車頭緒正紛紛,錦城絲管日紛紛,0.8510061145345604
繰車頭緒正紛紛,紛紛乘白馬,0.8561190893192695
繰車頭緒正紛紛,灑迥已紛紛,0.8179127311953405
繰車頭緒正紛紛,風處急紛紛,0.8560104188413656
繰車頭緒正紛紛,鳴噪亦紛紛,0.839601555038247
繰車頭緒正紛紛,亂波紛披已打岸,0.8004893117495537
繰車頭緒正紛紛,大雪夜紛紛,0.8271689961968196
肯尋冷淡做生活,便有死生分,0.8370347554817892
肯尋冷淡做生活,生意從此活,0.8183314417029848
村南村北禾黍黄,舍南舍北皆春水,0.8038208313403279
村南村北禾黍黄,南市津頭有船賣,0.8069397677711225
村南村北禾黍黄,村村自花柳,0.8498322029154013
村南村北禾黍黄,農務村村急,0.8077331131174998
村南村北禾黍黄,山田麥無隴,0.8006947878685426
村南村北禾黍黄,卜宅楚村墟,0.8064482245112841
村南村北禾黍黄,橘洲田土仍膏腴,0.811859949604013
穿林入塢岐路長,前村山路險,0.8244178590008177
穿林入塢岐路長,蹴踏崖谷滑,0.8001140539557484
穿林入塢岐路長,驛道出流沙,0.8001736185592601
穿林入塢岐路長,逕路通林丘,0.8588761707183066
穿林入塢岐路長,山園細路高,0.836446010802482
穿林入塢岐路長,通林帶女蘿,0.8082966058141887
穿林入塢岐路長,出蘿已亭午,0.800395641870493
穿林入塢岐路長,山遠道路迷,0.8344357086032096
穿林入塢岐路長,緣江路熟俯青郊,0.8179764840686261
穿林入塢岐路長,村徑逐門成,0.8029494758740661
穿林入塢岐路長,入村樵徑引,0.857994167741009
穿林入塢岐路長,窈窕入風磴,0.811202953760505
穿林入塢岐路長,梯逕繞幽深,0.8212054211762729
穿林入塢岐路長,路出雙林外,0.8405155118469603
穿林入塢岐路長,樹密當山徑,0.8406978520934175
穿林入塢岐路長,巴西道路難,0.8026050538474406
穿林入塢岐路長,溪行盡日無村塢,0.8094548667613253
穿林入塢岐路長,小徑曲通村,0.8174517805158447
穿林入塢岐路長,荒林無徑入,0.8374529726314219
穿林入塢岐路長,路遠思恐泥,0.8085015478726063
穿林入塢岐路長,幽徑恐多蹊,0.825542143764034
穿林入塢岐路長,泥多仍徑曲,0.8185946375425279
穿林入塢岐路長,驊騮入窮巷,0.8106073805235441
穿林入塢岐路長,道林林壑争盤紆,0.803680205010598
據鞌夢歸在親側,今歸行在所,0.8049120218911228
據鞌夢歸在親側,烏皮几在還思歸,0.801688803689558
據鞌夢歸在親側,安得闕親近,0.8048870620136306
據鞌夢歸在親側,遠歸兒侍側,0.8169173284010292
弟妹婦女笑兩厢,憐君如弟兄,0.816872033478294
弟妹婦女笑兩厢,耶孃妻子走相送,0.8364464426367086
弟妹婦女笑兩厢,生女猶得嫁比鄰,0.8498095400187682
弟妹婦女笑兩厢,自有兩兒郎,0.8195686889347205
弟妹婦女笑兩厢,遥憐小兒女,0.8410128731824063
弟妹婦女笑兩厢,近聞韋氏妹,0.8063538611391097
弟妹婦女笑兩厢,婦女終在家,0.8344976555140315
弟妹婦女笑兩厢,嬌兒不離膝,0.8173027284723693
弟妹婦女笑兩厢,牀前兩小女,0.8302712185653125
弟妹婦女笑兩厢,癡女頭自櫛,0.8168058816185351
弟妹婦女笑兩厢,生還對童稚,0.8020313134357595
弟妹婦女笑兩厢,悲憐子女號,0.8103361225324203
弟妹婦女笑兩厢,自恐二男兒,0.8023876928143403
弟妹婦女笑兩厢,男女忽成行,0.8074576006488294
弟妹婦女笑兩厢,肥男有母送,0.8047833910805788
弟妹婦女笑兩厢,僕射如父兄,0.81741122137
弟妹婦女笑兩厢,嫁女與征夫,0.8212547356483866
弟妹婦女笑兩厢,自嗟貧家女,0.8077058379024549
弟妹婦女笑兩厢,一二老寡妻,0.8219551475528244
弟妹婦女笑兩厢,羌婦語還笑,0.828184232673682
弟妹婦女笑兩厢,小兒成老翁,0.830743476833051
弟妹婦女笑兩厢,有弟有弟在遠方,0.8258296055514327
弟妹婦女笑兩厢,有妹有妹在鍾離,0.8216196876244277
弟妹婦女笑兩厢,嘆息謂妻子,0.8136319096378961
弟妹婦女笑兩厢,故鄉有弟妹,0.8167610972188455
弟妹婦女笑兩厢,弟妹各何之,0.8405884470806602
弟妹婦女笑兩厢,無由弟妹來,0.8066807948118463
弟妹婦女笑兩厢,號啼略與嬰兒同,0.810619391829997
弟妹婦女笑兩厢,癡兒不知父子禮,0.8293681515777394
弟妹婦女笑兩厢,丈夫生兒有如此二雛者,0.8278241639413499
弟妹婦女笑兩厢,弟妹悲歌裏,0.8181195094480475
弟妹婦女笑兩厢,妻孥未相保,0.8013857663006063
弟妹婦女笑兩厢,豈惟長兒童,0.8106343739368627
弟妹婦女笑兩厢,幼女問頭風,0.819010152770301
弟妹婦女笑兩厢,男啼女哭莫我知,0.8096893326856107
弟妹婦女笑兩厢,女拜弟妻男拜弟,0.8742055305011773
弟妹婦女笑兩厢,自説二女齧臂時,0.8028428306226396
弟妹婦女笑兩厢,婦女多在官軍中,0.8088270320689361
弟妹婦女笑兩厢,别家長兒女,0.8381966838521617
弟妹婦女笑兩厢,嗟汝未嫁女,0.8270257130417344
弟妹婦女笑兩厢,相識自兒童,0.8020728288669987
弟妹婦女笑兩厢,團圓思弟妹,0.8050461611581707
弟妹婦女笑兩厢,汝去迎妻子,0.8031362630214485
弟妹婦女笑兩厢,孟氏好兄弟,0.8257117199442112
弟妹婦女笑兩厢,今者兄弟一百人,0.8019595558337984
弟妹婦女笑兩厢,兒童解蠻語,0.8223314303034985
弟妹婦女笑兩厢,弟子四五人,0.8216445651036394
弟妹婦女笑兩厢,得辭兒女醜,0.8432905432058984
弟妹婦女笑兩厢,猶乳女在旁,0.8013254731288646
惟我小女始扶床,侍立小童清,0.8024186508366639
惟我小女始扶床,妻孥怪我在,0.8065573420899483
惟我小女始扶床,牀前兩小女,0.8520764369384495
惟我小女始扶床,父母養我時,0.803669237032536
惟我小女始扶床,小兒成老翁,0.8069733158815721
惟我小女始扶床,豈惟長兒童,0.8026248201135533
惟我小女始扶床,兒扶猶杖策,0.8341994693746715
惟我小女始扶床,養親惟小園,0.8020310978317844
惟我小女始扶床,猶乳女在旁,0.8012167150202562
屋頭撲棗爛盈㪷,楊花雪落覆白蘋,0.8000219960144704
屋頭撲棗爛盈㪷,盤剥白鴉谷口栗,0.819058384646252
屋頭撲棗爛盈㪷,傾筐蒲鴿青,0.8064810093284691
屋頭撲棗爛盈㪷,棗熟從人打,0.8161111425654152
屋頭撲棗爛盈㪷,堂前撲棗任西鄰,0.8510273531540946
覺來去家三百里,爲退三百里,0.8558980892842645
覺來去家三百里,我里百餘家,0.8285718221466936
覺來去家三百里,洛城一别四千里,0.8159944559893635
覺來去家三百里,别家三月一書來,0.8063925705978472
覺來去家三百里,東來千里客,0.8252397119576351
覺來去家三百里,二十一家同入蜀,0.8095399862585225
覺來去家三百里,往來四十里,0.8489645230319944
覺來去家三百里,相去四五里,0.8467300533958504
覺來去家三百里,江國踰千里,0.8071912931009122
一園兔絲花氣香,名園花草香,0.8116604248710335
可憐此物無根本,自是君身有仙骨,0.8105944732878502
可憐此物無根本,豈是池中物,0.8276159757048888
可憐此物無根本,豈知異物同精氣,0.8249837915597913
可憐此物無根本,蓬生非無根,0.8100331607494775
可憐此物無根本,根斷泉源豈天意,0.8254370326618661
可憐此物無根本,使人不疑見本根,0.8056682839299787
可憐此物無根本,那知根無鬼神會,0.8109688782615003
可憐此物無根本,我生無根蒂,0.855032515349202
可憐此物無根本,此生隨萬物,0.8244721664061567
可憐此物無根本,本是池中物,0.8570283081514954
可憐此物無根本,詞林有根柢,0.8155183586568129
可憐此物無根本,陶冶性靈存底物,0.8133207284985986
可憐此物無根本,可憐先不異枝蔓,0.8092083975319132
可憐此物無根本,萬物附本性,0.8024288808312244
可憐此物無根本,舟楫無根蒂,0.8001612284219021
依草着木浪自芳,幸因腐草出,0.8080992045459242
依草着木浪自芳,映階碧草自春色,0.8125017298383651
依草着木浪自芳,跳枝竄葉樹木中,0.8006760192982012
依草着木浪自芳,芳菲緣岸圃,0.8024294474097178
依草着木浪自芳,寒花隱亂草,0.8136018230952942
依草着木浪自芳,無人碧草芳,0.8254199556040869
依草着木浪自芳,階前短草泥不亂,0.8124533303721599
風煙雨露非無力,空慚雨露私,0.800097367280031
不如歸種秋柏實,念茲空長大枝葉,0.8105748653924962
不如歸種秋柏實,豈知秋禾登,0.8084222127188124
不如歸種秋柏實,堂上不合生楓樹,0.8000703730955551
他日隨我到冰霜,十月清霜重,0.8047329758873933
他日隨我到冰霜,此行何日到,0.8375507645408167
他日隨我到冰霜,冰霜昨夜除,0.8077935270342085
他日隨我到冰霜,明年此日知何處,0.8169341930057514
