황정견,두보,코사인 유사도
内藴邁俗心,再使風俗淳,0.8229818202496165
内藴邁俗心,道足示懷柔,0.821156024290868
内藴邁俗心,聖心頗虚佇,0.8112028837509175
内藴邁俗心,好静心跡素,0.8104923975544297
内藴邁俗心,喜見淳樸俗,0.8256845111428585
内藴邁俗心,逸氣感清識,0.8031100429191058
内藴邁俗心,密論貞觀體,0.8056358283981351
内藴邁俗心,其俗則淳樸,0.8325957209587991
内藴邁俗心,瑣細隘俗務,0.8284418469997692
濬冲有涇渭,濁涇清渭何當分,0.8554363489468302
濬冲有涇渭,北轅就涇渭,0.8337449889486912
濬冲有涇渭,帳殿涇渭闢,0.8231797710600313
濬冲有涇渭,涇渭開愁容,0.8039314202659211
濬冲有涇渭,渭水流關内,0.8043388680575133
濬冲有涇渭,休辯渭與涇,0.8470232118440852
濬冲有涇渭,不有平川決,0.8303737570380727
濬冲有涇渭,分源豕韋派,0.8142971468718294
一顧重千金,華筵直一金,0.8014071091336807
一顧重千金,金錢罄一餐,0.8135571435949585
一顧重千金,未覺千金滿高價,0.840046616097095
一顧重千金,百金裝刀頭,0.8062823858107894
一顧重千金,王孫善保千金軀,0.8195022935610408
一顧重千金,家書抵萬金,0.8151863001644641
一顧重千金,萬里須十金,0.8320805418008463
一顧重千金,行李千金贈,0.8074657983999034
一顧重千金,八分一字直百金,0.8369857983361724
一顧重千金,三寸如黄金,0.8011663762127622
事親知色難,情親見君意,0.8104391278945553
事親知色難,和親事却非,0.8496999864127059
事親知色難,親故行稀少,0.8044143995759954
事親知色難,事業闇相親,0.8160231377508297
事親知色難,和親知計拙,0.8153576557886464
事親知色難,知深難固辭,0.8036453933657104
勝已又勇沉,三伏適已過,0.8014063230473112
外物既難必,外物慕張邴,0.811574475256378
外物既難必,取適事莫並,0.8094491037000999
外物既難必,流寓理豈愜,0.8114881257602844
外物既難必,所須亦易求,0.810889253673684
外物既難必,精禱既不昧,0.8039731661423097
外物既難必,物性固難奪,0.866762095721028
外物既難必,末契有所及,0.8125335144810836
外物既難必,物情無巨細,0.8030837749595923
外物既難必,人物世不數,0.8434901972031158
外物既難必,物情尤可見,0.8072993327765446
外物既難必,物理固自然,0.8370206897390311
外物既難必,則知潤物功,0.8264604714379762
外物既難必,事跡無固必,0.8438595562769939
外物既難必,可以物理推,0.8494293360215734
外物既難必,物微世競棄,0.8091471816273839
外物既難必,穎鋭物不隔,0.8193001116420167
外物既難必,物理直難齊,0.8456410177093328
外物既難必,衆力亦不細,0.8230019791485796
外物既難必,理亂豈恒數,0.8072493144367878
求之首陽岑,送子山之阿,0.8114039239500117
求之首陽岑,薇蕨餓首陽,0.8006211899166131
飄風從東來,飄飄遠自流沙至,0.8230332164476533
飄風從東來,氣酣日落西風來,0.8019605150376983
飄風從東來,東風吹春冰,0.8188507752606042
飄風從東來,天子從北來,0.8080661864026613
飄風從東來,陰風西北來,0.82981312435036
飄風從東來,漂蕩隨高風,0.8070530944477103
飄風從東來,飄颻吹我裳,0.8481538320410005
飄風從東來,風悲浮雲去,0.8248476192865013
飄風從東來,陰風千里來,0.813861809111207
飄風從東來,悲風爲我從天來,0.8384800103285694
飄風從東來,長風駕高浪,0.801544742223028
飄風從東來,征衣颯飄颻,0.834068976917627
飄風從東來,東南飄風動地至,0.8848947327945013
飄風從東來,鳳凰從東來,0.8333907065824937
飄風從東來,飄颻風塵際,0.8152705025839182
飄風從東來,飄飄適東周,0.880900940523401
飄風從東來,我生本飄飄,0.8146747251606272
飄風從東來,飄颻若埃塵,0.8074608334263107
飄風從東來,飄颻散疏襟,0.8037461393695096
飄風從東來,飄風過無時,0.8516919728269466
飄風從東來,散風如飛霜,0.8281461616573997
飄風從東來,客從南溟來,0.8164443794283549
飄風從東來,白馬東北來,0.817780176722199
雨足盡西靡,雨降不濡物,0.8001370741458659
雨足盡西靡,散足盡西靡,0.911316471761072
雨足盡西靡,東流之外西日微,0.8031255112277407
雨足盡西靡,東渚雨今足,0.8276055690082008
雨足盡西靡,東屯復瀼西,0.8053714961613874
萬物逐波流,春深逐客一浮萍,0.801345300847815
萬物逐波流,去歲奔波逐餘寇,0.8056618682007846
萬物逐波流,浩蕩逐流萍,0.8475665805800449
萬物逐波流,輕摇逐浪鷗,0.8129983894297588
萬物逐波流,水流心不競,0.8023959640606204
萬物逐波流,自醉逐流萍,0.829885753043312
萬物逐波流,此生隨萬物,0.8228542667868031
萬物逐波流,各逐萍流轉,0.8675854441672234
金石終自止,其氣心匪石,0.8026322943957767
金石終自止,保愛金石堅,0.833983483731219
渭因涇使濁,嘉蔬没溷濁,0.8025055953807618
渭因涇使濁,濁涇清渭何當分,0.8565932485258745
渭因涇使濁,沙汰江河濁,0.800645262760353
渭因涇使濁,穢濁殊未清,0.8132107780604448
渭因涇使濁,傾榼濁復清,0.8090848501437352
渭因涇使濁,出山泉水濁,0.8095705509749171
渭因涇使濁,流惡邑里清,0.8034156788062676
渭因涇使濁,休辯渭與涇,0.8191014774633989
渭因涇使濁,濁河終不污清濟,0.8390667911172305
智所無奈何,殺人亦有限,0.8049063638487391
智所無奈何,豈在多殺傷,0.8000251167639363
智所無奈何,歸期無奈何,0.8092976098651361
智所無奈何,學母無不爲,0.8176917499845311
智所無奈何,莧也無所施,0.8120327414294769
智所無奈何,愚智心盡死,0.8039779974209581
智所無奈何,何事獨罕有,0.8124919766907382
誰能爲樗里,萬里誰能馴,0.8211747832786631
誰能爲樗里,誰能與公子,0.8022079187544849
誰能爲樗里,敢爲故林主,0.8083596918742058
紛紛車馬客,甲第紛紛厭粱肉,0.8164319688200641
紛紛車馬客,世上兒子徒紛紛,0.8515333069414041
紛紛車馬客,而無車馬喧,0.845773983055675
紛紛車馬客,紛紛桃李姿,0.8130474792996105
紛紛車馬客,雖有車馬客,0.8317211415720898
紛紛車馬客,紛紛乘白馬,0.8970532893013248
紛紛車馬客,征西車馬羽書馳,0.8053265837983237
紛紛車馬客,鳴噪亦紛紛,0.8075790843969761
紛紛車馬客,並驅紛遊場,0.8028914993139016
紛紛車馬客,坐客醉紛紛,0.8359552710764172
如集市人博,市人日中集,0.8920608212861666
如集市人博,賢多隱屠釣,0.8130632000411571
如集市人博,小市常争米,0.8082228891833574
如集市人博,市喧宜近利,0.808942614461849
彼雖有求來,張梨不外求,0.803247309076665
彼雖有求來,尚謂求無形,0.8502952095340814
彼雖有求來,二美又何求,0.8331677146388232
彼雖有求來,出非不得地,0.8015516825645277
彼雖有求來,不道諸公無表來,0.800050160923107
彼雖有求來,有求彼樂土,0.8568878087267018
我但快一噱,爾輩堪一笑,0.8148942211286689
忽逢媚學子,前年學語時,0.806116838016927
忽逢媚學子,每語見許文章伯,0.8058614101086363
忽逢媚學子,失學從愚子,0.8016157100627077
時亦撼關鑰,關鍵歘不閉,0.8534224544456628
何當携手期,攜手日同行,0.8431795487016785
何當携手期,何時一樽酒,0.8002067404087225
何當携手期,念子何當歸,0.8187731645915145
何當携手期,劉侯歡我攜客來,0.8048151725901755
何當携手期,怡然共攜手,0.8193260203002858
何當携手期,此時與子空歸來,0.8107541770483827
何當携手期,偶攜老妻去,0.8148111290590582
濠上得魚樂,且食雙魚美,0.8110190338122331
濠上得魚樂,池中足鯉魚,0.8741829683575367
濠上得魚樂,水深魚知聚,0.8092203839126193
濠上得魚樂,水清反多魚,0.808250841354994
濠上得魚樂,得魚已割鱗,0.8055170536658234
濠上得魚樂,江魚美可求,0.8071191531912669
濠上得魚樂,清源多衆魚,0.8089254756722923
濠上得魚樂,水生魚復浦,0.806745873911648
濠上得魚樂,憑几看魚樂,0.8200688436551906
濠上得魚樂,野食待魚ㅇ,0.8183154772010779
濠上得魚樂,水深魚極樂,0.8706207851664276
落月煙沙静渺然,中原杳茫茫,0.8005074766527153
落月煙沙静渺然,寂寞江天雲霧裏,0.8189194751799032
落月煙沙静渺然,春動水茫茫,0.8142800131018748
落月煙沙静渺然,干戈浩茫茫,0.8043429089944596
落月煙沙静渺然,沙岸繞微茫,0.8073669840395671
落月煙沙静渺然,落月動沙虚,0.8074883442525399
落月煙沙静渺然,魚龍寂寞秋江冷,0.8073633599361061
落月煙沙静渺然,雲沙静眇然,0.8380811606649103
好風吹雪下平田,東風吹春冰,0.8060563823164844
好風吹雪下平田,曉來急雨春風顛,0.8026918185524619
好風吹雪下平田,頭風吹過雨,0.8140177127400618
好風吹雪下平田,沙岸風吹葉,0.8137949820544471
好風吹雪下平田,朔雲邊雪滿西山,0.8048587832551028
好風吹雪下平田,秋風早下來,0.8050035015692728
好風吹雪下平田,浪翻江黑雨飛初,0.8045692791858766
好風吹雪下平田,迴風吹早秋,0.814127124178194
好風吹雪下平田,秔稻熟天風,0.8018429432433389
好風吹雪下平田,風濤上春沙,0.8057158671782285
好風吹雪下平田,破浪南風正,0.8029399626224308
瓊瑶萬里酒增價,未覺千金滿高價,0.8386291933110201
瓊瑶萬里酒增價,群公價盡增,0.812308396333303
桂玉一炊人少錢,家無儋石輸百萬,0.8131305877827137
桂玉一炊人少錢,金錢罄一餐,0.8348026310349046
桂玉一炊人少錢,碧酒隨玉粒,0.8025721492522564
桂玉一炊人少錢,一字賣堪貧,0.8034143804309288
桂玉一炊人少錢,故人供禄米,0.8148443438968179
桂玉一炊人少錢,但有故人供禄米,0.8084611412633198
桂玉一炊人少錢,欲須供給家無粟,0.8048859089243698
桂玉一炊人少錢,稻米流脂粟米白,0.8249433406785248
桂玉一炊人少錢,賣薪得錢應供給,0.8131959262045839
桂玉一炊人少錢,人藏紅粟盈,0.8077416529515838
桂玉一炊人少錢,長安米萬錢,0.8312630038376743
桂玉一炊人少錢,玉粒足晨炊,0.8625996282519603
桂玉一炊人少錢,稻米炊能白,0.844485705883624
桂玉一炊人少錢,焦糖幸一柈,0.806213757874705
學子已占秋食麥,菱熟經時雨,0.8347460603823874
學子已占秋食麥,崆峒小麥熟,0.8167683420957751
學子已占秋食麥,耕田秋雨足,0.8053459770414773
學子已占秋食麥,逕轉山田熟,0.8151675130731953
學子已占秋食麥,豆子雨已熟,0.8774394739428071
學子已占秋食麥,四月熟黄梅,0.8173475775718474
學子已占秋食麥,園收芋栗不全貧,0.8054904465583141
學子已占秋食麥,庭前八月梨棗熟,0.8252808271939815
學子已占秋食麥,已喜黍豆高,0.8343084084700889
學子已占秋食麥,大麥乾枯小麥黄,0.8293221646071978
學子已占秋食麥,農人望歲稔,0.8111852637655766
學子已占秋食麥,徼麥早向熟,0.8452844880688923
學子已占秋食麥,臘近已含春,0.8037104154851153
學子已占秋食麥,幾年逢熟食,0.8100528077572582
學子已占秋食麥,六月青稻多,0.8223798130827402
學子已占秋食麥,豐苗亦已穊,0.8158781297865918
學子已占秋食麥,漸知秋實美,0.8161420083278947
學子已占秋食麥,秔稻熟天風,0.8442319133550124
學子已占秋食麥,種幸房州熟,0.8241770677155345
學子已占秋食麥,今年米賤太傷農,0.8142086571406472
學子已占秋食麥,鳥雀苦肥秋粟菽,0.8101448976968366
廣文何憾客無氈,坐客寒無氈,0.8506810106877947
睡餘强起還詩債,酒醒思卧簟,0.8106525460346464
睡餘强起還詩債,憶渠愁只睡,0.8213250482257151
睡餘强起還詩債,愁多任酒醺,0.817132070172653
睡餘强起還詩債,扶汝醉初醒,0.8179436856761091
睡餘强起還詩債,排悶强裁詩,0.8074759220184275
睡餘强起還詩債,歸來省醉眠,0.8423095308868136
睡餘强起還詩債,老夫卧穩朝慵起,0.828989949286092
睡餘强起還詩債,卧愁病脚廢,0.8150493147342757
睡餘强起還詩債,舟中得病移衾枕,0.8129188541645787
睡餘强起還詩債,衰年病肺惟高枕,0.8013687562608639
睡餘强起還詩債,余病不能起,0.8180631434429289
睡餘强起還詩債,病減詩仍拙,0.8682035026526131
睡餘强起還詩債,老困撥書眠,0.8393463889819807
睡餘强起還詩債,老人困酒病,0.8056710977989839
睡餘强起還詩債,客病留因藥,0.8151506172514158
睡餘强起還詩債,衰病只藜牀,0.8039704850320389
睡餘强起還詩債,病多猶是客,0.8038999368960673
睡餘强起還詩債,歸朝跼病肺,0.8017364608110285
睡餘强起還詩債,頽倚睡未醒,0.8360057973942321
睡餘强起還詩債,卧病却愁春,0.8127033806560287
臘裏春初未隔年,且如今年冬,0.8186114989599147
臘裏春初未隔年,百年秋已半,0.8187236474938753
臘裏春初未隔年,今已十月後,0.814618875948285
臘裏春初未隔年,閏八月初吉,0.8317122046061363
臘裏春初未隔年,臘日常年暖尚遥,0.8676205896917809
臘裏春初未隔年,今年臘日凍全消,0.8692711384574112
臘裏春初未隔年,節序昨夜隔,0.805737078112547
臘裏春初未隔年,别離已昨日,0.817340583088263
臘裏春初未隔年,季冬日已長,0.8014239881890377
臘裏春初未隔年,二月已破三月來,0.8137349428732072
臘裏春初未隔年,三歲清秋至,0.8122103026543084
臘裏春初未隔年,故園猶得見殘春,0.8005727974932416
臘裏春初未隔年,别來忽三歲,0.8067139037812672
臘裏春初未隔年,今春看又過,0.8233282855703556
臘裏春初未隔年,冬至至後日初長,0.8120012238975158
臘裏春初未隔年,今朝臘月春意動,0.8630925740730919
臘裏春初未隔年,已度立春時,0.8184888826422847
臘裏春初未隔年,臘近已含春,0.8722851606264549
臘裏春初未隔年,冬至陽生春又來,0.8017274154273367
臘裏春初未隔年,幾年逢熟食,0.8020260954973581
臘裏春初未隔年,如今九日至,0.8048559150822343
臘裏春初未隔年,今年又北歸,0.8141482986122086
巷深朋友稀來往,無人覺來往,0.8014546245127434
巷深朋友稀來往,交朋列友于,0.8046678774866964
巷深朋友稀來往,村僻來人少,0.8297233509625668
巷深朋友稀來往,久客多枉友朋書,0.8023353097555994
日晏兒童不掃除,引客看掃除,0.8060984451850743
日晏兒童不掃除,黄頭奚兒日向西,0.800367005128716
日晏兒童不掃除,兒童未遣聞,0.8079841541393916
日晏兒童不掃除,落日童稚飢,0.8121151054851903
日晏兒童不掃除,我卿掃除卽日平,0.8139833897081599
日晏兒童不掃除,休怪兒童延俗客,0.8090929341712019
日晏兒童不掃除,祈請走兒童,0.8078940494381741
日晏兒童不掃除,客居課童僕,0.8086128746058316
日晏兒童不掃除,使我晝立煩兒孫,0.8012137614910949
雪裏正當梅臘盡,紅綻雨肥梅,0.8017161748854326
雪裏正當梅臘盡,臘日常年暖尚遥,0.8194727838770448
雪裏正當梅臘盡,今年臘日凍全消,0.8411647197382464
雪裏正當梅臘盡,四月熟黄梅,0.8577453177721591
雪裏正當梅臘盡,雪片一冬深,0.815104068859795
雪裏正當梅臘盡,雪嶺防秋急,0.8118311335210393
雪裏正當梅臘盡,臘月更須栽,0.8322535861543353
雪裏正當梅臘盡,冬至至後日初長,0.802552071067812
雪裏正當梅臘盡,寒花開已盡,0.8132510343953903
雪裏正當梅臘盡,今朝臘月春意動,0.8155184005149976
雪裏正當梅臘盡,暄寒早早分,0.8019059076958929
雪裏正當梅臘盡,臘近已含春,0.8634514315873312
雪裏正當梅臘盡,山意衝寒欲放梅,0.8211486755372001
雪裏正當梅臘盡,梅蕊臘前破,0.890923110829313
雪裏正當梅臘盡,梅杏半傳黄,0.8125581477748484
雪裏正當梅臘盡,夜雪鞏梅春,0.8404398075704265
雪裏正當梅臘盡,雪籬梅可折,0.8061472726166967
雪裏正當梅臘盡,陰風過嶺梅,0.8131922588302549
雪裏正當梅臘盡,江縣紅梅已放春,0.8209017838821577
民饑可待麥秋無,賴知禾黍收,0.8172757812459954
民饑可待麥秋無,黍地無人耕,0.8215930740353212
民饑可待麥秋無,野果充糇糧,0.8253293357411974
民饑可待麥秋無,耕田秋雨足,0.8106846087586456
民饑可待麥秋無,充腸多薯蕷,0.8006819002621206
民饑可待麥秋無,黄獨無苗山雪盛,0.8159280172168912
民饑可待麥秋無,園收芋栗不全貧,0.8106873827442157
民饑可待麥秋無,大麥乾枯小麥黄,0.8059307727273206
民饑可待麥秋無,農人望歲稔,0.8389395995615687
民饑可待麥秋無,高秋總饋貧人實,0.8124918104460784
民饑可待麥秋無,欲須供給家無粟,0.8073367626608831
民饑可待麥秋無,公私倉廩俱豐實,0.816235769976712
民饑可待麥秋無,南國旱無雨,0.80582270351836
民饑可待麥秋無,山田麥無隴,0.8479028062073932
民饑可待麥秋無,豐苗亦已穊,0.8024252843655153
民饑可待麥秋無,山田飯有沙,0.8217825107052896
民饑可待麥秋無,憂國願年豐,0.8126225028316298
民饑可待麥秋無,畬田費火耕,0.807158989765224
民饑可待麥秋無,今年米賤太傷農,0.8228175772510347
民饑可待麥秋無,橘洲田土仍膏腴,0.8036717240497586
民饑可待麥秋無,鳥雀苦肥秋粟菽,0.8224221477746549
寒生短棹誰乘興,未因乘興去,0.8153202456987358
寒生短棹誰乘興,乘興遣畫滄洲趣,0.8099900624683252
寒生短棹誰乘興,龍舟移棹晚,0.8079574178266218
寒生短棹誰乘興,遣騎覓扁舟,0.8119524037838503
寒生短棹誰乘興,山陰夜雪興難乘,0.8044768127698894
光入疏欞我讀書,花嶼讀書床,0.8121365416998536
光入疏欞我讀書,讀書難字過,0.8001951873481568
光入疏欞我讀書,匡山讀書處,0.806204716325751
光入疏欞我讀書,讀書雲閣觀,0.8008030737357137
光入疏欞我讀書,色侵書帙晚,0.8142812386118794
光入疏欞我讀書,清簟疏簾看弈棋,0.8346312542391352
光入疏欞我讀書,疏簾巧入坐人衣,0.8139901451969229
光入疏欞我讀書,忽驚屋裏琴書冷,0.8034396276282988
光入疏欞我讀書,讀書秋樹根,0.8157976427311543
光入疏欞我讀書,曝背竹書光,0.8025592326542232
光入疏欞我讀書,半扉開燭影,0.8161024154280174
光入疏欞我讀書,潤色静書帷,0.8226646388527955
光入疏欞我讀書,螢鑒緣帷徹,0.8007188079373936
官冷無人供美酒,遣人向市賒香粳,0.8201427441392177
官冷無人供美酒,無家對寒食,0.8029447432729176
官冷無人供美酒,莫辭酒味薄,0.8045155348502484
官冷無人供美酒,人猶乞酒錢,0.8260262725682102
官冷無人供美酒,故人供禄米,0.8227558376063215
官冷無人供美酒,不嫌野外無供給,0.8343217158770521
官冷無人供美酒,但有故人供禄米,0.8453175008170672
官冷無人供美酒,樽酒家貧只舊醅,0.8247935910629784
官冷無人供美酒,鄰人有美酒,0.8186725235508849
官冷無人供美酒,瓶中得酒還,0.821495278006686
官冷無人供美酒,茗飲蔗漿攜所有,0.80680618798376
官冷無人供美酒,無忘酒共持,0.828672200793841
官冷無人供美酒,可但步兵偏愛酒,0.8102111258715061
官冷無人供美酒,肥肉大酒徒相要,0.8094728451900643
官冷無人供美酒,酒憶郫筒不用酤,0.8407398442495467
官冷無人供美酒,欲須供給家無粟,0.8048943518847291
官冷無人供美酒,賣薪得錢應供給,0.8036041302942392
官冷無人供美酒,近身藥裹酒常攜,0.8097933384473079
官冷無人供美酒,濁醪與脱粟,0.8037410599885311
官冷無人供美酒,濁醪粗飯任吾年,0.8002082713373508
官冷無人供美酒,客子庖厨薄,0.8112339767300331
官冷無人供美酒,家貧無供給,0.8136896863815506
官冷無人供美酒,市鬻充杯酒,0.8086958830314586
何時却得步兵厨,宜憂阮步兵,0.8051912232097973
何時却得步兵厨,時時乞酒錢,0.8261107794867754
何時却得步兵厨,清晨合圍步驟同,0.8070730532231978
何時却得步兵厨,緩步仍須竹杖扶,0.8059717996407946
何時却得步兵厨,何時見息兵,0.8316853919965201
滿城樓觀玉闌干,碧瓦朱甍照城郭,0.8107537842206853
滿城樓觀玉闌干,天畔登樓眼,0.8017206483071075
滿城樓觀玉闌干,樓閣倚山巓,0.843903303747503
滿城樓觀玉闌干,闌干上處遠,0.802702110554969
滿城樓觀玉闌干,山樓粉堞隱悲笳,0.8090131486663859
滿城樓觀玉闌干,朱樓白水邊,0.801540878839878
滿城樓觀玉闌干,西北樓成雄楚都,0.8035138909179649
滿城樓觀玉闌干,秦城樓閣烟花裏,0.8320393849574748
滿城樓觀玉闌干,綺樓關樹頂,0.8275233075873762
小雪晴時不共寒,增寒抱雪霜,0.8092363936879058
小雪晴時不共寒,天寒霜雪繁,0.8090811032806726
小雪晴時不共寒,雪片一冬深,0.8263164855115781
小雪晴時不共寒,冬來只薄寒,0.8376427383618397
小雪晴時不共寒,白屋寒多暖始開,0.8357549843011673
小雪晴時不共寒,山寒雨不開,0.8281417342732624
小雪晴時不共寒,暄寒早早分,0.8183601934187732
小雪晴時不共寒,天涯霜雪霽寒宵,0.8169443009146241
小雪晴時不共寒,山意衝寒欲放梅,0.8197956918627192
小雪晴時不共寒,夜雪鞏梅春,0.8175042317832921
小雪晴時不共寒,春寒花較遲,0.8076032448754689
小雪晴時不共寒,積雪飛霜此夜寒,0.8260891939879482
小雪晴時不共寒,湖南冬不雪,0.8311326765333819
潤到竹根肥臘筍,香芹碧澗羹,0.8008073627987051
潤到竹根肥臘筍,緑垂風折笋,0.8157239959235094
潤到竹根肥臘筍,紅綻雨肥梅,0.821320286197011
潤到竹根肥臘筍,脆添生菜美,0.8626099733007428
潤到竹根肥臘筍,密竹復冬笋,0.8281763974060404
潤到竹根肥臘筍,蔗漿歸廚金碗凍,0.8017640595341357
潤到竹根肥臘筍,無數春笋滿林生,0.8032239323934462
潤到竹根肥臘筍,竹裏行廚洗玉盤,0.8123329438746141
潤到竹根肥臘筍,射洪春酒寒仍緑,0.8100726355938515
潤到竹根肥臘筍,催蓴煮白魚,0.8120192689715576
潤到竹根肥臘筍,青青竹笋迎船出,0.8263316003991332
潤到竹根肥臘筍,藥條藥甲潤青青,0.825928699297896
潤到竹根肥臘筍,蟻浮仍臘味,0.8115297626701049
潤到竹根肥臘筍,雨後過畦潤,0.8016802475247848
潤到竹根肥臘筍,石暄蕨芽紫,0.8485959915056233
潤到竹根肥臘筍,春日春盤細生菜,0.809723952007535
潤到竹根肥臘筍,崖蜜松花熟,0.8126683856809254
潤到竹根肥臘筍,野露及新嘗,0.8078627610493754
潤到竹根肥臘筍,秋蔬影澗瀍,0.8041572973830984
潤到竹根肥臘筍,羹煑秋蓴滑,0.831853909161964
潤到竹根肥臘筍,秋葵煑復新,0.818188361257322
潤到竹根肥臘筍,遠傳冬筍味,0.829410102460805
潤到竹根肥臘筍,泥筍苞初荻,0.8425187576894786
潤到竹根肥臘筍,溜匙兼煖腹,0.8329097020905017
潤到竹根肥臘筍,願分竹實及螻蟻,0.8077515070387882
潤到竹根肥臘筍,强飯蓴添滑,0.8072380212565041
暖開蔬甲助春盤,脆添生菜美,0.8478482891426694
暖開蔬甲助春盤,自鋤稀菜甲,0.8019244151423439
暖開蔬甲助春盤,白屋寒多暖始開,0.8154883495691361
暖開蔬甲助春盤,蔗漿歸廚金碗凍,0.8009569908079418
暖開蔬甲助春盤,日併園蔬課,0.8052292163524082
暖開蔬甲助春盤,竹裏行廚洗玉盤,0.8167591970478103
暖開蔬甲助春盤,自爲摘嘉蔬,0.8354599269268578
暖開蔬甲助春盤,春日春盤細生菜,0.8958695028920804
暖開蔬甲助春盤,野露及新嘗,0.801722441395068
暖開蔬甲助春盤,清晨送菜把,0.8343898624023827
暖開蔬甲助春盤,圃畦新雨潤,0.8041677940970433
暖開蔬甲助春盤,山家蒸栗暖,0.8334869559100095
暖開蔬甲助春盤,常餐占野蔬,0.8298371934184599
暖開蔬甲助春盤,春日兼蒙暄暖扶,0.8162870773615281
暖開蔬甲助春盤,溜匙兼煖腹,0.8093242347317432
暖開蔬甲助春盤,强飯蓴添滑,0.8012613290822304
眼前多事觀游少,且看欲盡花經眼,0.8101633140933638
眼前多事觀游少,滿目悲生事,0.802112479152616
眼前多事觀游少,太向交游萬事慵,0.8155451122691939
眼前多事觀游少,多少殘生事,0.8445224829934864
眼前多事觀游少,陳迹隨人事,0.8100215946688779
眼前多事觀游少,漫看年少樂,0.8175070835087842
眼前多事觀游少,眼前今古意,0.8263249130632757
眼前多事觀游少,眼中萬少年,0.8198855421120539
胸次無憂酒量寬,寬心應是酒,0.8138533882582019
胸次無憂酒量寬,窮愁豈有寬,0.8296171910628465
胸次無憂酒量寬,無忘酒共持,0.8027232379954778
胸次無憂酒量寬,杯饒旅思寬,0.8467710975511138
胸次無憂酒量寬,斗水何直百憂寬,0.8220238533179625
胸次無憂酒量寬,且知寬病肺,0.8013446809579596
聞説壓沙梨已動,辛夷始花亦已落,0.8039545940728786
聞説壓沙梨已動,白屋寒多暖始開,0.809018448049853
會須鞭馬蹋泥看,騎馬到階除,0.8061979873065919
會須鞭馬蹋泥看,更調鞍馬狂歡賞,0.8143833710762243
會須鞭馬蹋泥看,軟裘快馬當冰雪,0.8019252251291664
會須鞭馬蹋泥看,走馬脱轡頭,0.8311965337985744
會須鞭馬蹋泥看,歸馬散霜蹄,0.8190227657814588
會須鞭馬蹋泥看,醉則騎馬歸,0.8013144299680066
會須鞭馬蹋泥看,杖藜入春泥,0.806220967048802
會須鞭馬蹋泥看,快馬金纏轡,0.8233423846621706
會須鞭馬蹋泥看,泥滑不敢騎朝天,0.8408974947970866
會須鞭馬蹋泥看,安得赤脚踏層冰,0.8041904169608006
會須鞭馬蹋泥看,要我下馬行,0.8132828695865353
會須鞭馬蹋泥看,白馬蹴微雪,0.8149795899210839
會須鞭馬蹋泥看,雪没錦鞍韉,0.8061612555756632
會須鞭馬蹋泥看,石筍街中却歸去,0.8076356769632058
會須鞭馬蹋泥看,坐看千里當霜蹄,0.8063939834417561
會須鞭馬蹋泥看,有客騎驄馬,0.8029556213924566
會須鞭馬蹋泥看,興發會能馳駿馬,0.8024064322460114
會須鞭馬蹋泥看,倚杖穿花聽馬嘶,0.8242546932737529
會須鞭馬蹋泥看,花邊立馬簇金鞍,0.8226333844727716
會須鞭馬蹋泥看,一朝被馬踏,0.8219645721116366
會須鞭馬蹋泥看,騎馬行春徑,0.8450621503723768
會須鞭馬蹋泥看,直愁騎馬滑,0.8564834963650644
會須鞭馬蹋泥看,霜蹄蹴踏長楸間,0.8320687210894764
會須鞭馬蹋泥看,歸來散馬蹄,0.8038577159261507
會須鞭馬蹋泥看,踏藕野泥中,0.8097988286375699
會須鞭馬蹋泥看,杖藜妨躍馬,0.8144893037982748
會須鞭馬蹋泥看,騎馬入青苔,0.8175043224299652
會須鞭馬蹋泥看,實少銀鞍傍險行,0.8009234300413774
會須鞭馬蹋泥看,酒酣並轡金鞭垂,0.8007697715975062
會須鞭馬蹋泥看,争道朱蹄驕齧膝,0.8182611332334224
四詩説盡菴前事,卽事會賦詩,0.803523292287472
四詩説盡菴前事,竟能盡説諸侯入,0.8016188848552968
四詩説盡菴前事,問法看詩妄,0.8326474798091452
寄遠如開水墨圖,寄書長不達,0.8039162745543977
寄遠如開水墨圖,但見書畫傳,0.8062323665695397
寄遠如開水墨圖,有使卽寄書,0.8313908606513098
寄遠如開水墨圖,眼前所寄選何物,0.8141224471781249
略有生涯如谷口,生涯似衆人,0.8191277034524245
略有生涯如谷口,吾生亦有涯,0.8007450935138104
非無卜肆在成都,厭就成都卜,0.8561866025074696
非無卜肆在成都,得歸茅屋赴成都,0.8214970320007656
非無卜肆在成都,豈無成都酒,0.8334054070153005
旁籬榛栗供賓客,籬邊野外多衆芳,0.8217544366291005
旁籬榛栗供賓客,羅生雜橡栗,0.8258426983997742
旁籬榛栗供賓客,藩籬帶松菊,0.8042521407595232
旁籬榛栗供賓客,柴荆具茶茗,0.8021931041992248
旁籬榛栗供賓客,藩籬生野徑,0.8347501936677924
旁籬榛栗供賓客,坐客强盤飧,0.800866743797062
旁籬榛栗供賓客,客子庖厨薄,0.8048056057151554
滿眼雲山奉宴居,安居奉我歡,0.8072511977881158
閑與老農歌帝力,在野只教心力破,0.8024171294036145
兄作新菴接舊居,新亭結構罷,0.8057836549274906
兄作新菴接舊居,他鄉且舊居,0.8158517916340834
兄作新菴接舊居,幸近幽人屋,0.8275074207592942
兄作新菴接舊居,背郭堂成蔭白茅,0.8113700361947147
兄作新菴接舊居,兄居祇樹園,0.812177593556572
兄作新菴接舊居,接葉製茅亭,0.8024177138019374
兄作新菴接舊居,誅茅卜居總爲此,0.8022298641651464
兄作新菴接舊居,茅齋寄在少城隈,0.8221571144625541
兄作新菴接舊居,應結茅齋著青壁,0.8162547577299153
兄作新菴接舊居,結廬依毁垣,0.8094037971338266
兄作新菴接舊居,武侯祠屋長鄰近,0.8125854838722053
兄作新菴接舊居,新作湖邊宅,0.8123238241635601
兄作新菴接舊居,弟子誰依白茅屋,0.8274722785703787
一原風物萃庭隅,風雲地一隅,0.8460273961508802
陸機招隱方傳洛,嫌疑陸賈裝,0.8063140545812126
張翰思歸正在吴,遠在劍南思洛陽,0.8135289421443462
張翰思歸正在吴,憶在潼關詩興多,0.8021889361338774
張翰思歸正在吴,張翰後歸吳,0.8934195444616136
張翰思歸正在吴,江漢思歸客,0.8207685365278835
五斗折腰慚僕妾,非供折腰具,0.8152805791925125
幾年合眼夢鄉閭,他鄉勝故鄉,0.8047124540973986
幾年合眼夢鄉閭,故人入我夢,0.805464285992199
幾年合眼夢鄉閭,他鄉饒夢寐,0.8238217432614385
幾年合眼夢鄉閭,兩鄉千里夢相思,0.805423347472513
幾年合眼夢鄉閭,萬里故鄉情,0.8024195696292993
幾年合眼夢鄉閭,眼復幾時暗,0.8034055173643426
白雲行處應垂淚,此老無聲淚垂血,0.8151732901459783
白雲行處應垂淚,白首淚雙垂,0.8437554713445619
白雲行處應垂淚,哭友白雲長,0.8098311073823569
白雲行處應垂淚,故老淚萬行,0.8010495669382771
白雲行處應垂淚,高歌淚數行,0.8043890362800075
黄犬歸時早寄書,尺書前日至,0.8092287670594118
黄犬歸時早寄書,自寄一封書,0.8260142067820697
黄犬歸時早寄書,不寄一行書,0.8248005819471411
黄犬歸時早寄書,寄書長不達,0.8403560143390026
黄犬歸時早寄書,祇是書應寄,0.8121718271716054
黄犬歸時早寄書,題書報旅人,0.8415991112612977
黄犬歸時早寄書,有使卽寄書,0.8099456022056432
黄犬歸時早寄書,歸期願早知,0.8022793664864868
黄犬歸時早寄書,一聲何處送書雁,0.8096051135874232
黄犬歸時早寄書,無犬附書頻,0.8236117753301688
黄犬歸時早寄書,前後緘書報,0.8237827939573699
黄犬歸時早寄書,北書不至雁無情,0.802569815445063
黄犬歸時早寄書,秋來把雁書,0.8188515143933506
黄犬歸時早寄書,遠道素書稀,0.8016817682388718
大若塘邊擉網魚,池中足鯉魚,0.8247609712637437
大若塘邊擉網魚,漁人網集澄潭下,0.8586807230097783
大若塘邊擉網魚,漁人漾舟沉大網,0.853096540444948
大若塘邊擉網魚,網聚粘圓鯽,0.8115064400225056
大若塘邊擉網魚,翻却釣魚船,0.8211913307376317
大若塘邊擉網魚,船尾跳魚撥剌鳴,0.8102113022623763
大若塘邊擉網魚,水有在藻鱗,0.8003391073526016
大若塘邊擉網魚,潛波想巨魚,0.8004365275797813
大若塘邊擉網魚,水生魚復浦,0.8062897049672253
大若塘邊擉網魚,江渾魚掉頭,0.8264821778189758
大若塘邊擉網魚,結纜排魚網,0.8205403688165799
大若塘邊擉網魚,白魚困密網,0.8192814749444812
小桃源口帶經鋤,春畦亂水間,0.8200032263238048
小桃源口帶經鋤,與致溪邊十畝陰,0.8053143250191468
小桃源口帶經鋤,自鋤稀菜甲,0.8114355404182376
小桃源口帶經鋤,江從灌口來,0.8067854887645702
小桃源口帶經鋤,溪行盡日無村塢,0.8103594632112499
小桃源口帶經鋤,野橋分子細,0.8138722544858108
小桃源口帶經鋤,野水平橋路,0.8032363932581568
小桃源口帶經鋤,短畦帶碧草,0.8104890284691791
小桃源口帶經鋤,洞口經春長薜蘿,0.8044019550858151
小桃源口帶經鋤,山家藥正鋤,0.8012249923650796
茶約鄰翁掘芋區,呼兒具梨棗,0.810677954839087
茶約鄰翁掘芋區,軟炊香飯緣老翁,0.8461561783049734
茶約鄰翁掘芋區,柴荆具茶茗,0.8375931920097062
茶約鄰翁掘芋區,野客茅茨小,0.8142797478962369
茶約鄰翁掘芋區,竹齋燒藥竈,0.8002407060449548
茶約鄰翁掘芋區,鄰舍與園蔬,0.8240882236504332
茶約鄰翁掘芋區,自鋤稀菜甲,0.8047548100355304
茶約鄰翁掘芋區,偶然存蔗芋,0.8015103624741946
茶約鄰翁掘芋區,藥許隣人斸,0.8190244351132066
茶約鄰翁掘芋區,山家藥正鋤,0.8060779646865384
茶約鄰翁掘芋區,呼兒間煮魚,0.8095880171850647
茶約鄰翁掘芋區,棗熟從人打,0.8056926350253446
茶約鄰翁掘芋區,拾穗許村童,0.8174076411031111
苦楝狂風寒徹骨,鋒稜瘦骨成,0.8297011969852983
苦楝狂風寒徹骨,騣尾蕭梢朔風起,0.8151944347560905
苦楝狂風寒徹骨,救汝寒凛慄,0.8124274591307219
苦楝狂風寒徹骨,北風起寒文,0.8157944944270845
苦楝狂風寒徹骨,天風吹汝寒,0.8413828072789856
苦楝狂風寒徹骨,增寒抱雪霜,0.8226494681029611
苦楝狂風寒徹骨,風急手足寒,0.8130881881077174
苦楝狂風寒徹骨,頭白恐風寒,0.8448144998715814
苦楝狂風寒徹骨,未效風霜勁,0.8258575661401271
苦楝狂風寒徹骨,霜骨不堪長,0.8039498573599303
苦楝狂風寒徹骨,衰俗凛生風,0.8013594371457292
苦楝狂風寒徹骨,猛士塞風飇,0.8205921776809553
苦楝狂風寒徹骨,御裌侵寒氣,0.8139054973880548
苦楝狂風寒徹骨,白帝峽風寒,0.8035696900153741
苦楝狂風寒徹骨,北風吹瘴癘,0.8073508226152366
苦楝狂風寒徹骨,北來肌骨苦寒侵,0.8663376052981667
苦楝狂風寒徹骨,寒刮肌膚北風利,0.8823103420831909
苦楝狂風寒徹骨,不爾苦寒何太酷,0.821945235736109
苦楝狂風寒徹骨,骨大却生筋,0.8088770111118087
苦楝狂風寒徹骨,北風天正寒,0.8054017426354204
苦楝狂風寒徹骨,是日霜風凍七澤,0.8029258154558261
苦楝狂風寒徹骨,風濤颯颯寒山陰,0.8007496756283482
苦楝狂風寒徹骨,積雪飛霜此夜寒,0.8005857618750942
苦楝狂風寒徹骨,楚岸朔風疾,0.8022062690369776
苦楝狂風寒徹骨,五月寒風冷佛骨,0.8805414218585002
黄梅細雨潤如酥,紅綻雨肥梅,0.8707286676030042
黄梅細雨潤如酥,燈前細雨簷花落,0.8095537431946817
黄梅細雨潤如酥,林花著雨燕支濕,0.8126501036895255
黄梅細雨潤如酥,春雨餘甘蔗,0.8014948439273061
黄梅細雨潤如酥,白露黄粱熟,0.8013335349229211
黄梅細雨潤如酥,籠竹和烟滴露梢,0.820759172297915
黄梅細雨潤如酥,冥冥細雨來,0.8001744067500687
黄梅細雨潤如酥,細麥落輕花,0.8005686670653717
黄梅細雨潤如酥,江畔細麥復纖纖,0.8165207329197273
黄梅細雨潤如酥,細雨更移橙,0.8194618772826786
黄梅細雨潤如酥,嫩蕊濃花滿目斑,0.8069969472958852
黄梅細雨潤如酥,椒實雨新紅,0.8381016001609731
黄梅細雨潤如酥,赤梨蒲萄寒露成,0.8114887469880707
黄梅細雨潤如酥,寒雨下霏霏,0.833194625244253
黄梅細雨潤如酥,思霑道暍黄梅雨,0.8300765480659463
黄梅細雨潤如酥,暑雨留蒸濕,0.8022974981984665
黄梅細雨潤如酥,沙村白雪仍含凍,0.8144127460251118
黄梅細雨潤如酥,春寒細雨出疏籬,0.8420458516564733
黄梅細雨潤如酥,凍雨裛沉綿,0.8193360077779163
此時睡到日三丈,君來必十月,0.8103427117652726
此時睡到日三丈,十日畫一水,0.804829850468511
此時睡到日三丈,二月已破三月來,0.812954517233047
此時睡到日三丈,卧此片時醒,0.8020429209821988
此時睡到日三丈,閉目踰十旬,0.8042554216509731
未怪窮山寂寞居,寂寞向山河,0.8507793472319827
未怪窮山寂寞居,寂寞書齋裏,0.8275349355285533
未怪窮山寂寞居,兵戈久索居,0.8013447351545004
未怪窮山寂寞居,故人還寂寞,0.8116961569717285
未怪窮山寂寞居,故人何寂寞,0.8266046843975791
未怪窮山寂寞居,索居尤寂寞,0.9096592844694511
未怪窮山寂寞居,西伯今寂寞,0.8202490522710757
未怪窮山寂寞居,松根胡僧憇寂寞,0.8404519771255663
未怪窮山寂寞居,寂寞江天雲霧裏,0.8033256518878629
未怪窮山寂寞居,寂寞養殘生,0.841197119524165
未怪窮山寂寞居,雲門青寂寂,0.8079719580506228
未怪窮山寂寞居,寂寞向時人,0.8263102162045624
未怪窮山寂寞居,寂寞春山路,0.8520028586028825
未怪窮山寂寞居,真龍竟寂寞,0.841947837253981
未怪窮山寂寞居,寂寞雲臺仗,0.8107845699011557
未怪窮山寂寞居,文園終寂寞,0.8461615160057152
未怪窮山寂寞居,玉杯久寂寞,0.8131028543286176
未怪窮山寂寞居,寂寞驪山道,0.8490801845576482
未怪窮山寂寞居,斯人已寂寥,0.8038971256224532
未怪窮山寂寞居,常怪商山老,0.8021883972127934
未怪窮山寂寞居,遠遊雖寂寞,0.8436364454692964
未怪窮山寂寞居,江山日寂寥,0.8019291099949399
未怪窮山寂寞居,聖賢兩寂寞,0.8073056218250381
未怪窮山寂寞居,蒼生轉寂寥,0.8009314451437581
此情常與世情疏,交情何尚新,0.8010273663622772
此情常與世情疏,人生交契無老少,0.8009136181684049
此情常與世情疏,懶朝真與世相違,0.8375258518686342
此情常與世情疏,歲晚莫情疏,0.814529971915541
此情常與世情疏,相逢苦覺人情好,0.8470658053693003
此情常與世情疏,物情無巨細,0.810582573450948
此情常與世情疏,世情惡衰歇,0.8071378139785041
此情常與世情疏,交情無舊深,0.8302330347250348
此情常與世情疏,交情老更親,0.8213786167616031
此情常與世情疏,交態知浮俗,0.8224045547994294
此情常與世情疏,直取性情真,0.8022207237930468
此情常與世情疏,世情只益睡,0.8072566758729443
此情常與世情疏,問俗人情似,0.807967553678465
此情常與世情疏,人情老易悲,0.8103224850357346
誰家生計無閑地,此身那得更無家,0.853951647974228
誰家生計無閑地,無家任老身,0.8569091142584795
大半歸來已白須,歸來頭白還戍邊,0.8212092680049994
大半歸來已白須,已見白頭翁,0.8167722399432977
大半歸來已白須,還家尚黑頭,0.8067836500305396
大半歸來已白須,及歸盡華髮,0.8141788999946393
大半歸來已白須,别來頭併白,0.8175757237778558
大半歸來已白須,白頭亂髮垂過耳,0.8093204338155784
大半歸來已白須,鬢髮還應雪滿頭,0.8279054800122025
大半歸來已白須,頭白好歸來,0.8829439378339969
大半歸來已白須,已作白頭翁,0.8245647258390842
大半歸來已白須,其如鑷白休,0.8046151947153211
大半歸來已白須,我嘆黑頭白,0.8001711169822453
大半歸來已白須,客間頭最白,0.8004162244589712
不用看雲眠永日,憶弟看雲白日眠,0.8440862783060149
不用看雲眠永日,高枕虚眠晝,0.8245612126762812
會思臨水寄雙魚,去憑遊客寄,0.8142983227552156
會思臨水寄雙魚,雙魚會早傳,0.8137488193739517
會思臨水寄雙魚,别酒寄江濤,0.803667703869529
會思臨水寄雙魚,贈子雲安雙鯉魚,0.8170795998423731
公私逋負田園薄,歸山買薄田,0.829505537012773
公私逋負田園薄,園收芋栗不全貧,0.8142208962741606
公私逋負田園薄,賣薪得錢應供給,0.8070203518146503
公私逋負田園薄,負米晚爲身,0.8126189890405455
未至妨人作樂無,得醉卽爲家,0.8040291616511762
未至妨人作樂無,樂任主人爲,0.8322651455879707
未至妨人作樂無,不爲困窮寧有此,0.8033427208883088
往日三語掾,今日西京掾,0.8171057959295238
往日三語掾,前年學語時,0.8128825367228045
往日三語掾,往者武后朝,0.8008007695042325
往日三語掾,三嘆問府主,0.8095805074333899
往日三語掾,往與惠詢輩,0.8037392007139216
解道將無同,不道諸公無表來,0.8024101958896697
解道將無同,討論實解頤,0.8099757987252998
我觀李校書,讀書破萬卷,0.8149370475259661
我觀李校書,學詩猶孺子,0.8136772431060992
我觀李校書,誦得老夫詩,0.8089480771752502
我觀李校書,岐有薛大夫,0.8185002308007419
我觀李校書,十九授校書,0.8316516128169917
我觀李校書,昔者龐德公,0.8021777743529568
我觀李校書,觀圖憶古人,0.8031999865065218
我觀李校書,郎有焦校書,0.8633220748698291
我觀李校書,陳公讀書堂,0.851658695693805
我觀李校書,但見書畫傳,0.8081178382404323
我觀李校書,讀書雲閣觀,0.8240588435188152
我觀李校書,校獵亦似觀成功,0.8291562246288137
我觀李校書,學書初學衞夫人,0.8598489647240619
我觀李校書,觀我落筆中書堂,0.8117284829410477
我觀李校書,平公今詩伯,0.804080266567206
我觀李校書,上公有記者,0.8004381264918237
我觀李校書,袖中諫獵書,0.8144118915730822
我觀李校書,讀書東嶽中,0.8465363138169864
我觀李校書,昔獻書畫圖,0.8149646214942947
我觀李校書,再讀徐孺碑,0.8229196688552756
我觀李校書,壯年學書劍,0.8016790435777108
我觀李校書,重聞西方止觀經,0.8061620426988807
我觀李校書,書偕褚薛能,0.8352902625427062
我觀李校書,我病書不成,0.8002910077624921
我觀李校書,念我能書數字至,0.8234079115681288
我觀李校書,嘗讀唐實録,0.8291011774779751
我觀李校書,復聞樂毅書,0.8000706073140336
我觀李校書,郭欽上書見大計,0.8459581076808007
超邁有古風,風雅靄孤鶱,0.8000406042688188
超邁有古風,論兵邁古風,0.832909747613364
超邁有古風,獨步才超古,0.8349870672412509
超邁有古風,文物多師古,0.8206501653381788
超邁有古風,清峻流輩伯,0.811828546613063
超邁有古風,吾祖詩冠古,0.8075502751864128
超邁有古風,有才繼騷雅,0.8268886547259368
超邁有古風,少保有古風,0.8592498154272226
超邁有古風,文采風流今尚存,0.8297382062358102
超邁有古風,高義邁等倫,0.8010294721454968
超邁有古風,賦有冠古才,0.8043715970790357
超邁有古風,文雅見天倫,0.8057941167852261
超邁有古風,風流儒雅亦吾師,0.8066562556557247
超邁有古風,質朴古人風,0.8616150663914447
超邁有古風,近有風流作,0.8131407270402446
超邁有古風,文雅涉風騷,0.8172467580426597
超邁有古風,尚書勳業超千古,0.8066592369860807
超邁有古風,風流後代希,0.8224983205860781
超邁有古風,風流吾賢紹,0.8256683600997121
超邁有古風,聖賢名古邈,0.8145222636885757
談道屢入微,精理通談笑,0.8535174643262827
談道屢入微,頗覺聰明入,0.806228651044751
談道屢入微,出入獨非時,0.8008363943505635
談道屢入微,除道哂要章,0.8009037661554281
閉門長蒿蓬,老夫不出長蓬蒿,0.8722204718777185
閉門長蒿蓬,柴門空閉鎖松筠,0.8295798743172536
閉門長蒿蓬,園廬但蒿藜,0.8379082708301664
閉門長蒿蓬,蓬蒿翳環堵,0.8266970982068964
閉門長蒿蓬,正閉小蓬門,0.8164224683590149
閉門長蒿蓬,養拙蓬爲户,0.8017425328190413
閉門長蒿蓬,柴門老病身,0.8042220516480608
閉門長蒿蓬,相率除蓬蒿,0.8057615308042108
閉門長蒿蓬,閉户人高卧,0.8067607810614843
閉門長蒿蓬,各已閉柴門,0.818679380484354
閉門長蒿蓬,視汝如莠蒿,0.8211434777559299
閉門長蒿蓬,塊獨委蓬蒿,0.8183758081287165
閉門長蒿蓬,柴荆寄樂土,0.8119688530550184
誰能賞遠韻,誰能與公子,0.8078111589282297
誰能賞遠韻,寫此神俊姿,0.8046752082178795
誰能賞遠韻,幽姿可時覩,0.808013073334138
誰能賞遠韻,妙絶與誰論,0.812033250181543
白雲出無心,上有無心雲,0.8843909869444077
白雲出無心,火雲出無時,0.8157641739052586
白雲出無心,浮雲終日行,0.8048248445404712
白雲出無心,洩雲無定姿,0.8199315727946916
白雲出無心,孤雲無自心,0.8698193142518706
白雲出無心,東盡白雲求,0.807350578121625
水得平淡處,水竹會平分,0.8377286871277907
水得平淡處,宅中平岸水,0.8182635386290964
水得平淡處,窮子失淨處,0.8014156221777287
水得平淡處,妙取略地平,0.8329033636533479
水得平淡處,平地一川穩,0.8134417525286008
渺渺不厭深,渺渺卧荆衡,0.8193911165633657
雲行不能雨,火雲出無時,0.8001300255972215
雲行不能雨,雲雷屯不已,0.8007867521896519
雲行不能雨,浮雲終日行,0.8016159268754356
雲行不能雨,苦云直簳盡,0.824029353673996
雲行不能雨,君王不復行,0.8154039231126406
雲行不能雨,不知雲雨散,0.8302841991466945
雲行不能雨,密雲復無雨,0.8445184485531774
雲行不能雨,飛雨靄而至,0.8077160517447368
雲行不能雨,行止各雲浮,0.8022148444573098
雲行不能雨,山雨不作泥,0.8553980044882097
雲行不能雨,誰云行不逮,0.8423249184951649
雲行不能雨,微雨不滑道,0.8364819157358253
雲行不能雨,下云風雲合,0.8071360173388045
還歸碧山岑,託身白雲歸故鄉,0.8037876579552568
還歸碧山岑,還入故林棲,0.8143066329903421
還歸碧山岑,暮升艮岑頂,0.8385856490757035
斯人似雲水,吾舅政如此,0.8022652526550775
斯人似雲水,斯人亦何幸,0.8260652171077234
斯人似雲水,斯人已云亡,0.8046301548189914
斯人似雲水,千載少似朱雲人,0.8023817783976565
斯人似雲水,斯人難並居,0.807853231056098
斯人似雲水,斯人不重見,0.8186601022211943
廊廟等山林,當今廊廟具,0.8186664706825346
廊廟等山林,廊廟之具裴施州,0.8160762057887687
俗士得失重,衆人貴苟得,0.8088146167467551
俗士得失重,知歸俗所忌,0.8045868917582767
俗士得失重,時俗造次那得致,0.8002186679706793
俗士得失重,惡名幸脱免,0.8014370270600135
俗士得失重,小敵信所怯,0.8030720915317614
俗士得失重,志士惜妄動,0.8081762171530337
俗士得失重,久客慎所觸,0.800130680117611
俗士得失重,所迫豪吏侵,0.8183242182414313
俗士得失重,氣合無險僻,0.8011304372581185
俗士得失重,烈士惡苟得,0.8472809924513816
俗士得失重,久客幸脱免,0.822479359374995
吾學淡如水,吾舅政如此,0.8175683841151671
吾學淡如水,懶心似江水,0.8465649634129073
吾學淡如水,豈如吾甥不流宕,0.8057580225386298
