황정견,두보,코사인 유사도
終日喬木陰,羣木水光下,0.8052527596653822
終日喬木陰,摧頽蒼松根,0.8026065653918977
終日喬木陰,古木巃嵸枝相樛,0.8187224250569002
終日喬木陰,未盡喬木西,0.8431518986584747
終日喬木陰,野寺隱喬木,0.8056630500781428
終日喬木陰,背日丹楓萬木稠,0.8042789205689393
終日喬木陰,遠岸富喬木,0.8080369047524076
終日喬木陰,繫馬喬木間,0.8193838057036638
終日喬木陰,十里斬陰木,0.8067144279904565
終日喬木陰,喬木易高風,0.8036271629734761
終日喬木陰,木雜古今樹,0.8121519471626303
終日喬木陰,林木在庭户,0.8096678091542715
太丘心灑落,灑落惟清秋,0.8261617691228382
太丘心灑落,灑落君臣契,0.8067099689839542
古松韻清深,松風肅泠泠,0.8066039104483227
古松韻清深,漱壑松柏秃,0.8292977470585607
古松韻清深,悲泉共幽咽,0.8042491748661962
古松韻清深,在山泉水清,0.8056019160812349
古松韻清深,微風韻可聽,0.8121117403982681
古松韻清深,野竹獨修修,0.8030108067589987
古松韻清深,更覺松竹幽,0.8204413760618892
古松韻清深,復見秀骨清,0.8025719036850766
古松韻清深,古廟杉松巢水鶴,0.8167763874980033
古松韻清深,老身古寺風泠泠,0.8217274399737337
古松韻清深,泉源泠泠雜猿狖,0.8140209584423128
古松韻清深,香厨松道清涼俱,0.8079054602188902
静聽無絃琴,丈人試静聽,0.8071754014177264
静聽無絃琴,聽詩静夜分,0.8049829494061028
静聽無絃琴,鳴弦不虚發,0.8190157340509634
静聽無絃琴,日夜偶瑶琴,0.8015278524558436
静聽無絃琴,膝有無聲琴,0.8743642219328924
静聽無絃琴,虞舜罷彈琴,0.8151780423224991
而獨可人心,可憐爲人好心事,0.8210701849260406
而獨可人心,非子誰復見幽心,0.8018601016974909
而獨可人心,其氣心匪石,0.831107319551448
而獨可人心,乃知君子心,0.829737054602901
而獨可人心,可憐忠與孝,0.8025072282225383
紛紛不可耐,紛紛輕薄何須數,0.8295816624646782
紛紛不可耐,涼月白紛紛,0.8052726564432133
紛紛不可耐,世上兒子徒紛紛,0.810367069578662
紛紛不可耐,繁枝容易紛紛落,0.8076758489974758
紛紛不可耐,向來江上手紛紛,0.8132568999023388
紛紛不可耐,紛紛桃李姿,0.8110266158921766
紛紛不可耐,自是衆木亂紛紛,0.8321809321020921
紛紛不可耐,灑迥已紛紛,0.8091653126415153
紛紛不可耐,萬事糺紛猶絶粒,0.8028246463619724
紛紛不可耐,風處急紛紛,0.8207922272363808
紛紛不可耐,坐客醉紛紛,0.813505670807467
君子有憂之,尚看王生抱此懷,0.8003319277437834
君子有憂之,惟生哀我未平復,0.8050070628827166
君子有憂之,惟王心不寧,0.822596399699024
君子有憂之,君意人莫知,0.8016368817195025
君子有憂之,君子意如何,0.811507525896545
君子有憂之,想見懷歸尚百憂,0.8002227684585901
君子有憂之,吾知徐公百不憂,0.8364753962382347
君子有憂之,念子忍朝饑,0.8130149499876926
君子有憂之,女病妻憂歸意急,0.8103095611281615
君子有憂之,今君抱何恨,0.8479198225395068
君子有憂之,情親獨有君,0.8108099710307783
君子有憂之,臣子憂四藩,0.8134903726913179
君子有憂之,主憂豈濟時,0.8106549002059875
君子有憂之,思明僞臣妾,0.8105703122320118
君子有憂之,乃知君子心,0.8348445106116068
君子有憂之,天憂實在兹,0.8100700088582465
君子有憂之,天子惟孝孫,0.8351392774631932
君子有憂之,君王無所惜,0.8161822967957659
君子有憂之,天子嚮時憂,0.8392424602241044
君子有憂之,小子獨無承,0.8167795870564531
君子有憂之,將老已失子孫憂,0.8153725170603101
君子有憂之,邦人思之比父母,0.8333280944885895
君子有憂之,念子孰自珍,0.8036445302301518
君子有憂之,子負憂世志,0.8408957525672609
頽波閲砥柱,交河幾蹴曾冰裂,0.8073585711722001
頽波閲砥柱,恐觸天柱折,0.8003190605075794
頽波閲砥柱,西極柱亦傾,0.8109427689305038
頽波閲砥柱,周秦觸駭鯨,0.8051111382751811
頽波閲砥柱,河漢騰烟柱,0.8094162716881471
頽波閲砥柱,扶顛待柱石,0.8124361541277021
濁水得摩尼,惟有摩尼珠,0.8182915056709903
知我無枝葉,念茲空長大枝葉,0.8304883927376956
知我無枝葉,陶謝不枝梧,0.8207483811692928
刳心只有皮,只益丹心苦,0.8183218484952011
刳心只有皮,我能剖心血,0.8075425706178052
刳心只有皮,豈只存其皮,0.8509130716855405
刳心只有皮,白頭惟有赤心存,0.8304920302729228
太丘胸量闊,雅量涵高遠,0.8090927736587046
萬事不掛眼,萬事反覆何所無,0.8420977489016122
萬事不掛眼,萬事反覆何所無,0.8420977489016122
萬事不掛眼,畜眼未見有,0.8189753525796726
萬事不掛眼,一洗萬古凡馬空,0.8161401664686962
萬事不掛眼,人生萬事無不有,0.8265943177499904
四愁猶有詩,誦詩渾遊衍,0.8155817320398278
四愁猶有詩,詩成覺有神,0.8036418169216442
四愁猶有詩,窮愁應有作,0.8505863635464334
四愁猶有詩,詩罷能吟不復聽,0.8022918188934371
四愁猶有詩,我有新詩何處吟,0.8227873825810512
四愁猶有詩,漫卷詩書喜欲狂,0.8235620976115599
四愁猶有詩,窮愁但有骨,0.8274953711293712
四愁猶有詩,有情且賦詩,0.8477100714648675
四愁猶有詩,詩罷地有餘,0.8013251621560011
四愁猶有詩,作詩呻吟内,0.80440686124871
四愁猶有詩,展懷詩誦魯,0.8142999993903361
四愁猶有詩,賦詩猶落筆,0.8060242317201063
四愁猶有詩,自吟詩送老,0.8139531464544791
四愁猶有詩,情在强詩篇,0.8021183559807065
心潔似毗尼,江清心可瑩,0.8384189607953934
早晚同舟去,先生早賦歸去來,0.8037631271695651
早晚同舟去,龍舟移棹晚,0.8430771261941742
早晚同舟去,輕舟下吴會,0.8200882047472908
早晚同舟去,始擬進歸舟,0.822050418297898
早晚同舟去,早晚孤帆他夜歸,0.8764654152525018
早晚同舟去,仙侣同舟晚更移,0.8243442585584817
早晚同舟去,繫舟今夜遠,0.805253341299923
早晚同舟去,早晚來自楚王宫,0.8055896539024002
早晚同舟去,早歸來,0.8118118966606711
早晚同舟去,掛帆早發劉郎浦,0.8267925418463273
早晚同舟去,扁舟空老去,0.8205666970801612
十家有忠信,孟冬十郡良家子,0.8071894230075591
十家有忠信,岐有薛大夫,0.8043051068080785
十家有忠信,尚書訓士齊,0.8035533601200765
十家有忠信,終古立忠義,0.8060451512214197
十家有忠信,國家法令在,0.8046051189472403
十家有忠信,皆是王忠勤,0.8087918158358736
十家有忠信,孝子忠臣後代看,0.8160248402955184
十家有忠信,承家節操尚不泯,0.8172514917876147
十家有忠信,主守問家臣,0.8057508222769341
十家有忠信,傳聲典信州,0.8096407822874504
十家有忠信,漢主追韓信,0.8156085534317374
政苦寄賣友,乃知貧賤别更苦,0.8118710657758087
政苦寄賣友,有使卽寄書,0.8046963840595537
政苦寄賣友,妻子寄他食,0.8101032939827718
政苦寄賣友,尚恐主守疏,0.801766599191172
政苦寄賣友,久客多枉友朋書,0.8002633036104525
忽聞衡説詩,每語見許文章伯,0.8195595479045861
忽聞衡説詩,時聞有餘論,0.8058659063742046
忽聞衡説詩,傅説已鹽梅,0.8011486212144834
忽聞衡説詩,每聞戰場説,0.8203037013533627
忽聞衡説詩,聞道三年未曾語,0.8103645997003882
忽聞衡説詩,再聞誦新作,0.8410924762807657
飢蒙青ㅇ飯,豈無青精飯,0.839606129764936
飢蒙青ㅇ飯,但使殘年飽喫飯,0.8177286261631935
飢蒙青ㅇ飯,軟炊香飯緣老翁,0.8315022721880636
飢蒙青ㅇ飯,與奴白飯馬青芻,0.8161062625283662
飢蒙青ㅇ飯,饑拾楢溪橡,0.8088447969027397
飢蒙青ㅇ飯,冬菁飯之半,0.8089134770466571
飢蒙青ㅇ飯,焦糖幸一柈,0.8129038431560247
酬報矜難巧,獻捷不云輸,0.8052917843621874
酬報矜難巧,廷争酬造化,0.8007799316623353
酬報矜難巧,篙工密逞巧,0.8060127126095309
深慙陸與皮,謬慚知薊子,0.8356254165617443
深慙陸與皮,許身愧比雙南金,0.807482386768916
深慙陸與皮,薄劣慚真隱,0.806282839405255
深慙陸與皮,顧惟魯鈍姿,0.8019279797580061
深慙陸與皮,尚愧微軀在,0.8269421993786785
深慙陸與皮,多慚鮑叔知,0.8464745255378767
深慙陸與皮,名慚白首郎,0.8307614841808889
深慙陸與皮,不才甘朽質,0.8022074113697443
深慙陸與皮,委身希北叟,0.8014924353914819
且然聊爾耳,色悲充爾娱,0.8008108475958109
且然聊爾耳,洗然順所適,0.8003469665196864
得也自知之,見知真自幼,0.836480133615555
得也自知之,知歸俗所忌,0.8025574826467357
得也自知之,尚謂求無形,0.8026967347100327
得也自知之,君意人莫知,0.8044679002042994
得也自知之,至性有此不,0.8081339508255231
得也自知之,貧知静者性,0.8019842373638874
得也自知之,知余懶是真,0.8235600788420165
得也自知之,出非不得地,0.8002583766355198
得也自知之,直取性情真,0.8072327308674243
得也自知之,消中得自由,0.8165741661853099
得也自知之,隱見爾如知,0.807282989480999
得也自知之,盡取義何如,0.800120165872096
得也自知之,得失寸心知,0.8015123752502302
得也自知之,如知進退情,0.8105902452610806
得也自知之,不示知禁情,0.8105196976330169
得也自知之,太守得之更不疑,0.8153686517719287
得也自知之,得喪初難識,0.8213645397248167
得也自知之,余病汝知之,0.8211520190138886
獨笑真成夢,知余懶是真,0.8121177154715129
獨笑真成夢,對酒都疑夢,0.8286272354039397
狂歌或似詩,詩罷聞吴詠,0.8027177950935899
狂歌或似詩,座中薛華善醉歌,0.8241214681084508
狂歌或似詩,歌辭自作風格老,0.8079153806795039
狂歌或似詩,酒酣懶舞誰相拽,0.8150524983707433
狂歌或似詩,詩罷能吟不復聽,0.814411733825694
狂歌或似詩,賦詩何必多,0.8140465456322402
狂歌或似詩,賦或似相如,0.8357703588823835
狂歌或似詩,自笑狂夫老更狂,0.8495889500071121
狂歌或似詩,詩態憶吾曹,0.8113078039350206
狂歌或似詩,佯狂真可哀,0.8532764798947244
狂歌或似詩,猶記酒顛狂,0.8440910598698366
狂歌或似詩,狂歌遇形勝,0.8836553020678594
狂歌或似詩,漫卷詩書喜欲狂,0.8111925592414876
狂歌或似詩,休作狂歌老,0.8303344294230859
狂歌或似詩,有情且賦詩,0.8282662139815513
狂歌或似詩,昔曾如意舞,0.811688755251815
狂歌或似詩,强吟懷舊賦,0.8164563744421911
狂歌或似詩,吟多意有餘,0.8058286841132918
狂歌或似詩,賦詩猶落筆,0.8079438609417295
狂歌或似詩,吟詩正憶渠,0.8124660240729928
早晚來同醉,晚著華堂醉,0.8378711452029144
早晚來同醉,遲暮有意來同煑,0.8267181652842628
早晚來同醉,早歸來,0.830346968228679
僧窗卧虎皮,麝香眠石竹,0.8105305067038415
僧窗卧虎皮,庭前猛虎卧,0.827204330797759
僧窗卧虎皮,閉户人高卧,0.8144387189189396
僧窗卧虎皮,卧病識山鬼,0.8074775437651918
潭潭經略府,潭府邑中甚淳古,0.820485383790247
寂寂閉門居,寂寞書齋裏,0.8898625782943098
寂寂閉門居,寂寞白獸闥,0.8017070065843143
寂寂閉門居,柴門空閉鎖松筠,0.8122644063013557
寂寂閉門居,所居秋草静,0.8093443133105146
寂寂閉門居,正閉小蓬門,0.8034022833814183
寂寂閉門居,索居尤寂寞,0.8869851207026764
寂寂閉門居,江邊正寂寥,0.8130688470880749
寂寂閉門居,多病獨愁常閴寂,0.8088008871503266
寂寂閉門居,寂寂春將晚,0.8444985506934528
寂寂閉門居,寂寞養殘生,0.8107381458592977
寂寂閉門居,山色遠寂寞,0.8076766816359164
寂寂閉門居,小院迴廊春寂寂,0.8319202680350534
寂寂閉門居,雲門青寂寂,0.8934793354910644
寂寂閉門居,寂寞春山路,0.822788441162497
寂寂閉門居,寂寂夏先晚,0.8343487081811806
寂寂閉門居,孤城早閉門,0.8292511583531921
寂寂閉門居,真龍竟寂寞,0.806127429947215
寂寂閉門居,閉户人高卧,0.8034220220615568
寂寂閉門居,文園終寂寞,0.8379811096376775
寂寂閉門居,玉杯久寂寞,0.8060266744913582
寂寂閉門居,各已閉柴門,0.8340100800669985
寂寂閉門居,遠遊雖寂寞,0.8361464867595529
寂寂閉門居,久客掩柴扉,0.8221870535378714
寂寂閉門居,郊扉俗遠長幽寂,0.8069857306658009
寂寂閉門居,江山日寂寥,0.8140623725239502
京洛聖賢宅,今日西京掾,0.8087200830132886
京洛聖賢宅,近侍歸京邑,0.8005119473117969
京洛聖賢宅,昔在洛陽時,0.8378380774601764
京洛聖賢宅,昔時賢俊人,0.80977983655103
京洛聖賢宅,未曾入州府,0.8057654908092947
京洛聖賢宅,襄陽耆舊間,0.8072799026954788
京洛聖賢宅,大師京國舊,0.8084907949920153
京洛聖賢宅,京洛雲山外,0.8256087535877756
京洛聖賢宅,聞道并州鎮,0.8024016014762775
京洛聖賢宅,近傳王在洛,0.8050381421992814
京洛聖賢宅,屢喜王侯宅,0.8113650712128302
京洛聖賢宅,宅入先賢傳,0.8208427194068596
京洛聖賢宅,憶昔咸陽都市合,0.8128506367541042
京洛聖賢宅,宛彼漢中郡,0.8049513809190714
京洛聖賢宅,獨辭京尹堂,0.8256960766735533
京洛聖賢宅,曾聞宋玉宅,0.8459157374373665
京洛聖賢宅,城中賢府主,0.8115938216556191
京洛聖賢宅,昔謁華蓋君,0.8013138043428175
京洛聖賢宅,聖賢冠史籍,0.8237712680348466
京洛聖賢宅,幕府盛才賢,0.8046605455609124
京洛聖賢宅,肅宗昔在靈武城,0.8057511345624421
京洛聖賢宅,不見定王城舊處,0.8055847352502934
京洛聖賢宅,師老荒京都,0.8085856524046611
江湖魚鼈瀦,池中足鯉魚,0.8013727774504105
江湖魚鼈瀦,池魚涸其泥,0.8204561702292454
江湖魚鼈瀦,江湖多風波,0.8343645776549886
江湖魚鼈瀦,水落魚龍夜,0.8036078273715188
江湖魚鼈瀦,江湖秋水多,0.8456820443694194
江湖魚鼈瀦,江渚翻鷗戲,0.8041793733636315
江湖魚鼈瀦,野水失蛟螭,0.8075694233629512
江湖魚鼈瀦,江浦寒鷗戲,0.8192476324719917
江湖魚鼈瀦,水生魚復浦,0.8339399662011449
江湖魚鼈瀦,江渾魚掉頭,0.8489470055097497
江湖魚鼈瀦,江湖天闊足風濤,0.8025524990086159
江湖魚鼈瀦,潮落回鯨魚,0.8097817446793983
官如一夢覺,相對如夢寐,0.802892639550695
話勝十年書,人事經年記君面,0.8200919501333305
話勝十年書,酒闌却憶十年事,0.8024921671307529
話勝十年書,結交三十載,0.8150121964839137
話勝十年書,應論十年事,0.8073649220654056
稍喜過從近,諸生頗盡新知樂,0.8030951526098187
稍喜過從近,漸喜交游絶,0.8266167909471624
稍喜過從近,城郭喜我來,0.806146587605955
稍喜過從近,周防期稍稍,0.810974071646294
稍喜過從近,潘輿送喜頻,0.8023050854206937
稍喜過從近,暮年且喜經行近,0.8580079062489503
扶筇不駕車,倒衣還命駕,0.8197150924814823
扶筇不駕車,懶回鞭轡成高宴,0.8028562240842333
扶筇不駕車,杖策迴且暮,0.8122580747075457
扶筇不駕車,策杖時能出,0.8398929465457035
扶筇不駕車,乘輿恐未回,0.8450900157130503
扶筇不駕車,兒扶猶杖策,0.8322689872976878
扶筇不駕車,杖藜妨躍馬,0.8547565596796909
扶筇不駕車,徐步攜斑杖,0.8232947926313716
扶筇不駕車,飛兔不近駕,0.8020355850914415
扶筇不駕車,杖藜强起依僮僕,0.8113282697613535
扶筇不駕車,上馬不用扶,0.8375291660112699
扶筇不駕車,杖策可入舟,0.8269353464152183
扶筇不駕車,扶行幾屐穿,0.8194996707639448
扶筇不駕車,杖藜還客拜,0.8022121875861289
扶筇不駕車,緩步仍須竹杖扶,0.8587366744694815
扶筇不駕車,倒屣喜旋歸,0.821620262968576
扶筇不駕車,揚鑣隨日馭,0.8282282935643541
扶筇不駕車,不返青絲鞚,0.8006845809619529
扶筇不駕車,徐飛錫杖出風塵,0.8257419126225468
扶筇不駕車,歸來覬命駕,0.8028552734407071
於此吾忘我,忘形到爾汝,0.8485253870051443
於此吾忘我,孰謂吾廬幽,0.8084370956308751
於此吾忘我,吾舅政如此,0.83482679956454
於此吾忘我,豈惟入吾廬,0.8085653826054633
於此吾忘我,及此問吾廬,0.8143243379292213
於此吾忘我,愜當久忘筌,0.806752163882912
於此吾忘我,爾輩可忘年,0.8586500099020116
於此吾忘我,斯文亦吾病,0.802775130595395
事來千萬種,卽今千種恨,0.8447451347108823
事來千萬種,成都萬事好,0.8278374608221603
事來千萬種,人生萬事無不有,0.8108186600059063
事來千萬種,百年從萬事,0.8371408111120096
人有兩三心,惟有會心侣,0.8001549967920738
自守藩籬小,藩籬帶松菊,0.8270714196147276
自守藩籬小,所插小藩籬,0.8549973058262098
自守藩籬小,自茲藩籬曠,0.8544751472933304
自守藩籬小,藩籬頗無限,0.8393778233835458
自守藩籬小,官曹貞獨守,0.8064033577456828
過時雖不采,採藕不洗泥,0.8054000626222448
過時雖不采,山中疾采薇,0.8241334773857609
吾與菊花斟,何知共酒杯,0.8165911444526212
吾與菊花斟,肯與鄰翁相對飲,0.804463649112688
吾與菊花斟,濁醪誰造汝,0.8057763059408201
吾與菊花斟,誰能載酒開金盞,0.8056211144803687
吾與菊花斟,爲君酤酒滿眼酤,0.8175217631055325
吾與菊花斟,邀我嘗春酒,0.8200424617746385
吾與菊花斟,把臂開樽飲我酒,0.828532850661724
吾與菊花斟,把酒宜深酌,0.8208777637094863
吾與菊花斟,無錢對菊花,0.8012062305834469
吾與菊花斟,誰欲致杯甖,0.8010476602650513
事往更追尋,從此數追隨,0.8026751643528234
事往更追尋,勝事難屢挹,0.8275384913232413
事往更追尋,骨肉失追尋,0.805579037469565
事往更追尋,招尋興已專,0.811739993311712
愛酒陶元亮,濁酒尋陶令,0.8299220842358589
愛酒陶元亮,愛酒晉山簡,0.8039897759772703
愛酒陶元亮,此意陶潛解,0.8154011228435891
愛酒陶元亮,嗜酒愛風竹,0.833133906384623
愛酒陶元亮,酒渴愛江清,0.8204102681251724
愛酒陶元亮,唯君最愛清狂客,0.8052974579242511
愛酒陶元亮,定醉山翁酒,0.8044393706930706
著書王仲任,尚覺王孫貴,0.8029155478880767
著書王仲任,詩看子建親,0.804957344586168
著書王仲任,敕書憐贊普,0.8234326591037524
著書王仲任,尚書訓士齊,0.8283305745442188
著書王仲任,葛亮貴和書有篇,0.804436995619728
著書王仲任,王今叔父尊,0.8191842081153116
著書王仲任,尚書韓擇木,0.8181531388089789
著書王仲任,吳郡張顛誇草書,0.8041103382926487
著書王仲任,書偕褚薛能,0.8261466923672243
著書王仲任,黄霸璽書增,0.8173377869040381
寒蒲雖有節,風斷青蒲節,0.8388848634819172
寒蒲雖有節,碧節吐寒蒲,0.8323405163227624
枯木已無心,萱草秋已死,0.8177676624778916
枯木已無心,枯查卷拔樹,0.8061123538596524
枯木已無心,勿悲尚枯槁,0.8376105244389735
枯木已無心,歲久爲枯林,0.831746586413964
枯木已無心,有同枯椶木,0.835804953377062
枯木已無心,所向色枯槁,0.8209184452428036
枯木已無心,枯木半龍鱗,0.815493986237734
枯木已無心,未覺栝柏枯,0.8070537983263447
枯木已無心,秋枯洞庭石,0.8130558177231986
客至還須飲,歸醉每無愁,0.8057350884349853
客至還須飲,緑樽須盡日,0.8017869275725357
客至還須飲,客醉揮金碗,0.8325278592098221
客至還須飲,每過得酒傾,0.8135807404875894
客至還須飲,縱酒欲謀良夜醉,0.8374253355178984
客至還須飲,對酒不能喫,0.8154256881792226
客至還須飲,瓶中得酒還,0.8133294973011942
客至還須飲,開樽獨酌遲,0.8146424593592634
客至還須飲,應須美酒送生涯,0.8140350234272082
客至還須飲,歸來省醉眠,0.8011335749313613
客至還須飲,主人罷鱠還傾杯,0.809569386236671
客至還須飲,得醉卽爲家,0.8079355199352471
客至還須飲,勸酒欲無辭,0.8064069796786495
客至還須飲,過客徑須愁出入,0.8169301468743317
客至還須飲,先𢬵一飲醉如泥,0.8023829528336766
客至還須飲,客至欲如何,0.8221903222001617
客至還須飲,把酒宜深酌,0.8132823448482558
客至還須飲,纔傾一盞卽醺人,0.8035695940267318
客至還須飲,自覺酒須賒,0.8162541612960337
客至還須飲,定醉山翁酒,0.8188373242102103
客至還須飲,衢尊不重飲,0.8033470569830806
客至還須飲,醉酒或連朝,0.8043877596926119
逢歡起自斟,自笑燈前舞,0.8010633594518377
逢歡起自斟,生前相遇且銜杯,0.8162721122759689
逢歡起自斟,衆賓皆醉我獨醒,0.8062101761358977
逢歡起自斟,每過得酒傾,0.8114937429935576
逢歡起自斟,歡喜每傾倒,0.8271964570497692
逢歡起自斟,愁多任酒醺,0.8079683571807945
逢歡起自斟,如今足斟酌,0.8467742900586972
逢歡起自斟,縱酒欲謀良夜醉,0.8168293774937573
逢歡起自斟,開樽獨酌遲,0.8223391566389013
逢歡起自斟,先𢬵一飲醉如泥,0.8086195606222195
逢歡起自斟,把酒宜深酌,0.8496576824838086
逢歡起自斟,纔傾一盞卽醺人,0.8087620628630346
逢歡起自斟,重陽獨酌杯中酒,0.8364447993213981
逢歡起自斟,歡劇提攜如意舞,0.8098182797725858
逢歡起自斟,斟酌旅情孤,0.8051531267491925
逢歡起自斟,相對酒開顔,0.8254227092193656
逢歡起自斟,醉酒或連朝,0.8186741205716692
少日才華接貴游,幕府盛才良,0.8307034687607381
少日才華接貴游,此輩少爲貴,0.8076629300430864
少日才華接貴游,人間好少年,0.8017567650619015
少日才華接貴游,長安卿相多少年,0.8117379117277723
少日才華接貴游,同遊英俊人,0.8042568903773455
少日才華接貴游,多暇日陪驄馬遊,0.8129938463600387
少日才華接貴游,臺郎選才俊,0.8362833050336418
少日才華接貴游,豪俊貴勳業,0.8185735246872944
少日才華接貴游,漫看年少樂,0.8255710824675327
少日才華接貴游,同學少年多不賤,0.809294421071147
少日才華接貴游,爲郎忝薄遊,0.8070858700366141
少日才華接貴游,榮華貴少壯,0.8746446175133892
少日才華接貴游,多才接迹昇,0.8201570297669991
少日才華接貴游,才名賈傅多,0.8044850294566612
少日才華接貴游,五陵豪貴反顛倒,0.8028402292764387
少日才華接貴游,後來況接才華盛,0.8613010742621463
少日才華接貴游,幕府盛才賢,0.8223544949122021
少日才華接貴游,之子俊才稀,0.8073682213466387
少日才華接貴游,茂宰得才新,0.8026834089540591
老來忠義氣横秋,老氣横九州,0.8088197065901266
老來忠義氣横秋,老去悲秋强自寬,0.8038684802218516
老來忠義氣横秋,將軍膽氣雄,0.8317125971658226
老來忠義氣横秋,終古立忠義,0.8014465063406153
老來忠義氣横秋,使君高義驅今古,0.8019887145346944
老來忠義氣横秋,氣敵萬人將,0.8005081693766314
老來忠義氣横秋,忠臣氣不平,0.8179945331490908
老來忠義氣横秋,詞氣浩縱横,0.810048654248766
老來忠義氣横秋,高秋蘇肺氣,0.8111937331414653
老來忠義氣横秋,明公論兵氣益振,0.803365729376827
未應白髮如霜草,數莖白髮那抛得,0.8602839507284517
未應白髮如霜草,白髮好禁春,0.841743170199375
未應白髮如霜草,已見白頭翁,0.8361841803085079
未應白髮如霜草,休看白髮生,0.8579393485135027
未應白髮如霜草,汝伯何由髮如漆,0.8088603276240313
未應白髮如霜草,白頭搔更短,0.8036108372700546
未應白髮如霜草,白髮千莖雪,0.8951068795878003
未應白髮如霜草,能添白髮明,0.8357423292039324
未應白髮如霜草,鄭公樗散鬢成絲,0.8111887210006243
未應白髮如霜草,自知白髮非春事,0.845355520461639
未應白髮如霜草,白髮悲花落,0.8500106858955517
未應白髮如霜草,羡君齒髮新,0.8165776840105274
未應白髮如霜草,毛暗蕭條連雪霜,0.8137766403391491
未應白髮如霜草,羞將短髮還吹帽,0.811851150482386
未應白髮如霜草,鬢髮各已蒼,0.862459122003245
未應白髮如霜草,白益毛髮古,0.8459303245082899
未應白髮如霜草,休鑷鬢毛斑,0.8491697309693895
未應白髮如霜草,白髮竟誰憐,0.8495714148272566
未應白髮如霜草,白頭亂髮垂過耳,0.8211305354896863
未應白髮如霜草,掃除白髮黄精在,0.8180251339821438
未應白髮如霜草,鬢髮還應雪滿頭,0.9141346237057395
未應白髮如霜草,頭白恐風寒,0.8323910032908782
未應白髮如霜草,未肯鬢毛衰,0.8513407287308814
未應白髮如霜草,如今白髮翁,0.8877760627057207
未應白髮如霜草,百年雙白鬢,0.8432619413307109
未應白髮如霜草,春日垂霜鬢,0.8047414033790896
未應白髮如霜草,春日鬢俱蒼,0.8083654133386902
未應白髮如霜草,那免白頭翁,0.8107863295908546
未應白髮如霜草,似惱鬢毛蒼,0.8453357116491245
未應白髮如霜草,苦遭白髮不相放,0.8433022799775127
未應白髮如霜草,鬢髮自成絲,0.8618910835560157
未應白髮如霜草,何須白髮侵,0.8790304994016085
未應白髮如霜草,悲歌鬢髮白,0.8502315554906015
未應白髮如霜草,鬢毛元自白,0.8740036428562026
未應白髮如霜草,便應黄髮老漁樵,0.8260333694914155
未應白髮如霜草,髮少何勞白,0.8259105762080753
未應白髮如霜草,清秋鶴髮翁,0.8262771525649122
未應白髮如霜草,相視髮皓白,0.8204927942589546
未應白髮如霜草,白髮少新洗,0.8091079802095893
未應白髮如霜草,已作白頭翁,0.8110342916439723
未應白髮如霜草,其如鑷白休,0.8121509699670549
未應白髮如霜草,兔應疑鶴髮,0.8036343460164557
未應白髮如霜草,會將白髮倚庭樹,0.8056625338077907
未應白髮如霜草,新梳白髮微,0.8072576473325279
未應白髮如霜草,馮唐毛髮白,0.849181063421125
未應白髮如霜草,知吾斑鬢總如銀,0.8583068853231692
未應白髮如霜草,白髮寐常早,0.8300817701239637
未應白髮如霜草,滄江白髮愁看汝,0.832882708719031
未應白髮如霜草,羽毛淨白雪,0.8020483302972069
未應白髮如霜草,我嘆黑頭白,0.8129456323249697
未應白髮如霜草,遭亂髮盡白,0.8270835657369382
未應白髮如霜草,白髮自能梳,0.8332412136571878
未應白髮如霜草,卽今蓬鬢改,0.8275700967854033
未應白髮如霜草,艱難苦恨繁霜鬢,0.8058668078058908
未應白髮如霜草,鬢毛垂領白,0.8548554363990177
未應白髮如霜草,久𢬵野鶴如雙鬢,0.8282286298469421
未應白髮如霜草,不堪垂老鬢,0.8222249163652329
未應白髮如霜草,白髮甘凋喪,0.870367768498017
未應白髮如霜草,白蘋愁殺白頭翁,0.8193588767494131
未應白髮如霜草,白髮絲難理,0.8271616644707077
未應白髮如霜草,入怪鬢髮空,0.8315275301586715
不見丹砂似箭頭,未就丹砂愧葛洪,0.829934572923511
不見丹砂似箭頭,丹砂訪葛洪,0.803615465840815
不見丹砂似箭頭,丹砂作尾黄金鱗,0.8166364068200758
不見丹砂似箭頭,或紅如丹砂,0.8342780966024961
不見丹砂似箭頭,不得問丹砂,0.8573406673671831
不見丹砂似箭頭,高人鍊丹砂,0.8352735275986314
不見丹砂似箭頭,丹砂同隕石,0.8339823660103057
不見丹砂似箭頭,不見秘書心若失,0.8217331806134123
不見丹砂似箭頭,丹砂冷舊秤,0.8260583836316696
不見丹砂似箭頭,我欲就丹砂,0.8156264382357563
不見丹砂似箭頭,家事丹砂訣,0.8293644111846046
顧我今成喪家狗,我已無家尋弟妹,0.804887513907953
顧我今成喪家狗,今如喪家狗,0.9231846780350548
顧我今成喪家狗,或似喪家狗,0.8477320936424495
期君早作濟川舟,知君才是濟川功,0.8154531157960225
期君早作濟川舟,方期解纜初,0.8045699730390762
期君早作濟川舟,始擬進歸舟,0.8128336039608444
期君早作濟川舟,密作渡江來,0.8140565743361765
期君早作濟川舟,掛帆早發劉郎浦,0.8043997403750472
漢家宗廟英靈在,世家遺舊史,0.8300335866587896
漢家宗廟英靈在,道德付今王,0.8169398976556346
漢家宗廟英靈在,經傳拱漢皇,0.8364070851026669
漢家宗廟英靈在,當今廊廟具,0.8247493680776998
漢家宗廟英靈在,煌煌太宗業,0.8152371378420817
漢家宗廟英靈在,斯人尚典型,0.802003961446202
漢家宗廟英靈在,世祖修高廟,0.8719957931799603
漢家宗廟英靈在,吾祖詩冠古,0.81631300798691
漢家宗廟英靈在,聞道收宗廟,0.8677968720268
漢家宗廟英靈在,南有漢王祠,0.8261048427154807
漢家宗廟英靈在,國家法令在,0.8426504889873383
漢家宗廟英靈在,可憐後主還祠廟,0.8047749055802403
漢家宗廟英靈在,文采風流今尚存,0.8054248582316299
漢家宗廟英靈在,活國名公在,0.8035214124660967
漢家宗廟英靈在,子山舊業傳,0.8211559642992841
漢家宗廟英靈在,舊俗存祠廟,0.8363776570930685
漢家宗廟英靈在,孔明廟前有老柏,0.8130582048352102
漢家宗廟英靈在,先主武侯同閟宫,0.8007920480063184
漢家宗廟英靈在,只在忠臣翊聖朝,0.8125327096433062
漢家宗廟英靈在,肅宗登寶位,0.8053365175941926
漢家宗廟英靈在,肅宗復社稷,0.8027161555509191
漢家宗廟英靈在,繼體如太宗,0.8057991534864686
漢家宗廟英靈在,宗臣遺像肅清高,0.8714372913855515
漢家宗廟英靈在,周宣漢武今王是,0.8468356518005775
漢家宗廟英靈在,孝子忠臣後代看,0.8022122267485419
漢家宗廟英靈在,神靈漢代中興主,0.847042258821264
漢家宗廟英靈在,聖賢冠史籍,0.8049866635838563
漢家宗廟英靈在,肅宗昔在靈武城,0.8537216937935439
漢家宗廟英靈在,邦家用祀典,0.8031778877921438
漢家宗廟英靈在,漢道中興盛,0.8085683453970935
漢家宗廟英靈在,宗臣則廟食,0.8189396681590877
漢家宗廟英靈在,宗枝神堯後,0.8392886456623382
漢家宗廟英靈在,隋朝大業末,0.8123710840189469
學似貧家老破除,老來苦便静,0.8061725186614921
學似貧家老破除,莫笑田家老瓦盆,0.8016029177643674
學似貧家老破除,貧病他鄉老,0.8127219788610294
學似貧家老破除,將老憂貧窶,0.8157934798273677
學似貧家老破除,無家任老身,0.8211661437217661
學似貧家老破除,此去苦家貧,0.8192630840534172
學似貧家老破除,貧窮老瘦家賣屩,0.8764552307945085
極知鵠白非新得,鬢毛元自白,0.8001696780052067
極知鵠白非新得,知吾斑鬢總如銀,0.8090488720353046
極知鵠白非新得,新知漸成故,0.8058518595565772
謾染鴉青襲舊書,編簡爲誰青,0.8276444143206324
謾染鴉青襲舊書,丹青憶舊臣,0.8225391696793474
謾染鴉青襲舊書,銜泥點污琴書内,0.8032940752626643
謾染鴉青襲舊書,篋中有舊筆,0.8068580543739747
謾染鴉青襲舊書,畢耀仍傳舊小詩,0.8044814801847872
謾染鴉青襲舊書,青簡爲誰編,0.8156649852211604
謾染鴉青襲舊書,故舊短書稀,0.8040564711175169
粗娠鐃赖苇爘鄎,白蔣風飇脆,0.8063153818713086
蕡宝廐昑暶縕伸,腰支賸寶衣,0.8001396327479918
阋翤蝶蝄蜊蔦蕐,樹蜜早蜂亂,0.8043928192990988
偶思煗老庖玄鯽,催蓴煮白魚,0.8508841549548223
偶思煗老庖玄鯽,梅熟許同朱老喫,0.8199236777188634
偶思煗老庖玄鯽,炎方每續朱櫻獻,0.8290886419351373
偶思煗老庖玄鯽,羹煑秋蓴滑,0.8130514204556505
偶思煗老庖玄鯽,暖老思燕玉,0.8000530060857802
偶思煗老庖玄鯽,遠傳冬筍味,0.8100558631007179
偶思煗老庖玄鯽,端居茗續煎,0.8053324258392242
公遣霜鱗貫柳來,得魚已割鱗,0.8128401423549665
虀臼方看金作屑,露井凍銀牀,0.8086642374467452
虀臼方看金作屑,休翻鹽井擲黄金,0.8060604597438823
鱠盤已見雪成堆,椒盤已頌花,0.8057505239703646
鱠盤已見雪成堆,霜橙壓香橘,0.8220809103462074
鱠盤已見雪成堆,鱠飛金盤白雪高,0.8611683091601232
鱠盤已見雪成堆,蠶崖雪似銀,0.8279013140894561
鱠盤已見雪成堆,登於白玉盤,0.8057312489884461
鱠盤已見雪成堆,嘗稻雪翻匙,0.8731054244709486
何處驚麏觸禍機,信然龜觸網,0.8096624183702565
何處驚麏觸禍機,善知應觸類,0.8168104884981264
煩君遣騎割鮮肥,兼求畜豪且割鮮,0.8383192413551552
煩君遣騎割鮮肥,割慈忍愛還租庸,0.8067295884110639
秋來多病新開肉,多病秋風落,0.8134711150872518
秋來多病新開肉,秋至轉飢寒,0.8027499535975116
秋來多病新開肉,客愁全爲減,0.8002823612389796
秋來多病新開肉,秋葵煑復新,0.8098091450322547
秋來多病新開肉,客病留因藥,0.8146283946164805
秋來多病新開肉,多病久加飯,0.8299452843664119
秋來多病新開肉,自從相遇減多病,0.80769626796477
秋來多病新開肉,病多猶是客,0.8182787851562963
秋來多病新開肉,歸朝跼病肺,0.8296282225077132
秋來多病新開肉,行色兼多病,0.8134420145687278
秋來多病新開肉,秋風病欲蘇,0.8112886154378292
糲飯寒葅得解圍,蔬食常不飽,0.8418276461601757
糲飯寒葅得解圍,但使殘年飽喫飯,0.8510817299661907
糲飯寒葅得解圍,對食暫餐還不能,0.8480251834124064
糲飯寒葅得解圍,軟炊香飯緣老翁,0.8494108986515378
糲飯寒葅得解圍,猶得備晨炊,0.8304467151854176
糲飯寒葅得解圍,對食不能餐,0.8071422452086514
糲飯寒葅得解圍,侏儒應共飽,0.827161363033416
糲飯寒葅得解圍,百年粗糲腐儒餐,0.8341559064568461
糲飯寒葅得解圍,苦飢始得食一蟲,0.8160373354026386
糲飯寒葅得解圍,粗飯依他日,0.8283578390029418
糲飯寒葅得解圍,欲須供給家無粟,0.8085661127607797
糲飯寒葅得解圍,一請甘饑寒,0.8074725846760695
糲飯寒葅得解圍,近身藥裹酒常攜,0.8014166621014144
糲飯寒葅得解圍,終然添旅食,0.8061969490461407
糲飯寒葅得解圍,敕廚惟一味,0.8032243835214665
糲飯寒葅得解圍,飯糲添香味,0.858965784535608
糲飯寒葅得解圍,諸僧但乞齋時飯,0.8471116667831472
糲飯寒葅得解圍,常餐占野蔬,0.8352980282625442
糲飯寒葅得解圍,濁醪粗飯任吾年,0.8148402990821787
糲飯寒葅得解圍,强飯蓴添滑,0.8083620962265339
二十餘年枯淡過,四十明朝過,0.812715743041908
二十餘年枯淡過,百年秋已半,0.834589477438015
二十餘年枯淡過,只今年纔十六七,0.8501957136125283
二十餘年枯淡過,十年過父老,0.8413247308832437
二十餘年枯淡過,相看過半百,0.821956301398433
二十餘年枯淡過,惆悵年半百,0.8355999329379887
二十餘年枯淡過,百年已過半,0.8657545603017517
二十餘年枯淡過,悲君已是十年流,0.8160702903083055
二十餘年枯淡過,卽今倏忽已五十,0.8188656934990547
二十餘年枯淡過,百年嗟已半,0.8287115554103317
二十餘年枯淡過,童稚情親四十年,0.8081033697086215
二十餘年枯淡過,蹉跎有六年,0.8378034813375372
二十餘年枯淡過,值我病經年,0.8149850543109628
二十餘年枯淡過,二十四迴明,0.8037657560630145
二十餘年枯淡過,消渴已三年,0.8044817423432828
二十餘年枯淡過,攲倒衰年廢,0.8035898494800002
二十餘年枯淡過,年過半百不稱意,0.8185610913078186
二十餘年枯淡過,追隨二十載,0.8018473332909726
二十餘年枯淡過,一卧東山三十春,0.8005789680697954
二十餘年枯淡過,于今四十年,0.8081475506436072
病來筯下割甘肥,脆添生菜美,0.8139454773607051
病來筯下割甘肥,犀筯厭飫久未下,0.8123402688662089
病來筯下割甘肥,兼求畜豪且割鮮,0.8117406257839961
病來筯下割甘肥,味如甘露漿,0.8138889336179963
病來筯下割甘肥,偏勸腹腴愧年少,0.8039620164438442
病來筯下割甘肥,香美勝牛乳,0.8002873206716368
病來筯下割甘肥,蔗漿歸廚金碗凍,0.8359632945543416
病來筯下割甘肥,梅熟許同朱老喫,0.807844570083972
病來筯下割甘肥,羹煑秋蓴滑,0.8186032722939532
病來筯下割甘肥,陳平亦分肉,0.8096842228291892
病來筯下割甘肥,焦糖幸一柈,0.8137777213340196
病來筯下割甘肥,病渴污官位,0.8075304204764342
病來筯下割甘肥,溜匙兼煖腹,0.811587223713782
病來筯下割甘肥,强飯蓴添滑,0.8355205240271167
果然口腹爲灾怪,詭怪何得參人謀,0.8026420810105225
果然口腹爲灾怪,小心恐懼閉其口,0.8062056212593689
果然口腹爲灾怪,探腸有禍胎,0.8012620359602101
夢去呼鷹雪打圍,饑鷹待一呼,0.8130020143426786
夢去呼鷹雪打圍,羣胡歸來雪洗箭,0.8595746168870604
學書池上一雙鵝,池上于今有鳳毛,0.803187820013013
學書池上一雙鵝,池中足鯉魚,0.8060348290582555
學書池上一雙鵝,淨掃雁池頭,0.8166921336232527
學書池上一雙鵝,房相西池鵝一羣,0.8305194834229527
學書池上一雙鵝,鵝鴨宜長數,0.8015680523092095
學書池上一雙鵝,一雙白魚不受釣,0.8005387741645064
宛頸相追筆意多,淒涼憐筆勢,0.8011609416639864
皆爲涪翁赴湯鼎,未似尸鄉翁,0.8009166966550759
主人言汝不能歌,使我不能餐,0.8009386416655988
主人言汝不能歌,對酒不能喫,0.8088456833070599
主人言汝不能歌,見爾不能無,0.8134695116249524
主人言汝不能歌,誰言養雛不自哺,0.8022928720934904
主人言汝不能歌,主人長跪問,0.8013104703258642
怒目横行與虎争,猛噬失蹻騰,0.8026806474850493
怒目横行與虎争,手畫三軍勢,0.8043863515944295
怒目横行與虎争,猛虎立我前,0.8135869055249771
怒目横行與虎争,欲出畏虎狼,0.8080522836984436
怒目横行與虎争,猛虎憑其威,0.8213331532749972
怒目横行與虎争,虎氣必騰上,0.8090751664670814
怒目横行與虎争,一夫怒臨關,0.8098392900331016
怒目横行與虎争,搶佯瞥捩雌隨雄,0.8068365444411613
怒目横行與虎争,幹排雷雨猶力争,0.8285242515427065
怒目横行與虎争,撑突波濤挺叉入,0.8073677366494709
怒目横行與虎争,群盗尚縱横,0.8214832082404937
怒目横行與虎争,前有毒蛇後猛虎,0.814790608633819
怒目横行與虎争,拔劍或與蛟龍争,0.8336049099997711
怒目横行與虎争,羣盗相隨劇虎狼,0.8158528402380636
怒目横行與虎争,瞿唐漫天虎鬚怒,0.8256039724125254
怒目横行與虎争,羣盗亂豺虎,0.815804430465012
怒目横行與虎争,聲吼纏猛虎,0.8404660430055402
怒目横行與虎争,快劍長戟森相向,0.8178317660842582
怒目横行與虎争,蛟龍盤拿肉屈强,0.8079728335293199
怒目横行與虎争,猛蛟突獸紛騰逃,0.8167226732262215
怒目横行與虎争,奔峭背赤甲,0.8120459326273961
怒目横行與虎争,壁立石城横塞起,0.803343895590436
怒目横行與虎争,豺虎亂雄猜,0.8056718928281158
怒目横行與虎争,豺虎正縱横,0.8510897447051322
怒目横行與虎争,龍虎一吟吼,0.8017818863947601
寒沙奔火禍胎成,春城鏟賊壕,0.8009627248318876
寒沙奔火禍胎成,盗賊還奔突,0.8425639905109152
寒沙奔火禍胎成,高人憂禍胎,0.8052842573863064
寒沙奔火禍胎成,羣盗下辟山,0.8042709609493354
寒沙奔火禍胎成,探腸有禍胎,0.8224733427144415
寒沙奔火禍胎成,龍池塹劫灰,0.8033340298755904
寒沙奔火禍胎成,蛟龍欲蟄寒沙水,0.8091848332077967
雖爲天上三辰次,汝陽三斗始朝天,0.8013110386921064
雖爲天上三辰次,上云天下亂,0.8050889784309736
未免人間五鼎烹,肉味不足登鼎俎,0.8110919518622532
未免人間五鼎烹,大食寶刀聊可比,0.8029630974411099
勃窣媻跚烝涉波,碾渦深没馬,0.812785712386009
