황정견,두보,코사인 유사도
漢陽津上游女多,長安水邊多麗人,0.8363132560459511
漢陽津上游女多,湘妃漢女出歌舞,0.8058903417840911
漢陽津上游女多,暮上河陽橋,0.8390601581045922
何日石城蕩兩槳,乘濤鼓枻白帝城,0.8183384312740607
便成翻手辜前賞,畫手看前輩,0.8001378704413011
便成翻手辜前賞,合歡却笑千年事,0.8042055003658343
便成翻手辜前賞,不成尋别業,0.8025683601579112
園中看笋已成竹,堂前自生竹,0.8137379582631368
園中看笋已成竹,密竹復冬笋,0.8045462285480498
園中看笋已成竹,會須上番看成竹,0.8119934597307036
園中看笋已成竹,舍下筍穿壁,0.8028852173052425
園中看笋已成竹,種竹交加翠,0.8026013533358052
園中看笋已成竹,必種數竿竹,0.819088074018707
園中看笋已成竹,自須開竹逕,0.8003706884742924
堦下種槐還得陰,慈竹春陰覆,0.8031409315743141
出門望君車馬絶,暮隨肥馬塵,0.8158442290641931
出門望君車馬絶,出門日已遠,0.8300845156318677
出門望君車馬絶,未惜馬蹄遥,0.8010445717202176
出門望君車馬絶,黄門飛鞚不動塵,0.8012106110776724
出門望君車馬絶,平明上馬入金門,0.801740455319742
出門望君車馬絶,出門復入門,0.837603488107286
出門望君車馬絶,窮巷悄然車馬絶,0.8166391089245124
出門望君車馬絶,駐馬望千門,0.8608460215723595
出門望君車馬絶,車馬入鄰家,0.8031132760797295
出門望君車馬絶,出門搔白首,0.8058285541803293
出門望君車馬絶,千門立馬看,0.8237389104831261
出門望君車馬絶,而無車馬喧,0.8013219347166197
出門望君車馬絶,跨馬出郊時極目,0.8000982740440727
出門望君車馬絶,遥知簇鞍馬,0.8020116208628196
出門望君車馬絶,跋馬望君非一度,0.8329910992864005
出門望君車馬絶,雖有車馬客,0.8195423241263793
出門望君車馬絶,樓前出騎馬,0.8017608748347167
出門望君車馬絶,出入並鞍馬,0.8235996769790815
出門望君車馬絶,客亭鞍馬絶,0.8198158052851385
出門望君車馬絶,悲鳴駟馬顧,0.8068474231358185
臨水問信鯉魚沈,池中足鯉魚,0.815591400809339
臨水問信鯉魚沈,雙魚會早傳,0.8258415782964696
臨水問信鯉魚沈,東津觀魚已再來,0.8010053736619507
臨水問信鯉魚沈,贈子雲安雙鯉魚,0.8019859127589114
臨水問信鯉魚沈,水生魚復浦,0.8054250459902067
臨水問信鯉魚沈,烹鯉問沉綿,0.821486706998082
贈君以匠石斸泥之利器,愛畫入骨髓,0.8138687415981037
贈君以匠石斸泥之利器,爲畫長久利,0.8197609080734254
贈君以匠石斸泥之利器,白馬爲鐵驪,0.8089512270241526
贈君以匠石斸泥之利器,幹惟畫肉不畫骨,0.8300714496829241
贈君以匠石斸泥之利器,刻泥爲之最易得,0.8444888803826974
淵明無絃之素琴,鳴弦不虚發,0.8244140400688453
淵明無絃之素琴,匣琴流水自須彈,0.8115141302231483
淵明無絃之素琴,膝有無聲琴,0.8616014683808186
此書到日可歸來,尺書前日至,0.8419933714093641
此書到日可歸來,歸來權可取,0.8079513996879795
此書到日可歸來,此去必不歸,0.8088508305698523
此書到日可歸來,中原無書歸不得,0.8219085901670391
此書到日可歸來,從來不奉一行書,0.8073837339973653
此書到日可歸來,别家三月一書來,0.818161740477534
此書到日可歸來,來遊此地不知還,0.8009329453077192
此書到日可歸來,此行何日到,0.8382189864239692
此書到日可歸來,客至罷琴書,0.8009719005392772
此書到日可歸來,來歲如今歸未歸,0.8246543845382905
此書到日可歸來,秋來把雁書,0.8128628375842619
思子妙質爲知音,心清聞妙香,0.8180922750382766
思子妙質爲知音,乃知畫師妙,0.8023425716054144
思子妙質爲知音,孔明有知音,0.8429725904921858
思子妙質爲知音,静者心多妙,0.8163759334298066
思子妙質爲知音,知音兼衆語,0.817637433421921
思子妙質爲知音,短章達我心,0.8157200862388558
思子妙質爲知音,乃知君子心,0.8359266793299809
思子妙質爲知音,致君樸直詞,0.8007077311563084
思子妙質爲知音,感激在知音,0.824127318160067
陳子善學問,賤子請具陳,0.8273193293183204
陳子善學問,學詩猶孺子,0.8212197488257449
陳子善學問,蔡子勇成癖,0.8263332727502799
陳子善學問,思見農器陳,0.8047859708453398
陳子善學問,問之不肯道姓名,0.8204076823710007
陳子善學問,學母無不爲,0.8249582162332008
陳子善學問,聽婦前致詞,0.8000711507118337
陳子善學問,老病不識路,0.8056450529353671
陳子善學問,向子識損益,0.8158762905451147
陳子善學問,孔子釋氏親抱送,0.8122771405566094
陳子善學問,學語小兒知姓名,0.8219465402803094
陳子善學問,陳公讀書堂,0.8005091334970806
陳子善學問,學書初學衞夫人,0.8159727474569527
陳子善學問,念子善師事,0.8474444030838117
陳子善學問,細人尚姑息,0.8004401618628445
陳子善學問,吾子色愈謹,0.813356273438969
陳子善學問,但願子意陳,0.8340495756182528
陳子善學問,小兒學問止論語,0.8755830091449746
陳子善學問,問兒所爲跡,0.8106186055779661
陳子善學問,婁公不語宋公語,0.8154400553705323
陳子善學問,欲陳濟世策,0.8063501695230672
陳子善學問,訓子學誰門,0.8357505249661683
陳子善學問,與余問答既有以,0.8117779806644572
陳子善學問,君不見東吳顧文學,0.807521813537754
陳子善學問,乍問緒業餘,0.8025762017955406
陳子善學問,蘇氏今有之,0.8238939844438904
陳子善學問,郭欽上書見大計,0.8109457140244782
陳子善學問,他日更僕語不淺,0.8026141517666328
析理在意標,物性固難奪,0.8003957482396837
析理在意標,至性有此不,0.8027796249692962
析理在意標,深意實在此,0.8324225840419605
析理在意標,愚意會所適,0.8136690082569276
析理在意標,物理固自然,0.8130761193503384
析理在意標,可以物理推,0.8208799141021006
析理在意標,高懷見物理,0.8272705048515172
析理在意標,甚昧至精主,0.8048874502897292
析理在意標,元帥見手格,0.8113836198754836
析理在意標,萬物附本性,0.8247035407226389
析理在意標,安爲動主理信然,0.8076236460648134
析理在意標,物理直難齊,0.8105590303025846
析理在意標,得盡所歷妙,0.8021289376716987
心隨出處樂,動静隨所激,0.8474323036507363
心隨出處樂,貧知静者性,0.8009444339453878
心隨出處樂,放逐寧違性,0.8113018615419987
心隨出處樂,好静心跡素,0.8014241177742394
心隨出處樂,於今出處妨,0.8335181196657219
心隨出處樂,出入最隨肩,0.8018988295459217
心隨出處樂,静者心多妙,0.8108129577778109
心隨出處樂,出門無與適,0.8350310756159072
心隨出處樂,處處識壺公,0.818972538962589
心隨出處樂,禮寬心有適,0.8142292763060942
心隨出處樂,出處遂何心,0.8765864220644032
心隨出處樂,出處同世網,0.8104317150132001
心隨出處樂,出處各天機,0.8405630775693481
心隨出處樂,人今出處同,0.816028637606574
心隨出處樂,興饒行處樂,0.8201682358964053
性與寂寞超,身猶縳禪寂,0.8321559396656577
性與寂寞超,浩蕩無與適,0.8101352811929923
性與寂寞超,貧知静者性,0.8323985573410198
性與寂寞超,好静心跡素,0.8406936573343584
性與寂寞超,静者心多妙,0.830950861887181
性與寂寞超,應接非本性,0.805296951550545
性與寂寞超,信美無與適,0.8079709484093971
性與寂寞超,山色遠寂寞,0.8124393230214007
性與寂寞超,受性本幽獨,0.8353711424769603
性與寂寞超,得士契無隣,0.8124634948066187
性與寂寞超,蕭蕭理體淨,0.805601447514987
性與寂寞超,遠遊雖寂寞,0.8022995438599094
性與寂寞超,氣合無險僻,0.8014783623734558
性與寂寞超,終然契真如,0.8034991598394217
性與寂寞超,郊扉俗遠長幽寂,0.8284657748891382
安安而雅雅,安貧亦士常,0.8156901806611432
安安而雅雅,雅欲逃自然,0.8027009460738838
安安而雅雅,風流儒雅亦吾師,0.8035957819662487
安安而雅雅,其俗則淳樸,0.8015943142366808
不以行險徼,所思礙行潦,0.8180829131723013
不以行險徼,艱險路更跼,0.8464128945767769
不以行險徼,賢路不崎嶇,0.8132466904763981
不以行險徼,北走經險艱,0.8377112614738573
不以行險徼,行路難行澀如棘,0.8198864296894878
不以行險徼,路遠不可測,0.8037814786169521
不以行險徼,苦道來不易,0.820846051520539
不以行險徼,躋險不自安,0.8674272009054051
不以行險徼,險艱方自兹,0.8194671421006716
不以行險徼,南行道彌惡,0.8151272111927182
不以行險徼,不畏道途遠,0.8438165167173173
不以行險徼,我行怪此安敢出,0.8178975416190345
不以行險徼,艱險不易論,0.8411329141826014
不以行險徼,終身歷艱險,0.8267136590877504
不以行險徼,及茲險阻盡,0.8042409598177525
不以行險徼,經時冒險艱,0.822958826532807
不以行險徼,天險終難立,0.8026351487572281
不以行險徼,行路徙欹危,0.821664578413519
不以行險徼,艱難人不免,0.8013218957019894
不以行險徼,小人塞道路,0.8009616053449851
不以行險徼,路遠思恐泥,0.8091419284823175
不以行險徼,猶嗟行路難,0.8200413673667036
不以行險徼,氣合無險僻,0.8058075860761692
不以行險徼,艱險如跬步,0.8367349227880745
不以行險徼,直道無憂行路難,0.8198178120023316
不以行險徼,我行匪利涉,0.8063029056266839
不以行險徼,不敢恨危途,0.803525666579623
王良馭驥子,别養驥子憐神駿,0.8645154641020893
王良馭驥子,吾聞良驥老始成,0.8127338637079944
王良馭驥子,驥子最憐渠,0.817533508953096
王良馭驥子,渥洼騏驥兒,0.8112242696238485
王良馭驥子,駑馬若維縶,0.8028444989938571
王良馭驥子,騄驥皆良馬,0.8588103124090383
王良馭驥子,驊騮事天子,0.8046811430137597
冉弱六轡調,丁香體柔弱,0.8023565348011189
自吾與之遊,公子過我遊,0.8066152699941616
自吾與之遊,潛與子同遊,0.8172774157237253
自吾與之遊,吾與誰游衍,0.8648616428407809
自吾與之遊,我今遠遊子,0.8199817525812951
自吾與之遊,昔我遊山東,0.8104315935061107
自吾與之遊,文學與我游,0.8287694247755966
忘味如聞韶,耳邊已似聞清猿,0.8025166207186112
忘味如聞韶,味如甘露漿,0.8039492633423453
忘味如聞韶,聲音咽咽如有謂,0.8123763147884273
忘味如聞韶,知音兼衆語,0.8019414838711841
忘味如聞韶,飽聞春秋癖,0.8069295831482228
忘味如聞韶,清談見滋味,0.8333166954401852
志道斯近神,道德付今王,0.8318517890090893
志道斯近神,神速至今稱,0.8014864212835622
志道斯近神,方知象教力,0.8055471135929673
志道斯近神,廟堂知至理,0.82035859141665
志道斯近神,孝理敦國政,0.8142540099189275
志道斯近神,神凝推道經,0.8508635478776765
志道斯近神,至性有此不,0.8119376543382575
志道斯近神,深意實在此,0.8091716129860886
志道斯近神,惠遠德過人,0.8046153080298056
志道斯近神,道足示懷柔,0.801488980762083
志道斯近神,此道昔歸順,0.8042217368939091
志道斯近神,清詩近道要,0.8310659358703083
志道斯近神,未必能達道,0.8192316073080608
志道斯近神,斯焉心所求,0.8025339088514365
志道斯近神,師資謙未達,0.8092857747489242
志道斯近神,始與道侣敦,0.8076400112674728
志道斯近神,用拙存吾道,0.8262698922295244
志道斯近神,聖賢古法則,0.8077460270955228
志道斯近神,於斯答恭謹,0.8069868665629996
志道斯近神,於道未爲尊,0.8435344184256757
志道斯近神,戒之在至公,0.818100725322782
志道斯近神,宗生實於此,0.8041293716293361
志道斯近神,密論貞觀體,0.8290721449355859
志道斯近神,愛其謹潔極,0.8038745107356913
志道斯近神,好學尚貞烈,0.8038871475593645
志道斯近神,聖哲體仁恕,0.8313887132686753
志道斯近神,漢道盛於斯,0.8004935903234269
志道斯近神,用心未甚臧,0.8094035385413852
志道斯近神,道意久衰薄,0.8038542122933265
志道斯近神,道國繼德業,0.813873198334774
志道斯近神,進德知歷試,0.8160637186290368
志道斯近神,窮途仗神道,0.8150545416620928
莊生説承蜩,孔子釋氏親抱送,0.8103532294954682
顧恐陳子止,君子慎止足,0.8080824856610496
顧恐陳子止,傷時愧孔父,0.8043380943280036
顧恐陳子止,嘆息當路子,0.8020556100995331
顧恐陳子止,但願子意陳,0.8141388661995526
顧恐陳子止,子壯顧我傷,0.8093741244280183
顧恐陳子止,嗟余竟轗軻,0.8165822677778942
誰能中道要,聰慧與誰論,0.8023526033547683
誰能中道要,丈人視要處,0.8198877065187433
誰能中道要,清詩近道要,0.8059737352301268
誰能中道要,未必能達道,0.8324283950920988
誰能中道要,許求聰慧者,0.8058968833751219
誰能中道要,道大容無能,0.8085470422346095
誰能中道要,學貫天人際,0.8005609699299017
誰能中道要,除道哂要章,0.8098431791650376
誰能中道要,乃知正人意,0.8209445447739274
誰能中道要,莫道新知要,0.8047381185019169
我求一飯飽,蔬食常不飽,0.8554137829847672
我求一飯飽,常擬報一飯,0.8501635777730374
我求一飯飽,但使殘年飽喫飯,0.8690825884265286
我求一飯飽,一飯四五起,0.8255263451290662
我求一飯飽,無食起我早,0.8008012111601428
我求一飯飽,一飯跡便掃,0.8119441826648401
我求一飯飽,對食暫餐還不能,0.8022244605349784
我求一飯飽,軟炊香飯緣老翁,0.8305874916525529
我求一飯飽,稻粱求未足,0.802190505658255
我求一飯飽,食蕨不願餘,0.8465124744229715
我求一飯飽,僧飯屢過門,0.8153126024900279
我求一飯飽,百年粗糲腐儒餐,0.8390638887161405
我求一飯飽,苦飢始得食一蟲,0.8213214650502054
我求一飯飽,粗飯依他日,0.8389076185138238
我求一飯飽,欲須供給家無粟,0.8088503278770965
我求一飯飽,肉食三十萬,0.8066537993984861
我求一飯飽,一飯未曾留俗客,0.8128736606333036
我求一飯飽,清晨飯其腹,0.8046716876860511
我求一飯飽,飽食亦何心,0.8352814875050514
我求一飯飽,飯糲添香味,0.8340756115661048
我求一飯飽,諸僧但乞齋時飯,0.8519146753791604
我求一飯飽,日給還脱粟,0.8073941301868492
我求一飯飽,吾輩碌碌飽飯行,0.8174232255914036
我求一飯飽,濁醪粗飯任吾年,0.832548762029467
我求一飯飽,應過數粒食,0.8136584394732727
黄綬强折腰,非供折腰具,0.8061073025287027
黄綬强折腰,腰支賸寶衣,0.8353737486627433
黄綬强折腰,猶得折黄金,0.8442640014977327
黄綬强折腰,拖玉腰金報主身,0.8133712974458207
黄綬强折腰,必脱黄金轡,0.8205019288049338
黄綬强折腰,右持腰間刀,0.8019738062079977
取舍不由己,取適事莫並,0.8099628895003346
取舍不由己,取用及吾身,0.8275032018491284
取舍不由己,性命由他人,0.8029445938847981
取舍不由己,用舍在所尋,0.8184902386231018
取舍不由己,性命苟不存,0.8003100162842021
取舍不由己,微徑不敢取,0.8370677221650111
取舍不由己,進退固其宜,0.8016138917357808
取舍不由己,不肯易其身,0.8238758524493388
取舍不由己,檢身非苟求,0.8057205011997167
取舍不由己,守道不封己,0.8003405907840397
取舍不由己,一朝自罪己,0.8027224457751212
取舍不由己,豈特一知己,0.8165803405235255
取舍不由己,用之不高亦不庳,0.8204767992645565
取舍不由己,不必取長途,0.8082457872677015
悲哉馬銜鑣,戎馬惜離群,0.8028988255533496
悲哉馬銜鑣,鞍馬去孤城,0.80229706781512
悲哉馬銜鑣,馬嘶思故櫪,0.8240877870234465
悲哉馬銜鑣,我馬向北嘶,0.8272889911920795
悲哉馬銜鑣,馬銜青草嘶,0.8428316371603273
悲哉馬銜鑣,躍馬意何長,0.8001058528176594
悲哉馬銜鑣,馬鞍懸將首,0.8012854855213514
悲哉馬銜鑣,中年胡馬驕,0.8086417620578317
悲哉馬銜鑣,悲鳴駟馬顧,0.8654240773677762
長嘯天地間,詩卷長留天地間,0.8483890289211766
長嘯天地間,迥立閶闔生長風,0.8112437570518771
長嘯天地間,長嘯宇宙間,0.9126425422213162
長嘯天地間,終焉託長嘯,0.8040043224766894
長嘯天地間,高歌激宇宙,0.8211291310479911
搔首獨無聊,臨眺獨躊躇,0.8218671362473493
搔首獨無聊,駐馬更搔首,0.8487102051268055
搔首獨無聊,回首意多違,0.8055938616332187
搔首獨無聊,臨風獨回首,0.8746259826027928
搔首獨無聊,回首一悲哀,0.8231724654657531
搔首獨無聊,迴首得無憂,0.8609182914258939
搔首獨無聊,幾時回首一高歌,0.8051912168368229
搔首獨無聊,吟詩重回首,0.8159312155832723
搔首獨無聊,倚杖獨徘徊,0.8099170480333058
搔首獨無聊,卧龍無首對江濆,0.8030276168569954
搔首獨無聊,回首一傷神,0.8203154109487054
搔首獨無聊,天地空搔首,0.8027600772059139
搔首獨無聊,回首共悲歎,0.8104253158220127
搔首獨無聊,回首增憤惋,0.8228708076594268
雅約青山雲,自笑青雲期,0.8128338786058839
伊人與逍遥,孰謂吾廬幽,0.8058905086219761
伊人與逍遥,逍遥有能事,0.8314531848430853
伊人與逍遥,吾與誰游衍,0.8254931962994181
有如渝此盟,惟有會心侣,0.8021108842619893
白日尚昭昭,昭代將垂白,0.8188400847224799
白日尚昭昭,邊日少光輝,0.8058079077860143
白日尚昭昭,仰視皇天白日速,0.8047725589298428
白日尚昭昭,赤日照耀從西來,0.8145237154938239
白日尚昭昭,白日已偏照,0.832824336235469
白日尚昭昭,漢儀甚照耀,0.8015329068613612
平時多英豪,濟南名士多,0.8200844699236227
平時多英豪,英雄有時亦如此,0.8542880610372414
平時多英豪,有美生人傑,0.8124085069881124
平時多英豪,吴生遠擅場,0.8170943019815711
平時多英豪,王國稱多士,0.8284287389541993
平時多英豪,才傑俱登用,0.8077646132391818
平時多英豪,是何意態雄且傑,0.8022675587420353
平時多英豪,平人固騷屑,0.8021886247691152
平時多英豪,漁陽豪俠地,0.8227405077659062
平時多英豪,愛客滿堂盡豪傑,0.8258902894513278
平時多英豪,英賢遇轗軻,0.8076953552052116
平時多英豪,經濟實藉英雄姿,0.8597649696432321
平時多英豪,老夫生平好奇古,0.8067469884945361
平時多英豪,二三豪俊爲時出,0.8353144008250384
平時多英豪,昔時賢俊人,0.8434702647007424
平時多英豪,英雄徒自强,0.8483174429576608
平時多英豪,如公盡雄俊,0.8699173001572398
平時多英豪,處士禰衡俊,0.8291327849656677
平時多英豪,至今英雄人,0.862621955594485
平時多英豪,當代論才子,0.8110697492458288
平時多英豪,都非少壯時,0.8007098065425666
平時多英豪,梓中豪俊大者誰,0.8028961871741901
平時多英豪,激烈傷雄才,0.8099012851421776
平時多英豪,同遊英俊人,0.8411131346419776
平時多英豪,豪俊初未遇,0.8463920889122869
平時多英豪,郭薛俱才賢,0.8088187182535496
平時多英豪,雄都元壯麗,0.8081255993824104
平時多英豪,豪俊何人在,0.8148054257428923
平時多英豪,臺郎選才俊,0.8065570875860172
平時多英豪,若道士無英俊才,0.842870536601477
平時多英豪,俊才得之子,0.8328254676386646
平時多英豪,丈夫多英雄,0.9012374639911322
平時多英豪,賦有冠古才,0.8009289418533616
平時多英豪,當時無凡材,0.8084393031939714
平時多英豪,豪俊貴勳業,0.80985672493132
平時多英豪,高才日陵替,0.8064646228595078
平時多英豪,駕馭英雄材,0.8035481939763469
平時多英豪,亂世想賢才,0.8012454473924524
平時多英豪,古來傑出士,0.8342708168400375
平時多英豪,二州豪俠場,0.8272678095577182
平時多英豪,秦王學士時難羡,0.8096276235914975
平時多英豪,京兆先時傑,0.8030235612415039
平時多英豪,濟濟多士新,0.8113937126144468
平時多英豪,時危始識不世才,0.8124200458587572
平時多英豪,時危可仗真豪俊,0.8445447352000135
平時多英豪,吾賢富才術,0.8368438500793728
平時多英豪,才士得神秀,0.8053761502096655
平時多英豪,俊傑思自致,0.822154633048072
平時多英豪,後生血氣豪,0.8233904521933292
平時多英豪,古來經濟才,0.8165687979792717
平時多英豪,窮途多俊異,0.8007715271053762
平時多英豪,賈傅才未有,0.8002938673775184
平時多英豪,磊落映時賢,0.8005109762587976
平時多英豪,丈人藉才地,0.8357191945353366
平時多英豪,之子俊才稀,0.8339848335876632
平時多英豪,濟世宜引英俊人,0.859119920374356
平時多英豪,宜與英俊厚,0.829148811038716
楚楚在本朝,始與捶楚辭,0.8214283407907622
楚楚在本朝,而今異楚蜀,0.8256840769988756
楚楚在本朝,早晚來自楚王宫,0.8101061296610047
楚楚在本朝,本是楚人家,0.8099547868505297
楚楚在本朝,吳楚守王度,0.8369055473207261
吾徒固長物,物性固難奪,0.8245050938442521
吾徒固長物,自適固其常,0.8114091279012807
吾徒固長物,物理固自然,0.8199165483271
吾徒固長物,吾徒胡爲縱此樂,0.8045139442657415
吾徒固長物,貧賤固其常,0.8134597757425269
吾徒固長物,吾知拙養尊,0.800886817170327
初日照屋山,魚跳日映山,0.8369210214967004
初日照屋山,落日照大旗,0.8314294512494629
初日照屋山,前軒頽反照,0.8115741842142739
初日照屋山,月照白水山,0.8200902859512187
初日照屋山,山迥日初沉,0.8085189603299241
初日照屋山,初日翳復吐,0.8162540595309269
初日照屋山,初月出不高,0.8099621514665435
初日照屋山,鸕鷀西日照,0.8054178140830444
初日照屋山,山頭落日半輪明,0.8343006956854301
初日照屋山,日出寒山外,0.8220897334810693
初日照屋山,日動映江幕,0.8142898139568364
初日照屋山,返照斜初徹,0.8214779759766447
初日照屋山,連山晚照紅,0.8363871904526161
初日照屋山,初看浴日紅,0.8422260996447748
初日照屋山,赤日照耀從西來,0.819927711979733
初日照屋山,落日初霞閃餘映,0.8558406740904768
初日照屋山,白日已偏照,0.84447495975988
初日照屋山,日出黄霧映,0.8083268294757813
初日照屋山,白日照舟師,0.82039872325009
初日照屋山,金鐙下山紅日晚,0.8171676875822573
好鳥哢簷角,好鳥不歸山,0.8084724999490481
好鳥哢簷角,好鳥鳴巖扃,0.8601976853030512
好鳥哢簷角,巢多衆鳥鬭,0.8404795781597985
好鳥哢簷角,柴門鳥雀噪,0.8180370270833356
好鳥哢簷角,鴟鳥鳴黄桑,0.8109106854619783
好鳥哢簷角,啾啾棲鳥過,0.8059858971095544
好鳥哢簷角,黄鳥時兼白鳥飛,0.8273622784138376
好鳥哢簷角,巢邊野雀羣欺燕,0.8225058258846643
好鳥哢簷角,林茂鳥有歸,0.8124123535973418
好鳥哢簷角,鳥雀依茅茨,0.8097516830519649
好鳥哢簷角,叢卑春鳥疑,0.8087116511123723
好鳥哢簷角,好鳥不妄飛,0.8135938562675775
好鳥哢簷角,囀枝黄鳥近,0.8364741985387284
好鳥哢簷角,啅雀争枝墜,0.8010320937011146
好鳥哢簷角,春鳥異方啼,0.8156851952578701
好鳥哢簷角,樓頭燕雀馴,0.8185991137725097
好鳥哢簷角,樹枝有鳥亂鳴時,0.8710239039617824
好鳥哢簷角,鳥雀噪户牖,0.8281447743653652
好鳥哢簷角,隔巢黄鳥並,0.8030791190473769
好鳥哢簷角,日長惟鳥雀,0.8242562425208078
好鳥哢簷角,籬雀暮喧繁,0.8184477931532451
好鳥哢簷角,谷鳥鳴還過,0.8697721642145841
好鳥哢簷角,虚簷交鳥道,0.8128526188757885
好鳥哢簷角,擇木知幽鳥,0.8025890871538071
好鳥哢簷角,惡鳥飛飛啄金屋,0.8225951581865039
好鳥哢簷角,好鳥知人歸,0.8208443384277977
好鳥哢簷角,西來有好鳥,0.8213298879771174
好鳥哢簷角,林茂鳥知歸,0.8002326716959669
好鳥哢簷角,鳥雀聚枝深,0.8234846386555106
好鳥哢簷角,欲棲群鳥亂,0.8225038330903506
好鳥哢簷角,數驚聞雀噪,0.8057528959374438
好鳥哢簷角,山鳥暮過庭,0.8198987129423054
好鳥哢簷角,幽燕唯鳥去,0.8070575135742275
好鳥哢簷角,黄鳥喧嘉音,0.8081549059088158
好鳥哢簷角,彈落似鴞禽,0.8152997647436035
卷簾吏却掃,興移無灑掃,0.8139351246025304
卷簾吏却掃,引客看掃除,0.8160042630512219
卷簾吏却掃,風牀展書卷,0.8160162612522742
卷簾吏却掃,鳥窺新捲簾,0.807721646829679
卷簾吏却掃,門庭悶掃除,0.8332101180282299
齋舍寒蕭索,寂寞書齋裏,0.8026990230765877
齋舍寒蕭索,大樹日蕭蕭,0.8025328734034046
齋舍寒蕭索,馬蕭蕭,0.8174118476261807
齋舍寒蕭索,歸路翻蕭颯,0.8155834696286206
齋舍寒蕭索,秋色正蕭灑,0.8127161051166256
齋舍寒蕭索,蕭蕭北風勁,0.8082184919716091
齋舍寒蕭索,原野轉蕭瑟,0.8047026732847067
齋舍寒蕭索,蕭蕭古塞冷,0.8143712738099431
齋舍寒蕭索,車馬何蕭索,0.8227572061970125
齋舍寒蕭索,瓠葉轉蕭疏,0.8047192514791837
齋舍寒蕭索,蕭摵寒籜聚,0.8174090537454775
齋舍寒蕭索,江永風蕭蕭,0.8068323734943175
齋舍寒蕭索,風色蕭蕭暮,0.8318468786225455
齋舍寒蕭索,涼氣曉蕭蕭,0.8410462664009215
齋舍寒蕭索,所歷終蕭索,0.8238798763773871
齋舍寒蕭索,蕭蕭夜色淒,0.8385702583605911
齋舍寒蕭索,清影日蕭蕭,0.839773750375445
齋舍寒蕭索,蕭蕭掛冷枝,0.8419938537678244
齋舍寒蕭索,歸興日蕭蕭,0.8350651280343054
齋舍寒蕭索,蕭蕭理體淨,0.8153410552520288
齋舍寒蕭索,蕭颯灑秋色,0.8174888023549951
齋舍寒蕭索,蕭疏聽晚蟬,0.8199559533252518
齋舍寒蕭索,無邊落木蕭蕭下,0.8152415470147389
齋舍寒蕭索,於今獨蕭索,0.8406911161771484
齋舍寒蕭索,天雨蕭蕭滯茅屋,0.8198296499557951
齋舍寒蕭索,蕭蕭千里足,0.8035122085148354
呼兒篘春醪,密沽斗酒諧終宴,0.8099556253411295
呼兒篘春醪,香醪懶再沽,0.8063926459781958
呼兒篘春醪,牆頭過濁醪,0.8171138386042912
呼兒篘春醪,勸客駝蹄羹,0.8040617464860866
呼兒篘春醪,呼兒具梨棗,0.8294858025770941
呼兒篘春醪,劉侯歡我攜客來,0.8012354026582146
呼兒篘春醪,置酒張燈促華饌,0.8044252624685277
呼兒篘春醪,驅兒羅酒漿,0.871785103388232
呼兒篘春醪,自從盛酒長兒孫,0.8015094643270826
呼兒篘春醪,爲君酤酒滿眼酤,0.8462372682455475
呼兒篘春醪,邀我嘗春酒,0.8734055566254386
呼兒篘春醪,叫婦開大瓶,0.8081386251098224
呼兒篘春醪,山瓶乳酒下青雲,0.8443109158461947
呼兒篘春醪,主人罷鱠還傾杯,0.8110289163771991
呼兒篘春醪,把臂開樽飲我酒,0.8199468095185292
呼兒篘春醪,洗杓斟新醖,0.8360193893798986
呼兒篘春醪,沽酒攜胡蘆,0.824253295470752
呼兒篘春醪,呼婢取酒壺,0.8884880579539807
呼兒篘春醪,喧呼且覆杯中渌,0.8092932621198927
呼兒篘春醪,呼兒間煮魚,0.8497801047009838
呼兒篘春醪,宴引春壺酒,0.839477359490659
呼兒篘春醪,相迎自醱醅,0.8150600957713705
呼兒篘春醪,從兒具緑樽,0.8511904584746394
呼兒篘春醪,市鬻充杯酒,0.8037924794974285
期與夫子酌,誓將與夫子,0.8327704143922345
期與夫子酌,與君永相望,0.8106219200262128
期與夫子酌,難與數子偕,0.8186671706392987
期與夫子酌,喜得與子長夜語,0.803951334733088
簡書驅我出,尺書前日至,0.8059158881617894
簡書驅我出,三車肯載書,0.8077952207004969
簡書驅我出,從來不奉一行書,0.8208092017906063
簡書驅我出,有使卽寄書,0.8053008938907233
簡書驅我出,來書細作行,0.8023973732504139
簡書驅我出,前後緘書報,0.8099431834505868
簡書驅我出,念我能書數字至,0.8186161927072755
簡書驅我出,意在驅除出金帛,0.8135185823236029
簡書驅我出,肯作致書郵,0.8158742413450623
衝雪凍兩脚,陰崖却承霜雪幹,0.8025478732484006
衝雪凍兩脚,巨顙拆老拳,0.800653308286023
衝雪凍兩脚,安得赤脚踏層冰,0.8241367367881731
衝雪凍兩脚,白馬蹴微雪,0.8255706242750387
衝雪凍兩脚,手脚凍皴皮肉死,0.8035743990206643
衝雪凍兩脚,風急手足寒,0.8022380889253125
衝雪凍兩脚,崩凍嵐陰昈,0.804421525916777
衝雪凍兩脚,霜皮溜雨四十圍,0.8077870054856973
莫行星輝輝,列宿頓輝光,0.8234797740841755
莫行星輝輝,失主錯莫無晶光,0.8157048296934217
莫行星輝輝,前後皆輝光,0.8043911405629951
莫行星輝輝,邊日少光輝,0.8150234333405859
莫行星輝輝,衆星尚争光,0.8337370482775734
莫行星輝輝,玉食失光輝,0.8148792258797145
莫行星輝輝,舟楫有光輝,0.8162802257153845
莫行星輝輝,三軍晦光彩,0.8138383457740488
莫行星輝輝,輝輝星近樓,0.8223911820905372
莫行星輝輝,使者雖光彩,0.8110099780605031
莫行星輝輝,同舍有輝光,0.818437947696615
莫行星輝輝,端拱自光輝,0.8020815793387324
曉起雞喔喔,欲覺聞晨鐘,0.8068797632119994
曉起雞喔喔,羣雞正亂叫,0.816248243960261
曉起雞喔喔,雞鳴問寢龍樓曉,0.8301601343137808
曉起雞喔喔,雞鳴還曙色,0.8308325901841038
青煙過空村,白沙翠竹江村暮,0.8054937695052491
青煙過空村,縣郭輕烟畔,0.8157433569727831
青煙過空村,村烟對浦沙,0.8301324686766981
青煙過空村,烟花山際重,0.8035828356439476
青煙過空村,岸斷更青山,0.8025490048808287
青煙過空村,空村唯見鳥,0.8114522204341273
青煙過空村,暮返空村號,0.8003736186992558
商旅無遠槖,在野無所違,0.8060926959288564
商旅無遠槖,旅茲殊俗遠,0.8400913376547399
商旅無遠槖,逆行雜林藪,0.8001235389532544
豈不欲少留,惜君只欲苦死留,0.8338735220952633
豈不欲少留,誰能久不顧,0.8159333037720102
豈不欲少留,軍動不可留,0.8015271375987216
豈不欲少留,豈無一日還,0.8138190666525389
豈不欲少留,壯健盡不留,0.8307436171277804
豈不欲少留,遊子久不至,0.80254219679007
豈不欲少留,惘然難久留,0.8037613418106742
豈不欲少留,留滯莫辭勞,0.8179474541579309
豈不欲少留,白屋難久留,0.8067828296363225
豈不欲少留,胡爲淹此留,0.8194321623302346
豈不欲少留,遲暮敢失墜,0.8053378567679763
王事苦敦薄,孝理敦國政,0.8036058419007099
王事苦敦薄,後王尚柔遠,0.8042320488063945
平生白眼人,堂上書生空白頭,0.8281166048905086
平生白眼人,生平老耽酒,0.8154479406107895
平生白眼人,人生交契無老少,0.8029008389559963
平生白眼人,平生江海興,0.814750055598742
平生白眼人,平生江海心,0.8214983603264042
平生白眼人,深覺負平生,0.8118017049716895
平生白眼人,人人傷白首,0.8311492410679535
公等何逍遥,率府且逍遥,0.8529442209697344
公等何逍遥,逍遥有能事,0.8369773726349923
睥睨寄講學,諷詠在務屏,0.8008883572364431
談犀振清風,論兵邁古風,0.8000811536885103
談犀振清風,松風肅泠泠,0.8133005179965974
談犀振清風,回風起清曙,0.8033425576409756
談犀振清風,涼飇振南嶽,0.801652238597472
談犀振清風,明公論兵氣益振,0.8010051015358288
棋局落秋雹,棋局動隨幽澗竹,0.8224344556891676
棋局落秋雹,風落收松子,0.820659901773529
棋局落秋雹,秋庭風落果,0.8032213842515655
雲陰愁濛鴻,浮雲暮南征,0.8042705053575565
雲陰愁濛鴻,東山氣濛鴻,0.8415409924408861
雲陰愁濛鴻,鴻飛冥冥日月白,0.8085630343718705
雲陰愁濛鴻,慘澹飛雲汀,0.8011563376424882
山路險犖确,前村山路險,0.8335234405635116
山路險犖确,蹴踏崖谷滑,0.8206822791779722
山路險犖确,艱險路更跼,0.8349428784527588
山路險犖确,賢路不崎嶇,0.8416663730367306
山路險犖确,路失羊腸險,0.8218756274941412
山路險犖确,山稠隘石泉,0.8248449879818971
山路險犖确,山峻路絶蹤,0.8557299016492161
山路險犖确,崖傾路何難,0.8041813362089076
山路險犖确,危途中縈盤,0.8133183548731195
山路險犖确,檻峻背幽谷,0.8048974195068537
山路險犖确,荒險崖谷大,0.8098810566410388
山路險犖确,峽險通舟峻,0.8296885273588714
山路險犖确,石古細路行人稀,0.8110761153375141
山路險犖确,峻岸復萬尋,0.8020496993745546
山路險犖确,幽徑恐多蹊,0.820660899663441
山路險犖确,峰巒窈窕溪谷黑,0.8022596460512822
山路險犖确,艱險如跬步,0.8136582362249316
山路險犖确,未必免崎嶇,0.8017963054425448
山路險犖确,峻趾得嶔崟,0.8264688379444025
慎無告歸軒,慎莫遠奮飛,0.805162106983687
使我數日惡,令我惡懷抱,0.8108605969243204
使我數日惡,日夜令我藏,0.8029227722129582
使我數日惡,更被時俗惡,0.8010498466871212
使我數日惡,數日不可更禁當,0.8369446584106061
使我數日惡,一日兩遣僕,0.8291849976638443
使我數日惡,歲暮日月疾,0.8140704895104768
使我數日惡,歲月不我與,0.8026735259903196
羸驂逆歸心,羸骸將何適,0.8300409438764407
羸驂逆歸心,疲苶苟懷策,0.8004855112629166
旋濘蹶霜濼,絛鏇光堪摘,0.806803871394761
旋濘蹶霜濼,腕促蹄高如踣鐵,0.8167594364858787
旋濘蹶霜濼,暫蹶霜蹄未爲失,0.8209195809594674
旋濘蹶霜濼,陰崖却承霜雪幹,0.8083611189281481
旋濘蹶霜濼,雪嶺防秋急,0.805193700067717
旋濘蹶霜濼,風折旋隨雲,0.8008517868600988
旋濘蹶霜濼,危沙折花當,0.8239168831367021
悲嘶惜鄣泥,未惜馬蹄遥,0.8064057859370424
悲嘶惜鄣泥,泥滑不敢騎朝天,0.8085802090048481
悲嘶惜鄣泥,馬驕朱汗落,0.8083423122982752
悲嘶惜鄣泥,馬嘶思故櫪,0.810633742194832
悲嘶惜鄣泥,駑駘漫深泥,0.8278137390704141
悲嘶惜鄣泥,馬銜青草嘶,0.8111429886983256
悲嘶惜鄣泥,空惜埋泥滓,0.8061698820170011
悲嘶惜鄣泥,青衿胄子困泥塗,0.8045090002540021
悲嘶惜鄣泥,悲鳴駟馬顧,0.8203092602959221
短箠冷難捉,髮短不勝篦,0.8238515043289273
南征喜氣動,遠林暑氣薄,0.8006366982028299
南征喜氣動,邊兵盡東征,0.8030749705766618
南征喜氣動,南陽氣已新,0.8454048607948734
南征喜氣動,神兵動朔方,0.8213665314715674
南征喜氣動,西征海氣寒,0.8629481369330816
南征喜氣動,兵氣回飛鳥,0.8107901279639509
南征喜氣動,喜覺都城動,0.8090884615640221
南征喜氣動,佳氣拂周旋,0.803160436661779
南征喜氣動,軍旅西征僻,0.8078095754140828
南征喜氣動,霸氣西南歇,0.8185695356569204
南征喜氣動,中原氣甚逆,0.8086125385570289
南征喜氣動,朔方氣乃蘇,0.81610478236426
南征喜氣動,將軍臨氣候,0.8211294410180063
南征喜氣動,秋氣動衰顔,0.8162342517800267
南征喜氣動,涼飇振南嶽,0.8037525750194008
南征喜氣動,秋風欻吸吹南國,0.801260062505167
南征喜氣動,北風吹瘴癘,0.8016470899733124
南征喜氣動,殺氣南行動坤軸,0.8429189618809585
南征喜氣動,北風隨爽氣,0.8659187107224827
南征喜氣動,地蒸南風盛,0.8058576194223852
南征喜氣動,氣待北風蘇,0.8264272132988739
南征喜氣動,氣却西戎回北狄,0.8405989647754215
南征喜氣動,北風破南極,0.8184211157129098
南征喜氣動,始壓戎馬氣,0.8253732713172844
迎面蛛絲落,蛛絲仍未收,0.813596701758897
迎面蛛絲落,細動迎風燕,0.8008917057238449
迎面蛛絲落,梳頭滿面絲,0.8335031704944963
迎面蛛絲落,喜見朱絲直,0.8176971515595484
迎面蛛絲落,蛛絲小人態,0.8017277747543161
迎面蛛絲落,蛛絲罥鬢長,0.8296034828615668
買網鱠金橙,鮮鯽銀絲鱠,0.8822759036219733
買網鱠金橙,金魚换酒來,0.8150353942055206
買網鱠金橙,丹砂作尾黄金鱗,0.8016799141401978
買網鱠金橙,鱠飛金盤白雪高,0.8062987520827267
買網鱠金橙,催蓴煮白魚,0.802132499705916
買網鱠金橙,鮮鱠出江中,0.823943821271824
買網鱠金橙,朱橘不論錢,0.8144855866801584
歸償炊黍約,負郭喜稉稻,0.8232918279888671
歸償炊黍約,歸山買薄田,0.8164078750228545
歸償炊黍約,野果充糇糧,0.8026981056799287
歸償炊黍約,新炊間黄粱,0.8116845811484483
歸償炊黍約,猶得備晨炊,0.8140360027068256
歸償炊黍約,稻粱求未足,0.8028128755226042
歸償炊黍約,稻粱須就列,0.8026388694834561
歸償炊黍約,官雞輸稻粱,0.8288690150753231
歸償炊黍約,稻米炊能白,0.8168373969995353
竹雞相呼泥滑滑,蹴踏崖谷滑,0.8002429393089212
竹雞相呼泥滑滑,泥滑不敢騎朝天,0.8244985684796793
夜雨連明溪漲闊,江流宿霧中,0.8016616671228117
夜雨連明溪漲闊,宿雨南江漲,0.8612674785703194
夜雨連明溪漲闊,滄江夜來雨,0.811759605567937
夜雨連明溪漲闊,草碧水連池,0.8059591498524576
夜雨連明溪漲闊,急雨捎溪足,0.8013729984590605
夜雨連明溪漲闊,雨含長江白,0.8106788404317911
夜雨連明溪漲闊,連山雨未開,0.8017468445329421
夜雨連明溪漲闊,碧溪摇艇闊,0.8060069238149017
夜雨連明溪漲闊,野水春來更接連,0.8244907263714614
夜雨連明溪漲闊,湖闊兼雲霧,0.8091611497966268
門前馬作遠行嘶,暮隨肥馬塵,0.8183765456235523
門前馬作遠行嘶,走馬脱轡頭,0.8117784420495999
門前馬作遠行嘶,驊騮開道路,0.8105868227646511
門前馬作遠行嘶,未惜馬蹄遥,0.8010410806509737
門前馬作遠行嘶,去馬來牛不復辨,0.8093806307247053
門前馬作遠行嘶,歸馬散霜蹄,0.8226320403468528
門前馬作遠行嘶,驄馬新鑿蹄,0.8281670969598752
門前馬作遠行嘶,東郊瘦馬使我傷,0.824705776025052
門前馬作遠行嘶,駐馬望千門,0.8077184566205222
門前馬作遠行嘶,送客東郊道,0.8077432203742463
門前馬作遠行嘶,要我下馬行,0.8424670927625468
門前馬作遠行嘶,千門立馬看,0.8142278788595574
門前馬作遠行嘶,馬寒防失道,0.808700537847524
門前馬作遠行嘶,初調見馬鞭,0.8034184308084036
門前馬作遠行嘶,馬嘶思故櫪,0.8312271535513549
門前馬作遠行嘶,我馬向北嘶,0.8390335340903949
門前馬作遠行嘶,驊騮開道路,0.8105868227646511
門前馬作遠行嘶,野橋齊渡馬,0.8146379964214607
門前馬作遠行嘶,有客騎驄馬,0.8082701182620247
門前馬作遠行嘶,倚杖穿花聽馬嘶,0.8183382768702511
門前馬作遠行嘶,馬嘶未敢動,0.8218148524183557
門前馬作遠行嘶,細馬時鳴金騕褭,0.8094926246621721
門前馬作遠行嘶,騎馬行春徑,0.8336824675953429
門前馬作遠行嘶,直愁騎馬滑,0.8098550616242514
門前馬作遠行嘶,樓前出騎馬,0.8344108300937189
門前馬作遠行嘶,馬銜青草嘶,0.8442790957615649
門前馬作遠行嘶,野店山橋送馬蹄,0.8506842176233094
門前馬作遠行嘶,歸來散馬蹄,0.8201852317467395
門前馬作遠行嘶,牛馬行無色,0.8086556476072526
門前馬作遠行嘶,疾禁千里馬,0.8002791678212821
門前馬作遠行嘶,白馬休横行,0.8052631321767403
門前馬作遠行嘶,聞道南行市駿馬,0.8542471675569928
門前馬作遠行嘶,馬援征行在眼前,0.8606188710814997
迺是張侯來訪别,玄都道士來相訪,0.8007602038870623
入門下馬未暖席,走馬脱轡頭,0.8362529045442286
入門下馬未暖席,當軒下馬入錦茵,0.8510689816798425
入門下馬未暖席,平明上馬入金門,0.814681382508158
入門下馬未暖席,出門復入門,0.8135567392457146
入門下馬未暖席,欲别上馬身無力,0.8086512869369062
入門下馬未暖席,要我下馬行,0.8171138203523859
入門下馬未暖席,聖有不煖席,0.8064506213885856
入門下馬未暖席,馬嘶未敢動,0.8092053588603911
入門下馬未暖席,出入並鞍馬,0.8227322978830676
入門下馬未暖席,高馬勿捶面,0.8190744226406376
入門下馬未暖席,不襪不巾踏曉日,0.8007316005714338
入門下馬未暖席,高馬達官厭酒肉,0.8023290364357434
猛如秋鷹欲飛掣,猶能掣巨鼇,0.8052557254858077
猛如秋鷹欲飛掣,筆飛鸞聳立,0.8045261230647408
猛如秋鷹欲飛掣,驚風吹鴻鵠,0.8223734295593212
猛如秋鷹欲飛掣,凌厲不飛翻,0.8119071942598133
猛如秋鷹欲飛掣,鷹隼亦屈猛,0.8432342940289386
猛如秋鷹欲飛掣,鷙鳥舉翮連青雲,0.8074058409087794
猛如秋鷹欲飛掣,飛動摧霹靂,0.8422681267364901
猛如秋鷹欲飛掣,疾風高岡裂,0.8090972584642315
猛如秋鷹欲飛掣,羣胡歸來雪洗箭,0.8019215569878657
猛如秋鷹欲飛掣,盛夏鷹隼擊,0.808391738600571
猛如秋鷹欲飛掣,猛虎立我前,0.8101887004283159
猛如秋鷹欲飛掣,斯須領健鶻,0.8106913756910321
猛如秋鷹欲飛掣,霜鶻不空拳,0.8100732404060371
猛如秋鷹欲飛掣,筆落驚風雨,0.8014368533441592
猛如秋鷹欲飛掣,奮怒向我落,0.8081479718333913
猛如秋鷹欲飛掣,長風中怒號,0.8013255644617019
猛如秋鷹欲飛掣,長風駕高浪,0.8163511727372088
猛如秋鷹欲飛掣,搶佯瞥捩雌隨雄,0.8247996520397185
猛如秋鷹欲飛掣,鷹隼出風塵,0.8074237916596259
猛如秋鷹欲飛掣,用如快鶻風火生,0.8633070942821668
猛如秋鷹欲飛掣,撑突波濤挺叉入,0.802573404975468
猛如秋鷹欲飛掣,力不能高飛逐走蓬,0.825660962713623
猛如秋鷹欲飛掣,猛將腰間大羽箭,0.8375304800996092
猛如秋鷹欲飛掣,洪濤滔天風拔木,0.8333550708409114
猛如秋鷹欲飛掣,前飛秃𪃩後鴻鵠,0.8228177430987946
猛如秋鷹欲飛掣,蒼濤鬱飛翻,0.8197893987986706
猛如秋鷹欲飛掣,呼鷹皂櫪林,0.8109905930270902
猛如秋鷹欲飛掣,身欲奮飛病在牀,0.8268439793767961
猛如秋鷹欲飛掣,獨帆如飛鴻,0.813413417660524
猛如秋鷹欲飛掣,白馬將軍若雷電,0.8044610671099797
猛如秋鷹欲飛掣,歘激懦氣奔,0.804845012415783
猛如秋鷹欲飛掣,猛蛟突獸紛騰逃,0.8198094392806515
猛如秋鷹欲飛掣,翻風轉日木怒號,0.8364546500251393
猛如秋鷹欲飛掣,角鷹倒翻壯士臂,0.8623642062695813
猛如秋鷹欲飛掣,二鷹猛腦絛徐墜,0.8265863087286422
猛如秋鷹欲飛掣,鞲上鋒稜十二翮,0.8038010348550029
猛如秋鷹欲飛掣,亦如角鷹下朔雲,0.8483989417354411
猛如秋鷹欲飛掣,捩翅服蒼鷹,0.8292289590844161
猛如秋鷹欲飛掣,驚風翻河漢,0.8038499138982653
猛如秋鷹欲飛掣,猛風中夜吹白屋,0.8036834442422175
猛如秋鷹欲飛掣,雷霆劈長松,0.8107239500044645
猛如秋鷹欲飛掣,秋鷹整翮當雲霄,0.8299322468015359
猛如秋鷹欲飛掣,常如中風走,0.8044154740677448
猛如秋鷹欲飛掣,散風如飛霜,0.8277581428215204
黄花可浮惜别杯,願吹野水添金杯,0.8021806541544063
黄花可浮惜别杯,誰能載酒開金盞,0.8216007942616379
黄花可浮惜别杯,爛漫倒芳樽,0.8207764927574067
黄花可浮惜别杯,傳杯不放杯,0.8134765572821407
黄花可浮惜别杯,潦倒新亭濁酒杯,0.8161962325046124
官沽苦酸不堪設,縣官急索租,0.8212192456368015
官沽苦酸不堪設,乃知貧賤别更苦,0.8296809714469509
官沽苦酸不堪設,但道困苦乞爲奴,0.8057211995130684
官沽苦酸不堪設,街頭酒價常苦貴,0.8341235178709954
官沽苦酸不堪設,姜侯設鱠當嚴冬,0.8111646966896814
官沽苦酸不堪設,不辭辛苦行,0.8026119944965093
官沽苦酸不堪設,不嫌野外無供給,0.8156756102407541
官沽苦酸不堪設,肥肉大酒徒相要,0.8297752632885274
官沽苦酸不堪設,何當官曹清,0.8065238680369673
官沽苦酸不堪設,兵久食恐貧,0.8072262264567247
官沽苦酸不堪設,賣薪得錢應供給,0.8048331800777782
官沽苦酸不堪設,難拒供給費,0.8027307162192031
官沽苦酸不堪設,官免供給費,0.829336230836547
官沽苦酸不堪設,不敢恨庖厨,0.8060706185698603
官沽苦酸不堪設,不爾苦寒何太酷,0.8293036445812754
官沽苦酸不堪設,鬻市輸官曹,0.8233266199180731
官沽苦酸不堪設,客子庖厨薄,0.8027829275839491
官沽苦酸不堪設,長大常苦饑,0.8111213977311935
官沽苦酸不堪設,入舟雖苦熱,0.806773189285863
張侯少年氣高秀,李侯金閨彦,0.8350471930810592
張侯少年氣高秀,李侯有佳句,0.8356126493493243
張侯少年氣高秀,宗之蕭灑美少年,0.8317895888685767
張侯少年氣高秀,王國稱多士,0.8146321102099882
張侯少年氣高秀,鄭氏才振古,0.8102868034882266
張侯少年氣高秀,是何意態雄且傑,0.8268969092437743
張侯少年氣高秀,君門羽林萬猛士,0.8014059503799273
張侯少年氣高秀,長安少年氣欲盡,0.8156572982169041
張侯少年氣高秀,魏侯骨聳精爽緊,0.8118854424300614
張侯少年氣高秀,漁陽豪俠地,0.8133167131446224
張侯少年氣高秀,愛客滿堂盡豪傑,0.8166363585991123
張侯少年氣高秀,令姪才俊茂,0.8207315686073833
張侯少年氣高秀,丈人才力猶强健,0.813697558643951
張侯少年氣高秀,才大今詩伯,0.8015965787093338
張侯少年氣高秀,二三豪俊爲時出,0.8157250611228568
張侯少年氣高秀,如公盡雄俊,0.8785982008944481
張侯少年氣高秀,當代論才子,0.8008143585409122
張侯少年氣高秀,尚愛卓文君,0.8020359950176336
張侯少年氣高秀,君不見徐卿二子生絶奇,0.8279324710299023
張侯少年氣高秀,梓中豪俊大者誰,0.80543588979498
張侯少年氣高秀,郭薛俱才賢,0.8393801665440397
張侯少年氣高秀,憶爾才名叔,0.802611027683622
張侯少年氣高秀,雄都元壯麗,0.8185102775574383
張侯少年氣高秀,豪俊何人在,0.8168428241827801
張侯少年氣高秀,平公今詩伯,0.818593121925101
張侯少年氣高秀,臺郎選才俊,0.8354670942924786
張侯少年氣高秀,若道士無英俊才,0.8145876031892987
張侯少年氣高秀,俊才得之子,0.8389665883570145
張侯少年氣高秀,丈夫多英雄,0.8391634053925876
張侯少年氣高秀,豪俊貴勳業,0.8133409312483949
張侯少年氣高秀,二州豪俠場,0.8119127417180262
張侯少年氣高秀,相如才調逸,0.8084697114296472
張侯少年氣高秀,五陵豪貴反顛倒,0.8003192175826563
張侯少年氣高秀,吾憐滎陽秀,0.8103516094315187
張侯少年氣高秀,昔有佳人公孫氏,0.8064518235737388
張侯少年氣高秀,子建文章壯,0.8028277423469072
張侯少年氣高秀,吾賢富才術,0.8091998051580863
張侯少年氣高秀,才士得神秀,0.8522154774111544
張侯少年氣高秀,顔氏之子才孤標,0.8372466069202145
張侯少年氣高秀,俊傑思自致,0.8231018545275244
張侯少年氣高秀,少小愛文詞,0.8108836057234925
張侯少年氣高秀,曹公屈壯圖,0.8260662838003712
張侯少年氣高秀,彭城英雄種,0.8046594104751001
張侯少年氣高秀,之子俊才稀,0.8239633125333712
張侯少年氣高秀,宜與英俊厚,0.8022052987285261
張侯少年氣高秀,宗英李端公,0.8169274604788445
太華孤峰帶冰雪,東嶽雲峯起,0.8062334684967056
太華孤峰帶冰雪,華嶽峯尖見秋隼,0.8459070768471528
太華孤峰帶冰雪,巉絶華嶽赤,0.8192052518330472
太華孤峰帶冰雪,孤峰石戴驛,0.832038655824719
太華孤峰帶冰雪,玉山高並兩峯寒,0.8818394888885737
太華孤峰帶冰雪,練練峰上雪,0.8034122278282696
太華孤峰帶冰雪,窗含西嶺千秋雪,0.8086736510180328
太華孤峰帶冰雪,月出寒通雪山白,0.8056161099958956
太華孤峰帶冰雪,翠華擁吳岳,0.808746512238611
太華孤峰帶冰雪,高峰寒上日,0.8198159353672236
袖中日日有新詩,新詩日又多,0.8521929237910093
袖中日日有新詩,題詩得秀句,0.801296984734838
袖中日日有新詩,新詩句句好,0.8244997080060608
袖中日日有新詩,我有新詩何處吟,0.818821757422791
袖中日日有新詩,到日自題詩,0.8220564204954196
袖中日日有新詩,篋中有舊筆,0.8142227680325225
袖中日日有新詩,清詩句句盡堪傳,0.8071611038880956
袖中日日有新詩,新詩改罷自長吟,0.806589031110349
正與秋蟲同一律,味苦夏蟲避,0.8024767097954711
吏曹不能弄以事,小兒强解事,0.8003495006802501
吏曹不能弄以事,罷官亦由人,0.8014554669383085
吏曹不能弄以事,能事不受相促迫,0.825057395265246
吏曹不能弄以事,能詩何水曹,0.8219437622829291
吏曹不能弄以事,勸耕自官曹,0.8147786401020407
吏曹不能弄以事,難拒供給費,0.8211741796161489
吏曹不能弄以事,吾孫騎曹不記馬,0.8007515195782441
吏曹不能弄以事,園吏未足怪,0.805530066029484
吏曹不能弄以事,在汝更用文章爲,0.8163794911906449
吏曹不能弄以事,詩家筆勢君不嫌,0.809048784961639
太尉家兒盡英悊,王國稱多士,0.8195159132724559
太尉家兒盡英悊,王有虎臣司苑門,0.8032721528203137
太尉家兒盡英悊,郭薛俱才賢,0.8088803742133348
窮愁寂寞雙鳧縣,寂寞向山河,0.8282300260425606
窮愁寂寞雙鳧縣,故人何寂寞,0.8008451234900659
窮愁寂寞雙鳧縣,索居尤寂寞,0.8301310414000418
窮愁寂寞雙鳧縣,寂寞壯心驚,0.8010584596921921
窮愁寂寞雙鳧縣,寂寞春山路,0.8078899437388016
窮愁寂寞雙鳧縣,真龍竟寂寞,0.8003748646961983
窮愁寂寞雙鳧縣,寂寞雲臺仗,0.8101157064024123
窮愁寂寞雙鳧縣,魚龍寂寞秋江冷,0.8313117187671666
窮愁寂寞雙鳧縣,寂寞驪山道,0.8189968848203049
窮愁寂寞雙鳧縣,岑寂雙柑樹,0.8129006921080526
窮愁寂寞雙鳧縣,遠遊雖寂寞,0.8069786629095612
窮愁寂寞雙鳧縣,寂寂繫舟雙下淚,0.8229214190179629
唯子可輸肝膽説,至今猶破膽,0.8305423312990692
唯子可輸肝膽説,我能剖心血,0.8046789143488107
唯子可輸肝膽説,猛將宜嘗膽,0.8126456717322497
唯子可輸肝膽説,皆是王忠勤,0.803467314122303
唯子可輸肝膽説,卽事須嘗膽,0.8373303046521672
唯子可輸肝膽説,可憐忠與孝,0.8150632348177798
唯子可輸肝膽説,努力輸肝膽,0.8486623666075956
唯子可輸肝膽説,上貴見肝膽,0.8150254419309388
遊君宫室如芝蘭,豈思昔日居深宫,0.8037879547873557
遊君宫室如芝蘭,勝食齋房芝,0.8180181134983322
於我弟兄比瓜葛,憐君如弟兄,0.8710093240182614
於我弟兄比瓜葛,岑參兄弟皆好奇,0.800196203281175
於我弟兄比瓜葛,吾舅政如此,0.8165154370503594
於我弟兄比瓜葛,喪亂聞吾弟,0.8120637412831263
於我弟兄比瓜葛,兄弟遭殺戮,0.8222927971539239
於我弟兄比瓜葛,弟子貧原憲,0.8228658938286476
於我弟兄比瓜葛,有弟有弟在遠方,0.8230497841657305
於我弟兄比瓜葛,故鄉有弟妹,0.8165800444899958
於我弟兄比瓜葛,中原有兄弟,0.8314752361687111
於我弟兄比瓜葛,我已無家尋弟妹,0.8117995208781602
於我弟兄比瓜葛,不是無兄弟,0.8128712385968864
於我弟兄比瓜葛,兄弟分離苦,0.8035828693715956
於我弟兄比瓜葛,賢者是兄愚者弟,0.8279664744169073
於我弟兄比瓜葛,吾兄吾兄巢許倫,0.8795447191319132
於我弟兄比瓜葛,孟氏好兄弟,0.8498005839933609
於我弟兄比瓜葛,吾宗老孫子,0.825211277893826
於我弟兄比瓜葛,梁公曾孫我姨弟,0.8343394043395842
於我弟兄比瓜葛,今者兄弟一百人,0.8237593366250175
於我弟兄比瓜葛,弟子四五人,0.8286089234237
於我弟兄比瓜葛,實維親弟昆,0.8520407764983835
於我弟兄比瓜葛,介立實吾弟,0.8441606344065691
於我弟兄比瓜葛,人才覺弟優,0.8270275989859623
相親更覺相去難,之子時相見,0.8010212938054475
相親更覺相去難,暫别終回首,0.8002224908000906
相親更覺相去難,暫時相賞莫相違,0.8513816473306822
相親更覺相去難,已知仙客意相親,0.8149491355455546
相親更覺相去難,親友相追攀,0.8137949608204279
相親更覺相去難,行子隔手不相見,0.8407520196974648
相親更覺相去難,相逢苦覺人情好,0.8347859520072877
相親更覺相去難,人生不相見,0.811343225940378
相親更覺相去難,相逢恐恨過,0.8216180424323534
相親更覺相去難,須汝故相攜,0.8090093368651077
相親更覺相去難,相遇益愁辛,0.8083730763203393
相親更覺相去難,生别展轉不相見,0.8313754043568516
相親更覺相去難,相親相近水中鷗,0.8464345098146706
相親更覺相去難,相過人不知,0.8422874611472533
相親更覺相去難,天涯喜相見,0.8159846288069531
相親更覺相去難,相遇卽諸昆,0.8157341284777369
相親更覺相去難,故人相見未從容,0.8410771811489468
相親更覺相去難,事業闇相親,0.8040157722486942
相親更覺相去難,定知相見日,0.815300280881373
相親更覺相去難,不在相逢早,0.8124475842894571
相親更覺相去難,此别惜相從,0.8341649705559766
相親更覺相去難,萬里相逢貪握手,0.8049994449405836
相親更覺相去難,却向青溪不相見,0.819960205407021
相親更覺相去難,戎馬相逢更何日,0.8064909419366695
相親更覺相去難,歸朝不相見,0.8043301598193304
相親更覺相去難,此别淚相望,0.812292855997619
相親更覺相去難,相逢故國人,0.8134872286862357
相親更覺相去難,相去四五里,0.8054243547118383
相親更覺相去難,離别重相逢,0.8339750369061429
相親更覺相去難,父子莫相離,0.8100829627699694
相親更覺相去難,天涯風俗自相親,0.8254867273797956
相親更覺相去難,相過問兩京,0.8010568265032125
相親更覺相去難,相見幾回新,0.8171768247999271
相親更覺相去難,白首不相棄,0.8095529749352535
相親更覺相去難,會合苦不久,0.8018243802730816
相親更覺相去難,人世悲歡暫相遣,0.8214923367564849
挽斷衫袖不忍訣,不忍便永訣,0.8156883445164697
挽斷衫袖不忍訣,短衣數挽不掩脛,0.8352547581385681
緬懷君家方盛時,此邦承平日,0.8037914033350182
緬懷君家方盛時,惟昔武皇后,0.8230161964102691
緬懷君家方盛時,憶昔先皇巡朔方,0.8090224463295943
緬懷君家方盛時,憶昔開元全盛日,0.8315589796092022
緬懷君家方盛時,近時馮紹正,0.8166629078713538
緬懷君家方盛時,漢道盛於斯,0.8202776289310895
緬懷君家方盛時,忽憶兩京全盛時,0.8126595775414456
緬懷君家方盛時,吾聞聰明主,0.8011029801307367
緬懷君家方盛時,致君唐虞際,0.8251835987349719
緬懷君家方盛時,素聞趙公節,0.8335681579301046
緬懷君家方盛時,我衰太平時,0.8065895420893683
緬懷君家方盛時,未及貞觀時,0.803854752468771
緬懷君家方盛時,恭聞魏夫人,0.8184273063403236
緬懷君家方盛時,爾祖未顯時,0.8001395265034037
北使初隨富亳州,春城赴上都,0.8286469712974269
北使初隨富亳州,胡騎潛京縣,0.8313762686296162
北使初隨富亳州,近侍歸京邑,0.8020962313544948
北使初隨富亳州,西使宜天馬,0.8065432505753541
北使初隨富亳州,台州信始傳,0.8018232799065337
北使初隨富亳州,幾時通薊北,0.8103247947392617
北使初隨富亳州,遂州城中漢節在,0.8207798582849891
北使初隨富亳州,近屬淮王至,0.8139061894512566
北使初隨富亳州,巴西勅使稀,0.8373544962739407
北使初隨富亳州,王城通北辰,0.8319850675352785
北使初隨富亳州,共迎中使望鄉臺,0.8078995509918983
北使初隨富亳州,初興薊北師,0.8124803309058315
北使初隨富亳州,北部初高選,0.821985209562006
北使初隨富亳州,遷轉五州防禦使,0.8598942052737562
北使初隨富亳州,河北將軍盡入朝,0.8059501477518771
北使初隨富亳州,北驅漢陽傳,0.8264247231828832
北使初隨富亳州,俱爲蜀使臣,0.8067025826689154
北使初隨富亳州,中原戎馬盛,0.8011626782563712
萬死弗顧探虎穴,南尋禹穴見李白,0.81298660659141
萬死弗顧探虎穴,仰穿龍蛇窟,0.8348313008298426
萬死弗顧探虎穴,但自求其穴,0.8018176035466916
萬死弗顧探虎穴,恐泥竄蛟龍,0.8094512437641072
萬死弗顧探虎穴,不有萬穴歸,0.8496118670546546
萬死弗顧探虎穴,龍怒拔老湫,0.8043734144111198
萬死弗顧探虎穴,野鼠拱亂穴,0.8243519792482149
萬死弗顧探虎穴,欲出畏虎狼,0.8275822790314954
萬死弗顧探虎穴,朽骨穴螻蟻,0.804822111898321
萬死弗顧探虎穴,萬古仇池穴,0.8074471207216622
萬死弗顧探虎穴,徘徊虎穴上,0.8119495769401268
萬死弗顧探虎穴,魑魅嘯有風,0.8020463799914694
萬死弗顧探虎穴,虎豹號我西,0.8089323118761778
萬死弗顧探虎穴,死鹿力所窮,0.8290452495456302
萬死弗顧探虎穴,白摧朽骨龍虎死,0.8175099500906607
萬死弗顧探虎穴,百馬死山谷,0.8058896370364884
萬死弗顧探虎穴,斬木火井窮猿呼,0.819218281310293
萬死弗顧探虎穴,日暮蛟龍改窟穴,0.8312413383908985
萬死弗顧探虎穴,蛟龍無定窟,0.8089323034250491
萬死弗顧探虎穴,前有毒蛇後猛虎,0.8181310973847337
萬死弗顧探虎穴,風塵澒洞兮豺虎咬人,0.8106732094373414
萬死弗顧探虎穴,畏虎不得語,0.8199762944229024
萬死弗顧探虎穴,膽銷豺虎窟,0.8097059173611018
萬死弗顧探虎穴,虎穴連里閭,0.8042319908442331
萬死弗顧探虎穴,何年滅豺虎,0.8034012365147065
萬死弗顧探虎穴,龍蛇不成蟄,0.81475838282817
萬死弗顧探虎穴,熊羆欲蟄龍蛇深,0.8270550987179168
萬死弗顧探虎穴,虎狼窺中原,0.8115318651574799
