황정견,두보,코사인 유사도
洗耳瀑布源,雲門吼瀑泉,0.8364776424939566
洗耳瀑布源,詞源倒流三峽水,0.801789344454289
洗耳瀑布源,觀水百丈湫,0.8021216619557998
洗耳瀑布源,及觀泉源漲,0.8195783159565997
洗耳瀑布源,出山泉水濁,0.812216086673913
洗耳瀑布源,耳激洞門飇,0.8149596425952357
洗耳瀑布源,洗藥浣花溪,0.8050447773627651
洗耳瀑布源,淚下如迸泉,0.8283735404156105
洗耳瀑布源,潺潺石間溜,0.8066876731143422
洗耳瀑布源,通竹溜涓涓,0.8028613999725633
洗耳瀑布源,泉源泠泠雜猿狖,0.8144161342691061
洗耳瀑布源,奔泉濺水珠,0.802858174973152
霧豹藏文章,司空握豹韜,0.8302872496271306
霧豹藏文章,閉藏修鱗蟄,0.8042401882228088
霧豹藏文章,再聞虎豹鬭,0.8047780326079503
霧豹藏文章,玄成負文彩,0.8217078814527033
霧豹藏文章,隱豹深愁雨,0.8125679030418773
霧豹藏文章,龍蛇不成蟄,0.8227216879444548
霧豹藏文章,熊羆欲蟄龍蛇深,0.8263015076470241
衆人初易之,衆人貴苟得,0.8369641073059908
衆人初易之,人實不易知,0.8336227536021921
衆人初易之,所須亦易求,0.8021556652897233
衆人初易之,人生亦有初,0.8033412502016766
衆人初易之,世人皆欲殺,0.8142963074315892
衆人初易之,新者亦易求,0.8102188414807137
衆人初易之,夫人先卽世,0.8083948916657373
衆人初易之,乃知正人意,0.8077281228012878
衆人初易之,古時喪亂皆可知,0.8089838738413491
久遠乃見難,心緒亂已久,0.8006165370174696
久遠乃見難,君不見才士汲引難,0.8009012338661174
久遠乃見難,妻子隔絶久,0.8066695607608476
久遠乃見難,問我久遠行,0.8320319537345701
久遠乃見難,君行雖不遠,0.8048635158284927
久遠乃見難,遠去終轉迷,0.8084955913884961
久遠乃見難,遠近理亦齊,0.8006560486673635
久遠乃見難,路遠不可測,0.8235536692641816
久遠乃見難,遊子久不至,0.811884340901873
久遠乃見難,苦道來不易,0.8106194347501038
久遠乃見難,見我故人遇,0.80791274864075
久遠乃見難,致此自僻遠,0.8168457889962678
久遠乃見難,行邁心多違,0.8016461347203885
久遠乃見難,不畏道途遠,0.8104991450625787
久遠乃見難,乃知久行客,0.8316439455396885
久遠乃見難,古人日已遠,0.8250353889914129
久遠乃見難,使蜀見知己,0.8068203405437004
久遠乃見難,久客慎所觸,0.8242595229243812
久遠乃見難,路遠思恐泥,0.8107037244741393
久遠乃見難,斯人不重見,0.80237790722716
久遠乃見難,致遠宜恐泥,0.8004502821250907
久遠乃見難,會合苦不久,0.8277563268548063
憶昔子政在,甫昔少年日,0.8276017083895097
憶昔子政在,公子過我遊,0.8020155892017946
憶昔子政在,憶昨狼狽初,0.8019879705734482
憶昔子政在,憶昔避賊初,0.8476914209457529
憶昔子政在,況我與子非壯年,0.816451513824435
憶昔子政在,昔在洛陽時,0.8204279311446312
憶昔子政在,昔别君未婚,0.808323216800359
憶昔子政在,憶昔少壯日,0.8684738654219846
憶昔子政在,昔者龐德公,0.8302089396269039
憶昔子政在,未敢思宿昔,0.8007670221647215
憶昔子政在,惟昔武皇后,0.8467127148424043
憶昔子政在,君不見昔日蜀天子,0.8234157096190602
憶昔子政在,憶昔南海使,0.8352514906242582
憶昔子政在,憶爾才名叔,0.8080237285996916
憶昔子政在,今我送舅氏,0.8030783530037977
憶昔子政在,憶昔先皇巡朔方,0.8130975592856131
憶昔子政在,願見北地傅介子,0.8082896860893871
憶昔子政在,念子善師事,0.813273556891539
憶昔子政在,憶昨離少城,0.8215990627395541
憶昔子政在,憶昔驪山宫,0.8298390904441023
憶昔子政在,昔在童子日,0.8647269575720511
憶昔子政在,憶昔李公存,0.899107404039663
憶昔子政在,伊昔臨淄亭,0.8080899658493907
憶昔子政在,昔我遊宋中,0.8497215787537438
憶昔子政在,憶昔村野人,0.8094539384496653
憶昔子政在,我今遠遊子,0.8396657549930063
憶昔子政在,昔我遊山東,0.8047008645939511
憶昔子政在,梁公曾孫我姨弟,0.8104449765650008
憶昔子政在,狄公執政在末年,0.8388165225175308
憶昔子政在,昔有佳人公孫氏,0.8019732991292531
憶昔子政在,憶昔初見時,0.8615021265508012
憶昔子政在,肅宗昔在靈武城,0.8099858590333908
憶昔子政在,恭聞魏夫人,0.8033267729491071
憶昔子政在,蘇氏今有之,0.8053979833327329
憶昔子政在,憶子初尉永嘉去,0.8139309766897547
憶昔子政在,昔在嚴公幕,0.835117908405139
憶昔子政在,昨見狄相孫,0.8070279856938238
爲翁數解顔,顔狀老翁爲,0.8348678328274308
爲翁數解顔,獨與老翁别,0.8096840242827947
爲翁數解顔,老妻覩我顔色同,0.8125259152503101
爲翁數解顔,請公一來開我愁,0.8078637279916697
爲翁數解顔,别顔始一伸,0.8025422825217148
爲翁數解顔,朋知來問腆我顔,0.8148778482368979
爲翁數解顔,汝門請從曾翁説,0.8058143760634727
爲翁數解顔,若訪衰翁語,0.8005065904108162
五兵森武庫,何當甲兵休,0.8271673725060233
五兵森武庫,兵法五十家,0.8266436588140378
五兵森武庫,將軍專策略,0.8092566533477139
五兵森武庫,神兵動朔方,0.8412405210664738
五兵森武庫,官軍擁賊壕,0.8079611129563748
五兵森武庫,前軍蘇武節,0.8381943485708512
五兵森武庫,雜虜横戈數,0.8351323355457468
五兵森武庫,蘇武看羊陷賊庭,0.8014445606220996
五兵森武庫,奇兵不在衆,0.8068819934042222
五兵森武庫,貔虎開金甲,0.8041067462964342
五兵森武庫,兵戈動接連,0.8207550619436275
五兵森武庫,兵戈與人事,0.8044792543702002
五兵森武庫,妙略擁兵機,0.8621217111879709
五兵森武庫,羌兵助鎧鋋,0.8398321422466732
五兵森武庫,元戎决勝威,0.8032568999929732
五兵森武庫,甲兵分聖旨,0.8112084505286726
五兵森武庫,邊隅還用兵,0.8102424849144493
五兵森武庫,大角纏兵氣,0.8413523858915816
五兵森武庫,訓練强兵動鬼神,0.8104984802904056
五兵森武庫,列國兵戈暗,0.8599804832260531
五兵森武庫,氣豪直阻兵,0.8011866068387817
五兵森武庫,玉帳分弓射虜營,0.8107295816234668
五兵森武庫,漢將仍横戈,0.8346619588514269
五兵森武庫,殿前兵馬雖驍雄,0.8093274787298549
五兵森武庫,兵戈猶擁蜀,0.8369444977871767
五兵森武庫,請先偃甲兵,0.8272742040925977
五兵森武庫,兵流指諸掌,0.8128412346935698
五兵森武庫,胡兵更陸梁,0.805821074312181
五兵森武庫,勢藉兵須用,0.8095870675639287
五兵森武庫,兵戈闇兩觀,0.8207444166042499
五兵森武庫,兵張虎豹符,0.8277916026790675
五兵森武庫,擁兵相學干戈鋭,0.8575302952041466
五兵森武庫,豈惟偃甲兵,0.8361253678844964
五兵森武庫,犬戎鎖甲圍丹極,0.804866160777474
五兵森武庫,兵戈滿邊徼,0.801248769020651
五兵森武庫,一劍總兵符,0.8123801698682921
五兵森武庫,明公論兵氣益振,0.8232367491300843
河漢落舌端,但恐天河落,0.8117526836260975
王陽已富貴,尚覺王孫貴,0.821038246095851
王陽已富貴,韋生富春秋,0.8199150200586317
王陽已富貴,爲問淮南米貴賤,0.8116864286268013
王陽已富貴,榮華貴少壯,0.8150787125066026
王陽已富貴,五陵豪貴反顛倒,0.822687340764408
王陽已富貴,一生富貴傾邦國,0.8063004984169546
王陽已富貴,富貴當如此,0.8125356350154789
王陽已富貴,河陽實少年,0.8031604257862168
王陽已富貴,梁公富貴於身疏,0.8282231336739427
塵冠不肯彈,忍爲塵埃没,0.8063204399348521
塵冠不肯彈,何須不著鵕䴊冠,0.8111238204946714
塵冠不肯彈,風塵終不解,0.8259924701609319
呻吟刊十史,誦詩渾遊衍,0.8120509218588543
呻吟刊十史,十五富文史,0.8136662765431544
呻吟刊十史,嚴詩賦幾篇,0.8206823868405649
呻吟刊十史,數篇吟可老,0.8300429503419067
呻吟刊十史,續兒誦文選,0.8068248170442951
呻吟刊十史,示我百篇文,0.8157691922922631
呻吟刊十史,青史字不泯,0.8099842783214746
呻吟刊十史,謝朓每篇堪諷誦,0.8148350113489875
呻吟刊十史,朗詠六公篇,0.8144503524799569
呻吟刊十史,數篇今見古人詩,0.8021762045940579
呻吟刊十史,作詩呻吟内,0.8419748651744814
呻吟刊十史,嘗讀唐實録,0.8051699789282232
呻吟刊十史,篋書積諷諫,0.810903601165044
宰木忽拱把,古木巃嵸枝相樛,0.8175021478262422
宰木忽拱把,遠岸富喬木,0.8109543567811781
宰木忽拱把,喬木上參天,0.8089250814947357
宰木忽拱把,葱青衆木梢,0.8223463723550739
相望風隧寒,飢寒永相望,0.8655324457620293
相望風隧寒,關山空自寒,0.8161368397529565
相望風隧寒,萬里遥相望,0.8088927651133136
相望風隧寒,五月寒風冷佛骨,0.8023454938500671
相望風隧寒,故國悲寒望,0.8136665389387534
百楹書萬卷,讀書破萬卷,0.8919405599465975
百楹書萬卷,牀上書連屋,0.8142684838456571
百楹書萬卷,詩書遂牆壁,0.8004741987741693
百楹書萬卷,傍架齊書帙,0.821430655769908
百楹書萬卷,老妻書數紙,0.8060915605063443
百楹書萬卷,但見書畫傳,0.8075397717693005
百楹書萬卷,身外滿牀書,0.8027336139757741
百楹書萬卷,風牀展書卷,0.8289961602779525
百楹書萬卷,閲書百氏盡,0.8644620504285251
百楹書萬卷,前後百卷文,0.8218230877478256
百楹書萬卷,經書滿腹中,0.8488136487942979
百楹書萬卷,群書一萬卷,0.9127470264266895
百楹書萬卷,群書萬卷常暗誦,0.9059065280071533
百楹書萬卷,年少今開萬卷餘,0.8539146115581271
百楹書萬卷,攤書解滿牀,0.8134801153629517
少子似翁賢,憐君如弟兄,0.8272086782325788
少子似翁賢,學詩猶孺子,0.8062640702823431
少子似翁賢,諸翁乃仙伯,0.8312402915993246
少子似翁賢,近聞韋氏妹,0.819065191707839
少子似翁賢,子雖軀幹小,0.8010243907675281
少子似翁賢,令姪才俊茂,0.8031228926058409
少子似翁賢,李舟名父子,0.8065971124486464
少子似翁賢,況我與子非壯年,0.8148721237934257
少子似翁賢,夫子嵇阮流,0.8112833452075285
少子似翁賢,昔者龐德公,0.8053169469556354
少子似翁賢,有子賢與愚,0.8606538351537318
少子似翁賢,與子成二老,0.8000017707816922
少子似翁賢,小兒成老翁,0.8195853415805576
少子似翁賢,諸孫賢至今,0.8035539341980038
少子似翁賢,郭薛俱才賢,0.8468071080437339
少子似翁賢,憶爾才名叔,0.8157443895977119
少子似翁賢,弟子韓幹早入室,0.8015364205497675
少子似翁賢,賢者是兄愚者弟,0.8426919614182465
少子似翁賢,平公今詩伯,0.8073604564365897
少子似翁賢,俊才得之子,0.8213181711352342
少子似翁賢,王今叔父尊,0.8026032142044517
少子似翁賢,諸葛蜀人愛,0.8016369052479593
少子似翁賢,伯仲之間見伊吕,0.8062858388717284
少子似翁賢,少壯欺老翁,0.848464807362121
少子似翁賢,聞子心甚壯,0.8012447814427021
少子似翁賢,孟氏好兄弟,0.8208342698539506
少子似翁賢,吾宗老孫子,0.8525467665423321
少子似翁賢,梁公曾孫我姨弟,0.8797211511481176
少子似翁賢,比看伯叔四十人,0.8129711697323494
少子似翁賢,弟子四五人,0.8296866187062063
少子似翁賢,昔有佳人公孫氏,0.8365866086497339
少子似翁賢,叔父朱門貴,0.8100935214285465
少子似翁賢,吾賢富才術,0.8043261419763947
少子似翁賢,顔氏之子才孤標,0.8332459654288015
少子似翁賢,少小愛文詞,0.804684716956953
少子似翁賢,恭聞魏夫人,0.8022305346936798
少子似翁賢,人才覺弟優,0.8214853874868562
少子似翁賢,之子俊才稀,0.8405241655160022
少子似翁賢,鄭公四葉孫,0.8258786194828888
少子似翁賢,世賢張子房,0.8338281093201927
一粒粟中藏世界,未試囊中餐玉法,0.8052155869355384
一粒粟中藏世界,人藏紅粟盈,0.8237837997333117
使君從南來,客從南縣來,0.8629208855326805
使君從南來,我經華原來,0.8175694474445223
使君從南來,天子從北來,0.8844599979364773
使君從南來,客從何鄉來,0.8417089856208149
使君從南來,憶昔南海使,0.8135359821890237
使君從南來,歸朝送使節,0.8173776209165042
使君從南來,使君雙皂蓋,0.8028252286005901
使君從南來,鳳凰從東來,0.8390746473141728
使君從南來,云自陝城來,0.8092238212818901
使君從南來,使君騎紫馬,0.8105972030055302
使君從南來,捧擁從西來,0.8531204158765004
使君從南來,我來入蜀門,0.8029893513281054
使君從南來,大官喜我來,0.8069419250900371
使君從南來,東來千里客,0.8104919185801698
使君從南來,客從西北來,0.8864965157717892
使君從南來,今年思我來嘉州,0.8188038806888831
使君從南來,使者來相因,0.8077723147022828
使君從南來,西江使船至,0.8177280165191936
使君從南來,南歸自廣州,0.8057295245506035
使君從南來,使塵來驛道,0.8011540412972802
使君從南來,客從南溟來,0.883831290189254
使君從南來,白馬東北來,0.8440424897240855
清風明月不用一錢買,恰有三百青銅錢,0.813394523093111
清風明月不用一錢買,豈聞一絹直萬錢,0.8086945943320425
清風明月不用一錢買,風月自清夜,0.802790217892643
鸕鷀杓,鸕鷀窺淺井,0.8697938768427804
鸕鷀杓,鸕鷀西日照,0.8294461211077124
鸕鷀杓,鸕鷀鸂鶒莫漫喜,0.8551764162453513
鸚鵡杯,鸚鵡啄金桃,0.8627702226698156
鸚鵡杯,隴俗輕鸚鵡,0.8187466032216013
鸚鵡杯,莫倚善題鸚鵡賦,0.8276625610407566
鸚鵡杯,鸚鵡含愁思,0.8383920993325867
鸚鵡杯,醉客霑鸚鵡,0.8343872125642937
一杯一杯復一杯,何時一樽酒,0.8272478436949969
一杯一杯復一杯,百罰深杯辭不辭,0.8058413972748671
一杯一杯復一杯,緑樽須盡日,0.8130392307434431
一杯一杯復一杯,百壺且試開懷抱,0.8051921951281529
一杯一杯復一杯,何知共酒杯,0.8184472662754549
一杯一杯復一杯,一舉累十觴,0.8591929805258454
一杯一杯復一杯,平生一杯酒,0.8389264182664712
一杯一杯復一杯,隔籬呼取盡餘杯,0.8007712773602635
一杯一杯復一杯,對酒滿壺頻,0.8111551178922638
一杯一杯復一杯,一酌散千愁,0.8107506961634092
一杯一杯復一杯,飄零酒一杯,0.8142371733248908
一杯一杯復一杯,把臂開樽飲我酒,0.8438710875124029
一杯一杯復一杯,老去一杯足,0.8321547172559605
一杯一杯復一杯,長日容杯酒,0.8352676505236407
一杯一杯復一杯,把酒宜深酌,0.8115030087204048
一杯一杯復一杯,纔傾一盞卽醺人,0.8139794573885608
一杯一杯復一杯,他日一杯難强進,0.8009377378712538
一杯一杯復一杯,喧呼且覆杯中渌,0.8064195279469741
一杯一杯復一杯,共給酒一斛,0.8112950368175418
一杯一杯復一杯,宴引春壺酒,0.8033726328376642
一杯一杯復一杯,重陽獨酌杯中酒,0.8330617247721297
一杯一杯復一杯,傳杯不放杯,0.8512672963408547
一杯一杯復一杯,潦倒新亭濁酒杯,0.8175983446427775
一杯一杯復一杯,當杯對客忍流涕,0.80224919522744
玉山自倒非人推,入懷本倚崑山玉,0.8095134386127842
玉山自倒非人推,此生已愧須人扶,0.8047803182845623
廬山秀出南斗傍,東嶽雲峯起,0.8457352191679554
廬山秀出南斗傍,太山雄地理,0.8095489232262382
廬山秀出南斗傍,維南有崇山,0.8130669557101842
廬山秀出南斗傍,高嶽前嵂崒,0.8111802292034315
廬山秀出南斗傍,金城蓄峻趾,0.8035926099855264
廬山秀出南斗傍,華嶽峯尖見秋隼,0.8137517123743894
廬山秀出南斗傍,巉絶華嶽赤,0.8462812221021722
廬山秀出南斗傍,北上惟土山,0.8059123161479663
廬山秀出南斗傍,西岳崚嶒竦處尊,0.8585123655185345
廬山秀出南斗傍,玉山高並兩峯寒,0.8375440285976258
廬山秀出南斗傍,連山抱西南,0.816683021747268
廬山秀出南斗傍,石角皆北向,0.8019384645704326
廬山秀出南斗傍,兩崖崇墉倚,0.8029855451174661
廬山秀出南斗傍,峻極逾崑崙,0.812382913578004
廬山秀出南斗傍,東山高頂羅珍羞,0.801295046104024
廬山秀出南斗傍,連山蟠其間,0.8028633033732455
廬山秀出南斗傍,華岳金天晶,0.8154700461822042
廬山秀出南斗傍,翠華擁吳岳,0.8239797565503426
廬山秀出南斗傍,蓬萊高闕對南山,0.8307165882633912
廬山秀出南斗傍,蓬萊高闕對南山,0.8307165882633912
廬山秀出南斗傍,南嶽據江湖,0.8290717127384593
廬山秀出南斗傍,南極青山衆,0.8338193757077876
廬山秀出南斗傍,東得平岡出天壁,0.8292063667422602
廬山秀出南斗傍,高山四面同,0.8072506732562876
廬山秀出南斗傍,傍見北斗向江低,0.8418834041706471
廬山秀出南斗傍,南北東西拱至尊,0.8043809870986821
廬山秀出南斗傍,遠開山嶽散江湖,0.8083641709264631
廬山秀出南斗傍,南岳自兹近,0.8015994581212674
廬山秀出南斗傍,玉泉之南麓山殊,0.8310103935110489
廬山秀出南斗傍,秀氣衝星斗,0.8150019571910623
登高送遠形神開,憑軒心力窮,0.8143144404041123
登高送遠形神開,極目傷神誰爲攜,0.8159385652054685
登高送遠形神開,憑高送所親,0.851049083488586
登高送遠形神開,高枕形神清,0.8066674065102876
登高送遠形神開,登高欲有往,0.8189608917805109
銀河倒挂三石梁,倒懸瑶池影,0.8300617301777202
銀河倒挂三石梁,赤岸水與銀河通,0.8408108720163409
銀河倒挂三石梁,樓下長江百丈清,0.8094489848344846
銀河倒挂三石梁,滿空星河光破碎,0.8029787618394961
銀河倒挂三石梁,青嶂插雕梁,0.8064328552727187
銀河倒挂三石梁,巨石水中央,0.8036015776407943
銀河倒挂三石梁,河漢騰烟柱,0.8242453354393693
銀河倒挂三石梁,劍池石壁仄,0.8071233882748376
銀河倒挂三石梁,銀河没半輪,0.8097653116517101
銀河倒挂三石梁,三峽星河影動摇,0.808177116132091
銀河倒挂三石梁,銀河倒列星,0.8490695058321264
砯崖轉石萬壑雷,崩石欹山樹,0.841308328170649
砯崖轉石萬壑雷,風磴吹陰雪,0.8105844301978283
砯崖轉石萬壑雷,雲門吼瀑泉,0.8465627661371531
砯崖轉石萬壑雷,疾風高岡裂,0.801477268040559
砯崖轉石萬壑雷,擘石摧林丘,0.840322897323422
砯崖轉石萬壑雷,忽謂陰崖踣,0.8386121659211592
砯崖轉石萬壑雷,漱壑松柏秃,0.8289029854616716
砯崖轉石萬壑雷,迴斡裂地軸,0.8037621722151187
砯崖轉石萬壑雷,龍怒拔老湫,0.8161856118103729
砯崖轉石萬壑雷,崖斷如杵臼,0.8336338030572601
砯崖轉石萬壑雷,揭ㅇ怪石走,0.8231757231236975
砯崖轉石萬壑雷,蒼崖吼時裂,0.8881933834056294
砯崖轉石萬壑雷,威遲哀壑底,0.801529546346585
砯崖轉石萬壑雷,嵌竇潛洩瀨,0.8094351009824472
砯崖轉石萬壑雷,迴首虎崖石,0.8248286490485386
砯崖轉石萬壑雷,千巖自崩奔,0.8648675549608864
砯崖轉石萬壑雷,萬壑欹疏林,0.8241840903614623
砯崖轉石萬壑雷,江翻石走流雲氣,0.8228196884500456
砯崖轉石萬壑雷,三峽徒雷吼,0.8059838592726872
砯崖轉石萬壑雷,江動將崩未崩石,0.8008318307201407
砯崖轉石萬壑雷,轉石驚魑魅,0.8162268804412793
砯崖轉石萬壑雷,崩崖欲壓牀,0.8346421968183073
砯崖轉石萬壑雷,峽坼雲霾龍虎卧,0.8121505054630973
砯崖轉石萬壑雷,江流石不轉,0.8038345039053837
砯崖轉石萬壑雷,崩凍嵐陰昈,0.8293233697734723
砯崖轉石萬壑雷,高江急峽雷霆鬭,0.8345489933610604
砯崖轉石萬壑雷,羣山萬壑赴荆門,0.8070140383540754
砯崖轉石萬壑雷,雪崖纔變石,0.8531672048036841
砯崖轉石萬壑雷,寒江觸石喧,0.8025040029944295
砯崖轉石萬壑雷,翻風轉日木怒號,0.8274683286616965
砯崖轉石萬壑雷,哀壑杈枒浩呼洶,0.8180946633316464
砯崖轉石萬壑雷,風雷搜百靈,0.8045100698870944
砯崖轉石萬壑雷,乳贙號攀石,0.8158972825633246
砯崖轉石萬壑雷,石泉流暗壁,0.8111338071647021
砯崖轉石萬壑雷,紫崖奔處黑,0.8277682819738528
砯崖轉石萬壑雷,雷霆劈長松,0.853391363811159
砯崖轉石萬壑雷,千崖無人萬壑静,0.8244296738675285
吟詩作賦北窗裏,可以賦新詩,0.848218029474162
吟詩作賦北窗裏,吟詩許更過,0.8078308055817656
吟詩作賦北窗裏,詩罷聞吴詠,0.8027418819711467
吟詩作賦北窗裏,向來吟橘頌,0.8018688871657875
吟詩作賦北窗裏,猥誦佳句新,0.8149010243032511
吟詩作賦北窗裏,賦詩拾翠殿,0.805414096576539
吟詩作賦北窗裏,晴窗點檢白雲篇,0.8028668312031289
吟詩作賦北窗裏,沉吟坐西軒,0.8010130596439825
吟詩作賦北窗裏,誦詩渾遊衍,0.8070401281142916
吟詩作賦北窗裏,誦得老夫詩,0.8334611504619522
吟詩作賦北窗裏,題詩得秀句,0.8473911841213926
吟詩作賦北窗裏,新詩句句好,0.8166899693023426
吟詩作賦北窗裏,試誦白頭吟,0.8153362277446348
吟詩作賦北窗裏,詩罷能吟不復聽,0.8230750232194106
吟詩作賦北窗裏,更欲題詩滿青竹,0.8210707581049924
吟詩作賦北窗裏,賦詩何必多,0.8141603495636351
吟詩作賦北窗裏,新詩更憶聽,0.801818648382242
吟詩作賦北窗裏,嚴詩賦幾篇,0.8634515270872722
吟詩作賦北窗裏,數篇吟可老,0.8132992419770355
吟詩作賦北窗裏,東閣官梅動詩興,0.8340497232039679
吟詩作賦北窗裏,排悶强裁詩,0.8449860607014438
吟詩作賦北窗裏,老去詩篇渾漫與,0.8085490530027442
吟詩作賦北窗裏,詩態憶吾曹,0.8003984470566214
吟詩作賦北窗裏,我有新詩何處吟,0.828331566472706
吟詩作賦北窗裏,漫卷詩書喜欲狂,0.8010654157050114
吟詩作賦北窗裏,到日自題詩,0.8262253541172678
吟詩作賦北窗裏,題詩須一行,0.8075989782345867
吟詩作賦北窗裏,因題零雨詩,0.8046979886997311
吟詩作賦北窗裏,有情且賦詩,0.8216879458758025
吟詩作賦北窗裏,詩成吟咏轉淒涼,0.8571237741162102
吟詩作賦北窗裏,題詩好細論,0.8132268422637018
吟詩作賦北窗裏,賦詩新句穩,0.8593368637522896
吟詩作賦北窗裏,觀我落筆中書堂,0.8178139563675528
吟詩作賦北窗裏,當公賦佳句,0.8178965487397909
吟詩作賦北窗裏,謝朓每篇堪諷誦,0.8290489536765829
吟詩作賦北窗裏,諷詠詩家流,0.8251891880905498
吟詩作賦北窗裏,朗詠六公篇,0.8328850682936315
吟詩作賦北窗裏,賦詩獨流涕,0.829247877813558
吟詩作賦北窗裏,强吟懷舊賦,0.8341811387846482
吟詩作賦北窗裏,暮年詩賦動江關,0.804343526895696
吟詩作賦北窗裏,清詩句句盡堪傳,0.813471065275821
吟詩作賦北窗裏,新詩改罷自長吟,0.8352719196203373
吟詩作賦北窗裏,卽事會賦詩,0.8056607222692529
吟詩作賦北窗裏,呼兒覓紙一題詩,0.8153649982585409
吟詩作賦北窗裏,賦詩賓客間,0.8413603098591715
吟詩作賦北窗裏,不敢廢詩篇,0.8056891255783258
吟詩作賦北窗裏,何處老翁來賦詩,0.8158193283242341
吟詩作賦北窗裏,作詩呻吟内,0.8740920747705525
吟詩作賦北窗裏,陶冶賴詩篇,0.8015391379429293
吟詩作賦北窗裏,展懷詩誦魯,0.8054102677782907
吟詩作賦北窗裏,吟詩重回首,0.8080439846825644
吟詩作賦北窗裏,開卷得佳句,0.8115642339793367
吟詩作賦北窗裏,賦詩猶落筆,0.8556111908815703
吟詩作賦北窗裏,吟詩正憶渠,0.8578148528693004
吟詩作賦北窗裏,自吟詩送老,0.8458379493844614
吟詩作賦北窗裏,情在强詩篇,0.8113013629070231
吟詩作賦北窗裏,不意清詩久零落,0.8025516215830584
吟詩作賦北窗裏,人日題詩寄草堂,0.8430516740750972
安得青天化作一張紙,安得壯士擲天外,0.8066722918632463
安得青天化作一張紙,蒼天變化誰料得,0.8007101876477368
安得青天化作一張紙,天地有青蠅,0.800561815365274
安得青天化作一張紙,安得春泥補地裂,0.8063684805777007
有長鯨白齒若雪山,左輔白沙如白水,0.8166929400405941
我願因之寄千里,幾歲寄我空中書,0.8217818584968
我願因之寄千里,問君適萬里,0.8352574478031478
我願因之寄千里,告我欲遠適,0.8026368039311884
我願因之寄千里,煩君萬里傳,0.8218829336179487
我願因之寄千里,君思千里蓴,0.826444316361958
江雨濛濛作小寒,冥冥細雨來,0.8188904061351201
江雨濛濛作小寒,未辭添霧雨,0.8154756155750524
江雨濛濛作小寒,寒雨下霏霏,0.8024267817201063
江雨濛濛作小寒,暑雨留蒸濕,0.8100360493001061
江雨濛濛作小寒,碧窗宿霧濛濛濕,0.839481180509501
江雨濛濛作小寒,濛濛雨滯淫,0.8753560932892078
雪飄五老髮毛斑,已見白頭翁,0.803195924766849
雪飄五老髮毛斑,颯颯鬢毛蒼,0.8370554242865327
雪飄五老髮毛斑,赤汗微生白雪毛,0.8299059498104936
雪飄五老髮毛斑,白髮千莖雪,0.8522367204103746
雪飄五老髮毛斑,能添白髮明,0.8227270161868032
雪飄五老髮毛斑,顔色白勝雪,0.8093572488932764
雪飄五老髮毛斑,白髮悲花落,0.8026223000819959
雪飄五老髮毛斑,生子毛盡赤,0.8081742052741601
雪飄五老髮毛斑,毛暗蕭條連雪霜,0.8306351459251484
雪飄五老髮毛斑,鬢髮各已蒼,0.8488952342933849
雪飄五老髮毛斑,白益毛髮古,0.8711863615425308
雪飄五老髮毛斑,休鑷鬢毛斑,0.8565227671431791
雪飄五老髮毛斑,白頭亂髮垂過耳,0.8056418571634227
雪飄五老髮毛斑,毛衣慘黑貌憔悴,0.8103165049036175
雪飄五老髮毛斑,鬢髮還應雪滿頭,0.8441254403202239
雪飄五老髮毛斑,頭白恐風寒,0.8088150554457282
雪飄五老髮毛斑,未肯鬢毛衰,0.8087792435954986
雪飄五老髮毛斑,如今白髮翁,0.8093861410289891
雪飄五老髮毛斑,更益鬢毛斑,0.863343354771452
雪飄五老髮毛斑,似惱鬢毛蒼,0.8366211791013117
雪飄五老髮毛斑,鬢髮自成絲,0.8199065119986161
雪飄五老髮毛斑,何須白髮侵,0.8341314618010629
雪飄五老髮毛斑,悲歌鬢髮白,0.820991797817775
雪飄五老髮毛斑,鬢毛元自白,0.8372856698496249
雪飄五老髮毛斑,髮少何勞白,0.8327056532250116
雪飄五老髮毛斑,清秋鶴髮翁,0.8002176747385212
雪飄五老髮毛斑,相視髮皓白,0.8048196945046875
雪飄五老髮毛斑,起予幸斑白,0.802958247897315
雪飄五老髮毛斑,已作白頭翁,0.8114303175057987
雪飄五老髮毛斑,馮唐毛髮白,0.8540883433588442
雪飄五老髮毛斑,壯士短衣頭虎毛,0.8058598591903579
雪飄五老髮毛斑,羽毛淨白雪,0.8247237571892918
雪飄五老髮毛斑,鬢毛垂領白,0.8738247832867063
雪飄五老髮毛斑,白髮甘凋喪,0.8054879522718685
雪飄五老髮毛斑,入怪鬢髮空,0.8023870531408396
城中咫尺雲横棧,雲梯七十城,0.825078061628882
城中咫尺雲横棧,中天積翠玉臺遥,0.802126641204221
城中咫尺雲横棧,紫氣關臨天地闊,0.8027216152515777
獨立前山望後山,坐對秦山晚,0.833279287712098
獨立前山望後山,前登寒山重,0.8091085242569185
獨立前山望後山,前登但山椒,0.8160218768364734
獨立前山望後山,暮倚高樓對雪峰,0.8293230705565744
獨立前山望後山,南望千山萬山赤,0.8307045752514144
獨立前山望後山,立馬千山暮,0.8320793152209579
獨立前山望後山,前江後山根,0.8005536782207
孤根偃蹇非傲世,偃蹇龍虎姿,0.822428655007354
勁節癯枝萬壑風,漱壑松柏秃,0.8329937786640558
勁節癯枝萬壑風,颯飁寒山桂,0.8213884085350049
勁節癯枝萬壑風,異骨降松喬,0.8071266543781596
勁節癯枝萬壑風,寒松竟後凋,0.8158216070294474
勁節癯枝萬壑風,勁敵兩崖開,0.8076261491266492
勁節癯枝萬壑風,喬木易高風,0.819087680026831
勁節癯枝萬壑風,倚天松骨見來枯,0.8215899917479177
勁節癯枝萬壑風,時聽嚴風折喬木,0.8435636910944078
閨中白髮翰墨手,揮毫落紙如雲烟,0.8065302113660606
閨中白髮翰墨手,詩成珠玉在揮毫,0.8239072216412795
閨中白髮翰墨手,縱使盧王操翰墨,0.8010780647800313
閨中白髮翰墨手,觀我落筆中書堂,0.8179106142694355
閨中白髮翰墨手,篋中有舊筆,0.8530008949573229
閨中白髮翰墨手,楊公拂篋笥,0.8105075385100249
閨中白髮翰墨手,袖中諫獵書,0.8043566102591153
丹青古藏壁,古人白骨生青苔,0.8107315964984704
丹青古藏壁,遺構絶壁下,0.8003362107900258
丹青古藏壁,丹青野殿空,0.8223801668151303
丹青古藏壁,藏書聞禹穴,0.8009167473223228
丹青古藏壁,存想青龍秘,0.8376574158376238
丹青古藏壁,丹青照臺閣,0.8362641092865719
丹青古藏壁,制古丹雘存,0.8885725924452904
丹青古藏壁,雖有古殿存,0.820645447266192
丹青古藏壁,古牆猶竹色,0.8015064919577861
丹青古藏壁,錦里殘丹竈,0.804686111092157
丹青古藏壁,丹青不知老將至,0.811342065732017
丹青古藏壁,古屋畫龍蛇,0.8081166516058804
丹青古藏壁,青史字不泯,0.8227555112995233
丹青古藏壁,遺廟丹青落,0.8616258863113924
丹青古藏壁,秘書茂松色,0.8323141288502909
丹青古藏壁,蟲篆丹青廣,0.8251391601691953
丹青古藏壁,石壁斷空青,0.8097205906234222
丹青古藏壁,中有古刺史,0.8097715521109592
風雨飽侵食,饑卧動卽向一旬,0.8045905540462246
風雨飽侵食,寒熱百日相交戰,0.8001377475383127
風雨飽侵食,歲暮饑凍逼,0.8076307212483388
風雨飽侵食,秋至轉飢寒,0.8088197704494754
風雨飽侵食,因驚四月雨聲寒,0.8118148327162187
風雨飽侵食,不昧風雨晨,0.807789306459211
風雨飽侵食,暑雨留蒸濕,0.8041757129033602
風雨飽侵食,窮冬急風水,0.8010677734595846
風雨飽侵食,北風昨夜雨,0.8037247124610756
拂塵開藻鑑,塵匣元開鏡,0.8107485097423694
拂塵開藻鑑,雲移雉尾開宫扇,0.8014916710304557
拂塵開藻鑑,雲移雉尾開宫扇,0.8014916710304557
志士淚霑臆,涕淚在衣巾,0.8813891357636587
志士淚霑臆,暮途涕泗零,0.821295354970299
志士淚霑臆,吞聲躑躅涕淚零,0.8001284172962491
志士淚霑臆,酒闌插劍肝膽露,0.8039506389685619
志士淚霑臆,人生有情淚沾臆,0.8511242106640944
志士淚霑臆,嗚咽淚沾巾,0.8499399280611293
志士淚霑臆,君臣俱下淚,0.8044705778071397
志士淚霑臆,烈士涕飄零,0.8343254183658464
志士淚霑臆,握手淚再滴,0.8215732769489837
志士淚霑臆,長使英雄淚滿襟,0.8277815128531112
志士淚霑臆,拭淚霑襟血,0.8913172680776635
志士淚霑臆,淚痕血點垂胸臆,0.8402393534105826
志士淚霑臆,志士懷感傷,0.8493030552560923
志士淚霑臆,初聞涕淚滿衣裳,0.8772067282467426
志士淚霑臆,爲話涕霑巾,0.8311918129608369
志士淚霑臆,義士皆痛憤,0.8243656762286082
志士淚霑臆,酣歌淚欲垂,0.8176857263018382
志士淚霑臆,涕淚濺衣裳,0.861698959245647
志士淚霑臆,死淚終映睫,0.8009443433527941
志士淚霑臆,壯士血相視,0.8071300973719521
志士淚霑臆,涕灑亂交頤,0.8025281178289597
志士淚霑臆,撫事淚浪浪,0.8013635118704545
志士淚霑臆,壯士淚如水,0.8640855757044898
志士淚霑臆,忍淚已沾衣,0.8693014414246998
志士淚霑臆,千秋一拭淚,0.8012932076368044
志士淚霑臆,涕淚落秋風,0.8230309010558718
志士淚霑臆,正思戎馬淚盈巾,0.8227745335308272
志士淚霑臆,遠客中宵淚霑臆,0.8651535386644169
志士淚霑臆,我衰涕唾煩,0.8062268500724104
志士淚霑臆,聽歌淚滿衣,0.8121520114508032
志士淚霑臆,江湖涕泫然,0.8347811042138213
志士淚霑臆,憑軒涕泗流,0.806344335269686
志士淚霑臆,老來多涕淚,0.8239897803710985
志士淚霑臆,湘川新涕淚,0.8212434486999307
志士淚霑臆,揮手灑衰淚,0.8154115789618295
志士淚霑臆,不勞烈士淚滂沱,0.8436969236286037
志士淚霑臆,懷舊益霑巾,0.8336509945970785
不可以智測,精禱既不昧,0.8172728028161562
不可以智測,力强不可制,0.8055206641215882
不可以智測,隱忍用此物,0.8048682743140672
不可以智測,路遠不可測,0.8872402756744451
不可以智測,未必能達道,0.8167782160134978
不可以智測,默識蓋不早,0.8101176086237478
不可以智測,乃知變化不可窮,0.851299768408945
不可以智測,詭怪何得參人謀,0.8041751643673678
不可以智測,未必不爲福,0.8037115545111495
不可以智測,豈識悔吝先,0.8031454751692064
不可以智測,可以物理推,0.8235260629024217
不可以智測,生理不得論,0.8052276731488004
不可以智測,衆力亦不細,0.8021897464154499
龍神湛回向,仰穿龍蛇窟,0.8047933341420601
龍神湛回向,翻動龍蛇窟,0.800294993362589
龍神湛回向,魚龍迴夜水,0.8087178347282933
龍神湛回向,日繞龍鱗識聖顔,0.8070090511407132
龍神湛回向,日繞龍鱗識聖顔,0.8070090511407132
龍神湛回向,回首怪龍鱗,0.8019818215198342
龍神湛回向,回首蛟龍池,0.828141907124722
擁衛立劍戟,五年起家列霜戟,0.8354831176994373
擁衛立劍戟,仗鉞奮忠烈,0.8047203372669143
擁衛立劍戟,夜出擁雕戈,0.8200421261086089
擁衛立劍戟,復進出矛戟,0.8347289326972961
擁衛立劍戟,有士荷戈戟,0.8241000484947489
擁衛立劍戟,士卒終倒戟,0.8288071347956041
擁衛立劍戟,長戟破林胡,0.8008681728491676
擁衛立劍戟,快劍長戟森相向,0.8718938400738212
擁衛立劍戟,擁兵相學干戈鋭,0.8229017031866401
擁衛立劍戟,森疏見矛戟,0.8289578968431398
旌旆略可識,門户有旌節,0.808020520455066
鴻濛插樓殿,東山氣濛鴻,0.8034031963113144
鴻濛插樓殿,中天積翠玉臺遥,0.8042046710799033
鴻濛插樓殿,青嶂插雕梁,0.8176882229694731
鴻濛插樓殿,紫閣峰陰入渼陂,0.8020568559677362
鴻濛插樓殿,蓬萊殿前諸主將,0.8000407769239932
鴻濛插樓殿,烏臺俯麟閣,0.8072978778799975
鴻濛插樓殿,臺閣黄圖裏,0.8232428258976264
鴻濛插樓殿,御氣雲樓敞,0.8200452381388231
毫髮數動植,毫髮無遺憾,0.8057133093557771
毫髮數動植,蓄鋭可俱發,0.8024491890361714
毫髮數動植,毛髮具自和,0.8050737204127547
毫髮數動植,朱崖著毫髮,0.8316879493577229
廣牀瞻二聖,筵秩宴北林,0.8011753066038299
廣牀瞻二聖,五聖聯龍衮,0.8164604475695059
廣牀瞻二聖,扈聖登黄閣,0.8146253952877722
廣牀瞻二聖,睿想丹墀近,0.8209187932387982
廣牀瞻二聖,雙瞻御座引朝儀,0.8350486504751391
廣牀瞻二聖,羇旅推賢聖,0.8363700296233346
廣牀瞻二聖,每覺昇元輔,0.8033458552817858
廣牀瞻二聖,舉意八極周,0.8052031451935393
廣牀瞻二聖,三皇五帝前,0.8088909692973304
廣牀瞻二聖,密奉聖旨恩宜殊,0.8048510755507179
廣牀瞻二聖,承恩數上南薰殿,0.8209381225034809
廣牀瞻二聖,周宣中興望我皇,0.8088905926160646
廣牀瞻二聖,膳夫翊堂殿,0.8049503923698086
廣牀瞻二聖,肅宗登寶位,0.8277143859666709
廣牀瞻二聖,六龍瞻漢殿,0.8142912450075344
廣牀瞻二聖,竹宫時望拜,0.8111905156169719
廣牀瞻二聖,聖朝光御極,0.823981050314998
廣牀瞻二聖,秩禮自百王,0.8116828049447807
廣牀瞻二聖,授鉞築壇聞意旨,0.8024464393427375
廣牀瞻二聖,謝庭瞻不遠,0.8007244150513579
有衆拱萬億,焉得一萬人,0.8017986718188888
有衆拱萬億,百萬未可傍,0.8024121419263528
有衆拱萬億,貫穿百萬衆,0.8107722792478131
有衆拱萬億,上殿稱萬壽,0.8115499686887906
飛行凑六合,驅出六合梟鸞分,0.8287770844374271
飛行凑六合,神融躡飛動,0.805040885810283
人人開生面,劃見公子面,0.8193076352865389
人人開生面,生理何顔面,0.8421418384092119
人人開生面,人生不相見,0.8091953460850376
人人開生面,當面輸心背面笑,0.8263521825141646
人人開生面,人生會面難再得,0.825802105113656
絶妙推心得,精理通談笑,0.8103967345169225
絶妙推心得,傳經固絶倫,0.8065485664373737
絶妙推心得,心清聞妙香,0.8127340355651049
絶妙推心得,神妙獨難忘,0.8276759813526456
絶妙推心得,乃知畫師妙,0.8245205157469638
絶妙推心得,許求聰慧者,0.8078801664917292
絶妙推心得,静者心多妙,0.8454851551160569
絶妙推心得,來書語絶妙,0.8318354241721443
絶妙推心得,妙絶與誰論,0.8117378833353478
絶妙推心得,静求元精理,0.8313310964706222
絶妙推心得,直取性情真,0.8009804417226483
絶妙推心得,秉心識本源,0.8080304892091961
絶妙推心得,清絶心有向,0.8223424637484411
絶妙推心得,虚心味道玄,0.806426562148469
絶妙推心得,晚聞多妙教,0.808911423374765
絶妙推心得,玄宗妙其書,0.8257461967537119
絶妙推心得,得盡所歷妙,0.8194373524556142
李侯天機深,劉侯天機精,0.9178385400038032
李侯天機深,焉知李廣未封侯,0.8056859740611055
李侯天機深,丈夫重天機,0.8229356487138235
指點目所及,末契有所及,0.8037054263078816
指點目所及,畜眼未見有,0.8118061653623787
指點目所及,所望時一致,0.8032667479877056
天樂鳴我側,哀鳴翔其外,0.8002274498847021
天樂鳴我側,傾側天下耳,0.802238614450206
幽尋前日事,脱身事幽討,0.8031923705420949
幽尋前日事,生還今日事,0.8160553871205857
幽尋前日事,溪邊春事幽,0.8014619275174832
晦明忽復易,卽今倏忽已五十,0.8132706746799576
晦明忽復易,今雨喜容易,0.8016009961556017
晦明忽復易,小雨夜復密,0.8009094894942814
晦明忽復易,眼復幾時暗,0.8156498731076802
晦明忽復易,倐忽向二紀,0.8081040739013663
晦明忽復易,陰晴屢不分,0.8347484248711693
章生南溟鵬,欲化北溟鯤,0.8365244173882509
能同寂寞遊,潛與子同遊,0.8037256982286284
能同寂寞遊,索居尤寂寞,0.8369737340170639
能同寂寞遊,寂寞壯心驚,0.8034112882347562
能同寂寞遊,寂寞向時人,0.8072053418414036
能同寂寞遊,真龍竟寂寞,0.8006743146835347
能同寂寞遊,文園終寂寞,0.8177721869800162
能同寂寞遊,斯人已寂寥,0.8095336374804118
能同寂寞遊,遠遊雖寂寞,0.8512826881004112
濁酒聊放適,何時一樽酒,0.8120554883224402
濁酒聊放適,沉飲聊自遣,0.8578284764407502
濁酒聊放適,每過得酒傾,0.8192668757741988
濁酒聊放適,如今足斟酌,0.8058932463956217
濁酒聊放適,縱酒欲謀良夜醉,0.8094354672953115
濁酒聊放適,開樽獨酌遲,0.8129175689718628
濁酒聊放適,爲君酤酒滿眼酤,0.8185137852480809
濁酒聊放適,邀我嘗春酒,0.8125487799510209
濁酒聊放適,把臂開樽飲我酒,0.838400630342706
濁酒聊放適,白首放歌須縱酒,0.813424508741649
濁酒聊放適,長日容杯酒,0.8107722048737688
濁酒聊放適,置酒高林下,0.8132751319619224
濁酒聊放適,把酒宜深酌,0.8331223310226235
濁酒聊放適,平生滿樽酒,0.8029948818375485
濁酒聊放適,嗜酒益疏放,0.8227496489574715
濁酒聊放適,共給酒一斛,0.811261018887298
濁酒聊放適,爛熳任遠適,0.8037242057471505
西風葉蕭蕭,大樹日蕭蕭,0.8923601992253115
西風葉蕭蕭,馬蕭蕭,0.898543445121712
西風葉蕭蕭,曲江蕭條秋氣高,0.8690433162639242
西風葉蕭蕭,歸路翻蕭颯,0.8535802398970118
西風葉蕭蕭,涼風蕭蕭吹汝急,0.921186322607759
西風葉蕭蕭,騣尾蕭梢朔風起,0.8404004961614553
西風葉蕭蕭,馬鳴風蕭蕭,0.9147987646211027
西風葉蕭蕭,南風作秋聲,0.8323213179996525
西風葉蕭蕭,秋色正蕭灑,0.8745220361611374
西風葉蕭蕭,蕭蕭北風勁,0.9377089499492792
西風葉蕭蕭,毛暗蕭條連雪霜,0.8047029631055261
西風葉蕭蕭,颯爽動秋骨,0.8004259601018411
西風葉蕭蕭,原野轉蕭瑟,0.8363865211237113
西風葉蕭蕭,朔風飄胡雁,0.8038854654741266
西風葉蕭蕭,長林何蕭蕭,0.8908991600535696
西風葉蕭蕭,蕭蕭古塞冷,0.8615042091237615
西風葉蕭蕭,溪風爲颯然,0.8006414995515723
西風葉蕭蕭,車馬何蕭索,0.814090025433023
西風葉蕭蕭,秋風已颯然,0.8626907759095823
西風葉蕭蕭,秋風吹若何,0.815819089436973
西風葉蕭蕭,瓠葉轉蕭疏,0.8573129169785109
西風葉蕭蕭,隴草蕭蕭白,0.8841299528482573
西風葉蕭蕭,蕭摵寒籜聚,0.8391418419930461
西風葉蕭蕭,颼颼林響交,0.8075457226287157
西風葉蕭蕭,江永風蕭蕭,0.9222235476772667
西風葉蕭蕭,征衣颯飄颻,0.8102311112995801
西風葉蕭蕭,風色蕭蕭暮,0.8933306553947348
西風葉蕭蕭,涼氣曉蕭蕭,0.8968284615392357
西風葉蕭蕭,蕭蕭半死葉,0.8633692159364418
西風葉蕭蕭,迴風颯颯吹沙塵,0.8132249803243317
西風葉蕭蕭,落木更高風,0.8075279203543713
西風葉蕭蕭,江風蕭蕭雲拂地,0.884754980063472
西風葉蕭蕭,蕭蕭梁棟秋,0.8778490593464964
西風葉蕭蕭,淅淅野風秋,0.8329363434204563
西風葉蕭蕭,蕭蕭見白日,0.8317053278889692
西風葉蕭蕭,蕭蕭夜色淒,0.8837761764394932
西風葉蕭蕭,隴山蕭瑟秋雲高,0.849199811070195
西風葉蕭蕭,蕭蕭紫塞雁,0.8534839534638946
西風葉蕭蕭,蕭蕭沙中雨,0.8871623747863819
西風葉蕭蕭,蕭蕭荆楚秋,0.8812956443462054
西風葉蕭蕭,蕭蕭白楊路,0.8635833779351797
西風葉蕭蕭,白首颯淒其,0.8169008891141665
西風葉蕭蕭,秋風動哀壑,0.8069829794981108
西風葉蕭蕭,秋日蕭韋逝,0.8067596943728238
西風葉蕭蕭,蕭蕭白映梳,0.8281993866797274
西風葉蕭蕭,秋風淅淅吹巫山,0.8337380148792919
西風葉蕭蕭,秋風淅淅吹我衣,0.8275658839341796
西風葉蕭蕭,清影日蕭蕭,0.8607531698229917
西風葉蕭蕭,蕭蕭掛冷枝,0.8716755275681629
西風葉蕭蕭,歸興日蕭蕭,0.8781054292742088
西風葉蕭蕭,蕭颯灑秋色,0.8973487474860662
西風葉蕭蕭,北風吹蒹葭,0.8081146194159654
西風葉蕭蕭,秋風蕭蕭露泥泥,0.8689697559157664
西風葉蕭蕭,蕭疏聽晚蟬,0.8307615142277909
西風葉蕭蕭,蕭瑟浸寒空,0.8011905159384033
西風葉蕭蕭,北風黄葉下,0.840450443568252
西風葉蕭蕭,風江颯颯亂帆秋,0.8420459647100249
西風葉蕭蕭,無邊落木蕭蕭下,0.8768937830343241
西風葉蕭蕭,寒風疏草木,0.8049028584688724
西風葉蕭蕭,朔風鳴淅淅,0.818576756857901
西風葉蕭蕭,蕭條别浦清,0.806170544488275
西風葉蕭蕭,天雨蕭蕭滯茅屋,0.8198257256040077
西風葉蕭蕭,蕭蕭千里足,0.8188216190491625
西風葉蕭蕭,風濤颯颯寒山陰,0.8303778565984508
西風葉蕭蕭,疾風颯颯昏亭午,0.8178684472373589
西風葉蕭蕭,風颯長沙柳,0.8073476897374091
西風葉蕭蕭,時物正蕭森,0.8091249467707411
蟋蟀依墻壁,詩書遂牆壁,0.8032763905432624
蟋蟀依墻壁,曝露牆壁外,0.8400018868022485
蟋蟀依墻壁,蟋蟀近中堂,0.878335532492488
蟋蟀依墻壁,短牆若在從殘草,0.8271060207105037
蟋蟀依墻壁,客愁連蟋蟀,0.8196824912704321
蟋蟀依墻壁,流年疲蟋蟀,0.8423411259983482
家無萬金産,家無儋石輸百萬,0.8727926083626749
家無萬金産,金錢罄一餐,0.8068709016010867
家無萬金産,王孫善保千金軀,0.8090643352297817
家無萬金産,家書抵萬金,0.8845084122471316
家無萬金産,那無囊中帛,0.814690562069383
家無萬金産,萬里須十金,0.8113457102585093
家無萬金産,布地有黄金,0.814245692831304
家無萬金産,皆聞黄金多,0.8332185929040755
家無萬金産,長安米萬錢,0.8261729800639419
家無萬金産,黄金傾有無,0.8296473635632895
家無萬金産,富家厨肉臭,0.8016135987152624
四鄰碪聲急,落景聞寒杵,0.809447399549241
四鄰碪聲急,悲笳數聲動,0.8504846710778138
四鄰碪聲急,警急烽常報,0.812521511509951
四鄰碪聲急,村鼓時時急,0.8157634625582548
四鄰碪聲急,寒砧昨夜聲,0.8510773526172264
四鄰碪聲急,白帝城高急暮砧,0.8290881105460866
四鄰碪聲急,亂離聞鼓角,0.8163172068678661
四鄰碪聲急,五更鼓角聲悲壯,0.8236262046383307
四鄰碪聲急,砧響家家發,0.847039409640099
四鄰碪聲急,秋砧醒却聞,0.8175879348014469
藜羹傲鼎食,蔬食常不飽,0.839889439466337
藜羹傲鼎食,鼎食分門户,0.8007812049680455
藜羹傲鼎食,但使殘年飽喫飯,0.8020665564862595
藜羹傲鼎食,軟炊香飯緣老翁,0.8130287916482406
藜羹傲鼎食,食蕨不願餘,0.82166126770162
藜羹傲鼎食,苦飢始得食一蟲,0.8010650816644815
藜羹傲鼎食,肉味不足登鼎俎,0.8611523785071018
藜羹傲鼎食,偶然存蔗芋,0.805111844612118
藜羹傲鼎食,愧客茹藜羹,0.8681920778385024
藜羹傲鼎食,追隨飯葵堇,0.8199642430607141
藜羹傲鼎食,肉食哂菜色,0.8421960423026851
藜羹傲鼎食,富家厨肉臭,0.8067595129750853
藜羹傲鼎食,試問甘藜藿,0.8598474109857938
藜羹傲鼎食,敕廚惟一味,0.8132269628946135
藜羹傲鼎食,羹煑秋蓴滑,0.8206147137262461
藜羹傲鼎食,盤飧老夫食,0.8128043665489966
藜羹傲鼎食,飯糲添香味,0.8437310810443515
藜羹傲鼎食,盤飧詎糝藜,0.8650602577134545
藍縷亦山立,山僧衣藍縷,0.8452371445372933
並船有歌姝,唤取佳人舞繡筵,0.8013646182952914
並船有歌姝,佳人滿近船,0.8014424540007756
粉白眉黛黑,却嫌脂粉涴顔色,0.8068630333650475
粉白眉黛黑,燕姬翠黛愁,0.8137725657277257
粉白眉黛黑,青蛾皓齒在樓船,0.8052815692679347
粉白眉黛黑,肉黄皮皺命如線,0.8186696509269336
粉白眉黛黑,毛爲緑縹兩耳黄,0.8050909199977461
粉白眉黛黑,想像顰青蛾,0.839107958808863
粉白眉黛黑,况乃粉黛假,0.8244025502905523
粉白眉黛黑,粉黛亦解苞,0.8356667561679367
粉白眉黛黑,狼籍畫眉闊,0.802659220101051
粉白眉黛黑,蕊粉上蜂鬚,0.8073193967482859
粉白眉黛黑,面妝首飾雜啼痕,0.8285307803679056
粉白眉黛黑,鏡奩换粉黛,0.848234483469112
粉白眉黛黑,燭滅翠眉顰,0.8297997854427015
粉白眉黛黑,客來洗粉黛,0.8271924139477128
期公開顔笑,至尊顧之笑,0.8301886543701756
期公開顔笑,劉侯歡我攜客來,0.8034624440139726
期公開顔笑,請公一來開我愁,0.8269342905119716
期公開顔笑,别顔始一伸,0.8148150667214051
期公開顔笑,柳侯披衣笑,0.8119577618287411
期公開顔笑,開顔喜名賢,0.8537012919190726
期公開顔笑,每蒙天一笑,0.8053533567265205
期公開顔笑,語盡還成開口笑,0.8171854348374186
期公開顔笑,他時一笑後,0.8104331852881144
期公開顔笑,一談一笑俗相看,0.805190787932064
期公開顔笑,相對酒開顔,0.8486832861409515
醉語雜翰墨,來書語絶妙,0.8032794670047274
醉語雜翰墨,粉墨形似間,0.8135689951525322
醉語雜翰墨,落筆四座驚,0.8045022408901681
醉語雜翰墨,佳句染華箋,0.8006832234935053
不須談俗事,不願論簪笏,0.8016275211768239
不須談俗事,不復更論文,0.813242824737984
不須談俗事,卽事須嘗膽,0.8117827176729644
不須談俗事,應論十年事,0.8127852931737474
不須談俗事,世事固堪論,0.8389458464943084
不須談俗事,殊俗還多事,0.812699494634419
不須談俗事,討論實解頤,0.8010164901250431
秪令人氣塞,氣豪直阻兵,0.8030896760916088
豐城邑巖巖,巖棲在百層,0.8064574933450971
豐城邑巖巖,金城蓄峻趾,0.8036138925681664
豐城邑巖巖,孤城石谷間,0.8256026033945705
豐城邑巖巖,兩崖崇墉倚,0.809356552027118
豐城邑巖巖,禄山北築雄武城,0.8100060200369253
豐城邑巖巖,閬州城東靈山白,0.8068494277398479
豐城邑巖巖,東城抱春岑,0.8254130311448746
豐城邑巖巖,山城近百層,0.8043858848026928
豐城邑巖巖,衡山雖小邑,0.8148191102292404
水種六萬户,城中十萬户,0.8223856555565505
水種六萬户,必種數竿竹,0.8028090143502362
石隄眠長虹,纜侵堤柳繫,0.8012560054370845
石隄眠長虹,飲馬寒塘流,0.809829435889039
石隄眠長虹,石上走長根,0.8033303595549428
石隄眠長虹,浮龍倚長津,0.8063870837946239
石隄眠長虹,弱纜且長堤,0.817082886556334
輟棹日沈霧,輟棹青楓浦,0.8140800520865872
令君政有聲,使君傳舊德,0.8253235664220941
令君政有聲,號令頗有前賢風,0.8172729868938364
令君政有聲,聲節哀有餘,0.800307137198272
新亭延客步,新亭結構罷,0.8141841639178795
新亭延客步,臨池好驛亭,0.8249166446142817
新亭延客步,色過椶亭入草亭,0.8283946232249942
新亭延客步,開顔憩亭沼,0.8135083008884767
淚落世父碑,世家遺舊史,0.8029413759924393
淚落世父碑,此老無聲淚垂血,0.8008062913589735
淚落世父碑,涕淚在衣巾,0.816166681709637
淚落世父碑,淚下恐莫收,0.8151341349800709
淚落世父碑,涕淚受拾遺,0.8240529675071354
淚落世父碑,故老淚潺湲,0.8022153028474949
淚落世父碑,碑碣舊製存,0.8190597845485852
淚落世父碑,已墮峴山淚,0.8299915600265364
淚落世父碑,空看過客淚,0.8086278898100997
淚落世父碑,猶聞蜀父老,0.8191182447630336
淚落世父碑,遺廟丹青落,0.8128224833470961
淚落世父碑,死淚終映睫,0.8034515741886672
淚落世父碑,再讀徐孺碑,0.8025100187570371
淚落世父碑,故老復涕泗,0.809356367530079
淚落世父碑,故老仍流涕,0.8137272695693706
淚落世父碑,虚傳幼婦碑,0.8285325678043195
淚落世父碑,前朝長老皆流涕,0.8047328675142966
淚落世父碑,向公泣血灑行殿,0.8040696285534816
淚落世父碑,嚮者留遺恨,0.8030024139998302
心傾文饒賦,詞賦工無益,0.8280308066273051
心傾文饒賦,才高心不展,0.8057086047588278
心傾文饒賦,用才文章境,0.8256223321279078
心傾文饒賦,已似愛文章,0.8104224931267388
心傾文饒賦,少小愛文詞,0.8008896850217498
憶昔兩神兵,憶昨狼狽初,0.8074345649841341
憶昔兩神兵,憶昔避賊初,0.8575243441050917
憶昔兩神兵,憶昔南海使,0.8145891573844983
憶昔兩神兵,訓練强兵動鬼神,0.80424400566817
憶昔兩神兵,憶昔巡幸新豐宫,0.8030716140922524
憶昔兩神兵,憶昔先皇巡朔方,0.8345884473571616
憶昔兩神兵,憶昨離少城,0.8044991344373911
憶昔兩神兵,昔我遊宋中,0.8013963086513107
憶昔兩神兵,忽憶兩京全盛時,0.8203620948877596
憶昔兩神兵,似聞上游兵,0.8124166690085781
寒光射漢津,落雁浮寒水,0.8034864273238764
寒光射漢津,天門日射黄金牓,0.8109015747646948
寒光射漢津,光輝照北原,0.8038800153944025
寒光射漢津,天文北照秦,0.8250670081364493
寒光射漢津,星河落曙山,0.8453701082758253
寒光射漢津,河漢騰烟柱,0.8045929003038776
寒光射漢津,日氣射江深,0.8821926430388083
寒光射漢津,輝輝星近樓,0.8157407676883918
寒光射漢津,三峽星河影動摇,0.8011441171218805
寒光射漢津,銀河倒列星,0.8031200468405759
寒光射漢津,光射潛虬動,0.8021300543024736
寒光射漢津,南斗避文星,0.8038931592446769
兩賢紆一顧,亦由顧盼稱,0.8016558588241515
張公拆中台,天上張公子,0.818302431990122
張公拆中台,晉史坼中台,0.8521781640917794
木拱孔章墓,金粟堆南木已拱,0.8264073995348903
不能從兒嬉,嬌兒不離膝,0.8163931198603019
不能從兒嬉,小兒强解事,0.8252123363212871
不能從兒嬉,相顧免無兒,0.80947657990238
不能從兒嬉,誰言養雛不自哺,0.8055343271091313
不能從兒嬉,癡兒不知父子禮,0.8036945687397645
不能從兒嬉,自從盛酒長兒孫,0.8000733970948863
不能從兒嬉,豈惟長兒童,0.8404626208395926
不能從兒嬉,相識自兒童,0.8054822997208083
不能從兒嬉,何幸飫兒童,0.8036675463736729
不能從兒嬉,童兒且時摘,0.8034547358603716
不能從兒嬉,吾亦驅其兒,0.8055088680335334
不能從兒嬉,遠遊長兒子,0.8031472189004962
不能從兒嬉,使我晝立煩兒孫,0.8188388906064047
不能從兒嬉,得辭兒女醜,0.8093738755178153
不能從兒嬉,妻孥復隨我,0.8284121543675282
歲晚龍蛇去,翻動龍蛇窟,0.8025943521988761
歲晚龍蛇去,日暮蛟龍改窟穴,0.8153125317099694
歲晚龍蛇去,龍蛇只自深,0.818526768803838
歲晚龍蛇去,一卧滄江驚歲晚,0.8116719837578739
歲晚龍蛇去,一卧滄江驚歲晚,0.8116719837578739
歲晚龍蛇去,歲月蛇常見,0.8129332980972983
歲晚龍蛇去,龍蛇不成蟄,0.8104432296550919
空餘寒泉泓,硯寒金井水,0.8042262699006653
空餘寒泉泓,空山中宵陰,0.8106439300257101
空餘寒泉泓,山泉落滄江,0.817422342001968
空餘寒泉泓,清池有餘花,0.8236496613367323
空餘寒泉泓,遺我泉客珠,0.801758240232012
因雨長蛙鮒,池魚涸其泥,0.8177361489005421
因雨長蛙鮒,天池日蛙黽,0.8361612985954683
鈆刀藏寶室,鴻寶寧全秘,0.8066348098502676
鈆刀藏寶室,前驅入寶地,0.8011197114467923
