황정견,두보,코사인 유사도
金錢滿地無人費,左相日興費萬錢,0.8136591254337767
金錢滿地無人費,開花無數黄金錢,0.8583682853243534
金錢滿地無人費,未覺千金滿高價,0.800694586691068
金錢滿地無人費,恰有三百青銅錢,0.8267674234834084
金錢滿地無人費,無錢卽買繫籬旁,0.8231811478555832
金錢滿地無人費,無錢何處賒,0.8346014596978184
金錢滿地無人費,布地有黄金,0.8253213993886721
金錢滿地無人費,長安米萬錢,0.8063180470845726
金錢滿地無人費,黄金傾有無,0.8123005060851664
金錢滿地無人費,休翻鹽井擲黄金,0.8100966670364289
金錢滿地無人費,黄金且休擲,0.8055085014985857
金錢滿地無人費,無錢從滯客,0.8044258328586898
金錢滿地無人費,往日用錢捉私鑄,0.8049685982741575
金錢滿地無人費,俸錢時散士子盡,0.8365643875099043
百斛明珠薏苡秋,收珠南海千餘日,0.8076586278943362
百斛明珠薏苡秋,自得隋珠覺夜明,0.8233954907233505
百斛明珠薏苡秋,撥棄潭州百斛酒,0.8159671964088784
處士孤懷少往還,自非曠士懷,0.805306211842811
平時一刺字多漫,衮職曾無一字補,0.815111687869283
平時一刺字多漫,八州刺史思一戰,0.8041813261657432
平時一刺字多漫,八分一字直百金,0.8057731606025125
平時一刺字多漫,中有古刺史,0.8032152175102552
能容著帽揮譚拂,有時顛倒著衣裳,0.824940267410776
能容著帽揮譚拂,當念著皂帽,0.8044378727042982
可見高人禮數寬,自識將軍禮數寬,0.8501519500632151
可見高人禮數寬,丈人叨禮數,0.8540068309343019
年來高興滿蓴絲,入門高興發,0.8124413724345073
年來高興滿蓴絲,晚來高興盡,0.8465692851831266
年來高興滿蓴絲,向來幽興極,0.8072271253266828
年來高興滿蓴絲,秋來興甚長,0.8425300961001249
年來高興滿蓴絲,東閣官梅動詩興,0.8022086493740349
年來高興滿蓴絲,憶在潼關詩興多,0.8073536666787741
年來高興滿蓴絲,暮年詩賦動江關,0.8007026936624744
年來高興滿蓴絲,早春重引江湖興,0.8008394084897597
寒薄春風駘蕩時,春寒野陰風景暮,0.8192234814365909
寒薄春風駘蕩時,輕風生浪遲,0.8179492761747066
寒薄春風駘蕩時,春氣漸和柔,0.8175015117467076
寒薄春風駘蕩時,春光懶困倚微風,0.8191015416152748
寒薄春風駘蕩時,冬來只薄寒,0.8352277455392845
寒薄春風駘蕩時,風輕粉蝶喜,0.8001633335825891
寒薄春風駘蕩時,春城雨色動微寒,0.8068015406662783
寒薄春風駘蕩時,春寒花較遲,0.8062388117132638
寒薄春風駘蕩時,春日兼蒙暄暖扶,0.8233505499543428
寒薄春風駘蕩時,破浪南風正,0.811815036909024
稍見燕脂開杏萼,紅綻雨肥梅,0.8179946375614715
稍見燕脂開杏萼,紅入桃花嫩,0.8352222129620797
稍見燕脂開杏萼,嫩蕊濃花滿目斑,0.810696997804502
稍見燕脂開杏萼,椒實雨新紅,0.8268949461162576
稍見燕脂開杏萼,輕紅擘茘枝,0.8099806811976746
稍見燕脂開杏萼,未將梅蕊驚愁眼,0.811039555486492
稍見燕脂開杏萼,臘近已含春,0.813117072704667
稍見燕脂開杏萼,梅杏半傳黄,0.8428542128395258
已聞香雪爛梅枝,紅綻雨肥梅,0.820664659971871
已聞香雪爛梅枝,霜橙壓香橘,0.8173053435377817
已聞香雪爛梅枝,夜來吹折數枝花,0.800810904097655
已聞香雪爛梅枝,香傳小樹花,0.8312194708830167
已聞香雪爛梅枝,斬新花蕊未應飛,0.8107717426448178
已聞香雪爛梅枝,紫萼扶千蕊,0.8040178628081535
已聞香雪爛梅枝,蠶崖雪似銀,0.8004458794958995
已聞香雪爛梅枝,椒實雨新紅,0.8036960212482616
已聞香雪爛梅枝,寒花開已盡,0.8214828460668364
已聞香雪爛梅枝,傅説已鹽梅,0.8201942925433976
已聞香雪爛梅枝,梅蕊臘前破,0.846031133882017
已聞香雪爛梅枝,崖蜜松花熟,0.8164151177615928
已聞香雪爛梅枝,梅杏半傳黄,0.8569376317154016
已聞香雪爛梅枝,朱果爛枝繁,0.8249998024160867
已聞香雪爛梅枝,夜雪鞏梅春,0.8221609009960775
已聞香雪爛梅枝,梅花已飛翻,0.8387260422598775
已聞香雪爛梅枝,花蕊亞枝紅,0.8379260282442513
已聞香雪爛梅枝,江縣紅梅已放春,0.8024225549117125
已聞香雪爛梅枝,雪岸叢梅發,0.8045129452975648
老逢樂事心猶壯,少壯幾時奈老何,0.8193365515741797
老逢樂事心猶壯,老去悲秋强自寬,0.8017621530320702
老逢樂事心猶壯,老農何有罄交歡,0.8122577382449864
老逢樂事心猶壯,壯公臨事斷,0.8038263408147449
老逢樂事心猶壯,老夫轉不樂,0.814660533428974
老逢樂事心猶壯,少壯欺老翁,0.800660140070651
老逢樂事心猶壯,聞子心甚壯,0.8261509250598137
老逢樂事心猶壯,將老逢艱危,0.8078168351443996
老逢樂事心猶壯,老矣逢迎拙,0.8062474827698216
老逢樂事心猶壯,少壯樂難得,0.8075876325510053
老逢樂事心猶壯,逢迎少壯非吾道,0.8389047055187563
病得新詩和更遲,可以賦新詩,0.8011647199606798
病得新詩和更遲,吟詩許更過,0.8307777629052107
病得新詩和更遲,新詩日又多,0.8489443902203105
病得新詩和更遲,題詩得秀句,0.8207785099344811
病得新詩和更遲,新詩句句好,0.8310039420390511
病得新詩和更遲,詩成覺有神,0.8018305803385433
病得新詩和更遲,頗覺寄來遲,0.8257254060242454
病得新詩和更遲,新詩更憶聽,0.8332704212625613
病得新詩和更遲,知君苦思緣詩瘦,0.805356566713594
病得新詩和更遲,客愁全爲減,0.8032156727390266
病得新詩和更遲,排悶强裁詩,0.8248635468969929
病得新詩和更遲,遣興莫過詩,0.800616321779476
病得新詩和更遲,爲人性僻耽佳句,0.8021873971245088
病得新詩和更遲,老去詩篇渾漫與,0.8156367405996732
病得新詩和更遲,我有新詩何處吟,0.8117035642888499
病得新詩和更遲,詩清立意新,0.8017170824809872
病得新詩和更遲,數回細寫愁仍破,0.8263355189123882
病得新詩和更遲,愁極本憑詩遣興,0.805438996433396
病得新詩和更遲,賦詩新句穩,0.8711838090732533
病得新詩和更遲,斗酒新詩終自疏,0.8244007492257361
病得新詩和更遲,新詩近玉琴,0.8077551864742205
病得新詩和更遲,新詩改罷自長吟,0.8220396896363423
病得新詩和更遲,晚節漸於詩律細,0.814168306816098
病得新詩和更遲,陶冶賴詩篇,0.8096403436428311
病得新詩和更遲,棲遲病卽痊,0.8069932369319455
病得新詩和更遲,病減詩仍拙,0.8922681664504637
病得新詩和更遲,覓句新知律,0.8387584451047045
病得新詩和更遲,吟詩正憶渠,0.800964809275351
病得新詩和更遲,自吟詩送老,0.8197930638013592
病得新詩和更遲,新詩昨寄將,0.8105638258145091
何日聯鑣向金谷,曉漏追趨青瑣闥,0.8041032587333636
何日聯鑣向金谷,當時侍金輿,0.8034748943943764
何日聯鑣向金谷,何時詔此金錢會,0.82458254272437
何日聯鑣向金谷,幾日賽城隍,0.8095212622244354
何日聯鑣向金谷,去年今日侍龍顔,0.8033156853166088
何日聯鑣向金谷,當日報關西,0.8015875310072988
何日聯鑣向金谷,枉沐旌麾出城府,0.8070279918643337
何日聯鑣向金谷,多暇日陪驄馬遊,0.8215958386417823
何日聯鑣向金谷,終得獻金門,0.8141626744859378
何日聯鑣向金谷,獻花何日許門徒,0.8195141648516867
何日聯鑣向金谷,揚鑣隨日馭,0.8192958643610322
擬追仙翼到瑶池,佩聲歸向鳳池頭,0.8107947473814379
擬追仙翼到瑶池,獨有鳳凰池上客,0.8084657784486149
擬追仙翼到瑶池,會送夔龍集鳳池,0.8198302665717145
擬追仙翼到瑶池,常思仙仗過崆峒,0.8175601959595249
擬追仙翼到瑶池,閬風玄圃與蓬壺,0.8107987798859357
擬追仙翼到瑶池,欲伴習池遊,0.8070875037292811
擬追仙翼到瑶池,桂館或求仙,0.8189969682709334
擬追仙翼到瑶池,暫阻蓬萊閣,0.8094004769835017
擬追仙翼到瑶池,直欲泛仙槎,0.8194435471175822
地遠城東得得來,地僻秋將盡,0.8021676389743378
地遠城東得得來,西南喜得朋,0.8032918307470667
正如湖畔昔銜盃,江上徒逢袁紹杯,0.8090030229880468
眼中故舊青常在,遥憶舊青氈,0.8223721744205126
眼中故舊青常在,丹青憶舊臣,0.8433442116456067
眼中故舊青常在,故里但空村,0.805481625835447
眼中故舊青常在,青山隔故園,0.8511140761265593
眼中故舊青常在,到今耆舊悲,0.802853778237562
眼中故舊青常在,依舊竹林青,0.811664880918362
眼中故舊青常在,故園猶得見殘春,0.8074805423685925
眼中故舊青常在,故舊誰憐我,0.8216433413229451
眼中故舊青常在,客身逢故舊,0.8072609926531569
眼中故舊青常在,祇令故舊傷,0.8057046860737753
眼中故舊青常在,故里今空村,0.8157333073215862
眼中故舊青常在,故故滿青天,0.8722592134082434
眼中故舊青常在,舊物森猶在,0.8372132835588237
眼中故舊青常在,青山各在眼,0.8696337642098716
眼中故舊青常在,故舊短書稀,0.8104221962315312
眼中故舊青常在,故舊獨依然,0.8161847468341399
鬢上光陰緑不回,春日鬢俱蒼,0.800568750009802
歸去汴橋三皷月,黄草峽西船不歸,0.80103065538444
相思梁苑一枝梅,夜來吹折數枝花,0.8095156476020618
相思梁苑一枝梅,難得一枝來,0.8027054305078958
相思梁苑一枝梅,梅花滿枝堪斷腸,0.8286860399666727
我閑時欲從君醉,衆賓皆醉我獨醒,0.8052446081166195
我閑時欲從君醉,時時乞酒錢,0.8015492247192652
我閑時欲從君醉,誓欲隨君去,0.8010687473279239
我閑時欲從君醉,乘興還來看藥欄,0.8093089455726741
我閑時欲從君醉,得醉卽爲家,0.8001887654001079
我閑時欲從君醉,此身醒復醉,0.8012059378647045
我閑時欲從君醉,吾醉亦長歌,0.820957291676168
我閑時欲從君醉,此身醒復醉,0.8012059378647045
我閑時欲從君醉,乘舟取醉非難事,0.8054328617849678
我閑時欲從君醉,老夫乘興欲東遊,0.8155474113665522
我閑時欲從君醉,定醉山翁酒,0.8023006971331141
我閑時欲從君醉,暇日從時飲,0.8258916230059932
我閑時欲從君醉,吾儕醉不歸,0.802440758499859
爲備芳醪更滿罍,春酒杯濃琥珀薄,0.8049764065200813
爲備芳醪更滿罍,仙醴來浮蟻,0.832556890850723
爲備芳醪更滿罍,椒盤已頌花,0.8001745028057847
爲備芳醪更滿罍,緑樽須盡日,0.8323974983084714
爲備芳醪更滿罍,密沽斗酒諧終宴,0.8222388036469946
爲備芳醪更滿罍,香醪懶再沽,0.8182767324509083
爲備芳醪更滿罍,邊酒排金碗,0.8329349488023925
爲備芳醪更滿罍,只待獻香醪,0.8666940083336567
爲備芳醪更滿罍,樽酒家貧只舊醅,0.805348866803212
爲備芳醪更滿罍,瓶中得酒還,0.8056060536966365
爲備芳醪更滿罍,茗飲蔗漿攜所有,0.8161676337092432
爲備芳醪更滿罍,瓷甖無謝玉爲缸,0.8330676064866356
爲備芳醪更滿罍,移樽勸山簡,0.8176014918579015
爲備芳醪更滿罍,蔗漿歸廚金碗凍,0.8216335840841746
爲備芳醪更滿罍,爲君酤酒滿眼酤,0.8689607659017984
爲備芳醪更滿罍,邀我嘗春酒,0.8253939433497507
爲備芳醪更滿罍,山瓶乳酒下青雲,0.8096308209724906
爲備芳醪更滿罍,主人罷鱠還傾杯,0.8005108888179143
爲備芳醪更滿罍,把臂開樽飲我酒,0.822602290312666
爲備芳醪更滿罍,爛漫倒芳樽,0.827224500740062
爲備芳醪更滿罍,洗杓斟新醖,0.8623424339970205
爲備芳醪更滿罍,把酒宜深酌,0.8073533048199615
爲備芳醪更滿罍,喧呼且覆杯中渌,0.8055950874798186
爲備芳醪更滿罍,共給酒一斛,0.8177138049226992
爲備芳醪更滿罍,濁醪與脱粟,0.8103376322709424
爲備芳醪更滿罍,宴引春壺酒,0.8445187707808539
爲備芳醪更滿罍,重陽獨酌杯中酒,0.8015726408197633
爲備芳醪更滿罍,從兒具緑樽,0.8003572245667517
爲備芳醪更滿罍,潦倒新亭濁酒杯,0.81638280804446
爲備芳醪更滿罍,獻壽更稱觴,0.8313098995212655
爲備芳醪更滿罍,誰欲致杯甖,0.8202621313678928
爲備芳醪更滿罍,衢尊不重飲,0.8286882891790359
爲備芳醪更滿罍,舞階銜壽酒,0.8023480754640331
爲備芳醪更滿罍,市鬻充杯酒,0.8244486307735037
爲備芳醪更滿罍,瓶罍易滿船,0.8049174732692718
俞音下報謫仙人,號爾謫仙人,0.8099202390525388
俞音下報謫仙人,仙鶴下人間,0.8111437298731576
俞音下報謫仙人,鳧看令宰仙,0.8075650273476297
乞與江天自在春,他山自有春,0.8081377904251379
罨畫初游冰欲泮,蠶崖雪似銀,0.8107893394107578
浣花何處月還新,衣上見新月,0.8008421929117897
浣花何處月還新,秦地應新月,0.805962943180426
佇見君王按玉宸,中間謁紫宸,0.8138695276223644
佇見君王按玉宸,宫女開函捧御筵,0.8247458458383365
佇見君王按玉宸,憶昔霓旌下南苑,0.8156544298250826
佇見君王按玉宸,同輦隨君侍君側,0.8200686441177295
佇見君王按玉宸,一命侍鸞輿,0.8151410076572886
佇見君王按玉宸,當時侍金輿,0.8263223977906764
佇見君王按玉宸,歸家初散紫宸朝,0.8120957841743516
佇見君王按玉宸,朝朝染翰侍君王,0.8478385280488748
佇見君王按玉宸,玉階仙仗擁千官,0.8106123776716718
佇見君王按玉宸,雙瞻御座引朝儀,0.8148360207120284
佇見君王按玉宸,去歲兹晨捧御牀,0.8246709694181817
佇見君王按玉宸,去年今日侍龍顔,0.8145182886906452
佇見君王按玉宸,君王指白日,0.8032542508271152
佇見君王按玉宸,奉詔發金微,0.8159332778598803
佇見君王按玉宸,持汝奉明王,0.825170825751977
佇見君王按玉宸,殷憂捧御筵,0.8093848465282628
佇見君王按玉宸,使君騎紫馬,0.8003223059083632
佇見君王按玉宸,王公出御河,0.8200776808548547
佇見君王按玉宸,上帝高居絳節朝,0.8017960864207854
佇見君王按玉宸,盤賜將軍拜舞歸,0.8082866933925029
佇見君王按玉宸,萬一皇恩下玉墀,0.808923557958575
佇見君王按玉宸,獻書謁皇帝,0.8282802248696873
佇見君王按玉宸,登階捧玉册,0.819680703397819
佇見君王按玉宸,扈蹕上元初,0.800591517532476
佇見君王按玉宸,西望瑶池降王母,0.807639483093025
佇見君王按玉宸,西望瑶池降王母,0.807639483093025
佇見君王按玉宸,鳴玉朝來散紫宸,0.8174877804075257
佇見君王按玉宸,衣冠拜紫宸,0.8213858062676526
佇見君王按玉宸,王春度玉墀,0.8371517641341093
佇見君王按玉宸,分日侍諸王,0.8198710242080667
佇見君王按玉宸,肅肅秩初筵,0.8023812704228096
佇見君王按玉宸,瑶墀侍臣已冥寞,0.8152581437715404
九陌無塵夜際天,銀燭朝天紫陌長,0.8042952603841309
九陌無塵夜際天,胡塵暗天道路長,0.805241965560049
九陌無塵夜際天,虚殿日塵埃,0.8039892421142849
車馳馬逐燈方鬧,暮隨肥馬塵,0.8034060762144073
車馳馬逐燈方鬧,而無車馬喧,0.8176193970891985
車馳馬逐燈方鬧,似聞胡騎走,0.8206515807534503
車馳馬逐燈方鬧,白牛車遠近,0.8156672271123097
車馳馬逐燈方鬧,征西車馬羽書馳,0.8396283409641614
車馳馬逐燈方鬧,驅馳厭甲兵,0.8023652007974216
地静人閑月自妍,應耽野趣長,0.8055260540202686
地静人閑月自妍,水花晚色静,0.8133380404329105
地静人閑月自妍,人間月影清,0.8259468273947557
地静人閑月自妍,月出山更静,0.831419566555444
地静人閑月自妍,水静樓陰直,0.8072642988618786
地静人閑月自妍,幽偏得自怡,0.8455656356235784
地静人閑月自妍,賞静憐雲竹,0.802021269800492
地静人閑月自妍,日臨公館静,0.8060887253225426
地静人閑月自妍,月彩静高深,0.8054100390147512
地静人閑月自妍,天虚風物清,0.8100666771351346
地静人閑月自妍,月明遊子静,0.838334220089258
地静人閑月自妍,樓静月侵門,0.842783956446805
地静人閑月自妍,虚白高人静,0.839334774732734
地静人閑月自妍,風月自清夜,0.8071040790936798
地静人閑月自妍,人見幽居僻,0.8079542661243984
地静人閑月自妍,野静白鷗來,0.8219594245411097
地静人閑月自妍,郊扉俗遠長幽寂,0.8158396776777151
佛館醉談懷舊歲,對棋陪謝傅,0.800335184418389
但聞公子微行去,行在僅聞信,0.8021520483135223
但聞公子微行去,君行雖不遠,0.827411715839778
但聞公子微行去,行遲更學仙,0.80422303769798
但聞公子微行去,君行别老親,0.800210223009533
門外驊騮立繡韉,騎馬到階除,0.8053821204892598
門外驊騮立繡韉,暮隨肥馬塵,0.8242739790885627
門外驊騮立繡韉,走馬脱轡頭,0.8358827716549377
門外驊騮立繡韉,驊騮開道路,0.8530661097601677
門外驊騮立繡韉,黄門飛鞚不動塵,0.8012936199799315
門外驊騮立繡韉,當軒下馬入錦茵,0.8453516903586414
門外驊騮立繡韉,世復輕驊騮,0.8108693053240073
門外驊騮立繡韉,御史新驄馬,0.8119623105756482
門外驊騮立繡韉,歸馬散霜蹄,0.8070505059198667
門外驊騮立繡韉,驊騮作駒已汗血,0.8254387715499895
門外驊騮立繡韉,繫馬堂階下,0.8011035675568572
門外驊騮立繡韉,如今豈無騕褭與驊騮,0.8115213760083337
門外驊騮立繡韉,千金裝馬鞭,0.8145414052102447
門外驊騮立繡韉,驄馬新鑿蹄,0.8292481771044302
門外驊騮立繡韉,快馬金纏轡,0.839889717029649
門外驊騮立繡韉,驊騮顧主鳴,0.8195371463810723
門外驊騮立繡韉,驊騮不慣不得將,0.8081848337040836
門外驊騮立繡韉,士卒多騎内厩馬,0.8223540160874881
門外驊騮立繡韉,駐馬望千門,0.808396466440578
門外驊騮立繡韉,丈人駿馬名胡騮,0.8225826329042063
門外驊騮立繡韉,千門立馬看,0.8024494009872387
門外驊騮立繡韉,雪没錦鞍韉,0.8529135685458256
門外驊騮立繡韉,驊騮開道路,0.8530661097601677
門外驊騮立繡韉,纏結青驄馬,0.8159731397024408
門外驊騮立繡韉,空煩卸馬鞍,0.8238115087806185
門外驊騮立繡韉,有客騎驄馬,0.8219427217996417
門外驊騮立繡韉,花邊立馬簇金鞍,0.8908770625758493
門外驊騮立繡韉,能騎生馬駒,0.8034646920548264
門外驊騮立繡韉,遥知簇鞍馬,0.8404381746012657
門外驊騮立繡韉,細馬時鳴金騕褭,0.808948171322152
門外驊騮立繡韉,騎馬行春徑,0.811789183523734
門外驊騮立繡韉,使君五馬一馬驄,0.8097065441934753
門外驊騮立繡韉,樓前出騎馬,0.8337064740995217
門外驊騮立繡韉,匹馬向王畿,0.813469650516779
門外驊騮立繡韉,出入並鞍馬,0.8502469024765316
門外驊騮立繡韉,先帝御馬玉花驄,0.8055515085641343
門外驊騮立繡韉,歸來散馬蹄,0.8031077808690192
門外驊騮立繡韉,鞍馬下秦塞,0.8012351985328332
門外驊騮立繡韉,騎馬入青苔,0.8224910816548812
門外驊騮立繡韉,漢苑歸驊騮,0.8435696090897236
門外驊騮立繡韉,戎馬不如歸馬逸,0.8222849903787294
門外驊騮立繡韉,紫騮隨劍几,0.8341794184018498
門外驊騮立繡韉,人間不解重驊騮,0.836116609456914
門外驊騮立繡韉,御鞍金騕褭,0.865430099617426
門外驊騮立繡韉,垂鞭嚲鞚凌紫陌,0.8688361904120352
門外驊騮立繡韉,驊騮入窮巷,0.8214808347020822
門外驊騮立繡韉,不返青絲鞚,0.8095971568855971
門外驊騮立繡韉,争道朱蹄驕齧膝,0.809639368824034
朔風吹雪滿都城,昨夜東風吹血腥,0.8332368422787133
朔風吹雪滿都城,黄昏胡騎塵滿城,0.8135104467091587
朔風吹雪滿都城,東風吹春冰,0.8230671666909843
朔風吹雪滿都城,陰風西北來,0.812043593575736
朔風吹雪滿都城,疾風吹塵暗河縣,0.8717459863815172
朔風吹雪滿都城,北城悲笳發,0.8089165133627574
朔風吹雪滿都城,朔風飄胡雁,0.8332619254328091
朔風吹雪滿都城,天風吹汝寒,0.8042352431035351
朔風吹雪滿都城,秋風動關塞,0.8175900005677973
朔風吹雪滿都城,野風吹征衣,0.8201356237495202
朔風吹雪滿都城,西山白雪三城戍,0.8290809128785916
朔風吹雪滿都城,朔雲邊雪滿西山,0.8821999632381958
朔風吹雪滿都城,干戈滿地客愁破,0.8079922566157832
朔風吹雪滿都城,風吹蒼江樹,0.8057471101240627
朔風吹雪滿都城,萬里秋風吹錦水,0.8164090647300216
朔風吹雪滿都城,炎風朔雪天王地,0.8535784734629517
朔風吹雪滿都城,黄屋朔風卷,0.8310407292224955
朔風吹雪滿都城,河朔風塵起,0.820068018536129
朔風吹雪滿都城,塞上風雲接地陰,0.8025601523089532
朔風吹雪滿都城,風花白帝城,0.8175366171276022
朔風吹雪滿都城,白馬出江城,0.8102756069014021
朔風吹雪滿都城,秋風欻吸吹南國,0.8283521464226611
朔風吹雪滿都城,北風吹瘴癘,0.8384770879597938
朔風吹雪滿都城,雁度麥城霜,0.811458203777939
朔風吹雪滿都城,猛風中夜吹白屋,0.8131260716733482
朔風吹雪滿都城,北風天正寒,0.8198709995244533
朔風吹雪滿都城,是日霜風凍七澤,0.8009685778847258
朔風吹雪滿都城,楚岸朔風疾,0.8142053128788866
朔風吹雪滿都城,朔風吹桂水,0.870580148985163
朔風吹雪滿都城,北雪犯長沙,0.8084815991995065
朔風吹雪滿都城,北走關山開雨雪,0.80582737942081
曉踏驊騮訪玉京,騎馬到階除,0.8226285539450013
曉踏驊騮訪玉京,驊騮開道路,0.8545722237587533
曉踏驊騮訪玉京,未惜馬蹄遥,0.8190215736898907
曉踏驊騮訪玉京,驄馬新鑿蹄,0.8139769314828638
曉踏驊騮訪玉京,侍臣緩步歸青瑣,0.8010833322028617
曉踏驊騮訪玉京,聯步趨丹陛,0.800684761320379
曉踏驊騮訪玉京,泥滑不敢騎朝天,0.8013225913169997
曉踏驊騮訪玉京,驊騮不慣不得將,0.8002649506820942
曉踏驊騮訪玉京,駐馬望千門,0.8056557994945215
曉踏驊騮訪玉京,懶回鞭轡成高宴,0.8041294760782473
曉踏驊騮訪玉京,驊騮開道路,0.8545722237587533
曉踏驊騮訪玉京,有客騎驄馬,0.821421690593412
曉踏驊騮訪玉京,奉引濫騎沙苑馬,0.8269272215088551
曉踏驊騮訪玉京,花邊立馬簇金鞍,0.8011150733174869
曉踏驊騮訪玉京,多暇日陪驄馬遊,0.8187390442589855
曉踏驊騮訪玉京,騎馬行春徑,0.8171203053864236
曉踏驊騮訪玉京,直愁騎馬滑,0.8030293678388964
曉踏驊騮訪玉京,使君騎紫馬,0.8180517162543888
曉踏驊騮訪玉京,匹馬向王畿,0.8096817339720088
曉踏驊騮訪玉京,先帝御馬玉花驄,0.8203872670361214
曉踏驊騮訪玉京,霜蹄蹴踏長楸間,0.8003414804535718
曉踏驊騮訪玉京,歸來散馬蹄,0.8012958108422867
曉踏驊騮訪玉京,鞍馬下秦塞,0.8012971689490833
曉踏驊騮訪玉京,騎馬入青苔,0.847462838807167
曉踏驊騮訪玉京,漢苑歸驊騮,0.8644859205104156
曉踏驊騮訪玉京,紫騮隨劍几,0.806850299058021
曉踏驊騮訪玉京,垂鞭嚲鞚凌紫陌,0.8219203769677674
曉踏驊騮訪玉京,清晨散馬蹄,0.8264417605197664
曉踏驊騮訪玉京,驊騮入窮巷,0.8188526182909772
曉踏驊騮訪玉京,嘶鳴望天衢,0.8019966541671679
相引槽頭看春酒,生前相遇且銜杯,0.8075461460730917
相引槽頭看春酒,酒盡沙頭雙玉瓶,0.8403192053525466
相引槽頭看春酒,牆頭過濁醪,0.8218376692205407
相引槽頭看春酒,邊酒排金碗,0.8097372965504596
相引槽頭看春酒,隔籬呼取盡餘杯,0.8106986770948661
相引槽頭看春酒,應須美酒送生涯,0.8058610003451987
相引槽頭看春酒,爲君酤酒滿眼酤,0.815381704841726
相引槽頭看春酒,山瓶乳酒下青雲,0.8073528603543957
相引槽頭看春酒,洗盞開嘗對馬軍,0.8040989362235186
相引槽頭看春酒,呼婢取酒壺,0.8270992508723298
相引槽頭看春酒,喧呼且覆杯中渌,0.8049506661808685
相引槽頭看春酒,宴引春壺酒,0.8160146862409892
相引槽頭看春酒,相迎自醱醅,0.8041403803425444
細流三峽夜泉聲,雲門吼瀑泉,0.8304751209146719
細流三峽夜泉聲,詞源倒流三峽水,0.8378541100348346
細流三峽夜泉聲,泉聲聞復息,0.8159196294529845
細流三峽夜泉聲,水號北流泉,0.8243170545722144
細流三峽夜泉聲,黄牛峽静灘聲轉,0.8267452248493707
細流三峽夜泉聲,三峽徒雷吼,0.8131231256015907
細流三峽夜泉聲,江鳴夜雨懸,0.8139739360918006
細流三峽夜泉聲,泉聲帶玉琴,0.8309209794343464
細流三峽夜泉聲,潺潺石間溜,0.8375297272935553
細流三峽夜泉聲,高江急峽雷霆鬭,0.8091286762365346
細流三峽夜泉聲,寒流江甚細,0.8003544006032252
細流三峽夜泉聲,雷聲忽送千峰雨,0.802710602700497
細流三峽夜泉聲,峽口風常急,0.8091298813659251
細流三峽夜泉聲,通竹溜涓涓,0.8046705474887565
細流三峽夜泉聲,空峽夜多聞,0.8150976428747175
細流三峽夜泉聲,石泉流暗壁,0.8274207981168017
細流三峽夜泉聲,黄牛峽水喧,0.8123862216166167
細流三峽夜泉聲,巫峽中宵動,0.8096524307437024
細流三峽夜泉聲,泉源泠泠雜猿狖,0.8213512768234315
細流三峽夜泉聲,奔泉濺水珠,0.8054153879115001
金母紫皇開壽域,中間謁紫宸,0.8435420956490809
金母紫皇開壽域,宫女開函捧御筵,0.8419287538016709
金母紫皇開壽域,八荒開壽域,0.8409448893952122
金母紫皇開壽域,一命侍鸞輿,0.8045535979698043
金母紫皇開壽域,歸家初散紫宸朝,0.8092607152334412
金母紫皇開壽域,九天閶闔開宫殿,0.835694900502908
金母紫皇開壽域,金闕曉鐘開萬户,0.8144916346238096
金母紫皇開壽域,雙瞻御座引朝儀,0.8058246540634241
金母紫皇開壽域,鶴駕通宵鳳輦備,0.8004377470724617
金母紫皇開壽域,奉詔發金微,0.8227081705845403
金母紫皇開壽域,自天銜瑞圖,0.8025054126914303
金母紫皇開壽域,三皇五帝前,0.8328458177353522
金母紫皇開壽域,當時上紫殿,0.8075694614779854
金母紫皇開壽域,把詔紫微天,0.8082368733024079
金母紫皇開壽域,二天開寵餞,0.821509016496105
金母紫皇開壽域,上帝高居絳節朝,0.8276460967817164
金母紫皇開壽域,承恩數上南薰殿,0.8128172270620666
金母紫皇開壽域,萬一皇恩下玉墀,0.8388696696918434
金母紫皇開壽域,獻書謁皇帝,0.810665436018289
金母紫皇開壽域,扈蹕上元初,0.8029826971933642
金母紫皇開壽域,西望瑶池降王母,0.8154092618018289
金母紫皇開壽域,西望瑶池降王母,0.8154092618018289
金母紫皇開壽域,玉京群帝集北斗,0.8047908563377237
金母紫皇開壽域,南極老人應壽昌,0.8209620624507742
金母紫皇開壽域,聲華夾宸極,0.8086628713477813
金母紫皇開壽域,紫殿九華燈,0.815966319920863
金母紫皇開壽域,鳴玉朝來散紫宸,0.8199189166215092
金母紫皇開壽域,武德開元際,0.811564199712959
金母紫皇開壽域,閶闔開黄道,0.8051992790924809
金母紫皇開壽域,玄元皇帝聖雲孫,0.8469744473366818
金母紫皇開壽域,喜近天皇寺,0.8018246101440135
金母紫皇開壽域,皇極正乘輿,0.8005908670251265
金母紫皇開壽域,聖朝光御極,0.8400605178290015
金母紫皇開壽域,皇輿三極北,0.8284896560983113
金母紫皇開壽域,上殿稱萬壽,0.8322229678393607
金母紫皇開壽域,洞主降接武,0.8168566361294688
煉成天地一爐沙,功安造化爐,0.810100583286774
煉成天地一爐沙,大火運金氣,0.8129681943159914
煉成天地一爐沙,鍊骨調情性,0.8120397877959524
千花亂發春無耐,萬草千花動凝碧,0.8226859018107857
千花亂發春無耐,白髮好禁春,0.8087331748443409
千花亂發春無耐,亂插繁花向晴昊,0.8075776305214766
千花亂發春無耐,野館穠花發,0.8016046976946609
千花亂發春無耐,白髮悲花落,0.8113138284722168
千花亂發春無耐,故園花自發,0.8205517967527346
千花亂發春無耐,摘花不插髮,0.8107907881271753
千花亂發春無耐,寒城菊自花,0.8090478375221948
千花亂發春無耐,春來花鳥莫深愁,0.8065438823994164
千花亂發春無耐,稠花亂蕊裹江濱,0.821504264945173
千花亂發春無耐,桃花一簇開無主,0.8406782911299923
千花亂發春無耐,江花結子也無多,0.8252262397630865
千花亂發春無耐,白雪避花繁,0.8008054849786701
千花亂發春無耐,寒花隱亂草,0.8122632324614876
千花亂發春無耐,春花不愁不爛熳,0.8318949106556841
千花亂發春無耐,獨樹花發自分明,0.8041545721403092
千花亂發春無耐,菊花從此不須開,0.8072907495649693
千花亂發春無耐,餘寒拆花卉,0.8037474404557982
千花亂發春無耐,風妬紅花却倒吹,0.8012073715419845
萬井交光月未斜,倒懸瑶池影,0.8020881214195691
萬井交光月未斜,月明垂葉露,0.8089444035810581
萬井交光月未斜,返照斜初徹,0.8063714532895089
萬井交光月未斜,新月猶懸雙杵鳴,0.8079448666016157
萬井交光月未斜,雲石熒熒高葉曙,0.8207065830409799
萬井交光月未斜,落杵光輝白,0.8019410584543558
貧巷有人衣不纊,煖客貂鼠裘,0.80280404548364
貧巷有人衣不纊,地僻懶衣裳,0.8337740262603758
貧巷有人衣不纊,裋褐更無營,0.8070360547350507
貧巷有人衣不纊,地偏初衣裌,0.814842540950935
北窗驚我眼飛花,且看欲盡花經眼,0.8105271074130982
北窗驚我眼飛花,笑時花近眼,0.8026542860763338
北窗驚我眼飛花,梅花欲開不自覺,0.8125667428495742
北窗驚我眼飛花,未將梅蕊驚愁眼,0.8153215339130969
北窗驚我眼飛花,眼復幾時暗,0.8081852847594441
北窗驚我眼飛花,梅花已飛翻,0.8033790018758669
北窗驚我眼飛花,今晨散帙眼忽開,0.8274518155160738
歌樓處處催沽酒,仍唱夷歌飲都市,0.8067849415432244
歌樓處處催沽酒,城市不聞歌,0.8197821585628887
歌樓處處催沽酒,酒憶郫筒不用酤,0.8061929225324775
歌樓處處催沽酒,樓頭喫酒樓下卧,0.8010324332741514
歌樓處處催沽酒,處處隣家笛,0.8216381124529901
歌樓處處催沽酒,罷酒酣歌拓金戟,0.8027383393812173
誰念寒生泣白華,慰我垂白泣,0.8032457971325817
誰念寒生泣白華,白髮竟誰憐,0.8201621544094024
誰念寒生泣白華,山寒夜中泣,0.8114460825417817
誰念寒生泣白華,遥憐湘水魂,0.8017887624520879
誰念寒生泣白華,泣血迸空回白頭,0.8073870392410242
誰念寒生泣白華,吾思哭孤冢,0.8203317984199548
誰念寒生泣白華,白骨更何憂,0.8131229793698401
誰念寒生泣白華,同泣舜蒼梧,0.8017720211284919
誰念寒生泣白華,哭君餘白頭,0.8136590991607657
誰念寒生泣白華,白首獨餘哀,0.8105994165739836
誰念寒生泣白華,誰憫敝貂裘,0.8031125539145781
誰念寒生泣白華,朔雲寒菊倍離憂,0.8082558107286779
眼入毫端寫竹真,故獨寫真傳世人,0.8084473687245476
眼入毫端寫竹真,愛畫入骨髓,0.8007174207449459
眼入毫端寫竹真,詩成珠玉在揮毫,0.8043557119681763
眼入毫端寫竹真,皆寫青田真,0.8158464053940454
枝掀葉舉是精神,跳枝竄葉樹木中,0.8113819912763729
枝掀葉舉是精神,病葉多先墜,0.8055375840575486
因知幻物出無象,造化鍾神秀,0.8078763797598327
因知幻物出無象,豈知異物同精氣,0.8369377273959804
因知幻物出無象,尚謂求無形,0.8302963837234468
因知幻物出無象,矯矯龍性含變化,0.8266427238689213
因知幻物出無象,年多物化空形影,0.8256143651622301
因知幻物出無象,物性固難奪,0.8040125893510919
因知幻物出無象,以茲悟生理,0.8146499725599111
因知幻物出無象,至性有此不,0.8147215750000317
因知幻物出無象,乃知畫師妙,0.8040155582077069
因知幻物出無象,巧刮造化窟,0.8340965292145764
因知幻物出無象,始知神龍别有種,0.8421734818470861
因知幻物出無象,應接非本性,0.8296905297479856
因知幻物出無象,物理固自然,0.8220225024345201
因知幻物出無象,炯然無外求,0.8054889294985504
因知幻物出無象,神物有顯晦,0.8142537491297805
因知幻物出無象,造幽無人境,0.8227550797102621
因知幻物出無象,乃知變化不可窮,0.8763318343205226
因知幻物出無象,政化錯迕失大體,0.804194049762226
因知幻物出無象,蒼天變化誰料得,0.8329034106428985
因知幻物出無象,静求元精理,0.8163836376249705
因知幻物出無象,蛟龍無定窟,0.8002589812941897
因知幻物出無象,可以物理推,0.8063931346856442
因知幻物出無象,那知根無鬼神會,0.8595546056676293
因知幻物出無象,會希全物色,0.8069606860019702
因知幻物出無象,此生隨萬物,0.8209714073278491
因知幻物出無象,本是池中物,0.8073862787518862
因知幻物出無象,無乃傳其狀,0.813005235984777
因知幻物出無象,情窮造化理,0.8172060299249079
因知幻物出無象,鬒變負人境,0.8097234941970823
因知幻物出無象,陶冶性靈存底物,0.8114816841893318
因知幻物出無象,字體變化如浮雲,0.8081111139501536
因知幻物出無象,萬物附本性,0.8259391344085405
因知幻物出無象,人情見非類,0.810742703051354
因知幻物出無象,神物有所歸,0.8029872582934079
仁祖康四海,含弘知四大,0.8092467135798633
仁祖康四海,道德付今王,0.8132113177562903
仁祖康四海,嘉謨及遠黎,0.8108088327936873
仁祖康四海,聖圖天廣大,0.8321615541206204
仁祖康四海,迥繼先父祖,0.8091799586048394
仁祖康四海,世祖修高廟,0.809951460256408
仁祖康四海,今王德教淳,0.8396823725587886
仁祖康四海,一德興王後,0.8151856880877868
仁祖康四海,皇天德澤降,0.8056367953218253
仁祖康四海,昔在堯四岳,0.8168873429307939
仁祖康四海,聖聰矧多仁,0.8280780970941275
仁祖康四海,繼體如太宗,0.8031011995465637
仁祖康四海,聖哲體仁恕,0.8404241581364102
仁祖康四海,天王日儉德,0.8045644605670765
仁祖康四海,堯有四岳明至理,0.8190245803756748
仁祖康四海,崇大王法度,0.8192552284115093
仁祖康四海,聖哲垂彖繫,0.8017124408552765
仁祖康四海,秩禮自百王,0.8044147466986991
仁祖康四海,宗枝神堯後,0.8175535029819134
本朝盛文章,文章實致身,0.8175637106206319
本朝盛文章,開府當朝傑,0.8052598024307018
本朝盛文章,文物多師古,0.8171997666354952
本朝盛文章,文公賞從臣,0.8048120964829386
本朝盛文章,文章亦不盡,0.8189064386902711
本朝盛文章,班揚名甚盛,0.8068010934148465
本朝盛文章,名豈文章著,0.8487423552795701
本朝盛文章,朝廷多正臣,0.8259031386616223
本朝盛文章,昔觀文苑傳,0.8200945179179967
本朝盛文章,文雅見天倫,0.8072147193136057
本朝盛文章,文包舊史善,0.8194833242678856
本朝盛文章,用才文章境,0.8293018829924095
本朝盛文章,文武衣冠異昔時,0.8160872495871256
本朝盛文章,獨當省署開文苑,0.8011727956245769
本朝盛文章,文章並我先,0.8282100593997282
本朝盛文章,子建文章壯,0.8085943138113639
本朝盛文章,時見文章士,0.8341841861602304
本朝盛文章,豫章太守高帝孫,0.8034379016999119
本朝盛文章,已似愛文章,0.811697145032986
本朝盛文章,海内文章伯,0.8245261455032422
本朝盛文章,曳裾終日盛文儒,0.8153321765139637
本朝盛文章,文翰飛省寺,0.8015254869873873
本朝盛文章,漢道中興盛,0.8097216206705018
本朝盛文章,隋朝大業末,0.8277252284574103
本朝盛文章,盛才冠巖廊,0.81468376158951
本朝盛文章,宗英李端公,0.8093057319519612
蘇郎如虎豹,李侯金閨彦,0.808944495166749
蘇郎如虎豹,李侯有佳句,0.8009799644230358
蘇郎如虎豹,惡若哮虎子所監,0.8006438480643153
蘇郎如虎豹,遂使貔虎士,0.8069391981199886
蘇郎如虎豹,虎豹號我西,0.800047012557507
蘇郎如虎豹,平公今詩伯,0.8020597888918899
蘇郎如虎豹,公才或守雌,0.8118303720989295
蘇郎如虎豹,渭老得熊羆,0.8070861226668833
蘇郎如虎豹,李斯憶黄犬,0.8103797225490441
蘇郎如虎豹,昔有佳人公孫氏,0.8028235483964146
蘇郎如虎豹,蘇氏今有之,0.8035282489121256
孤嘯翰墨場,詞場竟疏闊,0.8187480868748207
孤嘯翰墨場,出遊翰墨場,0.8817568050253484
孤嘯翰墨場,詞翰兩如神,0.8052898055921403
俊鋒不可當,先鋒孰敢争,0.8495511350043146
俊鋒不可當,胡羯豈强敵,0.8112035319907391
俊鋒不可當,力强不可制,0.8328950495913807
俊鋒不可當,摧鋒皆絶倫,0.8516006790156544
俊鋒不可當,奇兵不在衆,0.8194175105963775
俊鋒不可當,精鋭舊無敵,0.8288920829609151
俊鋒不可當,爽氣不可致,0.8068812431694206
俊鋒不可當,不須羡其强,0.8002422619761017
俊鋒不可當,筋力豈能及,0.8164609493468369
俊鋒不可當,用才復擇誰,0.8040212072594015
俊鋒不可當,將軍勇鋭與之敵,0.8106238397477177
俊鋒不可當,時危可仗真豪俊,0.8250910283236625
俊鋒不可當,俊傑思自致,0.8034162580826563
俊鋒不可當,蚊蚋焉能當,0.806955918335144
學書窺法窟,疏通略文字,0.8023612109133771
學書窺法窟,藏書聞禹穴,0.8226203923184285
學書窺法窟,道術曾留意,0.8120683268448399
學書窺法窟,學書初學衞夫人,0.815563738475529
學書窺法窟,問法看詩妄,0.8298791559098897
學書窺法窟,秘訣隱文須内教,0.8408479829443929
學書窺法窟,玄宗妙其書,0.8035265383402657
學書窺法窟,鈎深法更秘,0.8429583208379587
當代見崔張,韋賢初相漢,0.8038603510063955
當代見崔張,鄭氏才振古,0.8013249407562181
當代見崔張,近代惜盧王,0.8124668885962041
當代見崔張,高視見霸王,0.8022316485553265
當代見崔張,當代論才子,0.8435978292787554
當代見崔張,斯文崔魏徒,0.8060308375745626
當代見崔張,恐是漢代韓張良,0.8328096576759505
當代見崔張,秦有李斯漢蔡邕,0.8064129861380527
銀鉤刻琬琰,蹙金孔雀銀麒麟,0.8038038573097039
銀鉤刻琬琰,鐫錯碧甖鸊鵜膏,0.8000712960153198
銀鉤刻琬琰,頭陀琬琰鐫,0.8797287043762928
蠆尾回縑湘,龍蛇動篋蟠銀鈎,0.8020975588335715
擢登羣玉府,筵秩宴北林,0.8126612169698437
擢登羣玉府,特進羣公表,0.8218884072111827
擢登羣玉府,千官列雁行,0.8126487207660216
擢登羣玉府,中間謁紫宸,0.802477904250472
擢登羣玉府,開府當朝傑,0.8496733581021676
擢登羣玉府,禮闈曾擢桂,0.852697449346646
擢登羣玉府,扈聖登黄閣,0.8092589809364227
擢登羣玉府,玉階仙仗擁千官,0.856494335353749
擢登羣玉府,聯步趨丹陛,0.8148368605620293
擢登羣玉府,遷擢潤朝廷,0.81609090467087
擢登羣玉府,豈憶當殿群臣趨,0.8023863595665561
擢登羣玉府,公若登台輔,0.8021910770387337
擢登羣玉府,衞青開幕府,0.8081857521584456
擢登羣玉府,迥出名臣上,0.806355990954569
擢登羣玉府,上帝高居絳節朝,0.801499975698075
擢登羣玉府,府中瞻暇日,0.8036775741661761
擢登羣玉府,名玷薦賢中,0.8003783374640436
擢登羣玉府,曾爲掾吏趨三輔,0.8142490713940306
擢登羣玉府,肅宗登寶位,0.8473491268212645
擢登羣玉府,四登會府地,0.8481665993730527
擢登羣玉府,登階捧玉册,0.8520248991855738
擢登羣玉府,玉京群帝集北斗,0.8496155767602382
擢登羣玉府,獨當省署開文苑,0.8161532353932408
擢登羣玉府,北部初高選,0.8387143998022069
擢登羣玉府,叨陪幕府要,0.8260954843848293
擢登羣玉府,兩都開幕府,0.825416955707351
擢登羣玉府,漢朝頻選將,0.8063522250298376
擢登羣玉府,郎官列宿應,0.8223099764184076
擢登羣玉府,鳴玉朝來散紫宸,0.816936805128198
擢登羣玉府,玉府標孤映,0.8163767052705779
擢登羣玉府,翟表郎官瑞,0.8024009348249452
擢登羣玉府,來簪御府筆,0.8014512643316754
臺閣自生光,焚香淑景殿,0.8003296743976571
臺閣自生光,丹青照臺閣,0.8176398511416751
臺閣自生光,始覺屏障生光輝,0.8133445364537584
臺閣自生光,空山樓閣暮春光,0.8229342187240742
臺閣自生光,紫殿九華燈,0.8034573600084804
臺閣自生光,烏臺俯麟閣,0.805259835074494
臺閣自生光,臺閣黄圖裏,0.8004205522307151
臺閣自生光,端拱自光輝,0.8105463699549198
春風吹曉雨,華館春風起,0.8173391867863773
春風吹曉雨,昨夜東風吹血腥,0.8315578552356213
春風吹曉雨,衣霑春雨時,0.8070337746558531
春風吹曉雨,東風吹春冰,0.85826623809382
春風吹曉雨,春帆細雨來,0.819540545829132
春風吹曉雨,曉來急雨春風顛,0.8632039571900993
春風吹曉雨,春風草又生,0.8004716468967201
春風吹曉雨,頭風吹過雨,0.8625714850291875
春風吹曉雨,風起春城暮,0.8436133789622896
春風吹曉雨,春風入鼓鼙,0.8124053331573957
春風吹曉雨,春風花草香,0.8060741037186427
春風吹曉雨,春城雨色動微寒,0.8343594998877144
春風吹曉雨,迴風吹早秋,0.8288317994242842
春風吹曉雨,江上今朝寒雨歇,0.8087597181960883
春風吹曉雨,江漢春風起,0.8159716239189576
春風吹曉雨,十日北風風未迴,0.8035600571030703
春風吹曉雨,北風昨夜雨,0.8330798690453405
春風吹曉雨,朔風吹桂水,0.8135698419152578
春風吹曉雨,春寒細雨出疏籬,0.8010677421203753
人聲市朝遠,而無人世喧,0.8073285134508659
人聲市朝遠,終防市井喧,0.8143536151279792
人聲市朝遠,市喧宜近利,0.8431395271096012
人聲市朝遠,喧已去人群,0.8207709020577161
簾影花光凉,江色映疏簾,0.8175725568678828
簾影花光凉,舍影漾江流,0.806735285559015
簾影花光凉,入簾殘月影,0.8486636343405811
簾影花光凉,水深雲光廓,0.8122091440929275
簾影花光凉,江月光於水,0.8015297843830532
簾影花光凉,偶經花蕊弄輝輝,0.8108785277980688
秋河湔筆研,臨池真盡墨,0.8200997505599827
怨句挾風霜,淒涼憐筆勢,0.8059148910984244
怨句挾風霜,未效風霜勁,0.823571730902998
怨句挾風霜,雪涕風悲鳴,0.8103959060323112
怨句挾風霜,秋風動哀壑,0.8033218708409368
怨句挾風霜,冰翼雪澹傷哀猱,0.8039259455246492
不甘老天禄,難甘原憲貧,0.8177806070719709
不甘老天禄,諫官非不達,0.816658981623681
不甘老天禄,何日霑微禄,0.813149033512947
不甘老天禄,身退豈待官,0.8243278417502942
不甘老天禄,甘澤不在早,0.8006488699892409
不甘老天禄,君有長才不貧賤,0.8062036155268378
不甘老天禄,累奏資薄禄,0.8023547346565585
不甘老天禄,賢良雖得禄,0.8172178660581909
不甘老天禄,事主非無禄,0.8219717842013277
不甘老天禄,不才甘朽質,0.815624222844904
不甘老天禄,士子甘旨闕,0.8006659810457644
不甘老天禄,今幸樂國養微軀,0.8214198358895097
試欲叫未央,問答未及已,0.8095027322305584
小臣膽如斗,將軍膽氣雄,0.8051626692619082
小臣膽如斗,亦如小臣媚至尊,0.8083427953105711
小臣膽如斗,猛將宜嘗膽,0.801385116117256
侏儒俸一囊,儒冠多誤身,0.8298672317625502
侏儒俸一囊,多病休儒服,0.8104749033219092
侏儒俸一囊,金錢罄一餐,0.8059800708204814
侏儒俸一囊,儒術豈謀身,0.8172457157482611
侏儒俸一囊,朝廷半老儒,0.8025739269015885
侏儒俸一囊,侏儒應共飽,0.8252400015709198
侏儒俸一囊,一字賣堪貧,0.8157358977729479
侏儒俸一囊,百年粗糲腐儒餐,0.8746108464861553
侏儒俸一囊,計拙無衣食,0.8014982472000127
侏儒俸一囊,健兒勝腐儒,0.8240611249907697
侏儒俸一囊,無心恥賤貧,0.8019397629136882
侏儒俸一囊,一官羈絆實藏身,0.803480308119801
請提師十萬,請先偃甲兵,0.8082402979971125
奉辭問犬羊,奉辭還杖策,0.8218461524012203
奉辭問犬羊,拜辭詣闕下,0.8036902060359177
奉辭問犬羊,奉詔許牽裾,0.8154286423024207
奉辭問犬羊,奉公舉骨肉,0.8111628258659536
奉辭問犬羊,借問頻朝謁,0.8080519872803571
奉辭問犬羊,紫衣使者辭復命,0.8022940292132035
歸鞍飲月支,忘歸步月臺,0.8000231740218837
歸鞍飲月支,乘月坐胡牀,0.8101486051223712
歸鞍飲月支,朋來坐馬韉,0.8016240075024375
人事多乖迕,苦遭此物聒,0.8049887531086701
人事多乖迕,艱難世事迫,0.8519549244888938
人事多乖迕,人世别離難,0.8215824254311477
人事多乖迕,所遇多被傷,0.8208006778247595
人事多乖迕,人事多錯迕,0.9522530427951093
人事多乖迕,世情惡衰歇,0.8050071433225672
人事多乖迕,俗態猶猜忌,0.8037709179066523
人事多乖迕,實恐人事稠,0.8353006932526286
人事多乖迕,物賤事已暌,0.8175274012574107
人事多乖迕,世路雖多梗,0.8005296431454524
人事多乖迕,人生流滯生理難,0.8076712998253903
人事多乖迕,古來遭喪亂,0.8025363080160308
人事多乖迕,世事固堪論,0.8008688074249528
人事多乖迕,俄頃恐違迕,0.8095470613803217
人事多乖迕,殊俗還多事,0.8200863547581816
人事多乖迕,世事各艱難,0.8614714306468191
南遷浮夜航,南紀阻歸楫,0.8072066621940659
南遷浮夜航,已具浮海航,0.816313466672093
南遷浮夜航,南渡桂水闕舟楫,0.832691307286501
南遷浮夜航,南汎上瀧舠,0.8120430759434414
此時調玉燭,仰思調玉燭,0.8404443048746286
此時調玉燭,此時瞻白兔,0.8033603773284436
此時調玉燭,大曆三年調玉燭,0.8072110007581126
日行中道黄,中夜間道歸,0.8091783963405721
日行中道黄,日夜更望官軍至,0.8035327322995816
日行中道黄,客行新安道,0.8030048017076628
日行中道黄,驛道出流沙,0.8004916908429148
日行中道黄,日假何道行,0.8504463362147392
日行中道黄,仍看蜀道行,0.8195564537131437
柄臣似牛李,君臣尚論兵,0.8034588475658941
柄臣似牛李,小臣議論絶,0.8079574077838126
傾奪謀未臧,亡命嬰禍羅,0.809628394976154
傾奪謀未臧,反正計始遂,0.801569832253102
傾奪謀未臧,用心未甚臧,0.8022444048151629
傾奪謀未臧,罪戾寬猶活,0.8035963433307819
魯酒圍邯鄲,漁陽突騎邯鄲兒,0.8031567205546539
老龜禍枯桑,枯查卷拔樹,0.8171443396036313
老龜禍枯桑,歲久爲枯林,0.8243774793980623
老龜禍枯桑,枯木半龍鱗,0.8126104019267159
兼官百郡邸,東郡趨庭日,0.8523994519504203
兼官百郡邸,赤縣官曹擁才傑,0.8034296504344709
兼官百郡邸,縣官急索租,0.8335708004050741
兼官百郡邸,近聞下詔喧都邑,0.8054445442100067
兼官百郡邸,幕府輟諫官,0.8221387511811338
兼官百郡邸,尚置官居守,0.8115160733798825
兼官百郡邸,近侍歸京邑,0.8003042335720272
兼官百郡邸,葉縣郎官宰,0.8465121194471712
兼官百郡邸,官有王司直,0.8059798627656594
兼官百郡邸,官軍未通蜀,0.8347164192205967
兼官百郡邸,五載客蜀郡,0.8267043238851122
兼官百郡邸,曾爲掾吏趨三輔,0.8144359875584696
兼官百郡邸,官聯辭冗長,0.8105376467465841
兼官百郡邸,爲郡得固辭,0.8448781767566256
兼官百郡邸,官免供給費,0.8042063317471406
兼官百郡邸,宛彼漢中郡,0.8184971357567066
兼官百郡邸,叨陪幕府要,0.8025234939614576
兼官百郡邸,爾過江陵府,0.8042370238296296
兼官百郡邸,城中賢府主,0.8268194383200462
兼官百郡邸,郎官幸備員,0.8343113527064492
兼官百郡邸,鬻市輸官曹,0.8081763805307545
兼官百郡邸,上官督有司,0.8310161685455427
兼官百郡邸,郡邑地卑饒霧雨,0.802554332255939
兼官百郡邸,天下郡國向萬城,0.813181450981437
兼官百郡邸,中丞連帥職,0.818846543852408
報賽用歲常,此物歲不稔,0.8095136528494903
報賽用歲常,農人望歲稔,0.8364935595248862
報賽用歲常,是時倉廩實,0.8017408582094279
報賽用歲常,今古歲方寧,0.8022718061377101
報賽用歲常,晚歲何功使願果,0.8049982601712593
報賽用歲常,邦家用祀典,0.8044916946303589
招延青雲士,已從招提遊,0.8075181570629688
共醉椒糈觴,百罰深杯辭不辭,0.8026877279691801
共醉椒糈觴,椒盤已頌花,0.8430324514983056
共醉椒糈觴,緑樽須盡日,0.8234628728093076
共醉椒糈觴,密沽斗酒諧終宴,0.8102064993951321
共醉椒糈觴,客醉揮金碗,0.8129120314676592
共醉椒糈觴,何知共酒杯,0.8396162631502138
共醉椒糈觴,只待獻香醪,0.8018620697710941
共醉椒糈觴,一舉累十觴,0.8107400003085424
共醉椒糈觴,十觴亦不醉,0.8186479718079364
共醉椒糈觴,對酒滿壺頻,0.809598421482078
共醉椒糈觴,誰能載酒開金盞,0.8103744361369818
共醉椒糈觴,日夜倒芳樽,0.8329619940399913
共醉椒糈觴,邀我嘗春酒,0.816912589780262
共醉椒糈觴,把臂開樽飲我酒,0.8295125062169038
共醉椒糈觴,爛漫倒芳樽,0.8547647716087846
共醉椒糈觴,先𢬵一飲醉如泥,0.8040069617360336
共醉椒糈觴,把酒宜深酌,0.8045267035737147
共醉椒糈觴,宴引春壺酒,0.8692171867795435
共醉椒糈觴,重陽獨酌杯中酒,0.8079433434723706
共醉椒糈觴,獻壽更稱觴,0.8555531348027834
共醉椒糈觴,朋酒日歡會,0.8029674435806111
共醉椒糈觴,酒香傾坐側,0.80193849824796
共醉椒糈觴,氣若酣杯酒,0.8198563358506054
共醉椒糈觴,誰欲致杯甖,0.8011153417058814
共醉椒糈觴,衢尊不重飲,0.8055901951399935
共醉椒糈觴,舞階銜壽酒,0.8134883406848741
俗客避白眼,俗態猶猜忌,0.812087120614229
俗客避白眼,畜眼未見有,0.8135756693529358
俗客避白眼,休怪兒童延俗客,0.8128810431817919
俗客避白眼,途窮反遭俗眼白,0.872149041398812
俗客避白眼,園吏未足怪,0.804216472440411
俗客避白眼,經過倦俗態,0.8272207326182469
俗客避白眼,瑣細隘俗務,0.8054268697730012
傲歌舞紅裳,拂水低回舞袖翻,0.8436812590412417
傲歌舞紅裳,湘妃漢女出歌舞,0.8130623496640568
傲歌舞紅裳,酒酣懶舞誰相拽,0.8125212800831682
傲歌舞紅裳,醉舞梁園夜,0.8024134915292103
傲歌舞紅裳,白日移歌袖,0.8052088861479619
傲歌舞紅裳,誰憐屢舞長,0.814765269094964
傲歌舞紅裳,飄泊且聽歌,0.8027816291656994
傲歌舞紅裳,朱袖拂雲和,0.8159552792284117
傲歌舞紅裳,歌舞散靈衣,0.8695251040448563
傲歌舞紅裳,風涼出舞雩,0.8050117472697635
傲歌舞紅裳,醉從趙女舞,0.8048943638762294
傲歌舞紅裳,醉舞爲誰醒,0.8078852927720672
傲歌舞紅裳,笑舞拓秋窗,0.8014964142147742
傲歌舞紅裳,桂楫帶酣歌,0.8049206067208219
傲歌舞紅裳,一爲歌行歌主客,0.8005956323834864
謗書動宸極,詔書引上殿,0.8278739931687302
謗書動宸極,宸極妖星動,0.83976380437075
謗書動宸極,敕書憐贊普,0.8010888723159945
謗書動宸極,睿想丹墀近,0.8049049827541553
謗書動宸極,奉詔發金微,0.83350866856803
謗書動宸極,聲華夾宸極,0.849940010795752
謗書動宸極,皇極正乘輿,0.8151508104675632
謗書動宸極,聖朝光御極,0.8211947548851961
謗書動宸極,皇輿三極北,0.8158388032982344
謗書動宸極,開緘書札光,0.8060143206246482
牢户繫桁楊,纜侵堤柳繫,0.8215603827646077
牢户繫桁楊,千條弱柳垂青瑣,0.8033818445230909
牢户繫桁楊,隔户楊柳弱嫋嫋,0.8277957402905931
九原人走臧,九州道路無豺虎,0.8206929378712535
庖丁提刀立,左將吕虔刀,0.8089250157225178
庖丁提刀立,饔子左右揮霜刀,0.821079863443434
庖丁提刀立,右持腰間刀,0.8280351572935857
滿志無四旁,略地兩隅空,0.8082824432022885
