황정견,두보,코사인 유사도
白首要同歸,頭白好歸來,0.8285934434075954
白首要同歸,相知成白首,0.8160955836944315
春回花草班,春星帶草堂,0.8078792223936087
春回花草班,幾年春草歇,0.8143309522637212
春回花草班,城春草木深,0.8216586904150741
春回花草班,更試明年春草長,0.8179142752994353
春回花草班,春風草又生,0.8392936553487684
春回花草班,門前百草長,0.8052535274406929
春回花草班,映階碧草自春色,0.8221296467214163
春回花草班,百草競春華,0.8517232040472377
春回花草班,肯藉荒庭春草色,0.8127136406009192
春回花草班,春風花草香,0.8967641599805476
春回花草班,春草何曾歇,0.8369642010241324
春回花草班,碧草違春意,0.8226609360535382
春回花草班,春泥百草生,0.8344859542825191
春回花草班,春草隨青袍,0.837156702817099
春回花草班,名園花草香,0.8283928546652197
清談值淵對,君行立談際,0.8043552027569647
清談值淵對,劇談憐野逸,0.8087881998476476
清談值淵對,清談見滋味,0.835223693720178
清談值淵對,清談慰老夫,0.8083322705473658
清談值淵對,欣然談情素,0.814423814961421
發興如江山,雲山已發興,0.8166176839011344
發興如江山,江山如有待,0.839044485281699
發興如江山,發興自林泉,0.8183378673374971
落日銜城壁,落日平臺上,0.8648356461981948
落日銜城壁,落日照大旗,0.8533569816394986
落日銜城壁,眼穿當落日,0.8113526522689398
落日銜城壁,層巔餘落日,0.8474089449094351
落日銜城壁,伴月落邊城,0.8132956682961167
落日銜城壁,孤城返照紅將斂,0.8471051705525541
落日銜城壁,落日在簾鈎,0.8217640428279653
落日銜城壁,三年落日低,0.813014091919579
落日銜城壁,山頭落日半輪明,0.8473445649727734
落日銜城壁,山行落日下絶壁,0.8013456977472575
落日銜城壁,雪嶺獨看西日落,0.8086346921996954
落日銜城壁,江城孤照日,0.8452442744642481
落日銜城壁,復有樓臺銜暮景,0.8076339767112591
落日銜城壁,日落望鄉臺,0.804388348689521
落日銜城壁,高城秋自落,0.8042114476925292
落日銜城壁,秋風落日斜,0.8114039165342382
落日銜城壁,錦城曛日黄,0.82147548067906
落日銜城壁,返照入江翻石壁,0.8301290378130085
落日銜城壁,夔府孤城落日斜,0.8526915357183915
落日銜城壁,落日留王母,0.809688329459344
落日銜城壁,城攲連粉堞,0.8111020819070915
落日銜城壁,古城疏落木,0.8139816494596505
落日銜城壁,落日九江流,0.8206394481985908
落日銜城壁,落日悲江漢,0.8226161838394384
落日銜城壁,江城秋日落,0.8417209530949175
落日銜城壁,赤甲古城東,0.8104217631238066
落日銜城壁,猶銜白帝城,0.8369416263888658
落日銜城壁,落日渭陽情,0.8068369471135126
落日銜城壁,落日初霞閃餘映,0.8217998072944022
落日銜城壁,青山落日江湖白,0.8174772859560612
落日銜城壁,城日避烏檣,0.8359595664922399
落日銜城壁,烏蠻落照銜赤壁,0.874869640848662
落日銜城壁,落日對春華,0.8027733567622184
落日銜城壁,落日心猶壯,0.8392061495142545
悲來惜酒少,每過得酒傾,0.8149150073621272
悲來惜酒少,愁多任酒醺,0.8296417348950685
悲來惜酒少,縱酒欲謀良夜醉,0.8289589435563436
悲來惜酒少,莫厭傷多酒入脣,0.8175814277081415
悲來惜酒少,惜别酒頻添,0.8567281421085067
悲來惜酒少,勸酒欲無辭,0.8147230364007374
悲來惜酒少,情乖清酒送,0.8113535133432508
悲來惜酒少,離筵罷多酒,0.8152147486293857
悲來惜酒少,瓮餘不盡酒,0.8365908269610947
范公種竹水邊亭,堂前自生竹,0.802741984405048
范公種竹水邊亭,鄭縣亭子澗之濱,0.8434230415841405
范公種竹水邊亭,臨池好驛亭,0.8087820646261138
范公種竹水邊亭,浣花溪水水西頭,0.8247057198130732
范公種竹水邊亭,與致溪邊十畝陰,0.8222182308192598
范公種竹水邊亭,我有浣花竹,0.8311166437408788
范公種竹水邊亭,我有陰江竹,0.8111922670650188
漂泊來游一客星,秋來相顧尚飄蓬,0.8033271170031802
漂泊來游一客星,垂老獨漂萍,0.8267836268310769
漂泊來游一客星,旅泛一浮萍,0.8691387231696353
漂泊來游一客星,漂泊難相遇,0.8240871283652225
漂泊來游一客星,春深逐客一浮萍,0.828309044783381
漂泊來游一客星,飄零任轉蓬,0.8011299166752238
漂泊來游一客星,成都老客星,0.8222362897831146
漂泊來游一客星,一别五秋螢,0.8061281126023373
漂泊來游一客星,飄零爲客久,0.8249532653388889
漂泊來游一客星,漂泊猶杯酒,0.8147082410795885
漂泊來游一客星,况我飄蓬無定所,0.8115481128456612
漂泊來游一客星,一别星橋夜,0.8071227580332434
漂泊來游一客星,孤魂久客間,0.800408740093443
漂泊來游一客星,舊客舟凝滯,0.8019688459620709
漂泊來游一客星,飄飄客子蓬,0.8329072773233632
漂泊來游一客星,飄泊哀相見,0.8087114006379832
漂泊來游一客星,漂泊公孫城,0.8040901211978502
漂泊來游一客星,抱病漂萍老,0.8138466865832896
漂泊來游一客星,漂零已是滄浪客,0.8422792165005564
漂泊來游一客星,暮年漂泊恨,0.8479209871218626
漂泊來游一客星,飄泊南庭老,0.8093071738741682
漂泊來游一客星,孤槎自客星,0.8386351446614457
漂泊來游一客星,此身飄泊苦西東,0.8224995728253133
神理不應從此盡,豈知異物同精氣,0.806205802924514
神理不應從此盡,以茲悟生理,0.8239491749377432
神理不應從此盡,細推物理須行樂,0.812438133718437
神理不應從此盡,始知神龍别有種,0.8030364789402187
神理不應從此盡,應接非本性,0.8115410119184641
神理不應從此盡,物理固自然,0.8053867140254782
神理不應從此盡,聽法還應難,0.800356882948461
神理不應從此盡,乃知變化不可窮,0.8321475739613372
神理不應從此盡,根斷泉源豈天意,0.8152253963435863
神理不應從此盡,此曲祇應天上有,0.8007774410409458
神理不應從此盡,静求元精理,0.8182207920249969
神理不應從此盡,那知根無鬼神會,0.8540514745629806
神理不應從此盡,應合總從龍,0.8047031601454979
神理不應從此盡,此生隨萬物,0.8081777194151623
神理不應從此盡,生理不得論,0.8051716439181302
神理不應從此盡,生意從此活,0.8038874868936627
神理不應從此盡,必驗升沉體,0.8062652573581411
神理不應從此盡,出處各天機,0.8105834919294841
神理不應從此盡,應接喪精神,0.8132958173428411
神理不應從此盡,揮金應物理,0.8122198961605052
神理不應從此盡,物理直難齊,0.8050725478837772
百年草樹至今青,幾年春草歇,0.8069865810925905
百年草樹至今青,豐草青青寒不死,0.8389036804631976
百年草樹至今青,歲暮百草零,0.8037351028907775
百年草樹至今青,飽聞榿木三年大,0.8066774657985455
百年草樹至今青,丹青不知老將至,0.8006945951610352
百年草樹至今青,山歸萬古春,0.8041955875513805
百年草樹至今青,空山草木長,0.8135355277685407
百年草樹至今青,楓林橘樹丹青合,0.8053212332827968
百年草樹至今青,讀書秋樹根,0.8000603973169251
百年草樹至今青,青草萋萋盡枯死,0.804771213996379
竹下傾春酒,春酒杯濃琥珀薄,0.8120669550651097
竹下傾春酒,緑樽須盡日,0.8129572630074393
竹下傾春酒,密沽斗酒諧終宴,0.8088670404762002
竹下傾春酒,酒盡沙頭雙玉瓶,0.8005752198571223
竹下傾春酒,香醪懶再沽,0.8055958586491643
竹下傾春酒,牆頭過濁醪,0.8227307907727575
竹下傾春酒,坐開桑落酒,0.8341951239901926
竹下傾春酒,每過得酒傾,0.8251665420195922
竹下傾春酒,蘆酒多還醉,0.8002264617046704
竹下傾春酒,邊酒排金碗,0.8125931207622292
竹下傾春酒,傾榼濁復清,0.8036479104587219
竹下傾春酒,縱酒欲謀良夜醉,0.8028505659071661
竹下傾春酒,隔籬呼取盡餘杯,0.8003354911064369
竹下傾春酒,對酒滿壺頻,0.8189475506074382
竹下傾春酒,瓶中得酒還,0.8091823278837453
竹下傾春酒,誰能載酒開金盞,0.8175603449690582
竹下傾春酒,移樽勸山簡,0.801831021672577
竹下傾春酒,爲君酤酒滿眼酤,0.8377525225582003
竹下傾春酒,邀我嘗春酒,0.8491868949261528
竹下傾春酒,山瓶乳酒下青雲,0.8368441223528693
竹下傾春酒,把臂開樽飲我酒,0.8334952540800687
竹下傾春酒,長日容杯酒,0.8004049445064749
竹下傾春酒,酒憶郫筒不用酤,0.8060536080678233
竹下傾春酒,洗杓斟新醖,0.8155352496916394
竹下傾春酒,置酒高林下,0.8261752682049507
竹下傾春酒,把酒宜深酌,0.8416707844881346
竹下傾春酒,纔傾一盞卽醺人,0.8556707563605565
竹下傾春酒,呼婢取酒壺,0.8111902493147276
竹下傾春酒,喧呼且覆杯中渌,0.8249636139399519
竹下傾春酒,共給酒一斛,0.8041232553220983
竹下傾春酒,宴引春壺酒,0.8466398809766791
竹下傾春酒,重陽獨酌杯中酒,0.8379975608942994
竹下傾春酒,潦倒新亭濁酒杯,0.8368392226231858
竹下傾春酒,定醉山翁酒,0.8080320189570256
竹下傾春酒,樽前柏葉休隨酒,0.8148963914038895
竹下傾春酒,殘樽下馬復同傾,0.8312323357322329
竹下傾春酒,酒香傾坐側,0.8522172577759461
竹下傾春酒,瓮餘不盡酒,0.8095970335852152
竹下傾春酒,松花酒熟旁看醉,0.8226361061527331
愁陰爲我開,請公一來開我愁,0.81942757950771
不知臨水語,不知臨老日,0.8543889106905209
更得幾回來,漸老逢春能幾回,0.80196108103232
更得幾回來,人間能得幾回聞,0.8418086478062667
更得幾回來,一日須來一百迴,0.8104344575125801
更得幾回來,汝去幾時來,0.8064140905550776
更得幾回來,相見幾回新,0.8231067851576559
目極江南千里春,天寒落萬里,0.8096252511397997
目極江南千里春,望極春城上,0.827969709036667
目極江南千里春,江山路遠羇離日,0.8045648283209337
目極江南千里春,南浦清江萬里橋,0.8261988712246087
目極江南千里春,萬里清江上,0.8107950327440179
目極江南千里春,相看萬里外,0.8154474734691779
目極江南千里春,江海送君情,0.8036525906244646
目極江南千里春,羇遊萬里闊,0.8180890905556641
目極江南千里春,江湖萬里開,0.837777315125842
目極江南千里春,萬里秋風吹錦水,0.8158083700763359
目極江南千里春,萬里遥相望,0.8061339907057703
目極江南千里春,萬里黄山北,0.8321256323123503
目極江南千里春,終南萬里春,0.8904671095561308
目極江南千里春,沅湘萬里秋,0.8143382179583438
目極江南千里春,萬里故鄉情,0.8177827115812956
目極江南千里春,萬里長江邊,0.8495450068693927
目極江南千里春,楚天萬里無晶輝,0.8008815667070905
目極江南千里春,天地西江遠,0.8091033865325499
目極江南千里春,江國踰千里,0.8467631672813857
目極江南千里春,千里侵江樹,0.8015496178538106
目極江南千里春,萬里衡陽雁,0.8192267076793538
誰今灑筆可招魂,招得幾時魂,0.8249605879780272
誰今灑筆可招魂,剪紙招我魂,0.8258048214913629
誰今灑筆可招魂,應有未招魂,0.8119603224655492
誰今灑筆可招魂,老魂招不得,0.8526577938083484
誰今灑筆可招魂,難招病客魂,0.8200693692315851
誰今灑筆可招魂,南方實有未招魂,0.820680343143177
誰今灑筆可招魂,賦詩猶落筆,0.8244095486214866
誰今灑筆可招魂,難招楚客魂,0.8185439386691697
誰今灑筆可招魂,昭州詞翰與招魂,0.8272068159728023
向人猶作故時面,都人迴面向北啼,0.8274739959298378
向人猶作故時面,但見新人笑,0.8178068752096073
向人猶作故時面,見我故人遇,0.8043228525638084
向人猶作故時面,故人能領客,0.8060852604301798
向人猶作故時面,故舊誰憐我,0.8158256969855177
向人猶作故時面,故作傍人低,0.838617689932682
向人猶作故時面,故老仰面啼,0.8303730173058381
翠竹蒼煙一萬根,萬壑欹疏林,0.8157709017045944
翠竹蒼煙一萬根,霜埋翠竹根,0.8104430929114892
翠竹蒼煙一萬根,烟花一萬重,0.8067252011873168
翠竹蒼煙一萬根,石根青楓林,0.8032720022938726
翠竹蒼煙一萬根,葱青衆木梢,0.8219696560354509
翠竹蒼煙一萬根,翠木蒼藤日月昏,0.8036117765724093
翠竹蒼煙一萬根,山木抱雲稠,0.8001202932913383
翠竹蒼煙一萬根,松竹遠微青,0.8099259319914034
翠竹蒼煙一萬根,密幹疊蒼翠,0.8504739324130697
翠竹蒼煙一萬根,松筠起碧潯,0.8057544992830402
妙手從心得,静者心多妙,0.8092714263051277
妙手從心得,静求元精理,0.8101210701301624
妙手從心得,直取性情真,0.8151481780752678
妙手從心得,秉心識本源,0.8117926279599219
妙手從心得,出處各天機,0.8064777314361684
妙手從心得,畫地求所歷,0.8028040605923423
妙手從心得,得盡所歷妙,0.8290709561423791
接花如有神,下筆如有神,0.8525188665861687
接花如有神,詩成覺有神,0.8052580937174287
接花如有神,詩應有神助,0.8396213647995538
根株穰下土,出泉枯柳根,0.8020020524252223
根株穰下土,歲久空深根,0.8091483731435234
根株穰下土,遊子無根株,0.8032637680505548
根株穰下土,霜露在草根,0.8080681020645224
根株穰下土,頑根易滋蔓,0.836147051646887
根株穰下土,蟠根積水邊,0.8025211676874764
根株穰下土,形骸實土木,0.8047355642630851
根株穰下土,連爲糞土叢,0.8481965571453491
根株穰下土,地與山根裂,0.804282486361942
根株穰下土,傾奪蕙草根,0.8086874373776449
顔色洛陽春,使我顔色好,0.8204832651511824
顔色洛陽春,却嫌脂粉涴顔色,0.8124474158907746
顔色洛陽春,苑中萬物生顔色,0.8384898919721191
顔色洛陽春,猶疑照顔色,0.8054498778094173
顔色洛陽春,少須顔色好,0.8079926386294101
顔色洛陽春,深知好顔色,0.8045450341350509
顔色洛陽春,春時好顔色,0.8786077489688119
顔色洛陽春,錦江春色逐人來,0.8048206962662565
顔色洛陽春,京華應見無顔色,0.8338388699724679
顔色洛陽春,滿眼顔色好,0.8289907035711543
顔色洛陽春,春近岳陽湖,0.803601119063986
雍也本犂子,我本良家子,0.8073632325996605
仲由元鄙人,仲尼甘旅人,0.845585252111263
仲由元鄙人,諸葛蜀人愛,0.8061142657284881
升堂與入室,焉能作堂上燕,0.8012696680555171
升堂與入室,遂空所坐堂,0.8272862503269087
升堂與入室,銜泥入北堂,0.8061873975484821
升堂與入室,昔我去草堂,0.8152958449855601
升堂與入室,今我歸草堂,0.8089107718728645
升堂與入室,此堂不易升,0.8272246102142
升堂與入室,並坐石堂下,0.8012243908616162
升堂與入室,膳夫翊堂殿,0.8083924389401851
升堂與入室,草堂亂玄圃,0.8093482802346726
升堂與入室,達者得升堂,0.834966625387535
升堂與入室,趨庭赴北堂,0.8064702649501487
升堂與入室,升堂子賤琴,0.8073286443422074
升堂與入室,沐浴休玉堂,0.8048537592223237
大隱在城市,僻近城南樓,0.8049734572856946
大隱在城市,我遊都市間,0.8180489554651069
大隱在城市,山縣早休市,0.8035054988712718
此君真友生,甚知丈人真,0.8080586420303156
此君真友生,我本良家子,0.8009644422360844
此君真友生,此生那老蜀,0.8037200141307864
此君真友生,非君愛人客,0.8073952157064396
此君真友生,偶逢佳士亦寫真,0.8059277355520307
此君真友生,唯君最愛清狂客,0.8164279233007515
筍要上番成,脆添生菜美,0.8034763425905884
筍要上番成,會須上番看成竹,0.8486065555234921
筍要上番成,抽梢合過牆,0.8088046728558697
龍化葛陂去,龍怒拔老湫,0.8014949469035475
龍化葛陂去,讖歸龍鳳質,0.8094324111037603
龍化葛陂去,龍去白水渾,0.8462943147971129
龍化葛陂去,鼎湖龍去遠,0.8399511042285095
龍化葛陂去,潛龍故起雲,0.8014076456401472
龍化葛陂去,龍媒真種在帝都,0.8109821141225386
鳳吹阿閣鳴,吹簫間笙簧,0.8336799289037922
鳳吹阿閣鳴,始知嬴女善吹簫,0.8105788359694392
鳳吹阿閣鳴,軍中吹玉笙,0.8066020585528562
鳳吹阿閣鳴,鸞鳳夾吹簫,0.8692172132949166
草荒三徑斷,荒城魯殿餘,0.8014775839259743
草荒三徑斷,鴒原荒宿草,0.8128822273631182
草荒三徑斷,門前百草長,0.8119308320548114
草荒三徑斷,雨荒深院菊,0.8129854125051892
草荒三徑斷,山危一徑盡,0.8276336136297625
草荒三徑斷,草深迷市井,0.8089199451094387
草荒三徑斷,地卑荒野大,0.8015324138526266
草荒三徑斷,野日荒荒白,0.8112481915922589
草荒三徑斷,野徑雲俱黑,0.8017607799778118
草荒三徑斷,荆扉深蔓草,0.8117998152821948
草荒三徑斷,門逕從榛草,0.8067662713813816
草荒三徑斷,草茅無徑欲教鋤,0.822705429096661
草荒三徑斷,藩籬生野徑,0.8034541773541934
草荒三徑斷,荒林無徑入,0.869153492873264
草荒三徑斷,荒階蔓草茅,0.8363910000248984
草荒三徑斷,年深荒草徑,0.9023785959474349
草荒三徑斷,荒蕪已荷鋤,0.8159429194516152
草荒三徑斷,水烟通徑草,0.8531898042244794
草荒三徑斷,行路日荒蕪,0.828307832534154
草荒三徑斷,荒蕪孟母鄰,0.807399754374643
歲晚見交情,交情何尚新,0.8159710808565737
歲晚見交情,途窮見交態,0.8294986253750293
歲晚見交情,人生交契無老少,0.8127698544936559
歲晚見交情,歲晚莫情疏,0.854840289795139
歲晚見交情,歲晚病傷心,0.826796551596036
歲晚見交情,早通交契密,0.816068441952926
歲晚見交情,交情無舊深,0.8190379770797893
歲晚見交情,交情老更親,0.8655845838107106
歲晚見交情,生死論交地,0.8028225380806322
歲晚見交情,歲晚寸心違,0.8390910469156908
歲晚見交情,世路知交薄,0.8324344004134998
歲晚見交情,客行歲晚晚相催,0.8252631868110706
歲晚見交情,論交翻恨晚,0.8434289326424482
雨砌無車馬,門聽長者車,0.805974707032165
雨砌無車馬,騎馬到階除,0.8265408800588179
雨砌無車馬,石帶古車轍,0.8238450516819052
雨砌無車馬,窮巷悄然車馬絶,0.804009430198181
雨砌無車馬,而無車馬喧,0.8277391749794518
雨砌無車馬,牛馬行無色,0.8084471924341333
風簾灑静便,隨風隔幔小,0.8002292715896402
風簾灑静便,長吟阻静便,0.8095310759792826
風簾灑静便,風簾自上鈎,0.8032968771536606
風簾灑静便,爽合風襟静,0.8438224594273376
風簾灑静便,秋風灑静便,0.9238052776980645
風簾灑静便,步壑風吹面,0.8059786905552375
忽思江外酒,别酒寄江濤,0.808696350714259
忽思江外酒,儻憶江邊卧,0.8282591238296628
忽思江外酒,江上憶君時,0.8356628631079515
忽思江外酒,重憶羅江外,0.8117234507086535
準擬醉時眠,醉眠秋共被,0.8382828577170488
準擬醉時眠,酒醒思卧簟,0.8150097753736067
準擬醉時眠,暫醉佳人錦瑟傍,0.8038413509656063
準擬醉時眠,卧此片時醒,0.8079874803288161
準擬醉時眠,歸來省醉眠,0.8562192385967646
準擬醉時眠,冷石醉眠醒,0.8334244028704192
準擬醉時眠,何如穩醉眠,0.8333632215150708
準擬醉時眠,頽倚睡未醒,0.8038747826715464
隱几唯觀化,隱見爾如知,0.80850619533521
隱几唯觀化,隱几亦無心,0.8438929255102905
開書屢絶編,讀書難字過,0.8056985363115061
開書屢絶編,書亂誰能帙,0.8034956932324652
開書屢絶編,連年絶尺書,0.8092665915457368
開書屢絶編,拾遺曾奏數行書,0.8027507117125043
開書屢絶編,青簡爲誰編,0.8188881181830385
開書屢絶編,群書一萬卷,0.8021929625351719
開書屢絶編,群書萬卷常暗誦,0.8167314735847451
開書屢絶編,念我能書數字至,0.8044595143184738
開書屢絶編,重得故人書,0.8005673493573526
開書屢絶編,篋書積諷諫,0.8107256952110274
開書屢絶編,開緘書札光,0.8462821801479848
遥知煙渚夢,遥憐湘水魂,0.8447523160839172
遣騎唤漁船,漁翁暝踏孤舟立,0.80111826782315
遣騎唤漁船,晝引老妻乘小艇,0.8318006230549971
遣騎唤漁船,駐馬問漁舟,0.8392781646250651
遣騎唤漁船,遣騎問所須,0.8107420066966273
遣騎唤漁船,遣騎覓扁舟,0.8949648564316233
遣騎唤漁船,村船逆上溪,0.8170788959756621
從來占北堂,趨庭赴北堂,0.8103655686557016
雨露借恩光,恩傾雨露辰,0.9010941152517553
雨露借恩光,獻納司存雨露邊,0.804473093944567
雨露借恩光,恩承雨露低,0.9132060944745042
雨露借恩光,况蒙霈澤垂,0.8179531467079546
雨露借恩光,流離主恩厚,0.8171748639627583
雨露借恩光,雨露之所濡,0.8204670533449183
雨露借恩光,此輩感恩至,0.8078806550070676
雨露借恩光,共沐恩波鳳池裏,0.8218612135085466
雨露借恩光,端午被恩榮,0.8504656621785127
雨露借恩光,榮枯雨露偏,0.8588839804267872
雨露借恩光,恩榮同拜手,0.8129838606947832
雨露借恩光,同年蒙主恩,0.8026071562975214
雨露借恩光,坐看傾危受厚恩,0.8077403160825709
雨露借恩光,青看雨露柯,0.801082745912911
雨露借恩光,空慚雨露私,0.8345749770002853
雨露借恩光,將帥蒙恩澤,0.8183742401569285
雨露借恩光,萬一皇恩下玉墀,0.8070750604566095
雨露借恩光,主恩視遇頻,0.8172935484980484
雨露借恩光,恩加四海深,0.8080186424806748
雨露借恩光,他日有殊恩,0.8097305080603379
雨露借恩光,常荷地主恩,0.8311965216324271
雨露借恩光,愛日恩光蒙借貸,0.8778209179313596
雨露借恩光,衞幕銜恩重,0.8021163029349752
雨露借恩光,擁别借光輝,0.8137105398393966
雨露借恩光,南紀赴恩私,0.8226774354989339
雨露借恩光,殊恩再直廬,0.8203629954799544
雨露借恩光,天子多恩澤,0.8485753680901349
與菊亂佳色,幽色幸秀發,0.8200786959945567
與菊亂佳色,持以比佳士,0.8145479444571914
與菊亂佳色,秀色固異狀,0.8010416995623627
共葵傾太陽,葵藿傾太陽,0.9250964547782343
共葵傾太陽,傾陽逐露葵,0.8695331416465828
人生真苦相,生涯似衆人,0.8165080498507671
人生真苦相,人世别離難,0.8003735027859626
人生真苦相,人生交契無老少,0.821393957030373
人生真苦相,人生許與分,0.8458098358089283
人生真苦相,人生會合不可常,0.839882824999252
人生真苦相,人生不相見,0.8523702579521425
人生真苦相,人生有離合,0.8356776024556645
人生真苦相,人生無家别,0.817991009315172
人生真苦相,人生亦有初,0.8349624458640083
人生真苦相,人生不再好,0.8305124598649913
人生真苦相,人生流滯生理難,0.8482732912921589
人生真苦相,人生在世間,0.8380225971182687
人生真苦相,人生意氣合,0.8039888553988845
人生真苦相,人生快意多所辱,0.8030603427966843
人生真苦相,人生無賢愚,0.8070360586866555
人生真苦相,人生會面難再得,0.8180247521805143
人生真苦相,人生萬事無不有,0.818380359139022
人生真苦相,人生貴是男,0.8262717937348566
物理忌孤芳,物性固難奪,0.8485817552562105
物理忌孤芳,殘害爲異物,0.8049375076426499
物理忌孤芳,物情無巨細,0.8422580099081751
物理忌孤芳,性命由他人,0.8049634720505896
物理忌孤芳,物情尤可見,0.8159195561095651
物理忌孤芳,物理固自然,0.847298655136383
物理忌孤芳,可以物理推,0.8446686309136435
物理忌孤芳,物微世競棄,0.8288974550999497
物理忌孤芳,寧詮品命殊,0.8014399127958725
物理忌孤芳,高懷見物理,0.8421537938684567
物理忌孤芳,受性本幽獨,0.8181898008322559
物理忌孤芳,萬物附本性,0.8338912416863307
物理忌孤芳,賞妍又分外,0.8266530953534915
物理忌孤芳,人情見非類,0.8159053467671856
物理忌孤芳,物理直難齊,0.853760379350653
物理忌孤芳,物微限通塞,0.8024025815870419
不及空庭草,萱草秋已死,0.8352385831149405
不及空庭草,雨中百草秋爛死,0.8126126237083249
不及空庭草,秋草萋更碧,0.8148558359151912
不及空庭草,秋草徧山長,0.8080854473495641
不及空庭草,無人碧草芳,0.8239866139880344
不及空庭草,肯藉荒庭春草色,0.8675526767878348
不及空庭草,春草滿空堂,0.8578052519265988
不及空庭草,空山草木長,0.811886490721172
不及空庭草,階前短草泥不亂,0.810314948573583
不及空庭草,青草洞庭湖,0.8179493957282302
不及空庭草,春草何曾歇,0.8072247387232643
不及空庭草,青草萋萋盡枯死,0.8032762007830107
不及空庭草,秋色凋春草,0.8083091040964081
不及空庭草,秋枯洞庭石,0.8049041141593183
榮衰可兩忘,事迹可兩忘,0.8307641291000274
榮衰可兩忘,干戈衰謝兩相催,0.8033396631968464
榮衰可兩忘,忘情任榮辱,0.8321497362114014
榮衰可兩忘,衰年傾蓋晚,0.8008280220297898
丈人養痾卧,丈夫四方志,0.8018890303258517
丈人養痾卧,老夫卧穩朝慵起,0.8148263989746825
丈人養痾卧,卧痾遣所便,0.8456997078502675
丈人養痾卧,吾老抱疾病,0.8153972626207562
丈人養痾卧,獨覺志士甘漁樵,0.8032407195598859
丈人養痾卧,吾人淹老病,0.8045891360229127
丈人養痾卧,丈人但安坐,0.8458827720288556
丈人養痾卧,老人困酒病,0.8046534650114268
丈人養痾卧,高卧負微軀,0.8163829105354928
此道取衆弃,自然棄擲與時異,0.8176520821292197
此道取衆弃,衆人貴苟得,0.8333051318484709
此道取衆弃,此道今人棄如土,0.8075402828284861
此道取衆弃,恐懼棄捐忍羇旅,0.8084840463577985
此道取衆弃,取適事莫並,0.8272540834396646
此道取衆弃,君豈棄此物,0.8391183770521182
此道取衆弃,至性有此不,0.8490617941978293
此道取衆弃,撥棄不擬道,0.872024108570866
此道取衆弃,此道誰疵瑕,0.8211490490037163
此道取衆弃,委棄非汝能周防,0.8001670101440835
此道取衆弃,隱忍用此物,0.8445315513873275
此道取衆弃,致此自僻遠,0.8266259198820061
此道取衆弃,治中實棄捐,0.8268347218988508
此道取衆弃,至死難塞責,0.8024416819294264
此道取衆弃,一墜那得取,0.8009686570647877
此道取衆弃,雖衆亦易朽,0.8074498079386841
此道取衆弃,衆魚常才盡却棄,0.8113926536929605
此道取衆弃,物微世競棄,0.808738176864322
此道取衆弃,此樂幾難朽,0.8075558726564317
此道取衆弃,不忍竟舍此,0.8228875210943645
此道取衆弃,穎鋭物不隔,0.800876641635065
此道取衆弃,志士惜妄動,0.8454801462732351
此道取衆弃,久客慎所觸,0.8046984885363289
此道取衆弃,得罪永泰末,0.810307269160649
此道取衆弃,讒毁竟自取,0.8579114897632254
此道取衆弃,衆力亦不細,0.8024394951708231
此道取衆弃,疑誤此二柄,0.8029584131228634
此道取衆弃,凡百慎失墜,0.8365164855953882
强飯尚可飽,蔬食常不飽,0.8562850058479113
强飯尚可飽,常擬報一飯,0.8373152824920667
强飯尚可飽,饑鷹未飽肉,0.8288572573134281
强飯尚可飽,但使殘年飽喫飯,0.8485293907810898
强飯尚可飽,一飯四五起,0.8142596390682355
强飯尚可飽,對酒不能喫,0.8053874032405013
强飯尚可飽,力强不可制,0.8034758396982453
强飯尚可飽,對食暫餐還不能,0.8079405224035527
强飯尚可飽,對食不能餐,0.8031320807402647
强飯尚可飽,飽肉氣勇決,0.8294713508618279
强飯尚可飽,飢飽豈可逃,0.8198344754465403
强飯尚可飽,粗飯依他日,0.8067562363917226
强飯尚可飽,飢有易子食,0.8008661981937062
强飯尚可飽,子實不得喫,0.8138841302909167
强飯尚可飽,强飯取崖壁,0.8436989813752681
强飯尚可飽,脱粟朝未餐,0.8169809341564278
力田苦常匱,苦乏大藥資,0.812235826026263
力田苦常匱,稼穡不可救,0.8389591207689113
力田苦常匱,且耕今未賒,0.8015136649032211
力田苦常匱,耕田秋雨足,0.8015273649087917
力田苦常匱,石田又足收,0.8102502733124681
力田苦常匱,塞田始微收,0.8105784575132604
力田苦常匱,食蕨不願餘,0.8120950332935278
力田苦常匱,園收芋栗不全貧,0.8063542249187474
力田苦常匱,勸耕自官曹,0.804904258012857
力田苦常匱,田家敢忘勤,0.8317290578236927
力田苦常匱,兵久食恐貧,0.8032015413753535
力田苦常匱,罹此農事苦,0.8153099920360609
力田苦常匱,土著還力農,0.8559064973285677
力田苦常匱,山田麥無隴,0.8031325427788006
力田苦常匱,田家戒其荒,0.8187986149212936
力田苦常匱,勤墾免亂常,0.8210309904647868
力田苦常匱,農力廢耕桑,0.8324350210164613
力田苦常匱,家須農事歸,0.805100355948563
力田苦常匱,治生且耕鑿,0.8053253187710763
力田苦常匱,畬田費火耕,0.8658021374970815
力田苦常匱,今年米賤太傷農,0.835654528886161
力田苦常匱,農器尚牢固,0.8297893705233981
力田苦常匱,家貧無供給,0.8034804625026448
欲從群兒嬉,兒童盡東征,0.8080153363467333
欲從群兒嬉,童戲左右岸,0.8001127134953822
欲從群兒嬉,童兒且時摘,0.8196480341612772
欲從群兒嬉,兒童解蠻語,0.8119580366857964
欲從群兒嬉,遠遊長兒子,0.8056576068034387
欲從群兒嬉,使我晝立煩兒孫,0.8120799465051657
出語不娬媚,自謂頗挺出,0.8053315536497572
出語不娬媚,來書語絶妙,0.8084046216285665
出語不娬媚,百舌欲無語,0.800349642328001
軒窗坐風凉,荷淨納涼時,0.8046063623206504
軒窗坐風凉,沉吟坐西軒,0.8524875519089776
軒窗坐風凉,高齋坐林杪,0.8087585558605482
軒窗坐風凉,山添扇枕涼,0.8214321053970322
軒窗坐風凉,開軒納微涼,0.8962853158724822
軒窗坐風凉,山谷進風涼,0.8066862438019198
軒窗坐風凉,竹涼侵卧内,0.8140850058191273
軒窗坐風凉,更覺松竹幽,0.8148602780064206
軒窗坐風凉,風竹在華軒,0.8051791545575218
軒窗坐風凉,高棟曾軒已自涼,0.8101187342148906
軒窗坐風凉,清簟疏簾看弈棋,0.8053499039797322
軒窗坐風凉,野涼侵閉户,0.8125317224652077
軒窗坐風凉,秋風灑静便,0.8004180373041652
軒窗坐風凉,秋興坐氤氲,0.8015947865620804
軒窗坐風凉,夜深坐南軒,0.8400806992360128
軒窗坐風凉,江風借夕涼,0.8126561930925595
編簡勘遺墜,世家遺舊史,0.8086301948596826
編簡勘遺墜,編簡爲誰青,0.8196429336070055
編簡勘遺墜,青史字不泯,0.8195401345472408
編簡勘遺墜,遺廟丹青落,0.8128447834517509
編簡勘遺墜,青簡爲誰編,0.8211087151128005
編簡勘遺墜,磨滅餘篇翰,0.8146306449752305
編簡勘遺墜,篋書積諷諫,0.8041045128332369
未歎旅焚次,旅次兼百憂,0.8022826729067853
未歎旅焚次,旅次展崩迫,0.8164956487632713
夏暑極陽功,炎天避鬱蒸,0.8004345456443123
夏暑極陽功,時和運更遭,0.801777786187247
夏暑極陽功,七月六日苦炎蒸,0.8014309089916289
夏暑極陽功,春苗九月交,0.8018928394006881
夏暑極陽功,畢景遺炎蒸,0.8133845548436454
夏暑極陽功,冬至至後日初長,0.832453996038648
夏暑極陽功,歘翕炎蒸景,0.8055930570430678
夏暑極陽功,亢陽乘秋熱,0.8731322294382311
夏暑極陽功,冬至陽生春又來,0.8139970939232293
夏暑極陽功,方冬變所爲,0.8220961181725948
夏暑極陽功,首夏何須氣鬱蒸,0.8036989894438846
夏暑極陽功,逆行值吉日,0.8103885985423654
夏暑極陽功,歲陽初盛動,0.8527501374101859
夏暑極陽功,朱夏及寒泉,0.8103456293871365
時霖作陰事,經過霖潦妨,0.8224916320908737
時霖作陰事,今秋乃淫雨,0.8057366649338493
時霖作陰事,久旱雨亦好,0.8248693270958865
時霖作陰事,既雨晴亦佳,0.8147586096499049
時霖作陰事,維時遭艱虞,0.8019090441927033
時霖作陰事,久雨不妨農,0.8148184020211853
時霖作陰事,蜀雨幾時乾,0.8047254491106863
時霖作陰事,天欲今朝雨,0.8098518262350167
時霖作陰事,罹此農事苦,0.8092617892287859
時霖作陰事,驕陽化爲霖,0.8176942036901216
時霖作陰事,爲冬亦不難,0.8142867551234885
時霖作陰事,方冬變所爲,0.8010817845333422
時霖作陰事,未有不陰時,0.8375950895987736
時霖作陰事,此行怨暑雨,0.8007156862893687
時霖作陰事,陰晴屢不分,0.8479764724080723
呼兒疏藥畦,唤婦出房親自饌,0.8187422556151852
呼兒疏藥畦,呼兒具梨棗,0.8051799352554861
呼兒疏藥畦,日暮還灌畦,0.8290275781267291
呼兒疏藥畦,攜錢過野橋,0.8006654064994656
呼兒疏藥畦,連筒灌小園,0.805216918482093
呼兒疏藥畦,童僕來城市,0.8036255248404922
呼兒疏藥畦,日併園蔬課,0.817822365154526
呼兒疏藥畦,僕夫穿竹語,0.8032613859149549
呼兒疏藥畦,荷鋤先童稚,0.8257782911398015
呼兒疏藥畦,祈請走兒童,0.8074737450008653
呼兒疏藥畦,呼童對經始,0.8057481452383402
呼兒疏藥畦,山家藥正鋤,0.8033965879311854
呼兒疏藥畦,呼兒間煮魚,0.8420615493335849
呼兒疏藥畦,畦蔬繞茅屋,0.810673098193857
呼兒疏藥畦,畦丁負籠至,0.8039844570147547
呼兒疏藥畦,客居課童僕,0.8149659144447835
呼兒疏藥畦,童兒且時摘,0.8352107327972317
呼兒疏藥畦,相攜行豆田,0.8174158412802817
呼兒疏藥畦,拾穗許村童,0.8163127179366676
呼兒疏藥畦,樵歌稍出村,0.8151483957632476
呼兒疏藥畦,巡圃念攜鋤,0.8187579374815076
植杖按瓜地,杖藜復恣意,0.8136527382922639
植杖按瓜地,杖藜長松下,0.8050046335554879
植杖按瓜地,杖藜徐步立芳洲,0.8145017215815575
植杖按瓜地,兒扶猶杖策,0.8013211718158584
植杖按瓜地,徐步攜斑杖,0.8100062221940089
植杖按瓜地,杖藜登水榭,0.8091301211502214
植杖按瓜地,勉强親杖屨,0.8202276408557414
南山雲氣佳,佳氣日氤氲,0.8277275807904958
南山雲氣佳,天涯水氣中,0.8002585556993931
南山雲氣佳,遠林暑氣薄,0.8142864890931966
南山雲氣佳,東山氣濛鴻,0.8235252270751463
南山雲氣佳,南陽氣已新,0.8246876187983605
南山雲氣佳,雲氣接崑崙,0.8190923532542165
南山雲氣佳,山色佳有餘,0.8331803827814869
南山雲氣佳,丈人祠西佳氣濃,0.8054533792586696
南山雲氣佳,嘉陵江色何所似,0.8099146964639314
南山雲氣佳,谷虚雲氣薄,0.802820631875612
南山雲氣佳,山庭嵐氣侵,0.8368617447773603
南山雲氣佳,江山雲霧昏,0.8102655694046422
南山雲氣佳,雲山兼五嶺,0.8437537947745144
南山雲氣佳,有時五峰氣,0.8196549429086134
南山雲氣佳,玉泉之南麓山殊,0.81699060555977
北極冕旒邃,五聖聯龍衮,0.8088397801758271
北極冕旒邃,冕旒俱秀發,0.8139588742334054
北極冕旒邃,中間謁紫宸,0.8016384807309804
北極冕旒邃,軒冕羅天闕,0.8495219967750702
北極冕旒邃,朝儀限霄漢,0.8202343896013272
北極冕旒邃,聖德北服南單于,0.8032687782064407
北極冕旒邃,王綱尚旒綴,0.8090076644475592
北極冕旒邃,宸極妖星動,0.8318852139244552
北極冕旒邃,帳殿羅玄冕,0.8433100095849212
北極冕旒邃,睿想丹墀近,0.8430744738036651
北極冕旒邃,仙仗離丹極,0.8047481584109959
北極冕旒邃,萬國衣冠拜冕旒,0.8323328911834909
北極冕旒邃,雙瞻御座引朝儀,0.8422260104145227
北極冕旒邃,冠冕通南極,0.9052751356227641
北極冕旒邃,聯步趨丹陛,0.8098915510322386
北極冕旒邃,鶴駕通宵鳳輦備,0.8042568087489719
北極冕旒邃,象闕憲章新,0.8228336704648914
北極冕旒邃,北極捧星辰,0.8472697872053445
北極冕旒邃,卑宫制詔遥,0.8053837465945333
北極冕旒邃,宫闕通羣帝,0.842358660632553
北極冕旒邃,北極朝廷終不改,0.8476769586283891
北極冕旒邃,宫闕深旒綴,0.8657851946766479
北極冕旒邃,六龍瞻漢殿,0.808682379335189
北極冕旒邃,每依北斗望京華,0.8193734253073431
北極冕旒邃,玉京群帝集北斗,0.8085600859464939
北極冕旒邃,南極一星朝北斗,0.8207655174839807
北極冕旒邃,聲華夾宸極,0.8587888824202182
北極冕旒邃,衣冠拜紫宸,0.8154977757011239
北極冕旒邃,今宵南極外,0.8268817496053047
北極冕旒邃,仗鉞褰帷瞻具美,0.8278072962232406
北極冕旒邃,垂旒資穆穆,0.825572473327341
北極冕旒邃,皇極正乘輿,0.8056883637112493
北極冕旒邃,聖朝光御極,0.826795049256947
北極冕旒邃,皇輿三極北,0.8618290895713083
北極冕旒邃,北拱戴霄漢,0.8137350832299
自欣鬚髮白,數莖白髮那抛得,0.8154462845998849
自欣鬚髮白,白髮好禁春,0.8293764012609429
自欣鬚髮白,已見白頭翁,0.8461740867217087
自欣鬚髮白,休看白髮生,0.8643391962113331
自欣鬚髮白,白頭搔更短,0.8126426219504446
自欣鬚髮白,白髮千莖雪,0.8541627764743187
自欣鬚髮白,能添白髮明,0.8716431266423066
自欣鬚髮白,及歸盡華髮,0.804176881097754
自欣鬚髮白,自知白髮非春事,0.8207188826791443
自欣鬚髮白,白髮悲花落,0.8017476946252136
自欣鬚髮白,羡君齒髮新,0.859901530776134
自欣鬚髮白,鬢髮各已蒼,0.8448354809121947
自欣鬚髮白,白益毛髮古,0.8626668514264488
自欣鬚髮白,别來頭併白,0.8357845647603324
自欣鬚髮白,白髮竟誰憐,0.8388797576605842
自欣鬚髮白,白頭亂髮垂過耳,0.8185123533599798
自欣鬚髮白,鬢髮還應雪滿頭,0.8660204803238436
自欣鬚髮白,頭白恐風寒,0.8102300718015031
自欣鬚髮白,如今白髮翁,0.8553407756327118
自欣鬚髮白,苦遭白髮不相放,0.8071606550219672
自欣鬚髮白,鬢髮自成絲,0.8261285031797463
自欣鬚髮白,何須白髮侵,0.8627798356942471
自欣鬚髮白,悲歌鬢髮白,0.8376656452766881
自欣鬚髮白,鬢毛元自白,0.8760669233539273
自欣鬚髮白,髮少何勞白,0.8578235267434491
自欣鬚髮白,清秋鶴髮翁,0.8084363774880281
自欣鬚髮白,相視髮皓白,0.8467817938179606
自欣鬚髮白,白髮少新洗,0.847597274241576
自欣鬚髮白,已作白頭翁,0.8053985776971802
自欣鬚髮白,其如鑷白休,0.8034883238002068
自欣鬚髮白,新梳白髮微,0.8539223706108479
自欣鬚髮白,馮唐毛髮白,0.8339830751562372
自欣鬚髮白,白髮寐常早,0.8226245538421095
自欣鬚髮白,我嘆黑頭白,0.8407313138252106
自欣鬚髮白,遭亂髮盡白,0.8434704154653314
自欣鬚髮白,白髮自能梳,0.8765707912200619
自欣鬚髮白,雖悲髮鬒變,0.8299662732858225
自欣鬚髮白,白髮煩多酒,0.8155845885440988
自欣鬚髮白,鬢毛垂領白,0.8432169897986326
自欣鬚髮白,客間頭最白,0.8186671070827214
自欣鬚髮白,白髮甘凋喪,0.820268625093346
自欣鬚髮白,相知成白首,0.8187650646400344
自欣鬚髮白,白髮絲難理,0.8049140526170713
自欣鬚髮白,相見各頭白,0.8393334576291251
自欣鬚髮白,入怪鬢髮空,0.8023632095238912
得見衣裳治,我實衣裳單,0.8082166399843087
得見衣裳治,重見衣冠走,0.8124267116242708
得見衣裳治,汗濕衣裳污,0.807831485287509
得見衣裳治,昏渾衣裳外,0.8063867671658684
得見衣裳治,衣裳判白露,0.809576553947486
得見衣裳治,覺君衣裳單,0.8133526779978255
得見衣裳治,卒伍單衣裳,0.8132300404316031
山林收枯槁,枯查卷拔樹,0.8113574691429284
山林收枯槁,朝野色枯槁,0.8376440305469244
山林收枯槁,勿悲尚枯槁,0.8500910399287234
山林收枯槁,歲久爲枯林,0.8332929925900536
山林收枯槁,所向色枯槁,0.8347910707375235
山林收枯槁,開懷慰枯槁,0.8020904849636038
山林收枯槁,濃淡樹榮枯,0.8070473959357181
山林收枯槁,山林託疲苶,0.8062049410792865
草木洗憔悴,歲暮百草零,0.8082381397746765
草木洗憔悴,朝野色枯槁,0.816575799362736
草木洗憔悴,積屍草木腥,0.8131689685451284
草木洗憔悴,斯人獨顦顇,0.8046630176522988
草木洗憔悴,頗帶憔悴色,0.8466057964670626
草木洗憔悴,鹵中草木白,0.8082581614835072
草木洗憔悴,毛衣慘黑貌憔悴,0.8348358480905844
草木洗憔悴,形骸實土木,0.8141537925382796
草木洗憔悴,平原獨憔悴,0.8119173268911319
草木洗憔悴,江山憔悴人,0.8008863643655756
草木洗憔悴,青草萋萋盡枯死,0.8046159224322675
草木洗憔悴,八分蓋憔悴,0.8007453308222217
草木洗憔悴,江湖凡馬多顦顇,0.8041402934917617
草木洗憔悴,蒼茫土木身,0.8043856664071902
草木洗憔悴,青衿一憔悴,0.8071140669089333
探珠遭龍睡,仰穿龍蛇窟,0.8324493689480006
探珠遭龍睡,已佩含景蒼精龍,0.8091216004505605
探珠遭龍睡,此時驪龍亦吐珠,0.8317877969112357
探珠遭龍睡,恐泥竄蛟龍,0.8425253486926417
探珠遭龍睡,慘澹鬭龍蛇,0.8007421974268271
探珠遭龍睡,義動修蛇蟄,0.832713968574066
探珠遭龍睡,龍怒拔老湫,0.8341399319452883
探珠遭龍睡,蛟龍得雲雨,0.8020283089937433
探珠遭龍睡,翻動龍蛇窟,0.837547238068337
探珠遭龍睡,蟄龍三冬卧,0.8103314926244383
探珠遭龍睡,閉藏修鱗蟄,0.8234954876626126
探珠遭龍睡,竟日蛟龍喜,0.8042838195951294
探珠遭龍睡,潛龍無聲老蛟怒,0.8296983939118673
探珠遭龍睡,泥沙困老龍,0.8156596666554322
探珠遭龍睡,蛟龍無定窟,0.8139820743979151
探珠遭龍睡,前有毒蛇後猛虎,0.8003739442227142
探珠遭龍睡,蛟龍引子過,0.8313401055918779
探珠遭龍睡,龍蛇只自深,0.8119611668647564
探珠遭龍睡,舊俗燒蛟龍,0.8059018790873534
探珠遭龍睡,久陰蛟螭出,0.8294532288262906
探珠遭龍睡,蛟龍鬭不開,0.8350712339879192
探珠遭龍睡,魚龍迴夜水,0.8067187172057957
探珠遭龍睡,回首怪龍鱗,0.8043781368724872
探珠遭龍睡,一斛舊水藏蛟龍,0.8330928975377583
探珠遭龍睡,潛龍故起雲,0.8229673839105132
探珠遭龍睡,龍蛇不成蟄,0.8462089751395032
探珠遭龍睡,龍蛇動篋蟠銀鈎,0.8516525171980078
探珠遭龍睡,凍埋蛟龍南浦縮,0.8241321115863245
探珠遭龍睡,珠明得暗藏,0.8098162908401905
探珠遭龍睡,熊羆欲蟄龍蛇深,0.845704473644765
探珠遭龍睡,熊掛玄蛇吼,0.8105808881239207
腹便時蒙嘲,包蒙欣有擊,0.8132719720651338
身退得自恣,身退豈待官,0.8409210789163355
身退得自恣,徐行得自娱,0.8339474683368093
身退得自恣,徒步覺自由,0.8259696542463992
身退得自恣,吏隱適情性,0.8073451814131705
身退得自恣,愚意會所適,0.8101015933946046
身退得自恣,自顧轉無趣,0.800280377395461
身退得自恣,小來習性懶,0.8140194138760943
身退得自恣,生我不得力,0.8111721270562204
身退得自恣,自適固其常,0.8078460202682981
身退得自恣,平生懶拙意,0.8024037204825623
身退得自恣,謝爾性所適,0.8571115222165059
身退得自恣,幽偏得自怡,0.8206095582284899
身退得自恣,頓忘所進勞,0.8053508577302545
身退得自恣,放意何自若,0.818501260619519
身退得自恣,卧痾遣所便,0.8180644361015201
身退得自恣,進退固其宜,0.8143680413371366
身退得自恣,常恐性坦率,0.8081217349935514
身退得自恣,幽棲身懶動,0.8041882469785409
身退得自恣,洗然順所適,0.8037581573802453
身退得自恣,勸勉防縱恣,0.8045568785823135
身退得自恣,自喜遂生理,0.8080897347787328
身退得自恣,得志行所爲,0.8267994882843177
身退得自恣,寬猛性所將,0.8044819756227728
身退得自恣,狂走終奚適,0.81756719685581
伊優無下僚,人才覺弟優,0.8097596143550491
骯髒謝高位,況子已高位,0.8032812282380571
誰能領斯會,此會共能幾,0.8540875674422879
好在漆園吏,聞在果園坊,0.8214325579142406
好在漆園吏,鄉園獨在山,0.8171835493104965
貝錦不足歌,貝錦無停織,0.8341363493789293
貝錦不足歌,重之不減錦繡段,0.8119859423979191
貝錦不足歌,新詩錦不如,0.8053864412256698
請陳江漢詩,詩罷聞吴詠,0.8096626740825003
請陳江漢詩,猥誦佳句新,0.8031057961243412
請陳江漢詩,當公賦佳句,0.8044005993504044
請陳江漢詩,謝朓每篇堪諷誦,0.8032574208665754
請陳江漢詩,例及吾家詩,0.8078074534874197
請陳江漢詩,朗詠六公篇,0.8044759755711528
請陳江漢詩,賦詩獨流涕,0.8139282136314752
請陳江漢詩,展懷詩誦魯,0.8040109530673447
請陳江漢詩,再聞誦新作,0.8033132989391452
美人出江漢,嗟爾江漢人,0.8276971226726294
美人出江漢,江漢故人少,0.8336600241497755
美人出江漢,無由出江漢,0.8270694584332359
美人出江漢,江妃水仙惜不得,0.800829392084117
美人出江漢,春風江漢清,0.8038231248885161
美人出江漢,飛旐出江漢,0.8239089457044637
美人出江漢,美人娟娟隔秋水,0.8217199011773811
美人出江漢,美人胡爲隔秋水,0.8447959841383069
美人出江漢,臨潁美人在白帝,0.8262668666930939
窈窕世未窺,窈窕桃李花,0.8076063723629798
窈窕世未窺,路遠不可測,0.8269390553308684
窈窕世未窺,杳窕入雲漢,0.8037184555083001
窈窕世未窺,窈窕入風磴,0.8358415907056931
窈窕世未窺,窈窕丹青户牖空,0.8239233181014631
窈窕世未窺,長影没窈窕,0.8215641079337885
折蘭不肯佩,裴李春蘭馨,0.812012475624746
折蘭不肯佩,碧蕙捐微芳,0.8143099013148127
告我以蠶飢,父母養我時,0.8165682387442865
告我以蠶飢,是日慰飢渴,0.8162391454257844
告我以蠶飢,藏身方告勞,0.8175244852315666
告我以蠶飢,念子忍朝饑,0.8126196771445029
告我以蠶飢,飢有易子食,0.8010994129262803
告我以蠶飢,妻兒待米且歸去,0.8044490332890237
告我以蠶飢,蠶亦成,0.8072598451798265
獨歸豈憚遠,問我久遠行,0.8378256778963173
獨歸豈憚遠,告我欲遠適,0.8347637009134765
獨歸豈憚遠,君行雖不遠,0.8525215111704004
獨歸豈憚遠,此去必不歸,0.811698057025805
獨歸豈憚遠,山高客未歸,0.8211215768432367
獨歸豈憚遠,胡爲君遠行,0.8065307862270367
獨歸豈憚遠,未敢辭路難,0.8136942093067532
獨歸豈憚遠,還往莫辭勞,0.8000440643186844
獨歸豈憚遠,歸客村非遠,0.8112017434778002
獨歸豈憚遠,自憐猶不歸,0.8058243658981801
獨歸豈憚遠,遠行無自苦,0.8274862833349945
三危露如飴,味如甘露漿,0.8546930538462665
三危露如飴,白露團甘子,0.8028033394133829
德人更疢疾,惠遠德過人,0.8200500133786781
德人更疢疾,久客多憂今愈疾,0.8098153725509192
德人更疢疾,其奈疾病攻,0.8392970325421591
德人更疢疾,斯文憂患餘,0.8043319796707622
德人更疢疾,斯文亦吾病,0.806210487019262
術智益灑落,學業醇儒富,0.8066751907890417
術智益灑落,儒術誠難起,0.8067444889639552
術智益灑落,儒術豈謀身,0.8004937113942502
術智益灑落,飽肉氣勇決,0.8053551586351064
術智益灑落,穎鋭物不隔,0.8216210125328178
術智益灑落,灑落富清製,0.8444141076801324
術智益灑落,愚智心盡死,0.8003525916510472
術智益灑落,志士惜妄動,0.806541943148666
術智益灑落,政術甘疏誕,0.8271012708936715
術智益灑落,擺落跋涉懼,0.8204410466435761
反身見萬古,萬古用一夫,0.8273937863512146
反身見萬古,轉見千秋萬古情,0.8253374267809581
反身見萬古,萬里起古色,0.8093144277903972
反身見萬古,萬古一死生,0.8234205934211263
道不在卜度,至性有此不,0.8150167154835459
道不在卜度,反正計始遂,0.8103380488060354
道不在卜度,此道昔歸順,0.8120623804186693
道不在卜度,路遠不可測,0.83152780308752
道不在卜度,苦道來不易,0.8351064148860965
道不在卜度,未必能達道,0.835317868130758
道不在卜度,默識蓋不早,0.806923770025596
道不在卜度,不畏道途遠,0.809686986209834
道不在卜度,辛苦在道路,0.8316478574961441
胸中有鏌鎁,竦壁攢鏌鋣,0.8016897796678455
老境要志弱,老來苦便静,0.8343782815873004
老境要志弱,老大意轉拙,0.8383281385679459
老境要志弱,此志常覬豁,0.8008348136612204
老境要志弱,慘澹苦士志,0.8148708455158346
老境要志弱,晚節慵轉劇,0.8016360132961778
老境要志弱,老弱哭道路,0.8100970761699751
老境要志弱,老病不識路,0.8378331753032808
老境要志弱,處士節獨苦,0.8233507142942602
老境要志弱,信甘孱懦嬰,0.803686233039035
老境要志弱,始與道侣敦,0.8007139294836314
老境要志弱,力疾坐清曉,0.8110999033633579
老境要志弱,佳此志氣遠,0.8218292354962953
老境要志弱,自覺面勢堅,0.8108148968925649
老境要志弱,吾老抱疾病,0.822739345645719
老境要志弱,獨覺志士甘漁樵,0.8241740275602353
老境要志弱,自覺成老醜,0.8124858840300968
老境要志弱,節爽病微瘳,0.8152841066639556
老境要志弱,少壯跡頗疏,0.8090514627350115
老境要志弱,穎鋭物不隔,0.8073907262731448
老境要志弱,小敵信所怯,0.8002525281427617
老境要志弱,老病客殊方,0.8152190336341513
老境要志弱,心從弱歲疲,0.8041624389271542
老境要志弱,少壯欺老翁,0.8096521972856301
老境要志弱,憂世心力弱,0.8304996492648179
老境要志弱,志士惜妄動,0.838280767447024
老境要志弱,才力老益神,0.8000409545904721
老境要志弱,道意久衰薄,0.8466138940018115
老境要志弱,氣合無險僻,0.8020891321549842
老境要志弱,已衰病方入,0.8128019578159811
謝公賦達生,先生有才過屈宋,0.8253194249377827
謝公賦達生,勞生愧嚴鄭,0.8092322022149652
謝公賦達生,生平老耽酒,0.8094023352229198
謝公賦達生,賈生對鵩傷王傅,0.8044992200597634
謝公賦達生,張公一生江海客,0.8470194235201545
謝公賦達生,鄭公縱得歸,0.8085827199953309
謝公賦達生,贊公釋門老,0.8095475123036264
謝公賦達生,平生懶拙意,0.801262071986891
謝公賦達生,從來謝太傅,0.811909254440378
謝公賦達生,平生鄭與蘇,0.8158293646842595
謝公賦達生,爲我謝賈公,0.851547196303815
謝公賦達生,當公賦佳句,0.8008200725437337
謝公賦達生,書偕褚薛能,0.8029945940412404
謝公賦達生,馮唐雖晚達,0.8032382752997911
謝公賦達生,從來王謝郎,0.8075576635183697
謝公賦達生,蒼生起謝安,0.8409518786728788
達生真可托,真堪託死生,0.8902565768939017
達生真可托,甚知丈人真,0.8032727214976525
達生真可托,生涯似衆人,0.8031761950003828
達生真可托,以茲悟生理,0.8125083356500663
達生真可托,達生豈是足,0.8675002546726251
達生真可托,不意書生耳,0.8051332779595285
達生真可托,平生懶拙意,0.800676816400482
達生真可托,難知消息真,0.808984242469567
達生真可托,吾生亦有涯,0.8073268114625097
達生真可托,便有死生分,0.8115175754239099
達生真可托,浮生卽有涯,0.8085617671738947
達生真可托,易識浮生理,0.8138100628301419
達生真可托,終然契真如,0.803310972151321
引鏡照清骨,月林散清影,0.80333447117962
引鏡照清骨,清輝玉臂寒,0.8263326394112824
引鏡照清骨,寒月照白骨,0.8377575853621407
引鏡照清骨,司徒清鑒懸明鏡,0.8406486553220336
引鏡照清骨,清見光炯碎,0.8463252786799994
引鏡照清骨,炯如一段清冰出萬壑,0.8109285550005452
引鏡照清骨,石鏡通幽魄,0.8268623185017392
引鏡照清骨,江清心可瑩,0.8178460147020914
引鏡照清骨,洞澈有清識,0.8165025946035329
引鏡照清骨,暗塵生古鏡,0.8037068444008899
引鏡照清骨,復見秀骨清,0.8431026888440412
引鏡照清骨,玉露漙清影,0.8177520990776797
引鏡照清骨,開冰清玉壺,0.8035022513452386
引鏡照清骨,出清泚,0.8215188961827358
引鏡照清骨,有鏡巧催顔,0.8164113948123022
引鏡照清骨,微月映皓鶴,0.8197012892452529
引鏡照清骨,明月照我膝,0.8098071837795034
引鏡照清骨,鑒徹勞懸鏡,0.8431336830205682
引鏡照清骨,今晨清鏡中,0.8481838530636483
引鏡照清骨,金石瑩逾新,0.802370833034092
驚非曩時人,昔時賢俊人,0.8143785142057525
驚非曩時人,定似昔人迷,0.8064923708764709
天地入喻指,如覺天地窄,0.8069426688548305
天地入喻指,指揮能事迴天地,0.8008206671617131
天地入喻指,妙取略地平,0.807297135284389
天地入喻指,天地劃争迴,0.8011634827179828
