황정견,두보,코사인 유사도
淮陰誰復議元功,幾時樹功勳,0.8011738609206974
淮陰誰復議元功,戰伐有功業,0.8027510561147877
淮陰誰復議元功,功業汾陽異姓王,0.807754891021393
淮陰誰復議元功,太史竟論功,0.8417578245102715
裴公入相便論兵,諸公厭禰衡,0.826888962912188
裴公入相便論兵,將軍只數漢嫖姚,0.8051674891600449
裴公入相便論兵,出入冠諸公,0.8229771296192245
裴公入相便論兵,相許寧論兩相直,0.8176774548225432
裴公入相便論兵,相門清議衆,0.8123467627683315
裴公入相便論兵,韋賢初相漢,0.8206308673606524
裴公入相便論兵,君臣尚論兵,0.806939466236003
裴公入相便論兵,擁兵相學干戈鋭,0.8078519555907898
裴公入相便論兵,竟能盡説諸侯入,0.8039886638221697
裴公入相便論兵,諸公不相棄,0.8024540908083431
裴公入相便論兵,自公多暇延參佐,0.8032284237254181
裴公入相便論兵,雅論在兵機,0.8034009162292894
裴公入相便論兵,明公論兵氣益振,0.8087913172268921
躍馬淮西一戰平,邊兵盡東征,0.8131420517901324
躍馬淮西一戰平,園陵殺氣平,0.8154849392006149
躍馬淮西一戰平,京師皆騎汗血馬,0.8063817019084484
躍馬淮西一戰平,二男新戰死,0.8082667856229551
躍馬淮西一戰平,下馬古戰場,0.8457541294955324
躍馬淮西一戰平,降虜東擊胡,0.8066989003106819
躍馬淮西一戰平,苦戰身死馬將軍,0.8094033158284409
躍馬淮西一戰平,大君先息戰,0.81652269142996
躍馬淮西一戰平,西戎實飽飛,0.8060691961528057
躍馬淮西一戰平,君不見東川節度兵馬雄,0.8237274284431526
躍馬淮西一戰平,爲我迴轡擒西戎,0.8008017657691504
躍馬淮西一戰平,長安已亂兵,0.8044291553668155
躍馬淮西一戰平,匹馬向王畿,0.8009579962869259
躍馬淮西一戰平,西京疲百戰,0.8461963370788423
躍馬淮西一戰平,西取邛南兵,0.8039624778220825
躍馬淮西一戰平,黄河北岸海西軍,0.8037038370327586
躍馬淮西一戰平,此皆戰騎一敵萬,0.8233438038013604
躍馬淮西一戰平,胡騎羌兵入巴蜀,0.823791126750386
躍馬淮西一戰平,江市戎戎暗,0.8251798956717864
躍馬淮西一戰平,萬國皆戎馬,0.8144466263392154
躍馬淮西一戰平,鞍馬下秦塞,0.8269162443751585
躍馬淮西一戰平,霸氣西南歇,0.819703783213496
躍馬淮西一戰平,擁兵鎮汴河,0.8119629846234269
躍馬淮西一戰平,一戎纔汗馬,0.8405113979385027
躍馬淮西一戰平,戰自青羌連白蠻,0.8408183483095928
躍馬淮西一戰平,頃壯戎麾出,0.8281216971141269
躍馬淮西一戰平,乾坤一戰收,0.8073112095959011
躍馬淮西一戰平,十年戎馬暗南國,0.8376457077867032
躍馬淮西一戰平,來經戰伐新,0.8076056404212106
躍馬淮西一戰平,食新先戰士,0.809488978562096
躍馬淮西一戰平,遠奪戎馬場,0.8188776966589879
躍馬淮西一戰平,戰勝洗侵陵,0.8042497431994788
躍馬淮西一戰平,萬國尚戎馬,0.8256185193455988
躍馬淮西一戰平,白馬出江城,0.8223112666247274
躍馬淮西一戰平,北歸秦川多鼓鼙,0.8248251898738591
躍馬淮西一戰平,崩騰戎馬際,0.8251085975405514
躍馬淮西一戰平,飛騰戰伐名,0.8120476153298504
躍馬淮西一戰平,一紀出西蜀,0.8037144165452069
躍馬淮西一戰平,氣却西戎回北狄,0.8148497634960046
躍馬淮西一戰平,聖朝尚飛戰鬭塵,0.8017539005550189
躍馬淮西一戰平,始壓戎馬氣,0.8263634031611172
躍馬淮西一戰平,中原戎馬盛,0.8051179950845974
黄閣不須金印好,不貪夜識金銀氣,0.8011258800090221
黄閣不須金印好,誰能解金印,0.8132990726911984
黄閣不須金印好,黄閣長司諫,0.8031079285129895
黄閣不須金印好,金章紫綬照青春,0.8161379152509145
黄閣不須金印好,翠尾金花不辭辱,0.801235312110316
黄閣不須金印好,不如面縛歸金闕,0.8049618022074388
黄閣不須金印好,不要懸黄金,0.8251225927515782
黄閣不須金印好,早聞黄閣畫麒麟,0.8015677302845059
黄閣不須金印好,紫極出入黄金印,0.8333558481694567
黄閣不須金印好,必脱黄金轡,0.8135702311966782
黄閣不須金印好,軍符侯印取豈遲,0.8091601549809685
却來山下作書生,來書細作行,0.8010739654525746
區區小鄭多君子,令姪才俊茂,0.8019786059211558
區區小鄭多君子,郭薛俱才賢,0.8096603109695817
區區小鄭多君子,俊才得之子,0.8044573254851719
區區小鄭多君子,凡馬徒區區,0.8023957162910842
區區小鄭多君子,吾賢富才術,0.8018289552346837
區區小鄭多君子,之子俊才稀,0.811657798448697
區區小鄭多君子,世賢張子房,0.815580919203195
誰若公孫用意深,蔡侯静者意有餘,0.8088431725963781
誰若公孫用意深,深意實在此,0.8008643814593146
誰若公孫用意深,用舍何其賢,0.8044668778850779
誰若公孫用意深,君子意如何,0.8281807537341562
誰若公孫用意深,定知深意苦,0.8030888440843182
監巫執節誅腹誹,中自誅妹妲,0.8064723109309544
落絮遊絲三月候,落絮遊絲亦有情,0.8753208870161939
落絮遊絲三月候,落花遊絲白日静,0.8221340618010988
落絮遊絲三月候,三月桃花浪,0.8041227524047998
風吹雨洗一城花,露翻兼雨打,0.8068007945919822
風吹雨洗一城花,頭風吹過雨,0.8477618684842856
風吹雨洗一城花,雲散灌壇雨,0.8097796998307382
未知東郭清明酒,誰知酒熟香,0.815624502484809
未知東郭清明酒,定醉山翁酒,0.81320827709946
官駝鳴鐸逐鹽車,自從官馬送還官,0.8047083367861263
官駝鳴鐸逐鹽車,細馬時鳴金騕褭,0.8152645350572361
官駝鳴鐸逐鹽車,聞道南行市駿馬,0.8059654305594677
只見風塵不見花,塵埃不見咸陽橋,0.8241886278985195
只見風塵不見花,君不見,0.8184855486467744
只見風塵不見花,只願無事長相見,0.8199255010533092
只見風塵不見花,君不見,0.8184855486467744
只見風塵不見花,苦見塵沙黄,0.8273641519016794
只見風塵不見花,人生不相見,0.8149809056234121
只見風塵不見花,眼枯卽見骨,0.8029471537214787
只見風塵不見花,可惜春光不相見,0.8085908084426756
只見風塵不見花,却向青溪不相見,0.8246173997326164
只見風塵不見花,不見一人來,0.8202275623652466
只見風塵不見花,眼暗不見風塵清,0.8761746569502424
只見風塵不見花,但見文翁能化俗,0.8010212660397044
只見風塵不見花,惟見林花落,0.8096188298444864
只見風塵不見花,但是避風塵,0.8139268262535553
只見風塵不見花,風塵暗不開,0.8459164973812678
只見風塵不見花,不見杏壇丈,0.8005790401900562
只見風塵不見花,不見江湖行路難,0.8120845873452948
空作江南江北夢,腸斷江城雁,0.8051841629182404
空作江南江北夢,江北江南春冬花,0.8418092337638572
空作江南江北夢,豈食楚江萍,0.8108715711507197
空作江南江北夢,今日江南老,0.8152307807745234
空作江南江北夢,江湖春欲暮,0.8117972574770129
睡起草玄三畝宅,誅茅初一畝,0.803382986231231
無人載酒眼昏花,爲君酤酒滿眼酤,0.8079570621636751
不知誰勸路門講,何由却出横門道,0.8101751753711561
不知誰勸路門講,道旁過者問行人,0.8161893082762828
不知誰勸路門講,未知適誰門,0.816816112152907
不知誰勸路門講,問知人客姓,0.8064659536693376
不知誰勸路門講,聞道花門破,0.8087908947463573
不知誰勸路門講,黄昏始扣主人門,0.81416620250667
不知誰勸路門講,問人野寺門,0.8067883856727822
不知誰勸路門講,要路何日罷長戟,0.810573977343772
不知誰勸路門講,主人長跪問,0.8343475695982443
不知誰勸路門講,不知有主客,0.803442711375354
不知誰勸路門講,門闌誰送歸,0.8280895641415276
鄴城也似洛城闊,自是秦樓壓鄭谷,0.8056651288117647
鄴城也似洛城闊,僻近城南樓,0.8016501920210696
鄴城也似洛城闊,湖城城東一開眼,0.8428854525985585
鄴城也似洛城闊,莫守鄴城下,0.8346989961419946
鄴城也似洛城闊,不問鄴城圍,0.844026716138484
鄴城也似洛城闊,築城潼關道,0.8009974735958956
鄴城也似洛城闊,三男鄴城戍,0.8048979315920256
鄴城也似洛城闊,勢異鄴城下,0.842838414619971
鄴城也似洛城闊,秦州城北寺,0.8150086764730264
鄴城也似洛城闊,恨解鄴城圍,0.8224692328831966
鄴城也似洛城闊,我住錦官城,0.8015040444178814
鄴城也似洛城闊,洛城一别四千里,0.8200965916197056
鄴城也似洛城闊,出入錦城中,0.8090646434600819
鄴城也似洛城闊,禄山北築雄武城,0.8093216636746584
鄴城也似洛城闊,曾城有高樓,0.8087763946310336
鄴城也似洛城闊,閬州城東靈山白,0.8097522882357682
鄴城也似洛城闊,閬州城北玉臺碧,0.8446956718155403
鄴城也似洛城闊,閬州城南天下稀,0.8090728874654758
鄴城也似洛城闊,鄴城反覆不足怪,0.8158663003225151
鄴城也似洛城闊,主人薨城府,0.8064836130362237
鄴城也似洛城闊,不愛入州府,0.8140198346629589
鄴城也似洛城闊,西江接錦城,0.8320752453742966
鄴城也似洛城闊,不見定王城舊處,0.8048347519810992
鄴城也似洛城闊,秦城樓閣烟花裏,0.8088965226892002
ㅇㅇ園林學養花,養親惟小園,0.8201683497368792
欲把一樽隨飲處,何時一樽酒,0.8450797513778339
欲把一樽隨飲處,緑樽須盡日,0.8626573649086159
欲把一樽隨飲處,生前相遇且銜杯,0.8009223962412175
欲把一樽隨飲處,客醉揮金碗,0.803202177253159
欲把一樽隨飲處,百壺且試開懷抱,0.8256060794944866
欲把一樽隨飲處,何知共酒杯,0.8419267483767428
欲把一樽隨飲處,縱酒欲謀良夜醉,0.8333136634862117
欲把一樽隨飲處,且盡芳樽戀物華,0.8140347232855534
欲把一樽隨飲處,怡然共攜手,0.8004547685043584
欲把一樽隨飲處,且盡生前有限杯,0.813292685833961
欲把一樽隨飲處,隔籬呼取盡餘杯,0.8302427973632214
欲把一樽隨飲處,對酒滿壺頻,0.8062803756074208
欲把一樽隨飲處,開樽獨酌遲,0.8165730695420792
欲把一樽隨飲處,誰能載酒開金盞,0.8071756655078041
欲把一樽隨飲處,日夜倒芳樽,0.8087982118784476
欲把一樽隨飲處,攜酒重相看,0.8000253397367414
欲把一樽隨飲處,爲君酤酒滿眼酤,0.8251943787760232
欲把一樽隨飲處,洗盞開嘗對馬軍,0.8003383600171059
欲把一樽隨飲處,幾時杯重把,0.8111261826378173
欲把一樽隨飲處,把臂開樽飲我酒,0.8668863174681791
欲把一樽隨飲處,爛漫倒芳樽,0.8031551867284679
欲把一樽隨飲處,勸酒欲無辭,0.8187750580590686
欲把一樽隨飲處,長日容杯酒,0.8084762241517933
欲把一樽隨飲處,先𢬵一飲醉如泥,0.826669203494288
欲把一樽隨飲處,把酒宜深酌,0.8523645972753062
欲把一樽隨飲處,纔傾一盞卽醺人,0.8305079267723599
欲把一樽隨飲處,他日一杯難强進,0.8288442709636298
欲把一樽隨飲處,喧呼且覆杯中渌,0.8198739793156062
欲把一樽隨飲處,宴引春壺酒,0.8064781269027992
欲把一樽隨飲處,重陽獨酌杯中酒,0.8344252017433639
欲把一樽隨飲處,傳杯不放杯,0.818899856393144
欲把一樽隨飲處,潦倒新亭濁酒杯,0.8202786624015675
欲把一樽隨飲處,樽前柏葉休隨酒,0.8317814970441126
欲把一樽隨飲處,殘樽下馬復同傾,0.8323528511229896
欲把一樽隨飲處,玉樽移晚興,0.8122206587893068
欲把一樽隨飲處,誰欲致杯甖,0.8054961098401896
ㅇㅇ處處鎖官茶,那堪處處聞,0.8014772859215707
ㅇㅇ處處鎖官茶,酒債尋常行處有,0.8162646117565775
ㅇㅇ處處鎖官茶,迷方著處家,0.8270609131287717
ㅇㅇ處處鎖官茶,雲輕處處山,0.8198341699068625
ㅇㅇ處處鎖官茶,處處識壺公,0.8292593003949329
ㅇㅇ處處鎖官茶,處處隣家笛,0.8316278516904927
ㅇㅇ處處鎖官茶,處處接金杯,0.8134835817506585
ㅇㅇ處處鎖官茶,處處待高人,0.8228599452706451
ㅇㅇ處處鎖官茶,處處是窮途,0.8268745098293419
池面白魚吹落絮,江蓮摇白羽,0.8157155995760352
池面白魚吹落絮,紫鱗衝岸躍,0.8127365280697704
池面白魚吹落絮,落絮遊絲亦有情,0.8120899065614532
池面白魚吹落絮,楊花雪落覆白蘋,0.8076846098271139
池面白魚吹落絮,幔卷浪花浮,0.83035418700312
池面白魚吹落絮,魚吹細浪摇歌扇,0.8508030439027332
池面白魚吹落絮,落花遊絲白日静,0.8077715089053847
池面白魚吹落絮,池中足鯉魚,0.8018120594524545
池面白魚吹落絮,細麥落輕花,0.8093792691540206
池面白魚吹落絮,輕摇逐浪鷗,0.8018111775396146
池面白魚吹落絮,仰蜂粘落絮,0.8145545381029405
池面白魚吹落絮,沙岸風吹葉,0.8184485197421281
池面白魚吹落絮,細葉帶浮毛,0.8123500353995893
池面白魚吹落絮,狎鷗輕白浪,0.8180704731828086
池面白魚吹落絮,眠沙泛浦白於雲,0.8004202274403611
池面白魚吹落絮,風生洲渚錦帆開,0.8111099450648972
池面白魚吹落絮,網聚粘圓鯽,0.8153763922407691
池面白魚吹落絮,翻藻白魚跳,0.8384480394484951
池面白魚吹落絮,白波吹粉壁,0.8433780603560437
池面白魚吹落絮,鷗邊水葉開,0.813343173538575
池面白魚吹落絮,江渚翻鷗戲,0.8109646018407102
池面白魚吹落絮,春鷗洗翅呼,0.8240939940637542
池面白魚吹落絮,浪翻江黑雨飛初,0.808853133541758
池面白魚吹落絮,黄魚出浪新,0.8251489044235554
池面白魚吹落絮,岸風翻夕浪,0.8177724804968582
池面白魚吹落絮,片片輕鷗下急湍,0.8138692248328999
池面白魚吹落絮,浦浪已吹衣,0.8080144042821504
無因光禄賜官酒,何日霑微禄,0.8223656763936049
無因光禄賜官酒,上公猶寵錫,0.8088374281935486
無因光禄賜官酒,耽酒須微禄,0.8109557434874105
無因光禄賜官酒,卿家舊賜公取之,0.8015091619084196
無因光禄賜官酒,幕府輟諫官,0.8066915154739642
無因光禄賜官酒,故人供禄米,0.8129460928926252
無因光禄賜官酒,但有故人供禄米,0.8127575987456177
無因光禄賜官酒,官有王司直,0.8003291525825512
無因光禄賜官酒,朝廷記識蒙禄秩,0.8058935092259571
無因光禄賜官酒,累奏資薄禄,0.8334455763830202
無因光禄賜官酒,賢良雖得禄,0.8044920100258448
無因光禄賜官酒,人間有賜金,0.8104267925780131
無因光禄賜官酒,諸侯數賜金,0.8000870361138744
無因光禄賜官酒,事主非無禄,0.8328309984262399
無因光禄賜官酒,下詔遷郎署,0.8043879521379025
無因光禄賜官酒,愛日恩光蒙借貸,0.8039921464727743
無因光禄賜官酒,高馬達官厭酒肉,0.8092594406873772
無因光禄賜官酒,上官督有司,0.8065612589333195
無因光禄賜官酒,賜錢傾府待,0.8371945938872275
且學潞公灌蜀茶,爲園須似邵平瓜,0.8002581212382703
月邀棋約屢登臺,招邀屢有期,0.8542358339596487
月邀棋約屢登臺,開筵得屢供,0.800349978400721
學省公廳只對街,蘇晉長齋繡佛前,0.8064692487268984
學省公廳只對街,諸僧但乞齋時飯,0.8047736820174968
九日菊花孤痛飲,痛飲狂歌空度日,0.8051331111601296
九日菊花孤痛飲,先𢬵一飲醉如泥,0.8014499087935623
九日菊花孤痛飲,叢菊兩開他日淚,0.8030864897352227
百端人事可安排,人生萬事無不有,0.8069502057030736
黄花節晚猶可惜,庭前甘菊移時晚,0.8076910307956818
黄花節晚猶可惜,青蕊重陽不堪摘,0.8168773267778604
黄花節晚猶可惜,菊垂今秋花,0.8055478698876641
黄花節晚猶可惜,寒城菊自花,0.8188470151658233
黄花節晚猶可惜,幸不折來傷歲暮,0.8083733416593777
黄花節晚猶可惜,籬外黄花菊對誰,0.8273210651878351
黄花節晚猶可惜,故園猶得見殘春,0.8086910029591308
黄花節晚猶可惜,寒花亦可憐,0.824054258016173
黄花節晚猶可惜,菊花從此不須開,0.8181874976620421
黄花節晚猶可惜,但愧菊花開,0.8104467181251526
黄花節晚猶可惜,落花時節又逢君,0.8083037371341721
青眼故人殊未來,亂後故人雙别淚,0.8152895814800252
青眼故人殊未來,相見眼終青,0.8072281151724718
青眼故人殊未來,親故行稀少,0.8117679040886114
青眼故人殊未來,時來故舊少,0.8057019247296056
青眼故人殊未來,未卜見故鄉,0.818086887615137
青眼故人殊未來,故人相見未從容,0.8534585743500855
青眼故人殊未來,故人亦流落,0.8091435744693577
青眼故人殊未來,故鄉猶恐未同歸,0.8332032941183589
青眼故人殊未來,未忍别故枝,0.8083942963224346
青眼故人殊未來,故人能領客,0.827790930490456
青眼故人殊未來,天涯故人少,0.8239715851248615
青眼故人殊未來,故人從此去,0.8268590404883118
青眼故人殊未來,故國見何日,0.8257369600610628
青眼故人殊未來,别君誰暖眼,0.802441300625347
青眼故人殊未來,殊方又喜故人來,0.8393213926339406
青眼故人殊未來,故舊誰憐我,0.8198175172559073
青眼故人殊未來,客身逢故舊,0.8145386999843041
青眼故人殊未來,故人憂見及,0.8081902970656621
青眼故人殊未來,不見故人十年餘,0.8217438714451955
青眼故人殊未來,相逢故國人,0.8511908010555449
青眼故人殊未來,故故滿青天,0.8178281937633878
青眼故人殊未來,青眼只途窮,0.8031211776558762
青眼故人殊未來,故舊短書稀,0.8266071072503794
青眼故人殊未來,故人猶遠謫,0.8131534349750993
青眼故人殊未來,重得故人書,0.8094327679183313
青眼故人殊未來,遥憐故人思故鄉,0.8094625897910891
金蘂飛觴無計共,百罰深杯辭不辭,0.8175415219205129
金蘂飛觴無計共,誰能載酒開金盞,0.8300430438118763
金蘂飛觴無計共,爛漫倒芳樽,0.8044066052606424
金蘂飛觴無計共,宴引春壺酒,0.8128533325121952
金蘂飛觴無計共,傳杯不放杯,0.8177168902941165
香鈿滿地始應回,香飄合殿春風轉,0.8212432469633686
香鈿滿地始應回,米盡拆花鈿,0.8223434844358097
憶得舊時重九日,甫昔少年日,0.813932984561653
憶得舊時重九日,却憶年年人醉時,0.8014328251658946
憶得舊時重九日,君來必十月,0.8147295286751328
憶得舊時重九日,去年今日侍龍顔,0.8040114419925597
憶得舊時重九日,憶昔少壯日,0.808619894067734
憶得舊時重九日,别離已昨日,0.800435611805014
憶得舊時重九日,十年不見來何時,0.8059427953027052
憶得舊時重九日,憶昔巡幸新豐宫,0.8074629611445965
憶得舊時重九日,憶昔開元全盛日,0.8253887708527156
憶得舊時重九日,今年思我來嘉州,0.8069517587947762
憶得舊時重九日,九日明朝是,0.8046846462888948
憶得舊時重九日,忽憶兩京全盛時,0.8148783712585639
憶得舊時重九日,如今九日至,0.8286952787304396
憶得舊時重九日,明日重陽酒,0.8143700462339868
憶得舊時重九日,舊日重陽日,0.8691476477561123
憶得舊時重九日,憶昔初見時,0.8467491484250372
憶得舊時重九日,舊時元日會,0.8340574584671046
憶得舊時重九日,幾年一會面,0.8017482807484011
憶得舊時重九日,憶子初尉永嘉去,0.8082198157972516
憶得舊時重九日,今年人日空相憶,0.8278387524921931
紫萸黄菊壓梳釵,綴席茱萸好,0.8217311820961337
紫萸黄菊壓梳釵,霜橙壓香橘,0.801548606819272
紫萸黄菊壓梳釵,籬外黄花菊對誰,0.8182314653652449
紫萸黄菊壓梳釵,菊蕊獨盈枝,0.8220151505783164
紫萸黄菊壓梳釵,野花山葉銀釵並,0.8075789130262745
寒花有意催垂淚,此老無聲淚垂血,0.8265229157702751
寒花有意催垂淚,感時花濺淚,0.8031462925402366
寒花有意催垂淚,忍淚獨含情,0.8293131903519333
寒花有意催垂淚,猶有淚成河,0.8017137243366717
寒花有意催垂淚,更灑楊朱泣,0.8174643980450875
寒花有意催垂淚,未將梅蕊驚愁眼,0.8020725165563299
寒花有意催垂淚,梅花滿枝堪斷腸,0.8025501657728251
喜鵲無端屢下堦,枝驚夜鵲棲,0.8125463006859441
喜鵲無端屢下堦,浪傳烏鵲喜,0.8115662798906425
喜鵲無端屢下堦,雪殘鳷鵲亦多時,0.8284232505724323
喜鵲無端屢下堦,今朝烏鵲喜,0.8275899104400928
喜鵲無端屢下堦,待爾嗔烏鵲,0.8214709208656259
喜鵲無端屢下堦,月細鵲休飛,0.8149802220024791
碧窗閑殺春風手,笑舞拓秋窗,0.824221890804007
古柳堤鶯幾日回,纜侵堤柳繫,0.8037919741460001
古柳堤鶯幾日回,百囀流鶯遶建章,0.818818756329315
古柳堤鶯幾日回,天晴宫柳暗長春,0.811793971597324
古柳堤鶯幾日回,市橋官柳細,0.835118125022078
古柳堤鶯幾日回,春日鶯啼修竹裏,0.8082567210588477
古柳堤鶯幾日回,官橋帶柳陰,0.8218252809397544
古柳堤鶯幾日回,黄鶯過水翻迴去,0.8169304441461691
縱有黄花堪對酒,對酒不能喫,0.8271114291504871
縱有黄花堪對酒,對酒滿壺頻,0.8062358433111381
縱有黄花堪對酒,詩酒尚堪驅使在,0.8033880977372174
縱有黄花堪對酒,誰能載酒開金盞,0.816053507819517
縱有黄花堪對酒,爲君酤酒滿眼酤,0.8100314465927521
縱有黄花堪對酒,無忘酒共持,0.8096159289677611
縱有黄花堪對酒,伊昔黄花酒,0.8087755594447157
縱有黄花堪對酒,可但步兵偏愛酒,0.8121960140382695
縱有黄花堪對酒,籬外黄花菊對誰,0.86193698952991
縱有黄花堪對酒,把臂開樽飲我酒,0.8001233777777232
縱有黄花堪對酒,賴有杯中物,0.8045363726478801
縱有黄花堪對酒,對酒愛新鵝,0.8055759878789751
縱有黄花堪對酒,把酒宜深酌,0.8085312522317731
縱有黄花堪對酒,無錢對菊花,0.881056186092978
縱有黄花堪對酒,重陽獨酌杯中酒,0.814064397269975
縱有黄花堪對酒,但愧菊花開,0.8117331511642444
縱有黄花堪對酒,對月那無酒,0.865165470332015
縱有黄花堪對酒,相對酒開顔,0.8089404818002954
縱有黄花堪對酒,瓮餘不盡酒,0.8077196631759889
應無紅袖與傳杯,隔籬呼取盡餘杯,0.8210662847546331
應無紅袖與傳杯,傳杯不放杯,0.839187259753883
高哉孔孟如秋月,高唐暮冬雪壯哉,0.8084676410066216
萬古清光仰照臨,司徒清鑒懸明鏡,0.8010786760870672
萬古清光仰照臨,光輝照北原,0.8105016706018364
萬古清光仰照臨,轉見千秋萬古情,0.8202207813812539
萬古清光仰照臨,萬里共清輝,0.8310473083870635
千里特來求驥馬,霜蹄千里駿,0.838895774594412
千里特來求驥馬,老驥思千里,0.8327807080602392
千里特來求驥馬,未惜馬蹄遥,0.8013984784904851
千里特來求驥馬,應圖求駿馬,0.8237958040623389
千里特來求驥馬,肯使騏驎地上行,0.8018074526611882
千里特來求驥馬,興發會能馳駿馬,0.8222601548784317
千里特來求驥馬,東來千里客,0.8165536704312448
千里特來求驥馬,疾禁千里馬,0.8314485382363814
千里特來求驥馬,戎馬不如歸馬逸,0.8456555474313561
千里特來求驥馬,征西車馬羽書馳,0.8035841477368606
千里特來求驥馬,騄驥皆良馬,0.8092096008564703
千里特來求驥馬,使者徒勞萬里迴,0.8118289493877636
千里特來求驥馬,放蹄知赤驥,0.8041378506889983
千里特來求驥馬,駝馬由來擁國門,0.8207540424230377
兩生於此敵南金,許身愧比雙南金,0.8053360862336734
兩生於此敵南金,此生那老蜀,0.8018594656277244
兩生於此敵南金,自此均勍敵,0.8370201192115834
兩生於此敵南金,一生自獵知無敵,0.8237271801844577
文章最忌隨人後,詞華傾後輩,0.8275500333360801
文章最忌隨人後,文章實致身,0.8041213441313774
文章最忌隨人後,多爲才名誤,0.8019008367569391
文章最忌隨人後,敢論才見忌,0.8130159898881433
文章最忌隨人後,直詞才不世,0.81393626495191
文章最忌隨人後,不露文章世已驚,0.8093830503085345
文章最忌隨人後,文雅見天倫,0.8011746059775171
文章最忌隨人後,用才文章境,0.8007570823605937
文章最忌隨人後,亂世想賢才,0.8123543402955169
文章最忌隨人後,宫闈不擬選才人,0.8005574971380778
文章最忌隨人後,文章並我先,0.8473166313178135
文章最忌隨人後,主人不世才,0.8028131719173969
文章最忌隨人後,文章敢自誣,0.8036775582288349
文章最忌隨人後,世亂跼文場,0.8008039802331542
道德無多只本心,見知真自幼,0.8024735322081857
道德無多只本心,與人一心成大功,0.8182522789610883
道德無多只本心,至性有此不,0.8146596384028377
道德無多只本心,道足示懷柔,0.8164040406666823
道德無多只本心,幾人全性命,0.8102965827877429
道德無多只本心,静者心多妙,0.820159461272293
道德無多只本心,道屈善無隣,0.805344981375937
道德無多只本心,應接非本性,0.8072582447244323
道德無多只本心,先王作法皆正道,0.8006604611483288
道德無多只本心,静求元精理,0.8081968440258276
道德無多只本心,於身色有用,0.8437179650704775
道德無多只本心,用拙存吾道,0.8296594437521391
道德無多只本心,畫師不是無心學,0.8430281806606303
道德無多只本心,直取性情真,0.8246313696640406
道德無多只本心,秉心識本源,0.859760339218159
道德無多只本心,義無棄禮法,0.806424161838179
道德無多只本心,道大容無能,0.838065062115389
道德無多只本心,義取無虚歲,0.8067474934544033
道德無多只本心,龐公任本性,0.8217195405862219
道德無多只本心,頗學陰何苦用心,0.8216658664432562
道德無多只本心,法自儒家有,0.8146450716401858
道德無多只本心,聖哲爲心小一身,0.8200669491597042
道德無多只本心,虚心味道玄,0.8518398958848517
廢軫斷弦塵漠漠,兵戈塵漠漠,0.8381103419294711
起予惆悵伯牙琴,罷琴惆悵月照席,0.8206423956218178
起予惆悵伯牙琴,臨風默惆悵,0.822166176782503
起予惆悵伯牙琴,惆悵白頭吟,0.8173616589447221
起予惆悵伯牙琴,羸老反惆悵,0.8016872931553031
細學梅花落晚風,燈前細雨簷花落,0.8125481005639132
細學梅花落晚風,桃花細逐梨花落,0.8473042360860172
細學梅花落晚風,細麥落輕花,0.8215883657654747
細學梅花落晚風,江路野梅香,0.8154620866129444
細學梅花落晚風,香傳小樹花,0.8013682670381754
細學梅花落晚風,稠花亂蕊裹江濱,0.8129768596400657
細學梅花落晚風,嫩蕊商量細細開,0.8132634221190962
細學梅花落晚風,日晚烟花亂,0.8043448793574219
細學梅花落晚風,過雨亂紅蕖,0.8065225729504615
細學梅花落晚風,風吹細細香,0.8131816061423182
細學梅花落晚風,水花寒落岸,0.8210686506455931
細學梅花落晚風,風餐江柳下,0.8019937495164067
忽飜柳絮下春空,幔卷浪花浮,0.8175644282780624
忽飜柳絮下春空,燕蹴飛花落舞筵,0.8146450697508104
忽飜柳絮下春空,急雪舞迴風,0.8008480590407366
忽飜柳絮下春空,細麥落輕花,0.8106423137395826
忽飜柳絮下春空,顛狂柳絮隨風舞,0.858288472466314
忽飜柳絮下春空,仰蜂粘落絮,0.8230858372133405
忽飜柳絮下春空,高浪垂翻屋,0.8042920123436594
忽飜柳絮下春空,映空摇颺如絲飛,0.8191099621671047
忽飜柳絮下春空,浪翻江黑雨飛初,0.8013809096781508
忽飜柳絮下春空,黄鶯過水翻迴去,0.8106772385250797
忽飜柳絮下春空,天晴忽散絲,0.8055347321378437
忽飜柳絮下春空,梅花已飛翻,0.8101096441730262
忽飜柳絮下春空,輕輕花絮飛,0.8043929782862373
家貧無酒願鄰富,家無儋石輸百萬,0.8518367194719765
家貧無酒願鄰富,兼求畜豪且割鮮,0.8034025318488185
家貧無酒願鄰富,貧窶有倉卒,0.8290302237049704
家貧無酒願鄰富,我貧無乘非無足,0.8182513378481342
家貧無酒願鄰富,街頭酒價常苦貴,0.8235401570948055
家貧無酒願鄰富,無錢居帝里,0.8028239602778252
家貧無酒願鄰富,人猶乞酒錢,0.803995773557457
家貧無酒願鄰富,故人供禄米,0.8286059100319779
家貧無酒願鄰富,但有故人供禄米,0.829072702189021
家貧無酒願鄰富,園收芋栗不全貧,0.8222452423509437
家貧無酒願鄰富,盤飧市遠無兼味,0.8000328574091091
家貧無酒願鄰富,樽酒家貧只舊醅,0.8846038374536629
家貧無酒願鄰富,鄰人有美酒,0.8257794551170501
家貧無酒願鄰富,瓶中得酒還,0.8088675851705145
家貧無酒願鄰富,無錢卽買繫籬旁,0.808897181614098
家貧無酒願鄰富,年荒酒價乏,0.8171060730177901
家貧無酒願鄰富,長貧任婦愁,0.8061553961216126
家貧無酒願鄰富,欲須供給家無粟,0.8538951716775997
家貧無酒願鄰富,小市常争米,0.8118569777852964
家貧無酒願鄰富,兵久食恐貧,0.8064033391088534
家貧無酒願鄰富,賣薪得錢應供給,0.8387366180874356
家貧無酒願鄰富,長安米萬錢,0.8472088701423561
家貧無酒願鄰富,官雞輸稻粱,0.8107866083912105
家貧無酒願鄰富,無家病不辭,0.8198706071207915
家貧無酒願鄰富,家中厭雞食蟲蟻,0.8224510906141342
家貧無酒願鄰富,近身藥裹酒常攜,0.8008884641086156
家貧無酒願鄰富,濁醪與脱粟,0.8031902376640456
家貧無酒願鄰富,富家厨肉臭,0.8497750308809273
家貧無酒願鄰富,此去苦家貧,0.8185008533048401
家貧無酒願鄰富,無富貧亦足,0.8610810230845809
家貧無酒願鄰富,貧窮老瘦家賣屩,0.8498409902923889
家貧無酒願鄰富,饑藉家家米,0.8494379696557206
家貧無酒願鄰富,瓮餘不盡酒,0.8251962650717396
家貧無酒願鄰富,實藉君平賣卜錢,0.800573901926747
家貧無酒願鄰富,濁醪粗飯任吾年,0.8162874114254
家貧無酒願鄰富,家貧無供給,0.8768502833790026
家貧無酒願鄰富,市鬻充杯酒,0.8458557895736073
官冷有田知歲豐,貧窶有倉卒,0.8015558567858805
官冷有田知歲豐,且耕今未賒,0.8000908272330041
官冷有田知歲豐,但有故人供禄米,0.8051348371660652
官冷有田知歲豐,園收芋栗不全貧,0.8393062872835795
官冷有田知歲豐,農人望歲稔,0.8164486513316599
官冷有田知歲豐,欲須供給家無粟,0.8268210858706021
官冷有田知歲豐,公私倉廩俱豐實,0.830581539171565
官冷有田知歲豐,有田種穀今流血,0.8259696282080926
官冷有田知歲豐,兵久食恐貧,0.8012576350601688
官冷有田知歲豐,賣薪得錢應供給,0.8017074846046505
官冷有田知歲豐,山田麥無隴,0.8038978545814867
官冷有田知歲豐,田家戒其荒,0.8188467143418929
官冷有田知歲豐,山田飯有沙,0.8342042715346193
官冷有田知歲豐,憂國願年豐,0.8071671892109873
官冷有田知歲豐,家須農事歸,0.8027385717747603
官冷有田知歲豐,畬田費火耕,0.8181642505731451
官冷有田知歲豐,今年米賤太傷農,0.8008511887501557
官冷有田知歲豐,家貧無供給,0.8052747225360193
夜聽枕邊飄屋瓦,雨瀉暮簷竹,0.820110151547817
夜聽枕邊飄屋瓦,牀頭屋漏無乾處,0.8267565008229811
夜聽枕邊飄屋瓦,細聲侵玉帳,0.8065774463318238
夜聽枕邊飄屋瓦,忽驚屋裏琴書冷,0.8344630893158976
夜聽枕邊飄屋瓦,猛風中夜吹白屋,0.8148397283841906
夢成江上打船篷,風急打船頭,0.8651459873596072
夢成江上打船篷,雪裏江船渡,0.8344078438210238
夢成江上打船篷,何忍醒時雨打稀,0.8021953216196355
夢成江上打船篷,江頭且繫船,0.8295196032903411
夢成江上打船篷,滄江夜來雨,0.8115593048974052
夢成江上打船篷,涪江醉泛船,0.8071561493917397
夢成江上打船篷,不是怕湖灘,0.8061352768978693
夢成江上打船篷,泊舟滄江岸,0.8097791148649153
覺來幽鳥語聲樂,好鳥鳴巖扃,0.8005074371901155
覺來幽鳥語聲樂,巢多衆鳥鬭,0.8002661568004119
覺來幽鳥語聲樂,聞呼向禽急,0.8047146474597445
覺來幽鳥語聲樂,禽鳥亦有行,0.8103466410085698
覺來幽鳥語聲樂,僧來不語自鳴鐘,0.8301718919031587
覺來幽鳥語聲樂,囀枝黄鳥近,0.8132471971034674
覺來幽鳥語聲樂,春鳥異方啼,0.8145324332007852
覺來幽鳥語聲樂,樹枝有鳥亂鳴時,0.8116887879501209
覺來幽鳥語聲樂,知音兼衆語,0.822649420512638
覺來幽鳥語聲樂,水宿鳥相呼,0.8147717706140045
覺來幽鳥語聲樂,非時鳥共聞,0.8049589527143943
覺來幽鳥語聲樂,谷鳥鳴還過,0.8511313383224168
覺來幽鳥語聲樂,擇木知幽鳥,0.812888355388111
覺來幽鳥語聲樂,好鳥知人歸,0.8103535914100359
覺來幽鳥語聲樂,幽燕唯鳥去,0.8272410592647451
覺來幽鳥語聲樂,黄鳥喧嘉音,0.8285472206831559
覺來幽鳥語聲樂,彈落似鴞禽,0.8061792256980447
疑在白鷗寒葦中,落雁浮寒水,0.8005815634049693
疑在白鷗寒葦中,河間雙白鷗,0.8214851301111117
疑在白鷗寒葦中,昔如水上鷗,0.8131223390892257
疑在白鷗寒葦中,白鷗元水宿,0.8199552009668423
疑在白鷗寒葦中,泛渚白鷗輕,0.8558748295363334
疑在白鷗寒葦中,宿鷺起圓沙,0.8013403107768017
疑在白鷗寒葦中,江潭隱白蘋,0.8147229941492136
疑在白鷗寒葦中,狎鷗輕白浪,0.8096192226931258
疑在白鷗寒葦中,還同海上鷗,0.808214883110646
疑在白鷗寒葦中,江渚翻鷗戲,0.8118202723047376
疑在白鷗寒葦中,殘生隨白鷗,0.8090328294713286
疑在白鷗寒葦中,江浦寒鷗戲,0.8454803253246579
疑在白鷗寒葦中,暮春鴛鷺立洲渚,0.8096209022779206
疑在白鷗寒葦中,曾波白石中,0.8098562003204324
疑在白鷗寒葦中,寒空見鴛鷺,0.8090631899069223
疑在白鷗寒葦中,江晚白鷗飢,0.8251045037288812
廣文賓退下簾重,帟幕旋風燕,0.8009386138185168
凉氣微生筆硯中,山添扇枕涼,0.8399772040676288
凉氣微生筆硯中,天氣如涼秋,0.8047058067432352
凉氣微生筆硯中,微冷先枕席,0.8320102090818892
凉氣微生筆硯中,爽氣春淅瀝,0.8135049135771601
凉氣微生筆硯中,春氣晚更生,0.8001210502086158
凉氣微生筆硯中,御裌侵寒氣,0.8216749718355381
凉氣微生筆硯中,潤色静書帷,0.8003396281838561
不得朱絃寫流水,朱絲有斷絃,0.8243402411116847
不得朱絃寫流水,匣琴流水自須彈,0.813792874987592
緑槐陰合鳥呼風,慈竹春陰覆,0.8430713712511133
緑槐陰合鳥呼風,水静樓陰直,0.8031065099064982
緑槐陰合鳥呼風,竹覆青城合,0.8218325949762999
緑槐陰合鳥呼風,樹密當山徑,0.8058292388792692
小霽卧觀書,晚涼看洗馬,0.8024069073714017
小霽卧觀書,讀書雲閣觀,0.8208480226891779
凉軒夏簟舒,枕簟入林僻,0.8117085085598861
凉軒夏簟舒,荷淨納涼時,0.8714369211635218
凉軒夏簟舒,山添扇枕涼,0.866974037605674
凉軒夏簟舒,當暑著來清,0.8060615195791399
凉軒夏簟舒,開軒納微涼,0.8688274361701416
凉軒夏簟舒,亭午頗和暖,0.8098374170422138
凉軒夏簟舒,天氣如涼秋,0.8043932081762333
凉軒夏簟舒,山谷進風涼,0.8182129748480613
凉軒夏簟舒,竹涼侵卧内,0.8185481110061065
凉軒夏簟舒,陰過酒樽涼,0.8065981690954569
凉軒夏簟舒,清涼破炎毒,0.8031643745153497
凉軒夏簟舒,稍通綃幕霽,0.830134264114166
凉軒夏簟舒,高棟曾軒已自涼,0.8451150204432271
凉軒夏簟舒,恩分夏簟冰,0.8227408818136218
天青印鳥跡,青雲羡鳥飛,0.8046083707511917
天青印鳥跡,丹青野殿空,0.8285649320632797
天青印鳥跡,天闊樹浮秦,0.8063104140331734
天青印鳥跡,山光見鳥情,0.8104831444986367
天青印鳥跡,蟲篆丹青廣,0.8017384426795451
天青印鳥跡,嵐壁鳥纔通,0.8390485390254327
天青印鳥跡,山長去鳥微,0.8446808269538377
雲黑卷犀渠,峽坼雲霾龍虎卧,0.8106727661984228
雲黑卷犀渠,雲端水筒坼,0.8187495045103144
雲黑卷犀渠,波漂菰米沉雲黑,0.800755710674297
雲黑卷犀渠,雲深黑水遥,0.8008150575370878
雲黑卷犀渠,熱雲初集黑,0.8131501407005527
新月來高樹,日月低秦樹,0.801817550397917
新月來高樹,涼風新過雁,0.810668726228707
新月來高樹,初月出不高,0.8035944572553224
新月來高樹,新梢纔出牆,0.8227232575978938
清風轉廣除,時清瑶殿深,0.8029588418068836
清風轉廣除,天虚風物清,0.8168139615546333
清風轉廣除,回風起清曙,0.8082860347279142
清風轉廣除,清旭步北林,0.8119429948912236
雨師真解事,轉益多師是汝師,0.814539108979708
雨師真解事,畫師不是無心學,0.8140056575914661
雨師真解事,吾師雨花外,0.8027713947348599
雨師真解事,退藏恨雨師,0.8130686495899193
一爲洗空虚,虚空不離禪,0.8075492963320502
一爲洗空虚,爲我一澘然,0.8031632068094356
一爲洗空虚,虚空不住天,0.822435879092118
一爲洗空虚,爲君洗乾坤,0.8154239375079533
一爲洗空虚,緣空一鏡升,0.8322068786969519
端居廣文舍,廣文到官舍,0.8554855884769439
端居廣文舍,遂得文公廬,0.8031902051389431
端居廣文舍,客居所居堂,0.8120529374907882
暑服似純綿,衣冷欲裝綿,0.8204708502158965
暑服似純綿,宫莎軟勝綿,0.8044458471416849
暑服似純綿,丁香體柔弱,0.8116595053618908
暑服似純綿,冬暖更纖絺,0.8149891851754769
暑服似純綿,慣習炎蒸歲絺綌,0.8212509905321597
緑竹塵蒙合,緑竹半含籜,0.801924300654018
緑竹塵蒙合,洗剥相蒙冪,0.8059403634011626
緑竹塵蒙合,碧窗宿霧濛濛濕,0.8474382846541766
緑竹塵蒙合,翠蓋蒙塵飛,0.824084959156602
紅榴日炙蔫,山梨結小紅,0.802628567513805
紅榴日炙蔫,紅鮮任霞散,0.8009287709093178
紅榴日炙蔫,色好梨勝頰,0.806266173169861
紅榴日炙蔫,紅鮮終日有,0.8129343990444197
紅榴日炙蔫,栀子紅椒艷復殊,0.8166679777081344
披襟風入幌,開軒納微涼,0.8122676059866505
披襟風入幌,披豁對吾真,0.8224087827096027
披襟風入幌,微微風動襟,0.8501937260945001
披襟風入幌,攜我豁心胸,0.8132789079288191
披襟風入幌,天清風卷幔,0.8244244852243285
披襟風入幌,開襟野堂豁,0.8395689169935582
披襟風入幌,爽合風襟静,0.8433209048803525
披襟風入幌,飄颻散疏襟,0.8187234597446138
披襟風入幌,入林解我衣,0.8200903385881346
披襟風入幌,溪風滿薄帷,0.8210611687941918
披襟風入幌,秀氣豁煩襟,0.8187428169834053
披襟風入幌,眇眇獨開襟,0.8084268639139345
披襟風入幌,披襟得鄭僑,0.8362815860766609
披襟風入幌,扣寂豁煩襟,0.8281088636684606
灑面雨連天,簷雨亂淋幔,0.8037507484713946
灑面雨連天,翅開遭宿雨,0.8038151557915186
灑面雨連天,連山雨未開,0.8227583176058935
灑面雨連天,白雨一洗空垂蘿,0.8035274102628811
莫借角巾墊,頭戴小烏巾,0.8368032992628709
莫借角巾墊,呼兒正葛巾,0.8341675025927604
莫借角巾墊,錦里先生烏角巾,0.8041791142397456
莫借角巾墊,攘攘著黄巾,0.8069049468179772
莫借角巾墊,隨意葛巾低,0.8039520374390909
勤來坐馬韉,騎馬到階除,0.8466592242827932
勤來坐馬韉,走馬脱轡頭,0.8182838903003131
勤來坐馬韉,後來鞍馬何逡巡,0.832040903601978
勤來坐馬韉,歸馬散霜蹄,0.8049209548571035
勤來坐馬韉,繫馬堂階下,0.8090862272225563
勤來坐馬韉,勸客駝蹄羹,0.8022942244404053
勤來坐馬韉,驄馬新鑿蹄,0.8015273806149308
勤來坐馬韉,駐馬更搔首,0.8004337044902748
勤來坐馬韉,要我下馬行,0.8302211484695355
勤來坐馬韉,空煩卸馬鞍,0.8353461759803265
勤來坐馬韉,無心待馬蹄,0.8183726297028344
勤來坐馬韉,臨階下馬坐人牀,0.8484854482263018
勤來坐馬韉,一朝被馬踏,0.8118573514619927
勤來坐馬韉,直愁騎馬滑,0.8061821689852231
勤來坐馬韉,出入並鞍馬,0.8122055141601187
勤來坐馬韉,國初已來畫鞍馬,0.8116845754016383
勤來坐馬韉,犬戎直來坐御牀,0.8134979245270015
勤來坐馬韉,歸來散馬蹄,0.8595799736279418
勤來坐馬韉,騎馬入青苔,0.8141822904096789
勤來坐馬韉,舞馬既登牀,0.8068245810498608
勤來坐馬韉,清晨散馬蹄,0.801439965984428
勤來坐馬韉,朋來坐馬韉,0.9254428562389543
勤來坐馬韉,自下所騎馬,0.8038448470056807
風鳴落葉地,森木亂鳴蟬,0.8316164654448872
風鳴落葉地,林風纖月落,0.8036057112304416
風鳴落葉地,落景聞寒杵,0.8321514829186625
風鳴落葉地,葉密鳴蟬稠,0.8183612127080047
風鳴落葉地,黄葉墜我前,0.8117643420456379
風鳴落葉地,抱葉寒蟬静,0.8360214828754784
風鳴落葉地,塞門風落木,0.818920492332798
風鳴落葉地,秋風已颯然,0.8010055212230698
風鳴落葉地,葉稀風更落,0.8779870601550149
風鳴落葉地,筆落驚風雨,0.8126181483599699
風鳴落葉地,山谷落葉赤,0.8326085310622193
風鳴落葉地,颼颼林響交,0.8051058790858658
風鳴落葉地,木葉黄落龍正蟄,0.8157657798030378
風鳴落葉地,榿林礙日吟風葉,0.8353513491443706
風鳴落葉地,跳枝竄葉樹木中,0.8052762276138745
風鳴落葉地,葉裏松子僧前落,0.8029757640203943
風鳴落葉地,吟詩秋葉黄,0.8205430928050105
風鳴落葉地,蟬聲集古寺,0.8013277530780791
風鳴落葉地,沙岸風吹葉,0.810658355008067
風鳴落葉地,蕭蕭半死葉,0.8003862621024449
風鳴落葉地,落木更高風,0.8718240890051097
風鳴落葉地,淅淅野風秋,0.8212115343630547
風鳴落葉地,高風下木葉,0.8844728743993395
風鳴落葉地,落落羣松直,0.8205212835187075
風鳴落葉地,風雨秋一葉,0.8235578688483327
風鳴落葉地,葉墜清渭朗,0.824147287371717
風鳴落葉地,秋風動哀壑,0.8223221385252977
風鳴落葉地,山虚風落石,0.8269575166096115
風鳴落葉地,赤葉楓林百舌鳴,0.8366731275396452
風鳴落葉地,石出倒聽楓葉下,0.8337153507825633
風鳴落葉地,風落收松子,0.8342778436770599
風鳴落葉地,天清木葉聞,0.8516519337898096
風鳴落葉地,北風黄葉下,0.8680905162947774
風鳴落葉地,風江颯颯亂帆秋,0.8292463438805253
風鳴落葉地,風急天高猿嘯哀,0.8121204336270955
風鳴落葉地,無邊落木蕭蕭下,0.8044935109956555
風鳴落葉地,秋庭風落果,0.8603267475884412
風鳴落葉地,黄落驚山樹,0.8309311826985595
風鳴落葉地,落樹有驚蟬,0.8699622973554795
風鳴落葉地,林疏黄葉墜,0.8582346724189953
風鳴落葉地,寒蟬碧樹秋,0.8027038599473142
露著晚瓜田,瓜嚼水精寒,0.801386479977048
露著晚瓜田,涼州白麥枯,0.8028951481095286
露著晚瓜田,秋蔬擁霜露,0.8320283824119458
露著晚瓜田,霜中登故畦,0.8043685656439807
露著晚瓜田,赤梨蒲萄寒露成,0.8017712458926393
露著晚瓜田,園陵白露中,0.8011280265500182
露著晚瓜田,野露及新嘗,0.8237422782370452
露著晚瓜田,山田飯有沙,0.8219264495149844
露著晚瓜田,秔稻熟天風,0.8281923012637575
露著晚瓜田,泥筍苞初荻,0.809753648113223
露著晚瓜田,秋露接園葵,0.8418906840092066
露著晚瓜田,水耕先浸草,0.8084218604146894
官道奔車氣,騎向交河道,0.8177634523894601
官道奔車氣,驛道出流沙,0.807502770012117
官道奔車氣,白牛車遠近,0.8117063363530339
官道奔車氣,烟塵昏御道,0.8035674911769892
官道奔車氣,聞道乘驄發,0.8106074413989379
官道奔車氣,征西車馬羽書馳,0.8118235083356078
官道奔車氣,聞道奔雷黑,0.8168753319882298
官道奔車氣,高車駟馬帶傾覆,0.8111976010381694
官道奔車氣,使塵來驛道,0.8174227476943905
官道奔車氣,聞道南行市駿馬,0.832651220423735
經家煮棗煙,呼兒具梨棗,0.8240632074865517
經家煮棗煙,竹齋燒藥竈,0.8133741400854342
經家煮棗煙,煑鹽烟在川,0.8171071841186381
經家煮棗煙,匡牀竹火爐,0.8019746439138147
經家煮棗煙,呼兒間煮魚,0.8005667459462884
經家煮棗煙,山家蒸栗暖,0.8180168394487101
經家煮棗煙,家人鑽火用青楓,0.8167929779382503
穫人歌挃挃,不忘舜謳歌,0.8081997765478197
穫人歌挃挃,歌鼓秦人盆,0.8203366181259139
公子騎翩翩,鎩翮再聯翩,0.828644423688043
公子騎翩翩,放逐早聯翩,0.8068366316264625
公子騎翩翩,翩躚山巔鶴,0.8389148593235725
公子騎翩翩,黄雀任翩翾,0.8484305801891578
公子騎翩翩,翩翩入鳥道,0.8011772676926708
公子騎翩翩,聯翩匍匐禮,0.8094110227332809
旁舍未隱舉,卜居意未展,0.8035224540660468
旁舍未隱舉,畜眼未見有,0.8125099065375825
旁舍未隱舉,未覺村野醜,0.8082503017882493
旁舍未隱舉,旁舍未曾嗔,0.8370120024441825
旁舍未隱舉,舉動見老醜,0.820710016588914
明秋願有年,且如今年冬,0.8245957519141731
明秋願有年,春秋二時歸至尊,0.8262340719512147
明秋願有年,萬歲千秋奉明主,0.8319780123585804
明秋願有年,元年建巳月,0.8006103141285473
明秋願有年,元年建巳月,0.8006103141285473
明秋願有年,三歲清秋至,0.8275901577524869
明秋願有年,明年下春水,0.8085849899726645
明秋願有年,聖壽宜過一萬春,0.8043135548310458
明秋願有年,憂國願年豐,0.8022936032803147
明秋願有年,明年共我長,0.8146996505125572
霜重天高日色微,西征海氣寒,0.8000146517247047
霜重天高日色微,天外秋雲薄,0.8554492544024574
霜重天高日色微,山昏塞日斜,0.81628557638982
霜重天高日色微,日色隱孤戍,0.814865955090496
霜重天高日色微,山晚半天赤,0.8221385134077526
霜重天高日色微,高天逐望低,0.824227565464583
霜重天高日色微,沙暄日色遲,0.8205250562561281
霜重天高日色微,千崖秋氣高,0.8092234227914754
霜重天高日色微,日滿樓前江霧黄,0.8127843375265096
霜重天高日色微,日氣射江深,0.8001671657832287
霜重天高日色微,露下天高秋水清,0.8453829103388941
霜重天高日色微,樓高雨雪微,0.8259430427784112
霜重天高日色微,谷虚雲氣薄,0.812882474516977
霜重天高日色微,楚星南天黑,0.8024910429257104
霜重天高日色微,陽臺曙色分,0.8186247502868464
霜重天高日色微,樓高月迥明,0.8033874543673295
霜重天高日色微,高烟燋上蒼,0.8150956172349504
霜重天高日色微,天高白帝秋,0.8375201306837792
顛狂紅葉上堦飛,著葉滿枝翠羽蓋,0.8231888331112598
顛狂紅葉上堦飛,莫作翻雲鶻,0.8016226504618068
顛狂紅葉上堦飛,黄葉墜我前,0.8041152392910925
顛狂紅葉上堦飛,跳枝竄葉樹木中,0.8086314666456955
顛狂紅葉上堦飛,顛狂柳絮隨風舞,0.8348379763845329
顛狂紅葉上堦飛,仰蜂粘落絮,0.8073808772859853
顛狂紅葉上堦飛,風花高下飛,0.8472866655190411
顛狂紅葉上堦飛,狂風太放顛,0.8244995466447657
北風不惜江南客,江城今夜客,0.8346988564635917
北風不惜江南客,無名江上草,0.8089307083641334
北風不惜江南客,誤競南風疏北客,0.8428561438263173
北風不惜江南客,江北江南春冬花,0.813247315388335
北風不惜江南客,杜陵遠客不勝悲,0.8190947415739038
北風不惜江南客,畏人江北草,0.8622600950895455
北風不惜江南客,江州涕不禁,0.8104553430696884
北風不惜江南客,北風天正寒,0.8075349509417133
北風不惜江南客,湖南爲客動經春,0.8030288117392612
更入破窗吹客衣,山添扇枕涼,0.8057513419273876
更入破窗吹客衣,時能點客衣,0.8303594807579633
更入破窗吹客衣,野風吹征衣,0.8293360777308899
更入破窗吹客衣,秋風淅淅吹我衣,0.8386885303776195
更入破窗吹客衣,入林解我衣,0.8248055934293803
更入破窗吹客衣,疏簾巧入坐人衣,0.8355293924564773
白氏草堂元自葺,愛汝玉山草堂静,0.8126529200821623
白氏草堂元自葺,背郭堂成蔭白茅,0.839391481165032
白氏草堂元自葺,應結茅齋著青壁,0.8325240952999895
白氏草堂元自葺,弟子誰依白茅屋,0.8192533577854645
陶公三徑不教荒,草茅無徑欲教鋤,0.8240552265599543
陶公三徑不教荒,只須伐竹開荒徑,0.8414854788835087
陶公三徑不教荒,籬邊老却陶潛菊,0.8032428069808253
陶公三徑不教荒,荒林無徑入,0.8053901248813748
陶公三徑不教荒,年深荒草徑,0.8065578744137611
陶公三徑不教荒,卜築應同蔣詡徑,0.8100232567031482
青蕉雨後開書卷,讀書破萬卷,0.8041252483138088
青蕉雨後開書卷,未足臨書卷,0.8106477417244162
青蕉雨後開書卷,腹中書籍幽時曬,0.8115123432703188
青蕉雨後開書卷,書籤藥裹封蛛網,0.8005193969692576
青蕉雨後開書卷,風牀展書卷,0.822051641736961
青蕉雨後開書卷,攤書解滿牀,0.8055299880239324
黄菊霜前碎鵠裳,蘭摧白露下,0.8184871542673352
黄菊霜前碎鵠裳,衣裳判白露,0.8271590468722487
黄菊霜前碎鵠裳,露菊斑豐鎬,0.8043138766111135
黄菊霜前碎鵠裳,霜黄碧梧白鶴棲,0.8222164052480949
落日看山凭曲檻,石門斜日到林丘,0.8009389942287495
落日看山凭曲檻,斜日當軒蓋,0.8176434295226256
落日看山凭曲檻,層巔餘落日,0.8043732835353457
落日看山凭曲檻,樓閣倚山巓,0.8085879315181472
落日看山凭曲檻,日斜鵩鳥入,0.8057596350837516
落日看山凭曲檻,注目寒江倚山閣,0.8162994725644297
清風談道據胡床,乘月坐胡牀,0.8080162855138049
此來遂得歸休意,此身飲罷無歸處,0.8332029218389778
此來遂得歸休意,歸來權可取,0.8169957184142267
此來遂得歸休意,此豈有意仍騰驤,0.803603522554541
此來遂得歸休意,此去必不歸,0.8115131775903447
此來遂得歸休意,此日意無窮,0.8126297238951711
此來遂得歸休意,始擬進歸舟,0.8083132715957475
此來遂得歸休意,有意待人歸,0.8063781008805812
此來遂得歸休意,此身未知歸定處,0.8126463762628706
