황정견,두보,코사인 유사도
同時本自不作雙,龍種自與常人殊,0.824011274535306
同時本自不作雙,應接非本性,0.8060682434676172
同時本自不作雙,與人同生亦同死,0.8277331438261347
同時本自不作雙,小人自同調,0.801447274720716
秋水無言度,清渭無情極,0.8276165390535982
荷花稱意紅,菱葉荷花淨如拭,0.8079685998770231
荷花稱意紅,可愛深紅愛淺紅,0.8035790838798296
荷花稱意紅,荷芰逐花低,0.8346278685819888
主人敬愛客,座對賢人酒,0.8026371021943324
主人敬愛客,主稱壽尊客,0.8202609911832032
主人敬愛客,主人念老馬,0.8363733118983262
主人敬愛客,始知賢主人,0.8323332722959063
主人敬愛客,人憐漢公主,0.8096944945625619
主人敬愛客,老人他日愛,0.8228425586081773
主人敬愛客,邑有佳主人,0.8305119971789191
主人敬愛客,爲愛丈人山,0.8070440644525081
主人敬愛客,故人能領客,0.8133205924587282
主人敬愛客,久客惜人情,0.8117810452321956
主人敬愛客,主人送客何所作,0.8474955496298687
主人敬愛客,非君愛人客,0.8735116362480582
主人敬愛客,我公會賓客,0.8211291477553901
主人敬愛客,樂任主人爲,0.8047960199151869
主人敬愛客,主人留上客,0.8659901280005258
主人敬愛客,諸葛蜀人愛,0.8122676220648094
主人敬愛客,主客多歡娱,0.8325986388288564
主人敬愛客,況乃主客間,0.8215290754797553
主人敬愛客,唯君最愛清狂客,0.8198737862090228
主人敬愛客,主人長跪問,0.8151511558023908
主人敬愛客,畏人嫌我真,0.8063594548744645
主人敬愛客,不知有主客,0.8313676690390477
主人敬愛客,王子自愛惜,0.8045670648685791
主人敬愛客,主人不世才,0.8371218917810541
主人敬愛客,引爲賓客敬頗久,0.8032769630104182
主人敬愛客,惠愛南翁悦,0.8024583192865341
催唤出房籠,唤婦出房親自饌,0.804688399964613
一斛明珠曲,掌中貪看一珠新,0.8176616174001983
一斛明珠曲,自得隋珠覺夜明,0.8131125814749962
何時落塞鴻,落雁浮寒水,0.8144896191730726
何時落塞鴻,天上多鴻雁,0.822411753514251
何時落塞鴻,朔風飄胡雁,0.8120002389691562
何時落塞鴻,塞門風落木,0.8037841237324893
何時落塞鴻,邊秋一雁聲,0.8137359615239483
何時落塞鴻,鴻雁幾時到,0.8654803410309351
何時落塞鴻,一聲何處送書雁,0.8078430021851808
何時落塞鴻,落雁失飛騰,0.8398799524919657
何時落塞鴻,北雁塞聲微,0.8368489907392603
何時落塞鴻,舊國霜前白雁來,0.8355813561024783
何時落塞鴻,塞雁一行鳴,0.833631911282795
何時落塞鴻,旅雁上雲歸紫塞,0.8323758075095911
何時落塞鴻,塞雁與時集,0.8344561594002049
莫藏春笋手,菜傳纖手送青絲,0.8002912674736573
翡翠釵梁碧,蹙金孔雀銀麒麟,0.8050994866979616
翡翠釵梁碧,翡翠鳴衣桁,0.8497599139106465
翡翠釵梁碧,燕姬翠黛愁,0.8235369662237182
翡翠釵梁碧,或看翡翠蘭苕上,0.826996278176858
翡翠釵梁碧,巢傾翡翠低,0.8281583175145761
翡翠釵梁碧,宫簾翡翠虚,0.8307438295028962
石榴帬褶紅,越女紅裙濕,0.8689951980707032
石榴帬褶紅,紅膩小湖蓮,0.826650405617928
石榴帬褶紅,嬪嬙左右如花紅,0.8046717127306351
石榴帬褶紅,紅入桃花嫩,0.8066790749667822
石榴帬褶紅,輕紅擘茘枝,0.8051154371724143
石榴帬褶紅,花蕊亞枝紅,0.8018180828389239
石榴帬褶紅,羅韈紅蕖艷,0.8728992298901523
隙光斜斗帳,三移斗柄春,0.8010395611165666
隙光斜斗帳,寒房燭影微,0.8043193211072375
香字冷薰籠,麝香眠石竹,0.8226987728503312
香字冷薰籠,雲暖麝香山,0.8461080734248053
香字冷薰籠,麝香山一半,0.8188555830583018
香字冷薰籠,輕籠熟柰香,0.8148759530594234
香字冷薰籠,馨香粉署妍,0.8094908195069725
聞道西飛燕,傳道東柯谷,0.8040308176196098
聞道西飛燕,聞説荆南馬,0.8182815766919851
聞道西飛燕,西來有好鳥,0.8093095117500605
聞道西飛燕,聞道今春雁,0.8301891837076887
聞道西飛燕,聞道南行市駿馬,0.818549043605777
將隨北固鴻,君看隨陽雁,0.8099316127095567
將隨北固鴻,背若孤征鴻,0.8110838207200255
將隨北固鴻,天上多鴻雁,0.8134888116794559
將隨北固鴻,嶺雁隨毫末,0.8080022070074792
將隨北固鴻,南雁意在北,0.8414604139012296
將隨北固鴻,鳧雁終高去,0.8062286004915891
將隨北固鴻,南征盡跕鳶,0.8186976985416192
將隨北固鴻,雖無南過雁,0.810177489674946
將隨北固鴻,鴻雁將安歸,0.8377043226922969
鴛鴦會獨宿,鴛鴦不獨宿,0.963779654233831
鴛鴦會獨宿,莫學野鴛鴦,0.8348293758447316
鴛鴦會獨宿,江檻俯鴛鴦,0.8073188995201004
鴛鴦會獨宿,鵷鴻不易狎,0.8031481296095638
鴛鴦會獨宿,沙煖睡鴛鴦,0.8366121616283546
鴛鴦會獨宿,坐觸鴛鴦起,0.8439191364541768
鴛鴦會獨宿,鴛鷺叨雲閣,0.8016067044571522
鴛鴦會獨宿,暮春鴛鷺立洲渚,0.8165855753819413
鴛鴦會獨宿,空慚鴛鷺行,0.8014489945361036
鴛鴦會獨宿,年衰鴛鷺群,0.8076148812118998
鴛鴦會獨宿,寒空見鴛鷺,0.8560420656641509
鴛鴦會獨宿,沙鷗並一雙,0.8324538955336526
鴛鴦會獨宿,水宿伴鳧鷖,0.8106590620534935
鴛鴦會獨宿,殿瓦鴛鴦坼,0.8193673019897338
風雨打舩蓬,風急打船頭,0.9169750276019131
風雨打舩蓬,反思前夜風雨急,0.8300236684413329
風雨打舩蓬,曉來急雨春風顛,0.8281057512248784
風雨打舩蓬,頭風吹過雨,0.8162288852131987
風雨打舩蓬,雪裏江船渡,0.8125258169550051
風雨打舩蓬,風雨秋一葉,0.8080189274946791
風雨打舩蓬,北風昨夜雨,0.8344986705875697
障羞羅袂薄,香霧雲鬟濕,0.8141390001609566
障羞羅袂薄,香羅疊雪輕,0.8338894643257775
障羞羅袂薄,天寒翠袖薄,0.8712647443807264
障羞羅袂薄,縱被微雲掩,0.8189379048702621
障羞羅袂薄,衫裛翠微潤,0.8324893252660917
障羞羅袂薄,輕籠熟柰香,0.8207184284171423
障羞羅袂薄,羅韈紅蕖艷,0.8160307114026206
障羞羅袂薄,赤憎輕薄遮入懷,0.8644812505391911
承汗領巾紅,把酒從衣濕,0.8007218870063249
承汗領巾紅,衫裛翠微潤,0.820933397523658
承汗領巾紅,汗濕衣裳污,0.843555259572093
承汗領巾紅,朱汗驂驔猶噴玉,0.8023211479114069
承汗領巾紅,隨意葛巾低,0.8396713842305706
承汗領巾紅,穿花貼水益霑巾,0.8021762162120685
晚風斜蠆髮,林風纖月落,0.8095155834044513
晚風斜蠆髮,細葛含風軟,0.8050936694459159
晚風斜蠆髮,微風燕子斜,0.820596036730618
晚風斜蠆髮,村晚驚風度,0.8104039959186401
晚風斜蠆髮,沙晚低風蝶,0.8147777904704998
晚風斜蠆髮,日晚烟花亂,0.8010286897502432
晚風斜蠆髮,晚風爽烏匼,0.8291086678182417
逸艷照窗籠,月林散清影,0.8053673325048107
逸艷照窗籠,疏花披素艷,0.8138034364333124
逸艷照窗籠,隱映銀絲籠,0.8012024884652802
逸艷照窗籠,女樂餘姿映寒日,0.8039784609259455
胡琴抱明月,罷琴惆悵月照席,0.8205067318211723
胡琴抱明月,日夜偶瑶琴,0.8172680727725994
胡琴抱明月,匣琴流水自須彈,0.8035541717028913
倚壁生蛛網,曝露牆壁外,0.8072335924502203
倚壁生蛛網,書籤藥裹封蛛網,0.8155703694715014
倚壁生蛛網,散帙壁魚乾,0.8207930000911317
倚壁生蛛網,裊裊啼虚壁,0.8086584780784174
倚壁生蛛網,掛壁移筐果,0.8111424467412969
倚壁生蛛網,蛛絲罥鬢長,0.8227945723841263
年光如轉蓬,生涯獨轉蓬,0.8169758688616662
年光如轉蓬,飄蓬踰三年,0.8188485504641937
年光如轉蓬,飄零任轉蓬,0.8277961834338103
年光如轉蓬,天邊今轉蓬,0.8033844374402421
年光如轉蓬,各逐萍流轉,0.8002234537486773
年光如轉蓬,老去苦飄蓬,0.8105604093353386
年光如轉蓬,各云厭轉蓬,0.814193285483831
年光如轉蓬,身世雙蓬鬢,0.8032061281955271
年光如轉蓬,菁華歲月遷,0.8124368077955155
年光如轉蓬,人事傷蓬轉,0.8616538007560799
年光如轉蓬,三歲如轉燭,0.8535936445979659
九陌黄塵烏帽底,黄門飛鞚不動塵,0.8140528771388267
九陌黄塵烏帽底,黄昏胡騎塵滿城,0.8244991523859551
九陌黄塵烏帽底,胡塵暗天道路長,0.8011904566923151
九陌黄塵烏帽底,烏帽拂塵青騾粟,0.850895972501464
九陌黄塵烏帽底,殺人紅塵裏,0.8036257075621772
五湖春水白鷗前,白鷗没浩蕩,0.8155126370496933
五湖春水白鷗前,青春波浪芙蓉園,0.8142573421242678
五湖春水白鷗前,江湖秋水多,0.8289083804630436
五湖春水白鷗前,浣花溪水水西頭,0.8002531543602894
五湖春水白鷗前,百花潭水卽滄浪,0.8426456469571444
五湖春水白鷗前,白鷗元水宿,0.8309802356316967
五湖春水白鷗前,白沙翠竹江村暮,0.8014150086988465
五湖春水白鷗前,碧水春風野外昏,0.8043423469818982
五湖春水白鷗前,泛渚白鷗輕,0.8207313559226701
五湖春水白鷗前,江潭隱白蘋,0.8038197833064467
五湖春水白鷗前,春日清江岸,0.8195248230544634
五湖春水白鷗前,狎鷗輕白浪,0.8242638820038477
五湖春水白鷗前,風生洲渚錦帆開,0.8032701285942996
五湖春水白鷗前,九江春草外,0.8196143083038365
五湖春水白鷗前,竹寒沙碧浣花溪,0.8106639050880328
五湖春水白鷗前,鷗邊水葉開,0.8122907344779059
五湖春水白鷗前,江渚翻鷗戲,0.8162400287115676
五湖春水白鷗前,江浦寒鷗戲,0.8280276448820045
五湖春水白鷗前,暮春鴛鷺立洲渚,0.8083780099471296
五湖春水白鷗前,青草洞庭湖,0.8036265668475691
五湖春水白鷗前,江湖多白鳥,0.8443388887473318
五湖春水白鷗前,江晚白鷗飢,0.84395584714957
五湖春水白鷗前,江湖深更白,0.8001807326941585
五湖春水白鷗前,江湖春欲暮,0.8043785399440082
五湖春水白鷗前,不過五湖秋,0.8120456858434788
五湖春水白鷗前,青山落日江湖白,0.8063731872114221
五湖春水白鷗前,春岸桃花水,0.8111414410939037
五湖春水白鷗前,湖色春光淨客船,0.8196987098118071
五湖春水白鷗前,江湖天闊足風濤,0.8003113242571804
五湖春水白鷗前,身事五湖南,0.8024149957476389
五湖春水白鷗前,迴雁五湖春,0.8412155283273002
扁舟不爲鱸魚去,欲浮江海去,0.804630163006187
扁舟不爲鱸魚去,不有小舟能蕩槳,0.8188401343076812
扁舟不爲鱸魚去,從此具扁舟,0.8207968788922664
扁舟不爲鱸魚去,扁舟吾已僦,0.8222384292985327
扁舟不爲鱸魚去,龍舟移棹晚,0.8256604785003615
扁舟不爲鱸魚去,扁舟欲往箭滿眼,0.8011555084648451
扁舟不爲鱸魚去,故著浮槎替入舟,0.8133542446711546
扁舟不爲鱸魚去,扁舟不獨如張翰,0.827881724706298
扁舟不爲鱸魚去,扁舟落吾手,0.8207634698034159
扁舟不爲鱸魚去,方舟不用楫,0.8075637930706117
扁舟不爲鱸魚去,天入滄浪一釣舟,0.8209361505745292
扁舟不爲鱸魚去,扁舟繫纜沙邊久,0.8111919875131781
扁舟不爲鱸魚去,扁舟輕裊纜,0.8007994076682474
扁舟不爲鱸魚去,豈無雙釣舟,0.8085270635029571
扁舟不爲鱸魚去,翻却釣魚船,0.8156010776581574
扁舟不爲鱸魚去,江漢一歸舟,0.8234755423636232
扁舟不爲鱸魚去,子豈無扁舟,0.808281357948252
扁舟不爲鱸魚去,借問泛舟人,0.8031733190069055
扁舟不爲鱸魚去,漸擬放扁舟,0.818990738990462
扁舟不爲鱸魚去,扁舟繫此亭,0.8060086786100452
扁舟不爲鱸魚去,扁舟任往來,0.8111025820632672
扁舟不爲鱸魚去,南渡桂水闕舟楫,0.804719501025831
扁舟不爲鱸魚去,舟楫復江湖,0.8139625275862407
扁舟不爲鱸魚去,扁舟空老去,0.8537780700190534
扁舟不爲鱸魚去,南汎上瀧舠,0.8047396021500626
扁舟不爲鱸魚去,蝦菜忘歸范蠡船,0.8433062438082137
扁舟不爲鱸魚去,故泊洞庭船,0.8059770704929736
收取聲名四十年,才名三十年,0.8810392834910292
收取聲名四十年,聲名從此大,0.8069501643312582
收取聲名四十年,古老相傳二百年,0.8004814664757534
收取聲名四十年,將軍得名三十載,0.8368730415596697
收取聲名四十年,丈夫垂名動萬年,0.803351059628715
收取聲名四十年,嗚呼已十年,0.8083427021847142
淮南草木借光輝,祖席倍輝光,0.8009763595578281
淮南草木借光輝,光輝照北原,0.8346146102277223
淮南草木借光輝,賢聲此去有輝光,0.8146942873515062
淮南草木借光輝,擁别借光輝,0.8049921356608212
淮南草木借光輝,端拱自光輝,0.8230436386854667
故應剖蚌登王府,直爲文翁再剖符,0.8276875060519966
故應剖蚌登王府,剖符來蜀道,0.817892037663493
王屋千霜老紫藤,霜埋翠竹根,0.8139756603113699
王屋千霜老紫藤,老樹飽經霜,0.8077029307365522
王屋千霜老紫藤,古廟杉松巢水鶴,0.8113073308413017
扶公休沐對親朋,堂上會親戚,0.8000422355519294
異時駟馬安車去,暮隨肥馬塵,0.8159029617939578
異時駟馬安車去,知章騎馬似乘船,0.8402669707434953
異時駟馬安車去,後來鞍馬何逡巡,0.8093609057808131
異時駟馬安車去,御史新驄馬,0.8014362405555036
異時駟馬安車去,憲府屢乘驄,0.8011901455899835
異時駟馬安車去,戎車滿關東,0.8034225390662688
異時駟馬安車去,豈知驅車復同軌,0.8263957166388356
異時駟馬安車去,漫勞車馬駐江干,0.8157136375925164
異時駟馬安車去,纏結青驄馬,0.8001532081826961
異時駟馬安車去,有客騎驄馬,0.8493906996995911
異時駟馬安車去,能騎生馬駒,0.814398188513251
異時駟馬安車去,五馬何時到,0.8326934235458072
異時駟馬安車去,多暇日陪驄馬遊,0.8218689277836851
異時駟馬安車去,洛下舟車入,0.8107708047879321
異時駟馬安車去,車輿使者歸,0.837510180355276
異時駟馬安車去,仍騎御史驄,0.8082494947326402
異時駟馬安車去,雖有車馬客,0.830223908178727
異時駟馬安車去,使君五馬一馬驄,0.8390466896173685
異時駟馬安車去,使君騎紫馬,0.8214229271985324
異時駟馬安車去,先帝御馬玉花驄,0.8213304587414587
異時駟馬安車去,戎馬不如歸馬逸,0.8255595138824507
異時駟馬安車去,車駕既云還,0.8013065852592013
異時駟馬安車去,征西車馬羽書馳,0.8214643329812356
異時駟馬安車去,戎馬何時稀,0.8040617134952914
異時駟馬安車去,先宜駕鼓車,0.8206767950934994
異時駟馬安車去,高車駟馬帶傾覆,0.8478122555911516
異時駟馬安車去,天馬長鳴待駕馭,0.8094251124200806
異時駟馬安車去,悲鳴駟馬顧,0.8146612388083416
拄到天壇願力能,指揮能事迴天地,0.8033875116400986
拄到天壇願力能,扶持自是神明力,0.8208843765329741
拄到天壇願力能,在野只教心力破,0.8056556496125207
月寒遥夜闌,聽詩静夜分,0.8007721988226006
月寒遥夜闌,醉歸應犯夜,0.8072596032594299
月寒遥夜闌,夜闌更秉燭,0.817939327772667
月寒遥夜闌,不夜月臨關,0.8503010329066807
月寒遥夜闌,月過北庭寒,0.8404481339192409
月寒遥夜闌,露從今夜白,0.8159132255420187
月寒遥夜闌,老吟秋月下,0.8150668465805411
月寒遥夜闌,鄰火夜深明,0.8015998891816432
月寒遥夜闌,昨夜月同行,0.8212734040390351
月寒遥夜闌,夜深露氣清,0.880029733941802
月寒遥夜闌,空悲清夜徂,0.8091223447990559
月寒遥夜闌,月明遊子静,0.8216008009616315
月寒遥夜闌,何曾夜色闌,0.8016039460845423
月寒遥夜闌,風燈照夜欲三更,0.801798362325812
月寒遥夜闌,中夜江山静,0.813681576962028
月寒遥夜闌,匣琴虚夜夜,0.8301379198100074
月寒遥夜闌,殘夜水明樓,0.8312982598076777
月寒遥夜闌,夜久落江邊,0.8012239760127704
月寒遥夜闌,秋月仍圓夜,0.8143753297172901
月寒遥夜闌,向夜月休弦,0.8098466891648042
月寒遥夜闌,夜久燭花偏,0.8288869823765206
月寒遥夜闌,昨夜月清圓,0.8447245856355461
月寒遥夜闌,秋天昨夜涼,0.8406179031732373
月寒遥夜闌,永夜月同孤,0.8483838690996033
馬嘶車鐸鳴,走馬脱轡頭,0.8012433382744747
馬嘶車鐸鳴,歸馬散霜蹄,0.8067320812218839
馬嘶車鐸鳴,驊騮顧主鳴,0.8089493352633648
馬嘶車鐸鳴,而無車馬喧,0.8117619895374324
馬嘶車鐸鳴,倚杖穿花聽馬嘶,0.8397271556832231
馬嘶車鐸鳴,馬嘶未敢動,0.8324853344195731
馬嘶車鐸鳴,細馬時鳴金騕褭,0.856355065513833
馬嘶車鐸鳴,馬銜青草嘶,0.8226697568977724
馬嘶車鐸鳴,歸來散馬蹄,0.8082181239825837
馬嘶車鐸鳴,清晨散馬蹄,0.8243354586497662
馬嘶車鐸鳴,悲鳴駟馬顧,0.8570566311153944
群動不遑安,敢料安危體,0.8019978227337039
群動不遑安,喧静不同科,0.8136215032787131
群動不遑安,百慮視安危,0.8123306337305647
有人夢超俗,殊俗自人群,0.80305535475763
去髮脱儒冠,儒冠多誤身,0.8479516887470822
去髮脱儒冠,短髮寄簪纓,0.8344087446721646
去髮脱儒冠,朝廷半老儒,0.8026471632186597
去髮脱儒冠,凛欲衝儒冠,0.823185159723534
去髮脱儒冠,黄冠歸故鄉,0.8178515637712328
去髮脱儒冠,多士盡儒冠,0.825940911925924
去髮脱儒冠,何須不著鵕䴊冠,0.8204204000234211
去髮脱儒冠,客則挂冠至,0.8181477939276518
去髮脱儒冠,身上愧簪纓,0.8157507431120095
去髮脱儒冠,雖蒙换蟬冠,0.8185379471621961
去髮脱儒冠,黑貂寧免敝,0.8080005257527966
去髮脱儒冠,老去一霑巾,0.8024064590586235
去髮脱儒冠,脱我頭上簪,0.8176283338447209
去髮脱儒冠,蒙恩早厠儒,0.8042471636014985
去髮脱儒冠,儒服敝於地,0.8125370532611689
平明視清鏡,冰雪淨聰明,0.8019631454613705
平明視清鏡,司徒清鑒懸明鏡,0.8552686976951768
平明視清鏡,清見光炯碎,0.8030052166374197
平明視清鏡,老罷知明鏡,0.8045840503330108
平明視清鏡,滿目飛明鏡,0.8414775374919885
平明視清鏡,緣空一鏡升,0.8205790598144262
平明視清鏡,鑒徹勞懸鏡,0.8597381368671724
平明視清鏡,今晨清鏡中,0.8286632189790104
政爾良獨難,正當艱難時,0.8184322458139677
政爾良獨難,吾道屬艱難,0.8046051957505478
政爾良獨難,艱險不易論,0.8028964093233802
政爾良獨難,胡羯何多難,0.808922053299653
政爾良獨難,濟時信良哉,0.8155021756597446
政爾良獨難,非爾更苦節,0.842904296443553
政爾良獨難,行子得良時,0.8086745198962433
政爾良獨難,賢良不必展,0.80895786727802
政爾良獨難,良會苦短促,0.8084484058048502
聞道一稊米,稻米流脂粟米白,0.8082269708572769
聞道一稊米,聞道雲安麴米春,0.830482843294966
聞道一稊米,官雞輸稻粱,0.8123005728755852
聞道一稊米,爲問淮南米貴賤,0.805705260683836
出身縛簪纓,不願論簪笏,0.8027345291745283
出身縛簪纓,盍簪喧櫪馬,0.815751074120333
出身縛簪纓,走馬脱轡頭,0.8015011332468462
出身縛簪纓,脱身簿尉中,0.8075737032914304
出身縛簪纓,短髮寄簪纓,0.8160585103204461
出身縛簪纓,不關輕紱冕,0.8068120404317443
出身縛簪纓,歸朝日簪笏,0.8088247367867927
出身縛簪纓,居然綰章紱,0.8041798525614728
出身縛簪纓,身上愧簪纓,0.8740059527030994
出身縛簪纓,脱我頭上簪,0.8207854196895477
出身縛簪纓,脱身亦奔竄,0.8019772368819544
懷我伐木友,中夜懷友朋,0.840054453903194
寒衾夢丁丁,尚聞丁丁聲,0.8073960960793787
富貴但如此,貴賤俱物役,0.8186013060109183
富貴但如此,富貴何如草頭露,0.8424813736410248
富貴但如此,衆人貴苟得,0.8041065837990672
富貴但如此,君豈棄此物,0.8035583007862396
富貴但如此,身貴不足論,0.8356236503631023
富貴但如此,此輩少爲貴,0.8106911383422927
富貴但如此,榮貴如糞土,0.8553297291150356
富貴但如此,富貴應須致身早,0.8261615643398059
富貴但如此,如何此貴重,0.838674466506141
富貴但如此,富貴於我如浮雲,0.9042641957165641
富貴但如此,世上未有如公貧,0.8132448769664347
富貴但如此,兄將富貴等浮雲,0.8388833853416936
富貴但如此,處貴如白屋,0.8621187753916553
富貴但如此,貧賤固其常,0.8206822627774658
富貴但如此,富貴任生涯,0.8494967725465432
富貴但如此,榮華貴少壯,0.8072453172431697
富貴但如此,五陵豪貴反顛倒,0.80641408768324
富貴但如此,一生富貴傾邦國,0.8241254360257398
富貴但如此,無貴賤不悲,0.8325267597436288
富貴但如此,無富貧亦足,0.8214997750474932
富貴但如此,中外貴賤殊,0.8381119319775203
富貴但如此,富貴當如此,0.9587236689842411
富貴但如此,富貴必從勤苦得,0.8013526182516488
富貴但如此,貴人豈不仁,0.8054928361424679
富貴但如此,富貴功名焉足圖,0.8441671910751036
富貴但如此,梁公富貴於身疏,0.8545814285574902
早晚相隨去,追隨不覺晚,0.8120825861207066
早晚相隨去,客行歲晚晚相催,0.8097379781203458
松根有茯苓,仙李蟠根大,0.8128780925419528
松根有茯苓,漱壑松柏秃,0.8073271137503897
松根有茯苓,山寒少茯苓,0.90947366406563
松根有茯苓,霜埋翠竹根,0.8053753126371987
松根有茯苓,知子松根長茯苓,0.9428041960386832
松根有茯苓,斬根削皮如紫玉,0.8027006124734366
松根有茯苓,頑根易滋蔓,0.809365345182449
松根有茯苓,中有松柏參天長,0.8124761617010424
松根有茯苓,古廟杉松巢水鶴,0.813172291149979
牧羊金華山,紫駝之峰出翠釜,0.8224065926807054
早通玉帝籍,通籍踰青瑣,0.828684653810562
早通玉帝籍,詔書引上殿,0.8169157713973422
早通玉帝籍,歸家初散紫宸朝,0.8011892598612163
早通玉帝籍,詔從三殿去,0.8013301238452912
早通玉帝籍,謬通金閨籍,0.8262606873953391
早通玉帝籍,已令請急會通籍,0.8002702523017727
早通玉帝籍,共通金閨籍,0.8456843639891471
早通玉帝籍,預傳籍籍新京兆,0.8141168107999788
早通玉帝籍,上帝高居絳節朝,0.8098020210919195
早通玉帝籍,宫闕通羣帝,0.8189472978647607
早通玉帝籍,獻書謁皇帝,0.803974379883529
早通玉帝籍,玉京群帝集北斗,0.8137604539159239
早通玉帝籍,瑶墀侍臣已冥寞,0.816165740925018
至今風低草,風颯長沙柳,0.809226740793586
ㅇㅇ見白石,業白出石壁,0.8515453137736348
ㅇㅇ見白石,白水見舅氏,0.8292427354285115
ㅇㅇ見白石,月照白水山,0.8210324401306333
ㅇㅇ見白石,石間見海眼,0.8027254170067191
ㅇㅇ見白石,白日遞隱見,0.8102123585397455
ㅇㅇ見白石,白石明可把,0.841583863446856
ㅇㅇ見白石,不見石與土,0.849376557402451
金華風煙下,風流散金石,0.8052922198970917
亦有君履迹,我行得遺跡,0.8521778614604325
亦有君履迹,尚書無履聲,0.8026799118592491
何爲紅塵裏,忍爲塵埃没,0.8281107068652213
何爲紅塵裏,死者爲塵泥,0.8255240729879085
何爲紅塵裏,錦里烟塵外,0.8288988087937064
何爲紅塵裏,狼狽風塵裏,0.8123230776530962
何爲紅塵裏,但是避風塵,0.8095477661683945
何爲紅塵裏,何處出塵氛,0.8697935491596893
何爲紅塵裏,殺人紅塵裏,0.8665264853199028
頷鬚欲雪白,繰絲須長不須白,0.81224334611262
頷鬚欲雪白,赤汗微生白雪毛,0.8256479687209421
頷鬚欲雪白,近公如白雪,0.8311902253751817
頷鬚欲雪白,白髮千莖雪,0.8653896499292983
頷鬚欲雪白,能添白髮明,0.8088385799312998
頷鬚欲雪白,顔色白勝雪,0.854076981904343
頷鬚欲雪白,不必須白皙,0.8510225830839379
頷鬚欲雪白,鬢髮各已蒼,0.8073919352685399
頷鬚欲雪白,白益毛髮古,0.8500964364778774
頷鬚欲雪白,甚聞霜薤白,0.8034161535195607
頷鬚欲雪白,别來頭併白,0.8001388136092016
頷鬚欲雪白,君家白碗勝霜雪,0.8100746682956128
頷鬚欲雪白,鬢髮還應雪滿頭,0.8542666054500672
頷鬚欲雪白,頭白恐風寒,0.8278956041410336
頷鬚欲雪白,何須白髮侵,0.8427936280485169
頷鬚欲雪白,悲歌鬢髮白,0.8044418612988098
頷鬚欲雪白,鬢毛元自白,0.8083898347803906
頷鬚欲雪白,蠶崖雪似銀,0.8031062394113596
頷鬚欲雪白,髮少何勞白,0.8387848184831391
頷鬚欲雪白,相視髮皓白,0.8136532601831645
頷鬚欲雪白,其如鑷白休,0.8200049754840577
頷鬚欲雪白,雪暗還須浴,0.8018817795535543
頷鬚欲雪白,馮唐毛髮白,0.8182138453247558
頷鬚欲雪白,經齒冷於雪,0.8053219857000632
頷鬚欲雪白,羽毛淨白雪,0.815351528370234
頷鬚欲雪白,我嘆黑頭白,0.8212059201915338
頷鬚欲雪白,鬢毛垂領白,0.8246126845750914
頷鬚欲雪白,客間頭最白,0.802134057375757
群陰彫品物,封題鳥獸形,0.8199183197603691
群陰彫品物,殊俗自人群,0.8056271284799092
松柏尚桓桓,桓桓陳將軍,0.803836079215178
松柏尚桓桓,安敢尚盤桓,0.8253846429496016
老去惟心在,老來苦便静,0.8010498755025051
老去惟心在,所親驚老瘦,0.8006564283525326
老去惟心在,只益丹心苦,0.8133896316658824
老去惟心在,老去才雖盡,0.8142921438531406
老去惟心在,將老病纏身,0.8004218669719008
老去惟心在,老去恨空聞,0.8131514727698754
老去惟心在,在野只教心力破,0.8053542163855832
老去惟心在,經過老自休,0.8028576119802957
老去惟心在,老身須付託,0.8004432515272941
老去惟心在,白頭惟有赤心存,0.804472457363952
老去惟心在,老去多歸心,0.8618085606662242
老去惟心在,病身終不動,0.8026777077600816
老去惟心在,病渴身何去,0.8004350431579197
相依到歲寒,歲寒仍顧遇,0.8093259951816361
相依到歲寒,飢寒永相望,0.8192594647427344
相依到歲寒,歲寒守舊柯,0.8066106502320426
霜嚴御史府,長懷禁掖垣,0.8150453596858256
霜嚴御史府,御史新驄馬,0.8294106124147922
霜嚴御史府,王有虎臣司苑門,0.8117830186148001
霜嚴御史府,幕府輟諫官,0.8433640058247522
霜嚴御史府,柱史晨征憩,0.8109922804180012
霜嚴御史府,府中韋使君,0.8247149383579302
霜嚴御史府,憲府屢乘驄,0.8342546237243751
霜嚴御史府,禁掖朋從改,0.8008552969515861
霜嚴御史府,衞青開幕府,0.8377960859744857
霜嚴御史府,幸爲達書賢府主,0.8023635887997111
霜嚴御史府,仍騎御史驄,0.8154752819830251
霜嚴御史府,名因太史傳,0.813791451365258
霜嚴御史府,軍吏迴官燭,0.802783510093891
霜嚴御史府,晚交嚴明府,0.816581796436358
霜嚴御史府,曾爲掾吏趨三輔,0.828169098541047
霜嚴御史府,直筆在史臣,0.8088616884165066
霜嚴御史府,廷諍守御牀,0.8116426718255179
霜嚴御史府,獨當省署開文苑,0.846853664177647
霜嚴御史府,北部初高選,0.8100774216490797
霜嚴御史府,叨陪幕府要,0.8011352916344239
霜嚴御史府,下詔遷郎署,0.809213418575686
霜嚴御史府,郎官幸備員,0.8066537337729887
霜嚴御史府,蕭曹拱御筵,0.8475617607165278
霜嚴御史府,郎官列宿應,0.8197061179280465
霜嚴御史府,風流漢署郎,0.8059524624560781
霜嚴御史府,來簪御府筆,0.8813180272565939
雨立大夫官,地崇士大夫,0.802042590389336
犧象溝中斷,秋水通溝洫,0.8017762876779867
徽弦爨下殘,朱絲有斷絃,0.8015558431854
徽弦爨下殘,音知燥濕絃,0.8093389460893574
光陰一鳥過,身輕一鳥過,0.810187999524864
光陰一鳥過,輕鳥度曾陰,0.8352248121396302
光陰一鳥過,愁窺高鳥過,0.8090181574627409
光陰一鳥過,難隨鳥翼一相過,0.8269029603232609
光陰一鳥過,水鳥過仍迴,0.8245525578622273
翦伐萬牛難,萬馬救中原,0.8225575774557679
翦伐萬牛難,氣敵萬人將,0.8013960682227119
翦伐萬牛難,國須行戰伐,0.8060582377541818
春日輝桃李,九重春色醉仙桃,0.801821448959182
春日輝桃李,春日垂霜鬢,0.8056405609254773
春日輝桃李,艷艷待春梅,0.8010713905323046
春日輝桃李,春光日自濃,0.8361684074079023
春日輝桃李,栽桃爛熳紅,0.8169630836182249
春日輝桃李,春日復含情,0.8082403247207923
春日輝桃李,春岸桃花水,0.8000344630649676
漢規群玉府,名是漢庭來,0.8014960933015137
漢規群玉府,經傳拱漢皇,0.8300603686022987
漢規群玉府,開府當朝傑,0.8146326500062604
漢規群玉府,王有虎臣司苑門,0.8029076127606933
漢規群玉府,象闕憲章新,0.8000650393192801
漢規群玉府,衞青開幕府,0.80991236669928
漢規群玉府,上帝高居絳節朝,0.8057784037689402
漢規群玉府,宫闕通羣帝,0.8184693993765848
漢規群玉府,名參漢望苑,0.8281808130411427
漢規群玉府,玉京群帝集北斗,0.8478373381741431
漢規群玉府,兩都開幕府,0.8093252659542174
漢規群玉府,漢道中興盛,0.8059782362675039
東觀近宸居,氣色皇居近,0.8422027503641423
東觀近宸居,筵秩宴北林,0.8045384142014456
東觀近宸居,獻納開東觀,0.8128370143958554
東觀近宸居,式瞻北鄰居,0.8272817609697433
東觀近宸居,睿想丹墀近,0.8440105527317017
東觀近宸居,冠冕通南極,0.8023063234038239
東觀近宸居,近侍歸京邑,0.8441193975865051
東觀近宸居,近接西南境,0.8122794448572199
東觀近宸居,嘗聞蓬萊殿,0.8042645243705597
東觀近宸居,上帝高居絳節朝,0.8151080172623765
東觀近宸居,宫闕通羣帝,0.829564187418838
東觀近宸居,乃知東極臨,0.8227744668715264
東觀近宸居,王城通北辰,0.8022703003110523
東觀近宸居,宫闕深旒綴,0.8021392091652229
東觀近宸居,扈蹕上元初,0.8001538967645189
東觀近宸居,蓬萊仗數移,0.8016906847886078
東觀近宸居,秦城近斗杓,0.812631112378922
東觀近宸居,重聞西方止觀經,0.8077330109055916
東觀近宸居,聲華夾宸極,0.8117202102585108
東觀近宸居,喜近天皇寺,0.8347737810739515
東觀近宸居,南岳自兹近,0.8125247064008363
東觀近宸居,皇輿三極北,0.8149725501562919
東觀近宸居,城府開清旭,0.8124839691343233
詔許無雙士,許身愧比雙南金,0.8092179769212511
詔許無雙士,卑宫制詔遥,0.8000735709363781
來觀未見書,人稀書不到,0.8056411470242306
來觀未見書,未足臨書卷,0.81008732382244
來觀未見書,讀書難字過,0.8332174296523776
來觀未見書,畜眼未見有,0.8232570870827611
來觀未見書,但見書畫傳,0.8291388580797348
來觀未見書,讀書雲閣觀,0.8164586056678187
來觀未見書,有使卽寄書,0.8040300661314219
來觀未見書,來書細作行,0.8010839091213832
來觀未見書,老去親知見面稀,0.8027885437965587
來觀未見書,不見秘書心若失,0.8292690737639139
來觀未見書,及見秘書失心疾,0.8332647688185442
來觀未見書,重聞西方止觀經,0.8050645035817425
來觀未見書,書來數唤吾,0.8083644743986218
來觀未見書,念我能書數字至,0.8259862856549967
來觀未見書,未見有知音,0.8201821301008508
來觀未見書,郭欽上書見大計,0.8004059600701725
皇文開萬卷,讀書破萬卷,0.8048789784257322
皇文開萬卷,文章開穾奥,0.8296276761671499
皇文開萬卷,前後百卷文,0.8154317888257538
皇文開萬卷,群書一萬卷,0.8333347973281787
皇文開萬卷,群書萬卷常暗誦,0.8117731641794671
皇文開萬卷,年少今開萬卷餘,0.8002795083007344
家學陋三餘,學業醇儒富,0.8418806622809163
家學陋三餘,儒術大名齊,0.8029053460996692
家學陋三餘,世已疏儒素,0.8275916610612343
家學陋三餘,業學尸鄉多養雞,0.826732242434222
竹帛森延閣,參差北户間,0.8073559634726493
星辰繞直廬,七星在北户,0.8233418117569742
星辰繞直廬,氣衝星象表,0.8205244547755628
星辰繞直廬,聽履上星辰,0.81666201832795
星辰繞直廬,宸極妖星動,0.8196556291205805
星辰繞直廬,劍閣星橋北,0.814009638280111
星辰繞直廬,北極捧星辰,0.8572126035437128
星辰繞直廬,南星落故園,0.8070517265651074
星辰繞直廬,星辰屢合圍,0.818546069481628
星辰繞直廬,夜臺當北斗,0.8173712909698317
星辰繞直廬,妖星下直廬,0.89819768466939
星辰繞直廬,鬱鬱星辰劍,0.8136486847833231
星辰繞直廬,銀河倒列星,0.8203359737930497
星辰繞直廬,南極一星朝北斗,0.8467368703927818
星辰繞直廬,銀漢會雙星,0.8257995907943839
星辰繞直廬,早晚到星躔,0.8033463322812542
星辰繞直廬,北斗故臨秦,0.8087229114108271
星辰繞直廬,星拆台衡地,0.8218846858687406
星辰繞直廬,星辰北斗深,0.8735606445400949
星辰繞直廬,南斗避文星,0.8428046043814915
星辰繞直廬,秀氣衝星斗,0.8133423539410658
星辰繞直廬,北拱戴霄漢,0.8211760178556882
諸生起孤賤,謀拙愧諸昆,0.8025079208795586
諸生起孤賤,素知賤子甘貧賤,0.8194556845045519
諸生起孤賤,諸生困一經,0.8235148338442931
諸生起孤賤,諸生老伏虔,0.8054991821167377
諸生起孤賤,諸生原憲貧,0.8442266911749666
諸生起孤賤,良人早殁諸孤癡,0.8243876633358955
諸生起孤賤,君有長才不貧賤,0.8081595346785317
諸生起孤賤,深覺負平生,0.8169326407532863
諸生起孤賤,孤陋忝末親,0.8441292777301159
諸生起孤賤,微軀忝近臣,0.820499363430793
諸生起孤賤,高卧負微軀,0.8026993610550103
諸生起孤賤,衰迷賢與愚,0.8185442375345591
諸生起孤賤,蒼生起謝安,0.8239273001734735
諸生起孤賤,小臣餘此生,0.8260982884013561
天子自吹嘘,唯待吹嘘送上天,0.8417798335862701
天子自吹嘘,吹嘘人所羡,0.8100438614516638
天子自吹嘘,茲理儻吹嘘,0.8212644089802055
天子自吹嘘,使節有吹嘘,0.8330669325858538
天子自吹嘘,吹面受和風,0.8013737341141425
願以多聞力,其王願助順,0.8013989800012955
願以多聞力,願聞第一義,0.8215240770626567
願以多聞力,但願子意陳,0.8002655529605703
願以多聞力,願子少干謁,0.8161951058766281
願以多聞力,食德見從事,0.8294838863763585
論思補帝裾,文思憶帝堯,0.82471948935958
論思補帝裾,牽裾驚魏帝,0.8034747786623153
國士懷珠玉,壯士恥爲儒,0.8059262686095632
國士懷珠玉,彦昭超玉價,0.8071479036320983
國士懷珠玉,懷君想報珠,0.8095401886035434
國士懷珠玉,入懷本倚崑山玉,0.8182446301549767
通津不易扛,河凍味魚不易得,0.8184464810360879
通津不易扛,渡河不用船,0.8259595721639036
通津不易扛,下臨不測江,0.8142354080009572
通津不易扛,乘槎動要津,0.8084594607020297
櫝藏心有待,龍身寧久藏,0.8112453323513189
櫝藏心有待,於身色有用,0.8099692178245779
櫝藏心有待,痛飲信行藏,0.8041981063872978
櫝藏心有待,兔藏三窟莫深憂,0.8041016145993066
櫝藏心有待,珠明得暗藏,0.8111666249643328
櫝藏心有待,鈎深法更秘,0.8047659850329374
褐短義難降,短褐風霜入,0.8008221956229684
褐短義難降,女長裁褐穩,0.8017581221209198
褐短義難降,短衣防戰地,0.8026923153995873
寶唾歸青簡,寶鏡羣臣得,0.8016390977487189
晴虹貫夜窗,縈窗素月垂秋練,0.8024777046676561
晴虹貫夜窗,川蜺飲練光,0.8078719539382377
晴虹貫夜窗,江虹明遠飲,0.8125575074895826
直言方按劍,氣豪直阻兵,0.8023289090156543
直言方按劍,獨坐親雄劍,0.8032800791230688
直言方按劍,佩劍衝星聊暫拔,0.8119092148093597
直言方按劍,氣衝看劍匣,0.8263043401858721
豈是故迷邦,不是故離羣,0.8037044695300231
豈是故迷邦,豈非吾道東,0.8042096918161399
豈是故迷邦,本是楚人家,0.8197980922592556
連城買一雙,無錢卽買繫籬旁,0.8015061530548799
連城買一雙,連檣並米船,0.8046965083272237
連城買一雙,連城爲寶重,0.8240105009484904
安知藍縷底,山僧衣藍縷,0.8028736601062649
明月弄寒江,落雁浮寒水,0.8042442365167296
明月弄寒江,舍影漾江流,0.8002075269820623
明月弄寒江,江月滿江城,0.8071330269426208
明月弄寒江,落月去清波,0.8404581294168997
明月弄寒江,石瀨月娟娟,0.805681607534301
明月弄寒江,江月光於水,0.8285937076926293
明月弄寒江,殘夜水明樓,0.8009071426547456
明月弄寒江,江漢月娟娟,0.8265265949466595
明月弄寒江,月朗自明船,0.8066998482787813
明月弄寒江,江湖墮清月,0.8622607158887811
前朝夏州守,東郡趨庭日,0.8055469613563331
前朝夏州守,守歲阿戎家,0.8079396127525486
前朝夏州守,今日西京掾,0.8459579209101273
前朝夏州守,古人重守邊,0.8033361070481272
前朝夏州守,今日時清兩京道,0.801908830759486
前朝夏州守,我軍取相州,0.802923403634438
前朝夏州守,守邊赴河陽,0.8148720148621857
前朝夏州守,雖從本州役,0.8046284298721712
前朝夏州守,未曾入州府,0.8170459626431685
前朝夏州守,聞道并州鎮,0.8308166527544937
前朝夏州守,近聞寬法離新州,0.802209563322783
前朝夏州守,君不見益州城西門,0.803099517788753
前朝夏州守,憶昔南海使,0.8278212875950524
前朝夏州守,遂州城中漢節在,0.8297351064327785
前朝夏州守,坐逢楊子鎮東州,0.8093028828206852
前朝夏州守,憶昔先皇巡朔方,0.804020038591128
前朝夏州守,京師今晏朝,0.8260048896325749
前朝夏州守,五載客蜀郡,0.8093479022424783
前朝夏州守,一年居梓州,0.8129779102108571
前朝夏州守,今年思我來嘉州,0.8031503440465163
前朝夏州守,前年渝州殺刺史,0.8507543576005849
前朝夏州守,今年開州殺刺史,0.8423780186259717
前朝夏州守,往者武后朝,0.806487837852385
前朝夏州守,老蒙台州掾,0.8103188029148328
前朝夏州守,昔罷河西尉,0.8282049983316147
前朝夏州守,初興薊北師,0.8228374461717932
前朝夏州守,杭州定越州,0.8087267461213852
前朝夏州守,荆南芮公得將軍,0.8149084923906047
前朝夏州守,爾過江陵府,0.8192490181959105
前朝夏州守,昔在嚴公幕,0.8045974485554899
來欵塞門西,召募赴薊門,0.8315462008136955
來欵塞門西,西行過此門,0.8487854907628855
來欵塞門西,何日通燕塞,0.8025971476734164
來欵塞門西,我來入蜀門,0.8213358213245778
來欵塞門西,客從西北來,0.8176302208965913
來欵塞門西,徐關東海西,0.8066424156552638
來欵塞門西,瀘水復西來,0.812501647490866
來欵塞門西,款款話歸秦,0.8263316935807133
聖主敷文德,天人夙德升,0.8455005960402415
聖主敷文德,聖情常有眷,0.8356595945896115
聖主敷文德,致君堯舜上,0.8021601106963244
聖主敷文德,獻納紆皇眷,0.8001787405950628
聖主敷文德,德尊一代常坎軻,0.8103495174538391
聖主敷文德,智謀垂睿想,0.8069547222065102
聖主敷文德,嘉謨及遠黎,0.8165999042910536
聖主敷文德,孝理敦國政,0.8434061942697195
聖主敷文德,宣光果明哲,0.8936901590319899
聖主敷文德,煌煌太宗業,0.8071182386780003
聖主敷文德,天屬尊堯典,0.8563462658658506
聖主敷文德,神功協禹謨,0.8374642147273417
聖主敷文德,翼亮貞文德,0.8451332404640518
聖主敷文德,丕承戢武威,0.8581897439015578
聖主敷文德,聖圖天廣大,0.8626807267352757
聖主敷文德,宗祀日光輝,0.8164346857904032
聖主敷文德,文思憶帝堯,0.8090568882270208
聖主敷文德,聖朝新孝理,0.8901905743581975
聖主敷文德,唐堯真自聖,0.8046442774802947
聖主敷文德,德業天機秉,0.8124862283465828
聖主敷文德,帝力收三統,0.8005008931102093
聖主敷文德,世祖修高廟,0.8076174533101464
聖主敷文德,密奉聖旨恩宜殊,0.8298130183113739
聖主敷文德,赫赫雍王都節制,0.8060508241876038
聖主敷文德,至今勞聖主,0.8217205273177116
聖主敷文德,豈惟高祖聖,0.8078429100048399
聖主敷文德,甲兵分聖旨,0.8189691987971696
聖主敷文德,君臣重修德,0.845676529022067
聖主敷文德,重遊先主廟,0.8031289477139938
聖主敷文德,今王德教淳,0.8644820323575859
聖主敷文德,一德興王後,0.8486948080794324
聖主敷文德,聖賢古法則,0.8111866245411861
聖主敷文德,皇皇使臣體,0.8121792394476571
聖主敷文德,明明君臣契,0.81414404998533
聖主敷文德,皇天德澤降,0.8483871638796466
聖主敷文德,只在忠臣翊聖朝,0.8479433154573942
聖主敷文德,異王册崇勳,0.8196642346856119
聖主敷文德,聖聰矧多仁,0.8860901485606871
聖主敷文德,祀事親聖躬,0.8437861993295472
聖主敷文德,聖哲體仁恕,0.8725864270403847
聖主敷文德,紀德名標五,0.8026979178011306
聖主敷文德,羲和流德澤,0.8276418681948479
聖主敷文德,上有明哲君,0.8033070146025421
聖主敷文德,周宣漢武今王是,0.806325071520255
聖主敷文德,神靈漢代中興主,0.8108918790233984
聖主敷文德,禹功翊造化,0.8160480885147279
聖主敷文德,天王日儉德,0.8661309195767233
聖主敷文德,兼存翊贊功,0.8471838805368934
聖主敷文德,百祀發光輝,0.8284738444086284
聖主敷文德,堯有四岳明至理,0.8219205547657452
聖主敷文德,崇大王法度,0.8023268220325266
聖主敷文德,武德開元際,0.8637624246059502
聖主敷文德,玄元皇帝聖雲孫,0.838708396893003
聖主敷文德,王門高德業,0.8057300030141209
聖主敷文德,聖朝光御極,0.8596033355398138
聖主敷文德,聖哲垂彖繫,0.8776977478258003
聖主敷文德,無補聖明朝,0.814444821458679
聖主敷文德,聖主他年貴,0.8210905863468113
聖主敷文德,君行佐紀綱,0.8037496439430705
聖主敷文德,皇天實照臨,0.8108951421797169
