황정견,두보,코사인 유사도
久聞岷石鴨頭緑,江心磻石生桃竹,0.8190998418508018
可磨桂溪龍文刀,已佩含景蒼精龍,0.8161425391444801
可磨桂溪龍文刀,洗魚磨刀魚眼紅,0.809002999738105
可磨桂溪龍文刀,青溪先有蛟龍窟,0.8051658858812815
可磨桂溪龍文刀,龍泉必在腰,0.8092538284591557
可磨桂溪龍文刀,一斛舊水藏蛟龍,0.8339173496320528
可磨桂溪龍文刀,今許鉛鐵和青銅,0.8040892284691392
莫嫌文吏不知武,敢論才見忌,0.8018780767420237
莫嫌文吏不知武,論文或不愧,0.8196061996816697
莫嫌文吏不知武,但見文翁能化俗,0.812480971798035
莫嫌文吏不知武,不露文章世已驚,0.8065571319206344
莫嫌文吏不知武,園吏未足怪,0.8286710108764802
莫嫌文吏不知武,尚恐主守疏,0.8062618298269336
莫嫌文吏不知武,卽防遠客雖多事,0.8066404077191105
莫嫌文吏不知武,主人不世才,0.8020825125137789
莫嫌文吏不知武,詩家筆勢君不嫌,0.8158639880975842
莫嫌文吏不知武,龐公不浪出,0.8012480944427551
要試飽霜秋兔毫,未試囊中餐玉法,0.8030841574479546
要試飽霜秋兔毫,斯須領健鶻,0.8168787594626736
要試飽霜秋兔毫,頭上鋭耳批秋竹,0.8028286851033503
要試飽霜秋兔毫,秋蔬擁霜露,0.8200193618952858
要試飽霜秋兔毫,霜鶻不空拳,0.8018161844146758
要試飽霜秋兔毫,秋卵方漫喫,0.8088258419950098
要試飽霜秋兔毫,落刃嚼冰霜,0.8188416384018782
要試飽霜秋兔毫,直欲數秋毫,0.8414732034946899
要試飽霜秋兔毫,破甘霜落爪,0.8216233704067808
要試飽霜秋兔毫,走索背秋毫,0.8262312239371066
要試飽霜秋兔毫,利器當秋毫,0.8259182459934769
晁子智囊可以括四海,食之豪健西域無,0.804369971721882
晁子智囊可以括四海,豈無蜀兵三千人,0.8030233305174981
晁子智囊可以括四海,弟子韓幹早入室,0.8014069391018193
自我得二士,自謂頗挺出,0.8576241356891079
自我得二士,自非曠士懷,0.8027178497004197
自我得二士,千載得鮑叔,0.8022281898602894
自我得二士,況我與子非壯年,0.8084747391983422
自我得二士,憶昔少壯日,0.8031436128575593
自我得二士,生我不得力,0.8225524224124483
自我得二士,致此自僻遠,0.8052667135017498
自我得二士,謝爾性所適,0.8048379779949832
自我得二士,自古有羇旅,0.8098886565016876
自我得二士,韋侯别我有所適,0.8320563498577065
自我得二士,自古雖有厭勝法,0.8110672782898463
自我得二士,今之新圖有二馬,0.803408198171552
自我得二士,今我一賤老,0.8016470599317493
自我得二士,願見北地傅介子,0.8003889109680244
自我得二士,自説二女齧臂時,0.8269087927124884
自我得二士,俊才得之子,0.8212148396854799
自我得二士,古來傑出士,0.8109481698700234
自我得二士,惜哉李蔡不復得,0.8112894335432361
自我得二士,志士惜妄動,0.810442426987576
自我得二士,我今遠遊子,0.800582689709271
自我得二士,自云帝季女,0.8100628973038384
自我得二士,才士得神秀,0.8111869525883075
自我得二士,烈士惡苟得,0.8339018766759863
自我得二士,大夫出盧宋,0.8024616763276264
意氣傾九州,長鯨吞九州,0.8159883209679917
意氣傾九州,老氣横九州,0.903685306521867
意氣傾九州,四鎮富精鋭,0.8151604865637516
意氣傾九州,神傾意豁真佳士,0.8194956690552521
意氣傾九州,佳此志氣遠,0.8085729644822448
意氣傾九州,已覺氣與嵩華敵,0.8059959552692166
意氣傾九州,由來意氣合,0.8057783639390632
意氣傾九州,氣豪直阻兵,0.80794884427356
意氣傾九州,二州豪俠場,0.8039375894418799
意氣傾九州,詞氣浩縱横,0.8006360691081469
道山延閣委竹帛,高有廢閣道,0.8157698536885297
清都太微望冕旒,冕旒俱秀發,0.8055901486778788
清都太微望冕旒,中間謁紫宸,0.8435472570671269
清都太微望冕旒,軒墀曾寵鶴,0.8075788208768253
清都太微望冕旒,軒冕羅天闕,0.8261729147365862
清都太微望冕旒,祠官朝見星,0.8008173141731061
清都太微望冕旒,王綱尚旒綴,0.8119392959839461
清都太微望冕旒,帳殿羅玄冕,0.8364111480262071
清都太微望冕旒,睿想丹墀近,0.8098583189518019
清都太微望冕旒,歸家初散紫宸朝,0.8125541971217191
清都太微望冕旒,萬國衣冠拜冕旒,0.8431390235828298
清都太微望冕旒,玉階仙仗擁千官,0.8337450316781879
清都太微望冕旒,雙瞻御座引朝儀,0.8369087641426188
清都太微望冕旒,冠冕通南極,0.82880685433641
清都太微望冕旒,奉詔發金微,0.8132040588021106
清都太微望冕旒,象闕憲章新,0.8209688328487381
清都太微望冕旒,上帝高居絳節朝,0.8467332687747464
清都太微望冕旒,宫闕通羣帝,0.8125953911911763
清都太微望冕旒,北極朝廷終不改,0.8019934307933487
清都太微望冕旒,朝廷記識蒙禄秩,0.8004762953547746
清都太微望冕旒,萬一皇恩下玉墀,0.8085292268832489
清都太微望冕旒,朝傍紫微垣,0.8271446004554976
清都太微望冕旒,宫闕深旒綴,0.8196472077750236
清都太微望冕旒,扈蹕上元初,0.8147001841590389
清都太微望冕旒,玉京群帝集北斗,0.8017366159571611
清都太微望冕旒,聲華夾宸極,0.8534804598258774
清都太微望冕旒,鳴玉朝來散紫宸,0.8010366590428191
清都太微望冕旒,衣冠拜紫宸,0.8496892501706508
清都太微望冕旒,翟表郎官瑞,0.8037674000109916
清都太微望冕旒,仗鉞褰帷瞻具美,0.8085193258637222
清都太微望冕旒,垂旒資穆穆,0.8111218323736379
清都太微望冕旒,聖朝光御極,0.8281034715117087
貝宫胎寒弄明月,宫硯玉蟾蜍,0.8344119051774306
貝宫胎寒弄明月,自得隋珠覺夜明,0.830418223365963
此地要須無不有,此身那得更無家,0.8288723179605063
此地要須無不有,江上舍前無此物,0.8044345484427285
此地要須無不有,此曲祇應天上有,0.8005675100521539
此地要須無不有,出非不得地,0.8005266077854585
此地要須無不有,此味亦時須,0.8111005909427371
此地要須無不有,只有不關渠,0.8110825775237829
此地要須無不有,是非何處定,0.8102172667699876
此地要須無不有,人生萬事無不有,0.8178906414986542
此地要須無不有,死地脱斯須,0.8132347977448261
晁無咎贈君越侯所貢蒼玉璧,卿家舊賜公取之,0.8359389541492221
晁無咎贈君越侯所貢蒼玉璧,焉得置之貢玉堂,0.8049924642510413
晁無咎贈君越侯所貢蒼玉璧,贈爾秦人策,0.8093391320399064
晁無咎贈君越侯所貢蒼玉璧,群公蒼玉佩,0.8020055147882224
晁無咎贈君越侯所貢蒼玉璧,汝貴玉爲琛,0.8067940596500993
可烹玉塵試春色,未試囊中餐玉法,0.8073910957438889
可烹玉塵試春色,碧酒隨玉粒,0.8127532899195147
可烹玉塵試春色,君家白碗勝霜雪,0.8063450906148297
可烹玉塵試春色,蔗漿歸廚金碗凍,0.8124399684763866
可烹玉塵試春色,射洪春酒寒仍緑,0.8052704725982562
可烹玉塵試春色,堅昆碧碗最來多,0.8043370428824447
斟酌古今來活國,如今足斟酌,0.8167815458641348
張文潜贈君洮州緑石含風漪,君今起舵春江流,0.8126934054708428
能淬筆鋒利如錐,鋒稜瘦骨成,0.8099616627547712
能淬筆鋒利如錐,銛鋒瑩鷿鵜,0.8353539025416119
能淬筆鋒利如錐,利物常發硎,0.8075847748005152
能淬筆鋒利如錐,長翮如刀劍,0.8209197574046226
能淬筆鋒利如錐,穿皮啄朽觜欲秃,0.8047185037690976
能淬筆鋒利如錐,於利競錐刀,0.8676403184341521
能淬筆鋒利如錐,力與願矛盾,0.8151003192666508
能淬筆鋒利如錐,鋩鍔已瑩虚秋濤,0.8185709957320726
能淬筆鋒利如錐,鞲上鋒稜十二翮,0.8191775913110724
能淬筆鋒利如錐,願聞鋒鏑鑄,0.8139730579906228
能淬筆鋒利如錐,詩家筆勢君不嫌,0.8014159703895655
能淬筆鋒利如錐,刻剥及錐刀,0.8736480696794605
能淬筆鋒利如錐,錯揮鐵如意,0.8071978742971311
能淬筆鋒利如錐,利器當秋毫,0.8315690694773445
請書元祐開皇極,天人夙德升,0.800575930829023
請書元祐開皇極,致君堯舜上,0.8165854329860658
請書元祐開皇極,配極玄都閟,0.8051295128296756
請書元祐開皇極,經傳拱漢皇,0.8042241757000124
請書元祐開皇極,獻納紆皇眷,0.8348832031518326
請書元祐開皇極,河隴降王款聖朝,0.8116067007853813
請書元祐開皇極,獻納開東觀,0.802678623903047
請書元祐開皇極,八荒開壽域,0.825633919137094
請書元祐開皇極,扈聖登黄閣,0.8110239869756104
請書元祐開皇極,天屬尊堯典,0.8174291380721147
請書元祐開皇極,神功協禹謨,0.8092779276008699
請書元祐開皇極,聖圖天廣大,0.8225349804822342
請書元祐開皇極,又下聖明朝,0.8016200934957391
請書元祐開皇極,聖朝新孝理,0.8331095094669374
請書元祐開皇極,奉詔發金微,0.8113846915743927
請書元祐開皇極,帝力收三統,0.8510605223629886
請書元祐開皇極,開闢乾坤正,0.8073296541681085
請書元祐開皇極,每覺昇元輔,0.8141935308237231
請書元祐開皇極,自天銜瑞圖,0.8376471839049636
請書元祐開皇極,三皇五帝前,0.8566540012604531
請書元祐開皇極,密奉聖旨恩宜殊,0.8051689628824611
請書元祐開皇極,經營上元始,0.8032926547439738
請書元祐開皇極,甲兵分聖旨,0.8172578662346268
請書元祐開皇極,二天開寵餞,0.8302991289827646
請書元祐開皇極,承恩數上南薰殿,0.8056662235270193
請書元祐開皇極,憶昔先皇巡朔方,0.8137663833574669
請書元祐開皇極,憶昔開元全盛日,0.8141080054865539
請書元祐開皇極,周宣中興望我皇,0.8307101329531231
請書元祐開皇極,萬一皇恩下玉墀,0.8404605119161122
請書元祐開皇極,獻書謁皇帝,0.8355461048140299
請書元祐開皇極,皇皇使臣體,0.8218501038319356
請書元祐開皇極,皇天德澤降,0.8470651477786388
請書元祐開皇極,冬移含元仗,0.8002856409390211
請書元祐開皇極,先帝嚴靈寢,0.8083275037505991
請書元祐開皇極,元元歸始終,0.8092192995206839
請書元祐開皇極,元和辭大罏,0.8024113439680283
請書元祐開皇極,扈蹕上元初,0.8357647054547073
請書元祐開皇極,歷歷開元事,0.8115642644606438
請書元祐開皇極,聖壽宜過一萬春,0.8086808251833815
請書元祐開皇極,禹功翊造化,0.8207189815327479
請書元祐開皇極,天王日儉德,0.8232727157925293
請書元祐開皇極,聲華夾宸極,0.8047791863290777
請書元祐開皇極,堯有四岳明至理,0.8151705499142735
請書元祐開皇極,錫號戴慈親,0.8065678781930785
請書元祐開皇極,武德開元際,0.8974076519301506
請書元祐開皇極,玄元皇帝聖雲孫,0.8867551761843013
請書元祐開皇極,望帝傳應實,0.8308624132530191
請書元祐開皇極,皇極正乘輿,0.8459987186978956
請書元祐開皇極,昔在開元中,0.8118363094668042
請書元祐開皇極,聖朝光御極,0.8714277499441572
請書元祐開皇極,皇輿三極北,0.8569314428747492
請書元祐開皇極,君行佐紀綱,0.812162242699173
請書元祐開皇極,皇天實照臨,0.834307580925683
洮礪發劍虹貫日,長翮如刀劍,0.812727883938209
洮礪發劍虹貫日,挾矢射漢月,0.8055292650021891
洮礪發劍虹貫日,虹蜺就掌握,0.8561095447126407
洮礪發劍虹貫日,川蜺飲練光,0.8413125217573145
洮礪發劍虹貫日,江虹明遠飲,0.8192389172888644
洮礪發劍虹貫日,洗劍青海水,0.8040715303846
洮礪發劍虹貫日,快劍長戟森相向,0.8380051495518135
洮礪發劍虹貫日,不似長劍須天倚,0.8001089694213859
洮礪發劍虹貫日,雄劍鳴開匣,0.8251365558902395
洮礪發劍虹貫日,氣衝看劍匣,0.8546356304922929
洮礪發劍虹貫日,匣裏雌雄劍,0.8013375323600815
洮礪發劍虹貫日,空鞍貫雙箭,0.8003122718294065
印章不琢色蒸栗,有骨已刴觜春葱,0.8126278023615366
印章不琢色蒸栗,色難腥腐餐楓香,0.8192059512829708
印章不琢色蒸栗,色沮金印大,0.8321668683594099
印章不琢色蒸栗,雕章五色筆,0.8310944558256648
印章不琢色蒸栗,銀章破在腰,0.8142663918821365
磨礲頑鈍印此心,此道誰疵瑕,0.8007272217029893
磨礲頑鈍印此心,丹心一寸灰,0.8050075485665165
磨礲頑鈍印此心,愚智心盡死,0.825825219952955
磨礲頑鈍印此心,喪亂丹心破,0.8058435005627613
磨礲頑鈍印此心,鍊骨調情性,0.8006349963281796
磨礲頑鈍印此心,丹心老未折,0.8041933730188644
佳人持贈意堅密,故人得佳句,0.8160993327824637
佳人持贈意堅密,君必慎剖析,0.8083841012903745
佳人持贈意堅密,野人相贈滿筠籠,0.8095641554437834
佳人持贈意堅密,使君寒贈袍,0.814975758562952
佳人持贈意堅密,領客珍重意,0.8159561731628737
佳人持贈意堅密,此贈怯輕爲,0.808100210885117
佳人持贈意堅密,脱劍主人贈,0.8264257067070877
佳人持贈意堅密,詞人取佳句,0.8005740153280537
佳人持贈意堅密,持以比佳士,0.8180399622304035
佳人持贈意堅密,感君意氣無所惜,0.8180056752971343
佳人鬢彫文字工,庾信文章老更成,0.803171640832353
佳人鬢彫文字工,清詞麗句必爲隣,0.8034677327496187
佳人鬢彫文字工,詞人取佳句,0.8137996505840206
佳人鬢彫文字工,雕章五色筆,0.8251993965990071
佳人鬢彫文字工,辯眼工小字,0.8212033244226481
佳人鬢彫文字工,新詩錦不如,0.8199022721149339
藏書萬卷胸次同,詩卷長留天地間,0.8003822020691496
藏書萬卷胸次同,幾歲寄我空中書,0.8130823796568951
藏書萬卷胸次同,讀書破萬卷,0.8835964926724287
藏書萬卷胸次同,腹中書籍幽時曬,0.8081108276640707
藏書萬卷胸次同,身外滿牀書,0.8052429080900433
藏書萬卷胸次同,觀我落筆中書堂,0.8197823480534661
藏書萬卷胸次同,燋卷有生意,0.8065439273691879
藏書萬卷胸次同,前後百卷文,0.8253830842905331
藏書萬卷胸次同,經書滿腹中,0.8776113923837165
藏書萬卷胸次同,群書一萬卷,0.9016048270027363
藏書萬卷胸次同,群書萬卷常暗誦,0.8966586467831703
藏書萬卷胸次同,年少今開萬卷餘,0.8219133871393486
藏書萬卷胸次同,長開篋笥擬心神,0.8065181264547832
日臨天閑豢真龍,天厩真龍此其亞,0.8115571335702445
新詩得意挾雷風,天意颯風飇,0.8293814579115849
新詩得意挾雷風,題詩得秀句,0.8149934163805467
新詩得意挾雷風,新詩句句好,0.8243617975451788
新詩得意挾雷風,追風可君意,0.8160274739694149
新詩得意挾雷風,詩清立意新,0.800106680838139
新詩得意挾雷風,賦詩新句穩,0.8300071575291489
我貧無句當二物,我貧無乘非無足,0.8166405272689161
我貧無句當二物,詩興不無神,0.8060033295432731
我貧無句當二物,君有長才不貧賤,0.8141634007362495
我貧無句當二物,窮愁但有骨,0.8124698159936757
我貧無句當二物,幹惟畫肉不畫骨,0.8032691818435673
我貧無句當二物,嗜酒不失真,0.8081126635690636
我貧無句當二物,我病書不成,0.8123801750740627
我貧無句當二物,貧窮老瘦家賣屩,0.8208778770883923
我貧無句當二物,詩家筆勢君不嫌,0.8100254751231194
看公倒海取明月,下拂明月輪,0.8002827503144254
移竹淇園下,旁舍連高竹,0.803715506970072
移竹淇園下,堂前自生竹,0.8039448365656636
移竹淇園下,連筒灌小園,0.8102395708339343
移竹淇園下,竹細野池幽,0.8145054101047097
移竹淇園下,野竹獨修修,0.8176407213973153
移竹淇園下,必種數竿竹,0.8163643476569502
移竹淇園下,風竹在華軒,0.8040284880494535
移竹淇園下,灌園曾取適,0.8052642254385751
買花洛水陽,便下襄陽向洛陽,0.8174788012219649
風煙二十年,百年秋已半,0.8101143443628747
風煙二十年,龍飛四十春,0.8021082887603475
風煙二十年,只今年纔十六七,0.8216408739298409
風煙二十年,才名三十年,0.85379576358712
風煙二十年,躍馬二十年,0.8312005472559552
風煙二十年,十年過父老,0.8274339071934576
風煙二十年,焉知二十載,0.8202960789264109
風煙二十年,飄蓬踰三年,0.8058001204899361
風煙二十年,悲君已是十年流,0.8146790361636627
風煙二十年,百年嗟已半,0.8034608995182153
風煙二十年,往還二十載,0.8048075269645909
風煙二十年,悠悠經十年,0.813005039832898
風煙二十年,蹉跎有六年,0.8126260763308395
風煙二十年,十年别荒村,0.8121550229505277
風煙二十年,獨步四十年,0.8077365340144138
風煙二十年,結交三十載,0.8286868151830196
風煙二十年,十二年來多戰場,0.8022930219857051
風煙二十年,十年經碧岑,0.8057916497623416
風煙二十年,追隨二十載,0.830258757055451
風煙二十年,一卧東山三十春,0.8070469853921252
風煙二十年,于今四十年,0.844370989853808
風煙二十年,嗚呼已十年,0.8157470005038937
花竹可迷藏,山扉花竹幽,0.8047053238538647
花竹可迷藏,山鬼迷春竹,0.8196057859614412
九衢流車馬,門聽長者車,0.8112529135870739
九衢流車馬,道逢麯車口流涎,0.80864855957934
九衢流車馬,亨衢照紫泥,0.8048851993288286
九衢流車馬,登車泣貴嬪,0.803799732604624
九衢流車馬,高車駟馬帶傾覆,0.8259358286240215
九衢流車馬,聞道南行市駿馬,0.8103041332542062
九衢流車馬,嘶鳴望天衢,0.8008639504179534
相值各怱忙,告别莫匆匆,0.8658737625947885
相值各怱忙,無乃太匆忙,0.8536993098664032
相值各怱忙,相逢恐恨過,0.8008134029771447
相值各怱忙,後來莫怱怱,0.8491789242528394
相值各怱忙,忽漫相逢是别筵,0.8066781481214371
相值各怱忙,此别惜相從,0.8023445946627691
相值各怱忙,太簡遂怱怱,0.8090272155952463
相值各怱忙,眼邊江舸何匆促,0.8227950524597748
豈有道邊宅,不如棄路傍,0.8038920625446451
豈有道邊宅,何得山有屈原宅,0.8225057154530888
豈有道邊宅,君不見道邊廢棄池,0.8048154964326972
静居如寶坊,幽居在空谷,0.8004097098867254
静居如寶坊,禪龕只宴如,0.813787771790531
静居如寶坊,客居所居堂,0.8369741468328619
静居如寶坊,卜居期静處,0.833347854974711
幅巾延客酒,陶公漉酒巾,0.868209944614329
幅巾延客酒,呼兒正葛巾,0.8394749878533083
幅巾延客酒,常從漉酒生,0.8110543432733726
幅巾延客酒,把酒從衣濕,0.8034074377584752
幅巾延客酒,邀我嘗春酒,0.8046069750446124
幅巾延客酒,杯酒霑津吏,0.8173098615011583
妙歌小紅裳,越女紅裙濕,0.8041096892864507
妙歌小紅裳,湘妃漢女出歌舞,0.826434362739003
妙歌小紅裳,歌舞散靈衣,0.8153249338376054
衣拂御爐香,香爐曉勢分,0.8000269932677415
衣拂御爐香,朝罷香烟攜滿袖,0.8214372154772764
衣拂御爐香,衣冠身惹御爐香,0.9332358144394526
衣拂御爐香,尚衣方進翠雲裘,0.8098341329941321
衣拂御爐香,香烟欲傍衮龍浮,0.8198398327347585
衣拂御爐香,香飄合殿春風轉,0.8043756446947439
衣拂御爐香,暮惹御香歸,0.8195938583088971
衣拂御爐香,宫衣著更香,0.840623140533495
衣拂御爐香,朱袖拂雲和,0.825698053324483
衣拂御爐香,雲暖麝香山,0.8217472178846557
衣拂御爐香,御裌侵寒氣,0.811942794488476
衣拂御爐香,巾拂香餘搗藥塵,0.8530107902651923
常恐鷤鴂鳴,春鳥異方啼,0.8144727344616804
常恐鷤鴂鳴,春農尚嗷嗷,0.8006893131071715
常恐鷤鴂鳴,谷鳥鳴還過,0.8233141775106569
百草爲不芳,此生任春草,0.812002425993213
百草爲不芳,萬草千花動凝碧,0.8012808960649864
百草爲不芳,萱草秋已死,0.8451095524690166
百草爲不芳,雨中百草秋爛死,0.8199260539968193
百草爲不芳,豐草青青寒不死,0.8044517459891782
百草爲不芳,歲暮百草零,0.8349721039549565
百草爲不芳,取别何草草,0.8265093186165626
百草爲不芳,士卒何草草,0.8230159181746534
百草爲不芳,又爲蔓草纏,0.8022387982723576
百草爲不芳,百草競春華,0.8669167265138196
百草爲不芳,無人碧草芳,0.8499411469765521
百草爲不芳,肯藉荒庭春草色,0.810972084694813
百草爲不芳,但使芝蘭秀,0.8069780396151798
百草爲不芳,春風花草香,0.8332385941058028
百草爲不芳,靈芝冠衆芳,0.8228223752062177
百草爲不芳,碧蕙捐微芳,0.8098086220621744
百草爲不芳,傾奪蕙草根,0.8172866030916597
百草爲不芳,愛惜如芝草,0.8139238367640912
百草爲不芳,種此何草草,0.8715777773009034
百草爲不芳,秋花靄菲菲,0.8065397298614138
百草爲不芳,春草何曾歇,0.8188199367734446
百草爲不芳,青草萋萋盡枯死,0.8200109812090407
百草爲不芳,秋色凋春草,0.801493025682469
百草爲不芳,春泥百草生,0.8119380080057903
百草爲不芳,衰朽再芳菲,0.81866300185365
百草爲不芳,名園花草香,0.826141934653696
頗深漆園方,傍舍頗淳樸,0.8081571229252893
頗深漆園方,幽棲誠簡略,0.8054563325711082
頗深漆園方,牆隅亦深邃,0.8002799068197901
中置師子牀,幕下復用張子房,0.8253052257935691
買田宛丘間,歸山買薄田,0.8478236455561265
買田宛丘間,茅屋買兼土,0.8017535468462053
買田宛丘間,青錢買野竹,0.8074606531222246
江漢起濫觴,獻壽更稱觴,0.8044237659077188
江漢起濫觴,江漢春風起,0.8079093106050383
冬温夏清凉,陰益食單涼,0.8255327477730998
冬温夏清凉,仲月來寒風,0.8284248398305748
冬温夏清凉,春氣漸和柔,0.8063295649102955
冬温夏清凉,臘日常年暖尚遥,0.822182167435898
冬温夏清凉,當暑著來清,0.8363985600290658
冬温夏清凉,歸來稍暄暖,0.8391075774034034
冬温夏清凉,江海日清涼,0.80638897678739
冬温夏清凉,九月猶絺綌,0.8142186263017621
冬温夏清凉,亭午頗和暖,0.8255828859023249
冬温夏清凉,天氣如涼秋,0.8550041178800444
冬温夏清凉,況當仲冬交,0.8026155620487081
冬温夏清凉,祁寒爲之暄,0.8074139109679186
冬温夏清凉,季冬日已長,0.8062035616939045
冬温夏清凉,秋至轉飢寒,0.8079311572760366
冬温夏清凉,冬來只薄寒,0.8751125246090777
冬温夏清凉,仲冬風日始淒淒,0.8007163425351025
冬温夏清凉,冬温蚊蚋集,0.8041252335124462
冬温夏清凉,是時秋冬交,0.8178416090124908
冬温夏清凉,冬至至後日初長,0.8133040364825364
冬温夏清凉,能令朱夏寒,0.8393221242625337
冬温夏清凉,開州入夏知涼冷,0.8428226035198978
冬温夏清凉,淒涼生餘寒,0.8049126924377585
冬温夏清凉,清涼破炎毒,0.8620759778274354
冬温夏清凉,冬暖更纖絺,0.851087176842104
冬温夏清凉,凛冽倦玄冬,0.8347823490632587
冬温夏清凉,冬至陽生春又來,0.8072393757809408
冬温夏清凉,春氣晚更生,0.8092496015144005
冬温夏清凉,瘧癘終冬春,0.802007648021551
冬温夏清凉,秋來尚鬱蒸,0.8157408863875072
冬温夏清凉,冒暑初有適,0.8003089411504823
冬温夏清凉,慣習炎蒸歲絺綌,0.8108374971834351
冬温夏清凉,暑雨留蒸濕,0.8067880028093529
冬温夏清凉,春日兼蒙暄暖扶,0.8164099523944617
冬温夏清凉,郴州頗涼冷,0.800159045836968
冬温夏清凉,厥土聞清涼,0.8128671975123434
冬温夏清凉,朱夏及寒泉,0.8020716222249489
身閑閲世故,局促老一世,0.8146935332560605
身閑閲世故,浮雲世事空,0.8328504192555859
身閑閲世故,益歎身世拙,0.8263000916403528
身閑閲世故,還爲世塵嬰,0.8011465738566026
身閑閲世故,身世雙蓬鬢,0.80307083912062
身閑閲世故,感此亂世忙,0.8144035685229045
身閑閲世故,經過倦俗態,0.8025449509365603
身閑閲世故,身世白駒催,0.8310177184917953
宇静發天光,契合動昭融,0.8023429866241188
宇静發天光,月彩静高深,0.8119783866842241
宇静發天光,天機自明斷,0.8139505044520409
安肯聲利場,名利苟可取,0.8193161150913568
安肯聲利場,浮名安在哉,0.8004046275523458
牽黄臂老蒼,肉黄皮皺命如線,0.8045954179989725
張侯筆瑞世,天上張公子,0.8128636052120979
張侯筆瑞世,公侯出異人,0.8062585551016244
張侯筆瑞世,恐是漢代韓張良,0.8406026127921384
張侯筆瑞世,褚公書絶倫,0.828540354361035
張侯筆瑞世,劉侯奉使光推擇,0.8208253493826254
張侯筆瑞世,濟世宜引英俊人,0.8079012588518439
張侯筆瑞世,宗英李端公,0.8208837295947161
三秀麗齋房,籬中秀色畫屏舒,0.8062207805202269
三秀麗齋房,勝食齋房芝,0.8366246728426051
作詩盛推賞,猥誦佳句新,0.8265967700017753
作詩盛推賞,題詩得秀句,0.8105390254429234
作詩盛推賞,觀其著詩集,0.8202781271799867
作詩盛推賞,題詩好細論,0.8088554502292362
作詩盛推賞,當公賦佳句,0.8030144044463553
作詩盛推賞,諷詠詩家流,0.8113453859695421
作詩盛推賞,諷詠在務屏,0.8037308463120779
作詩盛推賞,卽事會賦詩,0.8338427602458071
作詩盛推賞,作歌挹盛事,0.8464491469526532
作詩盛推賞,賦詩賓客間,0.8127271500872368
作詩盛推賞,作詩呻吟内,0.8051052513358505
作詩盛推賞,爾克富詩禮,0.8001909691206444
作詩盛推賞,再聞誦新作,0.8015128508745148
明珠計斛量,勸人投比珠,0.8123990534291148
明珠計斛量,自得隋珠覺夜明,0.8019932945314243
明珠計斛量,盈把那須滄海珠,0.8087346498594625
妙語益難忘,晤語契深心,0.8254970605025301
妙語益難忘,神妙獨難忘,0.898031038444806
妙語益難忘,静者心多妙,0.8074889040557567
妙語益難忘,來書語絶妙,0.8376110312689908
妙語益難忘,妙絶與誰論,0.8044854443198289
妙語益難忘,知音兼衆語,0.8181388288430238
妙語益難忘,情忘發興奇,0.8004449688347112
妙語益難忘,愜當久忘筌,0.8311907066178426
妙語益難忘,語默可端倪,0.8063985528337048
重游樊素病,多病休儒服,0.8005392321411067
重游樊素病,舊諳疏懶叔,0.8085099360192117
重游樊素病,多病一疏散,0.8032111783117766
重游樊素病,漂然薄遊倦,0.8008170442875702
重游樊素病,薄劣慚真隱,0.8161891789543461
重游樊素病,同病得韋郎,0.801760033928248
重游樊素病,少壯跡頗疏,0.8048526463406348
重游樊素病,老病客殊方,0.8025280024454271
重游樊素病,吾人淹老病,0.8057440141646652
重游樊素病,我甘多病老,0.8019322798275035
捧心不能粧,對君洗紅妝,0.8103048710362136
捧心不能粧,我能剖心血,0.8068065016743745
捧心不能粧,壯心不肯已,0.8055309201361915
來日猶可追,可望不可攀,0.8081564933911227
來日猶可追,永日不可暮,0.8093949718417571
來日猶可追,東逝不可要,0.8014875651446544
來日猶可追,載筆尚可記,0.8011628876700012
聽我歌楚狂,詩罷聞吴詠,0.8043612347439446
聽我歌楚狂,爲公歌此曲,0.8534195217923985
聽我歌楚狂,狂歌託聖朝,0.8156578761226821
聽我歌楚狂,放歌破愁絶,0.8210945121481955
聽我歌楚狂,當歌欲一放,0.8104931061451379
聽我歌楚狂,請爲父老歌,0.8175494435346711
聽我歌楚狂,聽婦前致詞,0.8156642897903295
聽我歌楚狂,嗚呼一歌兮歌已哀,0.8267169437980653
聽我歌楚狂,嗚呼二歌兮歌始放,0.8474839758378527
聽我歌楚狂,嗚呼三歌兮歌三發,0.8237816023527804
聽我歌楚狂,嗚呼四歌兮歌四奏,0.8181448959470283
聽我歌楚狂,嗚呼五歌兮歌正長,0.8257415141242189
聽我歌楚狂,嗚呼六歌兮歌思遲,0.8471483628615994
聽我歌楚狂,狂歌遇形勝,0.8001596552728862
聽我歌楚狂,休作狂歌老,0.8357599877118109
聽我歌楚狂,吾醉亦長歌,0.8510102768031274
聽我歌楚狂,飄泊且聽歌,0.8100163029790746
聽我歌楚狂,長歌敲柳癭,0.8019952948945164
聽我歌楚狂,衰老强高歌,0.8058435029247986
聽我歌楚狂,不忘舜謳歌,0.8391559515023492
聽我歌楚狂,哀歌欲和誰,0.8086827717574159
聽我歌楚狂,终然學楚吟,0.8248590549173218
聽我歌楚狂,作歌挹盛事,0.8182680507047891
聽我歌楚狂,聽歌驚白鬢,0.8105051168671444
聽我歌楚狂,白頭老罷舞復歌,0.8116992359596436
聽我歌楚狂,王郎酒酣拔劍斫地歌莫哀,0.8023228250601988
聽我歌楚狂,濫竊商歌聽,0.812264721227554
聽我歌楚狂,一爲歌行歌主客,0.8396084975948033
陶公白頭卧,獨贈白頭翁,0.8012998929762531
陶公白頭卧,總作白頭翁,0.8066974601536929
陶公白頭卧,已作白頭翁,0.8142077849238518
陶公白頭卧,行坐白頭吟,0.8065203577609753
陶公白頭卧,長夏白頭吟,0.8095011435686033
陶公白頭卧,久放白頭吟,0.8230040754827248
宇宙一北窗,長令宇宙新,0.8013346911393513
宇宙一北窗,豁達開四門,0.8008679759193489
宇宙一北窗,長嘯宇宙間,0.8371495664311629
宇宙一北窗,北辰當宇宙,0.8253084112324341
但聞窗風雨,雨瀉暮簷竹,0.8087072265397919
但聞窗風雨,鷄鳴風雨交,0.8041087595892039
但聞窗風雨,曉來急雨春風顛,0.802940867234148
但聞窗風雨,簷雨亂淋幔,0.8026791160601962
但聞窗風雨,頭風吹過雨,0.8111759812828332
但聞窗風雨,江雨夜聞多,0.8220684157180637
但聞窗風雨,簷雨細隨風,0.8052681228722012
但聞窗風雨,風雨聞號呼,0.8310233434742516
平陸漫成江,沙白灘漫漫,0.8138380819477522
平陸漫成江,澄江平少岸,0.8299991369620385
平陸漫成江,地平江動蜀,0.8270615013850948
平陸漫成江,東津江欲平,0.8284382626196174
平陸漫成江,陣圖沙北岸,0.8036681688501786
平陸漫成江,平地一川穩,0.8090134730147827
平陸漫成江,小江還積浪,0.804558915856991
平陸漫成江,地闊平沙岸,0.8306709410306068
卯金扛九鼎,煉金歐冶子,0.8209439207740428
把菊醉胡床,醉把茱萸仔細看,0.8184447996708475
把菊醉胡床,對酒滿壺頻,0.8014223539034782
把菊醉胡床,把酒從衣濕,0.8027237232260359
把菊醉胡床,移樽勸山簡,0.8068381275365237
把菊醉胡床,把臂開樽飲我酒,0.8212505956914941
把菊醉胡床,沽酒攜胡蘆,0.8137659816752841
把菊醉胡床,把酒宜深酌,0.8195292398345329
把菊醉胡床,乘月坐胡牀,0.8206441851081375
把菊醉胡床,殘樽下馬復同傾,0.8169333851250322
把菊醉胡床,酒香傾坐側,0.805407434011647
城南晁正字,三城守邊却可圖,0.8253473949579448
城南晁正字,坐逢楊子鎮東州,0.8103055877421426
城南晁正字,東郡時題壁,0.8102876499499332
城南晁正字,正似六安丞,0.8200869462535929
國器無等雙,計大豈輕論,0.8070191659830481
國器無等雙,名器重雙全,0.842291842282193
國器無等雙,子等成大名,0.8008692058563032
日月麗宸極,日月近雕梁,0.8254986370939942
日月麗宸極,大明韜日月,0.8021846678997576
日月麗宸極,宸極妖星動,0.8381456776763254
日月麗宸極,睿想丹墀近,0.8025239456933411
日月麗宸極,日色纔臨仙掌動,0.8025370324697977
日月麗宸極,天門日射黄金牓,0.8291900495908247
日月麗宸極,雙瞻御座引朝儀,0.8135175188517301
日月麗宸極,豫章夾日月,0.8229815278384915
日月麗宸極,綵服日向庭闈趨,0.8371246820890963
日月麗宸極,北極捧星辰,0.8433340592454062
日月麗宸極,宫闕深旒綴,0.8038813554240276
日月麗宸極,鳳池日澄碧,0.807904215572863
日月麗宸極,聲華夾宸極,0.8500913544332809
日月麗宸極,卿月昇金掌,0.8052102067780249
日月麗宸極,聖朝光御極,0.8200742911083136
日月麗宸極,皇輿三極北,0.8040863782566527
日月麗宸極,朱鳳日威垂,0.8035957988595266
大明朝萬邦,河隴降王款聖朝,0.8051443996403592
大明朝萬邦,萬歲千秋奉明主,0.8469190397968214
大明朝萬邦,神堯舊天下,0.8155153277978344
大明朝萬邦,宣光果明哲,0.8142427532330634
大明朝萬邦,天屬尊堯典,0.8160458945838935
大明朝萬邦,丕承戢武威,0.8026768282545114
大明朝萬邦,聖圖天廣大,0.8486743219579944
大明朝萬邦,又下聖明朝,0.807023793658409
大明朝萬邦,聖朝新孝理,0.8312844461821991
大明朝萬邦,帝力收三統,0.8338796184008996
大明朝萬邦,三皇五帝前,0.8189766288057848
大明朝萬邦,顯慶年中越王作,0.8044192928019294
大明朝萬邦,赫赫雍王都節制,0.8207783026603468
大明朝萬邦,大將赴朝廷,0.8205619772544972
大明朝萬邦,周宣中興望我皇,0.8206213423961171
大明朝萬邦,萬國奉君心,0.823541054867617
大明朝萬邦,一德興王後,0.8160540224503285
大明朝萬邦,萬一皇恩下玉墀,0.8027766019438768
大明朝萬邦,皇皇使臣體,0.8158500554698986
大明朝萬邦,皇天德澤降,0.8104483448540122
大明朝萬邦,只在忠臣翊聖朝,0.8086025358431139
大明朝萬邦,祀事親聖躬,0.815986257778304
大明朝萬邦,聖壽宜過一萬春,0.8183127388657797
大明朝萬邦,天王日儉德,0.8396589996211907
大明朝萬邦,太宗社稷一朝正,0.8292604108035286
大明朝萬邦,漢官威儀重昭洗,0.8031101010380477
大明朝萬邦,聲華夾宸極,0.8025962085503222
大明朝萬邦,百祀發光輝,0.8065158895935434
大明朝萬邦,堯有四岳明至理,0.8427843774819183
大明朝萬邦,崇大王法度,0.8142951373484777
大明朝萬邦,武德開元際,0.8412484910706322
大明朝萬邦,玄元皇帝聖雲孫,0.8180956210299432
大明朝萬邦,佐佑卿相乾坤平,0.8115066229910646
大明朝萬邦,聖朝光御極,0.8539331184860353
大明朝萬邦,秩禮自百王,0.8215649386539248
大明朝萬邦,邦家用祀典,0.8100988191960344
大明朝萬邦,宗枝神堯後,0.8087081808801538
大明朝萬邦,上殿稱萬壽,0.8058125145979651
大明朝萬邦,君行佐紀綱,0.8106616281141318
大明朝萬邦,皇天實照臨,0.8268157946083752
假版未通班,通籍微班忝,0.8470420906876531
假版未通班,朝廷記識蒙禄秩,0.8068834383717227
假版未通班,安石竟崇班,0.8005103111119912
假版未通班,班秩兼通貴,0.805893647442142
曉嚴夢逢逢,虚館開逢迎,0.8067534182057394
萬卷曲肱裏,讀書破萬卷,0.8364408540095949
萬卷曲肱裏,群書一萬卷,0.817128542155406
萬卷曲肱裏,群書萬卷常暗誦,0.8233134476528203
胸中湛秋霜,高秋爽氣澄,0.8165287909525704
胸中湛秋霜,天宇清霜淨,0.80894876260057
胸中湛秋霜,昊天積霜露,0.8235054079198814
胸中湛秋霜,秋蔬擁霜露,0.8250910502900148
胸中湛秋霜,霜露一霑凝,0.8004897857447295
胸中湛秋霜,灑落惟清秋,0.8079214076656622
胸中湛秋霜,常懷湛露詩,0.8079264996002578
胸中湛秋霜,露下天高秋水清,0.8253235902641753
胸中湛秋霜,鋩鍔已瑩虚秋濤,0.8483167850320781
胸中湛秋霜,冰壺玉衡懸清秋,0.8197934130981591
胸中湛秋霜,清霜洞庭葉,0.8147303433493394
亦有好事人,殺人亦有限,0.8071596301369905
亦有好事人,故獨寫真傳世人,0.8007513761620474
亦有好事人,好手不可遇,0.8035979802026726
亦有好事人,幽事亦可悦,0.8278881867810984
亦有好事人,可憐爲人好心事,0.83009813094371
亦有好事人,邑有佳主人,0.8434153959067235
亦有好事人,有客有客字子美,0.8176982392511996
亦有好事人,自古雖有厭勝法,0.8230648136752605
亦有好事人,所貴者聖賢,0.8007277181822396
亦有好事人,人好烏亦好,0.8238343665447909
亦有好事人,我有浣花竹,0.8057410653949575
亦有好事人,上公有記者,0.8025624062444269
亦有好事人,世人亦爲爾,0.8116452982500924
亦有好事人,中間作者絶不聞,0.8042402907077361
亦有好事人,苔竹素所好,0.8236350766374754
亦有好事人,何事獨罕有,0.8443564164998957
叩門提酒缸,對酒滿壺頻,0.8165635640377209
叩門提酒缸,誰能載酒開金盞,0.8123419086559385
叩門提酒缸,洗盞開嘗對馬軍,0.8127750140710155
叩門提酒缸,把臂開樽飲我酒,0.8429307110149833
叩門提酒缸,沽酒攜胡蘆,0.810529464318646
叩門提酒缸,呼婢取酒壺,0.8340187701936359
叩門提酒缸,爲覓酒家壚,0.8130583085006517
叩門提酒缸,誰能叩君門,0.8044551060031607
欲眠不遣客,歸醉每無愁,0.8273106669137132
欲眠不遣客,窮愁醉不醒,0.8460011735440798
欲眠不遣客,憶渠愁只睡,0.8016828117295816
欲眠不遣客,無時病去憂,0.8076590039797051
欲眠不遣客,眼見客愁愁不醒,0.8323471666342885
欲眠不遣客,歸來省醉眠,0.8407844444197368
欲眠不遣客,客睡何曾著,0.8239805589610213
欲眠不遣客,愁與醉無醒,0.809836065340527
欲眠不遣客,身病不能拜,0.812780512965807
欲眠不遣客,舟中得病移衾枕,0.8021027798227802
欲眠不遣客,欲罷不能忘,0.8163842286768883
欲眠不遣客,無家病不辭,0.8138005944520824
欲眠不遣客,不獨夜短晝分眠,0.8108524286680716
欲眠不遣客,余病不能起,0.8326991244209365
欲眠不遣客,徐榻不知倦,0.8240911840364002
欲眠不遣客,何如穩醉眠,0.8036401617631607
欲眠不遣客,老困撥書眠,0.8358026965527976
欲眠不遣客,老人困酒病,0.8087326568265405
欲眠不遣客,我病書不成,0.8000783133132872
欲眠不遣客,病多猶是客,0.8054531352951605
欲眠不遣客,離惜醉中眠,0.8008577341265933
欲眠不遣客,鈎簾獨未眠,0.8098209511687622
欲眠不遣客,頽倚睡未醒,0.8099015130466636
欲眠不遣客,卧病却愁春,0.8124474589019274
欲眠不遣客,愁來遽不禁,0.8087703077729095
佳處更難忘,更想幽期處,0.8152319492751172
佳處更難忘,偶逢佳士亦寫真,0.8265331129206803
佳處更難忘,不是煩形勝,0.8105094253746349
河漢牛與女,織女處其東,0.8055032429909557
咫尺不得語,咫尺雪山路,0.803230630769848
咫尺不得語,不忍便永訣,0.8185350996917489
咫尺不得語,好手不可遇,0.8172694805421687
咫尺不得語,行子隔手不相見,0.8252282245696736
咫尺不得語,路遠不可測,0.8122651638124911
咫尺不得語,丹陛實咫尺,0.8334389439766554
咫尺不得語,咫尺應須論萬里,0.8121188937092769
咫尺不得語,畏虎不得語,0.8094076922162114
咫尺不得語,咫尺或未容,0.8752084949040011
咫尺不得語,夷音迷咫尺,0.8025022956018713
咫尺不得語,出入由咫尺,0.8363528460908737
歡然共秋盤,超然歡笑同,0.8343204467102783
歡然共秋盤,怡然共攜手,0.8410600871930585
歡然共秋盤,欣然談情素,0.802871778660975
以兹不忘故,事迹可兩忘,0.8007883330798687
以兹不忘故,況乃懷故鄉,0.8026088056424143
以兹不忘故,愜當久忘筌,0.842068407860173
以兹不忘故,以兹朋故多,0.8616744271701803
我友在天末,我生託子以爲命,0.8253612557997592
我友在天末,中夜懷友朋,0.802601880956066
我友在天末,親朋滿天地,0.8177152709619434
問天許見否,道甫問訊今何如,0.8044329230785172
問天許見否,借問大將誰,0.8069071379235335
雲雨隔九關,雲山紫邏深,0.8115446578240659
雲雨隔九關,五雲起九重,0.8323915635202557
雲雨隔九關,清深隔遠關,0.8146340792620532
雲雨隔九關,雲山兼五嶺,0.8068825718189654
日月不我與,日夜令我藏,0.8128069101950474
日月不我與,永日不可暮,0.843047054391855
日月不我與,日月不相饒,0.8485501681632219
日月不我與,歲月誰與度,0.839105469570328
日月不我與,汲引歲月古,0.8062510108504688
日月不我與,豈但歲月暮,0.8333762963219995
日月不我與,遊子日月長,0.807703001135764
日月不我與,萬里不以力,0.8004435294535596
日月不我與,良會不復久,0.8016223150585811
日月不我與,劍南歲月不可度,0.8161732282887335
日月不我與,歲月亦已久,0.8367517983798657
日月不我與,日月還相鬭,0.822736571951823
日月不我與,歲暮日月疾,0.8362850968474387
日月不我與,鞭撻日月久,0.8478818339691847
日月不我與,歲月不我與,0.963066626307842
念公坐臞禪,身猶縳禪寂,0.8475394439953354
念公坐臞禪,坐客寒無氈,0.804406871106945
念公坐臞禪,可念此翁懷直道,0.8049723316462822
念公坐臞禪,松根胡僧憇寂寞,0.8074516327277443
念公坐臞禪,禪龕只宴如,0.8496150878612152
念公坐臞禪,看君話王室,0.807990945822822
守心如縛虎,避喧甘猛虎,0.8061926756363283
守心如縛虎,肉瘦怯豺狼,0.8065074045990094
守心如縛虎,貙虎噉豺狼,0.8037762525396621
守心如縛虎,虎之饑,0.8010719856995523
守心如縛虎,正爲羣虎守,0.8196683001946267
頗思携法喜,還喜得吾賢,0.8352001465873502
頗思携法喜,得使諸病入,0.8074619107610269
頗思携法喜,幸喜囊中淨,0.8027975896228128
舉桉饁南畝,燕南吹𤱶畝,0.8264101236994288
舉桉饁南畝,禾生隴畝無東西,0.8235561423314415
舉桉饁南畝,秔稻共比屋,0.8077169572453908
舉桉饁南畝,東屯稻畦一百頃,0.8104882127620896
舉桉饁南畝,田家戒其荒,0.8009750994236733
不聞犯齋收,飽聞經瞿塘,0.8036282646847348
不聞犯齋收,側聞夜來寇,0.8011254170485271
猶聞畫眉詡,想像顰青蛾,0.8164444967577438
