황정견,두보,코사인 유사도
嘖嘖雀引雛,啾啾黄雀啄,0.8012482763135265
嘖嘖雀引雛,啼烏争引子,0.8062911757778666
嘖嘖雀引雛,山禽引子哺紅果,0.8112467794289218
梢梢笋成竹,緑垂風折笋,0.8449143070261923
梢梢笋成竹,藤梢刺眼新,0.8401358528702835
梢梢笋成竹,著葉滿枝翠羽蓋,0.8063499825013727
梢梢笋成竹,叢篁低地碧,0.8371166709002038
梢梢笋成竹,密竹復冬笋,0.8302589741412938
梢梢笋成竹,籠竹和烟滴露梢,0.839157912784054
梢梢笋成竹,青柳檻前梢,0.8282182620983235
梢梢笋成竹,抽梢合過牆,0.8543856625596027
梢梢笋成竹,緑竹半含籜,0.8371373058202429
梢梢笋成竹,新梢纔出牆,0.8644446674255479
梢梢笋成竹,種竹交加翠,0.8092490229390994
梢梢笋成竹,葱青衆木梢,0.8041746382267818
梢梢笋成竹,得實翻蒼竹,0.8468011956380146
梢梢笋成竹,泥筍苞初荻,0.8137741585505267
時物感人情,感激時將晚,0.8236881011340595
時物感人情,物情尤可見,0.8437866555462514
時物感人情,人生感故物,0.8855014184701118
時物感人情,時序百年心,0.8146151184870332
時物感人情,高懷見物理,0.811059060728622
時物感人情,風物長年悲,0.8023148887869721
時物感人情,時物集遐想,0.811862190946804
時物感人情,人生相感動,0.8349927827521444
時物感人情,登臨多物色,0.8036694065714227
時物感人情,物色歲時晏,0.8159536873650546
時物感人情,感時撫事增惋傷,0.8093818444806572
時物感人情,人情老易悲,0.8360977942674972
時物感人情,物色生態能幾時,0.8069622125505457
憶我故鄉曲,戚戚去故里,0.803449443418589
憶我故鄉曲,客子念故宅,0.8648922708192024
憶我故鄉曲,他鄉勝故鄉,0.8631408793499853
憶我故鄉曲,故人入我夢,0.8594749838148543
憶我故鄉曲,見我故人遇,0.8229640748672309
憶我故鄉曲,亦知故鄉樂,0.8271487773499542
憶我故鄉曲,故鄉不可思,0.8392051567885932
憶我故鄉曲,故鄉有弟妹,0.809897017278784
憶我故鄉曲,未卜見故鄉,0.8314969688611931
憶我故鄉曲,故鄉猶恐未同歸,0.8079908098084954
憶我故鄉曲,故國見何日,0.8194030923332511
憶我故鄉曲,君思千里蓴,0.8204416013599661
憶我故鄉曲,故舊誰憐我,0.8184853876151899
憶我故鄉曲,南宫吾故人,0.8005708886680258
憶我故鄉曲,故鄉歸不得,0.8103468587519245
憶我故鄉曲,憶昨離少城,0.8072061686876766
憶我故鄉曲,憶昔驪山宫,0.8131986463964493
憶我故鄉曲,江上憶君時,0.8222375404585712
憶我故鄉曲,況乃懷故鄉,0.8673015871424041
憶我故鄉曲,萬里故鄉情,0.8278611815799355
憶我故鄉曲,憶昔初見時,0.8043493507576518
憶我故鄉曲,遥憐故人思故鄉,0.9001915050632416
苦雨初入梅,紅綻雨肥梅,0.8027002244650823
苦雨初入梅,今秋乃淫雨,0.8324519651136894
苦雨初入梅,久旱雨亦好,0.8115813867934246
苦雨初入梅,一秋常苦雨,0.826236766815929
苦雨初入梅,七月六日苦炎蒸,0.806345294441853
苦雨初入梅,況乃秋後轉多蠅,0.8011650264115515
苦雨初入梅,仲夏苦夜短,0.8000853238008467
苦雨初入梅,苦涉陰嶺沍,0.8096184527612174
苦雨初入梅,已近苦寒月,0.8029576719978702
苦雨初入梅,豆子雨已熟,0.8037880444908765
苦雨初入梅,山深苦多風,0.8096952106071227
苦雨初入梅,四月熟黄梅,0.8061722409697714
苦雨初入梅,西蜀冬不雪,0.8154586098262757
苦雨初入梅,仲冬風日始淒淒,0.8082433042702761
苦雨初入梅,因驚四月雨聲寒,0.8221938820888759
苦雨初入梅,冬至至後日初長,0.8005271242157088
苦雨初入梅,未辭添霧雨,0.8273528191024997
苦雨初入梅,南雪不到地,0.8018925149242052
苦雨初入梅,冥冥甲子雨,0.8115157290841922
苦雨初入梅,開州入夏知涼冷,0.8057163726720341
苦雨初入梅,江上日多雨,0.8127310110884984
苦雨初入梅,臘近已含春,0.8118322449702409
苦雨初入梅,六月青稻多,0.8017166014562631
苦雨初入梅,小雨夜復密,0.8171301798568973
苦雨初入梅,夜雪鞏梅春,0.8218293303865734
苦雨初入梅,江上今朝寒雨歇,0.8005929133145099
苦雨初入梅,爲冬亦不難,0.806895553253099
苦雨初入梅,南天三旬苦霧開,0.8051738641961512
苦雨初入梅,陰風過嶺梅,0.8270136268942861
苦雨初入梅,窮冬急風水,0.8011370252067275
苦雨初入梅,春寒細雨出疏籬,0.8083024697858208
苦雨初入梅,此行怨暑雨,0.8353512434674204
苦雨初入梅,入舟雖苦熱,0.8175709884032492
瘴雲稍含毒,炎天避鬱蒸,0.8344991877147192
瘴雲稍含毒,遠林暑氣薄,0.8050223525725151
瘴雲稍含毒,雲霧晦冥方降精,0.8062450132728489
瘴雲稍含毒,陰氣不黲黷,0.8018913921162831
瘴雲稍含毒,殺氣薄炎熾,0.8307186593105906
瘴雲稍含毒,鬱蒸何由開,0.8014609764792828
瘴雲稍含毒,炎蒸毒我腸,0.817197700750413
瘴雲稍含毒,江南瘴癘地,0.8126213096209984
瘴雲稍含毒,地僻昏炎瘴,0.816846295898923
瘴雲稍含毒,五嶺炎蒸地,0.829104967068728
瘴雲稍含毒,山雲淰淰寒,0.8206149556844304
瘴雲稍含毒,未辭添霧雨,0.8111237373030074
瘴雲稍含毒,南方瘴癘地,0.8200108725067949
瘴雲稍含毒,瘴雲終不滅,0.8095591940080218
瘴雲稍含毒,歘翕炎蒸景,0.8069392958050636
瘴雲稍含毒,清涼破炎毒,0.8267464465321825
瘴雲稍含毒,低垂困炎癘,0.8158010185019733
瘴雲稍含毒,瘧癘終冬春,0.8188237684232675
瘴雲稍含毒,江間雖炎瘴,0.8484295841077453
瘴雲稍含毒,雷雨蔚含蓄,0.8188314326981554
瘴雲稍含毒,林中瘴猶劇,0.8572684459358452
瘴雲稍含毒,江雲薄爲霧,0.8156885711576121
瘴雲稍含毒,拂雲霾楚氣,0.8061670911459282
瘴雲稍含毒,開襟驅瘴癘,0.842605503208284
瘴雲稍含毒,秋來尚鬱蒸,0.800109133455611
瘴雲稍含毒,天涯稍曛黑,0.8096371091358687
瘴雲稍含毒,有瘴非全歇,0.8114470255235973
瘴雲稍含毒,黔溪瘴遠隨,0.8062096546924697
瘴雲稍含毒,瘴癘浮三蜀,0.8183171167032138
瘴雲稍含毒,北風吹瘴癘,0.8341647464441091
瘴雲稍含毒,慣習炎蒸歲絺綌,0.8036908140021068
瘴雲稍含毒,南天三旬苦霧開,0.8107024276620034
瘴雲稍含毒,暑雨留蒸濕,0.8327856894437229
瘴雲稍含毒,毒瘴未足憂,0.8521495390340063
瘴雲稍含毒,春生南國瘴,0.8287711569017868
瘴雲稍含毒,未辭炎瘴毒,0.8815701629789147
瘴雲稍含毒,熱雲初集黑,0.8350530686105111
瘴雲稍含毒,蒸池疫癘偏,0.8495659290278892
瘴雲稍含毒,火雲滋垢膩,0.8148249136518069
瘴雲稍含毒,鬱鬱冬炎瘴,0.8534221768594865
泥秧水畦稻,負郭喜稉稻,0.8359077063878686
泥秧水畦稻,春畦亂水間,0.8454884539545284
泥秧水畦稻,稉稻來東吳,0.8237558103773497
泥秧水畦稻,得種菜與麻,0.8190508455398863
泥秧水畦稻,耕田秋雨足,0.838739999162606
泥秧水畦稻,禾黍已映道,0.8029696526455428
泥秧水畦稻,石田又足收,0.8070427328040499
泥秧水畦稻,畦蔬繞舍秋,0.8288900460962039
泥秧水畦稻,下有良田疇,0.8010972660338775
泥秧水畦稻,自鋤稀菜甲,0.8238238763280352
泥秧水畦稻,稉稻卧不翻,0.8072126045506647
泥秧水畦稻,蕪蔓少耘鋤,0.8251395788087721
泥秧水畦稻,春青彭澤田,0.8034258122269162
泥秧水畦稻,隴右河源不種田,0.8101549748229372
泥秧水畦稻,雨後過畦潤,0.8448662823259054
泥秧水畦稻,短畦帶碧草,0.8370058394284203
泥秧水畦稻,東屯稻畦一百頃,0.8495953531892406
泥秧水畦稻,野多青青麥,0.8155096651712781
泥秧水畦稻,山田麥無隴,0.832356777061251
泥秧水畦稻,畦蔬繞茅屋,0.8010497105765659
泥秧水畦稻,六月青稻多,0.8230894187728637
泥秧水畦稻,野蔬暗泉石,0.8086981337618551
泥秧水畦稻,山田飯有沙,0.806027160307667
泥秧水畦稻,秔稻熟天風,0.8046687512526891
泥秧水畦稻,圃畦新雨潤,0.8616168480911965
泥秧水畦稻,畬田費火耕,0.8088500499021727
泥秧水畦稻,泥筍苞初荻,0.8087642900783234
泥秧水畦稻,橘洲田土仍膏腴,0.8223243204693444
灰種畬田粟,南山豆苗早荒穢,0.824953127312746
灰種畬田粟,歸山買薄田,0.8147630662629207
灰種畬田粟,得種菜與麻,0.8187774184743942
灰種畬田粟,黍地無人耕,0.8428834551627268
灰種畬田粟,耕田秋雨足,0.8080151007843972
灰種畬田粟,逕轉山田熟,0.8021481994885789
灰種畬田粟,石田又足收,0.8130110761164735
灰種畬田粟,園收芋栗不全貧,0.8534123762660146
灰種畬田粟,稉稻卧不翻,0.8119143431633787
灰種畬田粟,有田種穀今流血,0.8237799886006332
灰種畬田粟,隴右河源不種田,0.8128783576610459
灰種畬田粟,山田麥無隴,0.865818673544297
灰種畬田粟,秋菰成黑米,0.823635817191751
灰種畬田粟,深耕種數畝,0.8161756524233951
灰種畬田粟,山田飯有沙,0.8576367258434153
灰種畬田粟,稻米炊能白,0.8180395906348483
灰種畬田粟,畬田費火耕,0.900413753890648
灰種畬田粟,橘洲田土仍膏腴,0.8217970760452069
灰種畬田粟,鳥雀苦肥秋粟菽,0.8231931844336593
灰種畬田粟,一寸荒田牛得耕,0.8557975509491964
輕紗一幅巾,頭戴小烏巾,0.8192833805028581
輕紗一幅巾,呼兒正葛巾,0.8220372953350654
輕紗一幅巾,幅巾鞶帶不掛身,0.8249356958974066
輕紗一幅巾,朱紱猶紗帽,0.8149494009146153
輕紗一幅巾,管寧紗帽淨,0.8226047826979568
輕紗一幅巾,隨意葛巾低,0.8193634558537155
輕紗一幅巾,紗帽隨鷗鳥,0.8163262618172167
輕紗一幅巾,隨意簪葛巾,0.8191362319024742
輕紗一幅巾,浪足浮紗帽,0.8088271444712698
小簟六尺床,留客夏簟青琅玕,0.8105482856880566
小簟六尺床,下牀高數尺,0.8329643843199289
小簟六尺床,小睡憑藤輪,0.8075304514236119
小簟六尺床,風牀展書卷,0.8004558182172525
無客盡日静,老來苦便静,0.823543248908579
無客盡日静,春日無人境,0.8043099463280386
無客盡日静,無以供日夕,0.8198429516840176
有風終夜凉,聽詩静夜分,0.8008366875283773
有風終夜凉,仲月來寒風,0.8002142689878988
有風終夜凉,松風肅泠泠,0.8082808896837992
有風終夜凉,此夜涼之景,0.8238792848983796
有風終夜凉,涼風起天末,0.8084400497802777
有風終夜凉,終能永夜清,0.8227788262722997
有風終夜凉,無衣牀夜寒,0.8145360522819727
有風終夜凉,天氣如涼秋,0.8065785234829153
有風終夜凉,隨風潛入夜,0.8002943037788149
有風終夜凉,夜深露氣清,0.8275712659979784
有風終夜凉,泠泠風有餘,0.8010678905605186
有風終夜凉,空悲清夜徂,0.808360936746316
有風終夜凉,秋風灑静便,0.8035814525360807
有風終夜凉,風月自清夜,0.8205673927064059
有風終夜凉,猛風中夜吹白屋,0.8150640681801338
有風終夜凉,江風借夕涼,0.8328424097487938
有風終夜凉,驟雨清秋夜,0.8058689888395305
有風終夜凉,秋天昨夜涼,0.8338888195102641
病人多夢醫,憶渠愁只睡,0.80136628253205
病人多夢醫,自經喪亂少睡眠,0.8127071339480015
病人多夢醫,世情只益睡,0.8366116624645543
病人多夢醫,藥許隣人斸,0.8033104227365138
病人多夢醫,我雖消渴甚,0.8033405831176785
病人多夢醫,舟中得病移衾枕,0.8126277996945737
病人多夢醫,老病客殊方,0.8065869734148312
病人多夢醫,文園多病後,0.8001871160311771
病人多夢醫,多病鄴中奇,0.8065118218851
病人多夢醫,畏人嫌我真,0.8162446300647337
病人多夢醫,卧病識山鬼,0.8286643234925409
病人多夢醫,棲遲病卽痊,0.8052452305848783
病人多夢醫,病減詩仍拙,0.8266583488182879
病人多夢醫,老人困酒病,0.8586155668889627
病人多夢醫,客病留因藥,0.8596545558187911
病人多夢醫,病多猶是客,0.8400759104617519
病人多夢醫,行色兼多病,0.8012837840671349
病人多夢醫,魯鈍仍多病,0.8010362771374451
病人多夢醫,卧病却愁春,0.8146031391617498
病人多夢醫,入朝病見妨,0.8097550544490979
囚人多夢赦,亂離多醉尉,0.8031832253640427
如何春來夢,生意春如昨,0.8206044552015466
如何春來夢,夜來復何如,0.8160212542097964
合眼在鄉社,他鄉勝故鄉,0.802236428460241
緑髮將軍領百蠻,領我赴三軍,0.8273889803037273
緑髮將軍領百蠻,參軍舊紫髯,0.8177972473999247
緑髮將軍領百蠻,天地軍麾滿,0.8003016945323167
緑髮將軍領百蠻,將軍專策略,0.8034008150795234
緑髮將軍領百蠻,官軍擁賊壕,0.8162827891324975
緑髮將軍領百蠻,將軍别换馬,0.8045770904074202
緑髮將軍領百蠻,詔謂將軍拂絹素,0.8104343376868683
緑髮將軍領百蠻,總戎皆插侍中貂,0.8109437677308915
緑髮將軍領百蠻,頃壯戎麾出,0.8024299161785504
緑髮將軍領百蠻,將軍臨氣候,0.845588793062255
緑髮將軍領百蠻,萬㝢插軍麾,0.8691869022882373
緑髮將軍領百蠻,河北將軍盡入朝,0.8429869784510358
緑髮將軍領百蠻,李相將軍擁薊門,0.8226509232569343
緑髮將軍領百蠻,軍旅應都息,0.8055375482695912
緑髮將軍領百蠻,盡添軍旅用,0.8009607715845907
緑髮將軍領百蠻,拔爲天軍佐,0.8034309828539099
横戈得句一開顔,當歌欲一放,0.8128748831954251
横戈得句一開顔,衰顔偶一破,0.8021328043207399
横戈得句一開顔,白首放歌須縱酒,0.8006169185518914
横戈得句一開顔,當公賦佳句,0.805971171076286
横戈得句一開顔,開卷得佳句,0.8350312582447033
横戈得句一開顔,相對酒開顔,0.8030610406795724
少年圯下傳書客,有客傳河尹,0.8209637058793102
少年圯下傳書客,邑中上客有柱史,0.8029569472819267
少年圯下傳書客,幸爲達書賢府主,0.8090964444184121
少年圯下傳書客,少年疑柱史,0.840427275204122
少年圯下傳書客,已老尚書郎,0.8099580298274216
老去空同問道山,老去恨空聞,0.817716123054463
老去空同問道山,老年常道路,0.8147134484724461
春入鸎花空自笑,鶯囀皇州春色闌,0.8175040722870344
春入鸎花空自笑,故園花自發,0.8173267560388642
春入鸎花空自笑,春來花鳥莫深愁,0.8578015341745072
春入鸎花空自笑,自在嬌鶯恰恰啼,0.8066101262128188
春入鸎花空自笑,宫鶯罷囀春,0.8316938886740306
春入鸎花空自笑,不分桃花紅似錦,0.8015819782485809
春入鸎花空自笑,山花已自開,0.8183402036571074
春入鸎花空自笑,春風花草香,0.8215257112004692
春入鸎花空自笑,春花不愁不爛熳,0.8219139097246199
春入鸎花空自笑,桃花氣暖眼自醉,0.8215779994006804
春入鸎花空自笑,黄鶯過水翻迴去,0.8022934364714891
春入鸎花空自笑,春寒花較遲,0.8092272255086106
春入鸎花空自笑,繡羽銜花他自得,0.8012893849753424
春入鸎花空自笑,叢花笑不來,0.8120577309327925
春入鸎花空自笑,錦里春光空爛熳,0.8070983126676192
秋成梨棗爲誰攀,紅梨迥得霜,0.8173633838144199
秋成梨棗爲誰攀,庭前八月梨棗熟,0.8185950917820648
秋成梨棗爲誰攀,紅取風霜實,0.8183255699786769
秋成梨棗爲誰攀,重來梨葉赤,0.8037604255077211
秋成梨棗爲誰攀,楓丹不爲霜,0.8394116059199097
待得征西鼓吹還,不勞鐘鼓報新晴,0.8099137808871762
煙雲杳靄合中稀,靄靄生雲霧,0.8619336342148114
煙雲杳靄合中稀,蒼茫雲霧浮,0.8098922019744632
煙雲杳靄合中稀,杳窕入雲漢,0.8145892663245919
煙雲杳靄合中稀,雲霧密難開,0.8003990920187387
煙雲杳靄合中稀,烟花山際重,0.8029653400032497
煙雲杳靄合中稀,烟霞嶂幾重,0.8089950243897679
煙雲杳靄合中稀,六合人烟稀,0.8302917344949046
霧雨空濛密更微,香霧雲鬟濕,0.8037566634754996
霧雨空濛密更微,冥冥細雨來,0.8372976511200412
霧雨空濛密更微,雲霧密難開,0.8210490940371515
霧雨空濛密更微,未辭添霧雨,0.8104704192882172
霧雨空濛密更微,密雲復無雨,0.8282259254230622
霧雨空濛密更微,樓雨霑雲幔,0.8142587823877667
霧雨空濛密更微,細微霑水族,0.8002629422463376
霧雨空濛密更微,小雨夜復密,0.8114323797780484
霧雨空濛密更微,寒雨下霏霏,0.8108332434822022
霧雨空濛密更微,碧窗宿霧濛濛濕,0.8902180448338881
霧雨空濛密更微,濛濛雨滯淫,0.8381849573763014
園客蠒絲抽萬緒,青絲絡頭爲君老,0.8033551756045054
園客蠒絲抽萬緒,素絲挈長魚,0.8018024711043323
園客蠒絲抽萬緒,蛛絲罥鬢長,0.8165289164793144
蛛蝥網面罩群飛,網聚粘圓鯽,0.8488474048192876
蛛蝥網面罩群飛,直作鳥窺籠,0.8121120116015244
蛛蝥網面罩群飛,結纜排魚網,0.8191784523709117
蛛蝥網面罩群飛,漁父天寒網罟凍,0.8088753371271273
蛛蝥網面罩群飛,白魚困密網,0.8245792057029228
風光錯綜天經緯,天闕象緯逼,0.822341781900803
願染朝霞成五色,朝罷須裁五色詔,0.8085183486548548
願染朝霞成五色,紅鮮任霞散,0.8044088686563721
願染朝霞成五色,裁縫雲霧成御衣,0.8347436552177362
爲君王補坐朝衣,春天衣著爲君舞,0.8181689308788727
爲君王補坐朝衣,朝朝染翰侍君王,0.8228921783391057
爲君王補坐朝衣,朝罷須裁五色詔,0.8054469922540795
爲君王補坐朝衣,朝廷誰請纓,0.825921428775635
爲君王補坐朝衣,再濕漢臣衣,0.8192152078448959
爲君王補坐朝衣,朝廷衮職誰争補,0.844995090398686
爲君王補坐朝衣,暮把東皇衣,0.8054516608787745
幾片雲如薛公鶴,薛公十一鶴,0.8047169426376499
幾片雲如薛公鶴,片片水上雲,0.8209733400816153
精神態度不曾齊,神妙獨難忘,0.8048632772418145
精神態度不曾齊,意度不無神,0.8737222256506603
精神態度不曾齊,應接喪精神,0.8108037393568006
精神態度不曾齊,舊識能爲態,0.8049979588012266
安知隴鳥樊籠密,巢多衆鳥鬭,0.8090988406840744
安知隴鳥樊籠密,高興知籠鳥,0.8244249607018213
安知隴鳥樊籠密,囀枝黄鳥近,0.8039233887696822
安知隴鳥樊籠密,隔巢黄鳥並,0.8359871104545693
安知隴鳥樊籠密,直作鳥窺籠,0.8370822036412651
安知隴鳥樊籠密,鳥雀聚枝深,0.8045147623722799
便覺南鵬羽翼低,風翮九霄鵬,0.8598999605515428
便覺南鵬羽翼低,胡雁翅濕高飛難,0.8330997029520864
便覺南鵬羽翼低,鷙鳥舉翮連青雲,0.831487723269186
便覺南鵬羽翼低,何當有翅翎,0.8069873388172468
便覺南鵬羽翼低,南飛覺有安巢鳥,0.806639769123449
便覺南鵬羽翼低,何以有羽翼,0.8084446395789648
便覺南鵬羽翼低,鎩翮再聯翩,0.8257751142543265
便覺南鵬羽翼低,歸鳥盡斂翼,0.8212310803446623
便覺南鵬羽翼低,矯矯避弓翮,0.8021538973912576
便覺南鵬羽翼低,坐看綵翮長,0.8454786488025918
便覺南鵬羽翼低,欲化北溟鯤,0.8018331111651802
便覺南鵬羽翼低,安得如鳥有羽翅,0.8075457606979594
便覺南鵬羽翼低,南圖迴羽翮,0.9017350195237444
便覺南鵬羽翼低,紫燕時翻翼,0.8231457542418257
便覺南鵬羽翼低,整翮豈多身,0.8091518137348497
便覺南鵬羽翼低,羽翼共徘徊,0.8225003262668653
便覺南鵬羽翼低,更肯紅顔生羽翼,0.8050555359246374
便覺南鵬羽翼低,仰看西飛翼,0.8587624612022966
便覺南鵬羽翼低,投林羽翮輕,0.8705091415692565
便覺南鵬羽翼低,翻然紫塞翮,0.8308771763081297
便覺南鵬羽翼低,羽翮困低昂,0.8565687841194369
便覺南鵬羽翼低,羽翼商山起,0.8428014723289285
便覺南鵬羽翼低,丹極上鯤鵬,0.8290607693008805
便覺南鵬羽翼低,歸翼會高風,0.8566963377417833
便覺南鵬羽翼低,林棲見羽毛,0.8062867885246692
便覺南鵬羽翼低,歸翼飛棲定,0.8303823317569664
便覺南鵬羽翼低,飛鳴還接翅,0.8378125606527866
便覺南鵬羽翼低,鸞鳳有鎩翮,0.817161826879336
便覺南鵬羽翼低,肩輿羽翮低,0.8621742483429884
便覺南鵬羽翼低,秋鷹整翮當雲霄,0.8103629938497791
便覺南鵬羽翼低,鵬圖仍矯翼,0.8865583156755101
便覺南鵬羽翼低,鵬路觀翱翔,0.823694793591123
風散又成千里去,陰風千里來,0.8207244410763892
風散又成千里去,復爲萬里别,0.8009202106818174
夜寒應上九天栖,哭聲直上干雲霄,0.8032280506773108
夜寒應上九天栖,月傍九霄多,0.8212176262244135
夜寒應上九天栖,亦未摶空上九天,0.832046364439713
夜寒應上九天栖,亦上赤霄行,0.8079975457445758
夜寒應上九天栖,暫借上天迴,0.8084034771754831
坐來改變如蒼狗,看我形容已枯槁,0.8002401980094604
坐來改變如蒼狗,慘慘石狀變,0.8039732916465819
坐來改變如蒼狗,鬒變負人境,0.8043050573304518
坐來改變如蒼狗,斯須改變如蒼狗,0.9263603426698226
試欲揮毫意自迷,不須聞此意慘愴,0.8057049915094175
試欲揮毫意自迷,戲拈秃筆掃驊騮,0.8226916344412256
試欲揮毫意自迷,請公放筆爲直幹,0.8062535698104549
試欲揮毫意自迷,凌雲健筆意縱横,0.8056623607162934
試欲揮毫意自迷,縱使盧王操翰墨,0.8022549671840722
試欲揮毫意自迷,染翰欲無聊,0.8121222787546643
試欲揮毫意自迷,纖毫欲自矜,0.8457767689752321
試欲揮毫意自迷,吟多意有餘,0.8136115928965364
試欲揮毫意自迷,直欲數秋毫,0.8070662700826979
南園苦笋味勝肉,蔬食常不飽,0.8184312992353968
南園苦笋味勝肉,脆添生菜美,0.847670183545205
南園苦笋味勝肉,得種菜與麻,0.8088748389293803
南園苦笋味勝肉,故索苦李餐,0.8045817433866964
南園苦笋味勝肉,香美勝牛乳,0.8375705486699456
南園苦笋味勝肉,味苦夏蟲避,0.8128590266137525
南園苦笋味勝肉,味暖併無憂,0.8041117560320649
南園苦笋味勝肉,園收芋栗不全貧,0.8019684070367037
南園苦笋味勝肉,盤飧市遠無兼味,0.8078319192064338
南園苦笋味勝肉,自愧無鮭菜,0.8018698070423731
南園苦笋味勝肉,氣味濃香幸見分,0.8072099117901111
南園苦笋味勝肉,催蓴煮白魚,0.8007174050642937
南園苦笋味勝肉,肥肉大酒徒相要,0.8056151226441604
南園苦笋味勝肉,肉味不足登鼎俎,0.8151250722871655
南園苦笋味勝肉,汝性不茹葷,0.8155329461136713
南園苦笋味勝肉,園蔬抱金玉,0.8109277182258818
南園苦笋味勝肉,苣兮蔬之常,0.8069452176192
南園苦笋味勝肉,風俗當園蔬,0.8248580011669633
南園苦笋味勝肉,肉食哂菜色,0.8608990386554052
南園苦笋味勝肉,嘉蔬既不一,0.8064822465141975
南園苦笋味勝肉,苦厭食魚腥,0.8040527764914702
南園苦笋味勝肉,誰謂荼苦甘如薺,0.8187227371040686
南園苦笋味勝肉,羹煑秋蓴滑,0.8338406396391707
南園苦笋味勝肉,飯糲添香味,0.8274546021079945
南園苦笋味勝肉,山家蒸栗暖,0.806660878566239
南園苦笋味勝肉,秋葵煑復新,0.8064972652501574
南園苦笋味勝肉,遠傳冬筍味,0.8520389888360671
南園苦笋味勝肉,常餐占野蔬,0.81056712520611
南園苦笋味勝肉,强飯蓴添滑,0.8046844039088278
籜龍稱冤莫採録,水怪莫飛涎,0.8013228447498713
明日風雨皆成竹,昨日今日皆天風,0.8132055478863823
明日風雨皆成竹,何日雨晴雲出溪,0.8166177508448436
酒澆胸次不能平,對酒不能喫,0.8064518463615761
酒澆胸次不能平,平生一杯酒,0.8047778273001946
酒澆胸次不能平,洗盞開嘗對馬軍,0.8057426300655002
酒澆胸次不能平,平生滿樽酒,0.8170670291267306
吐出蒼竹歲峥嶸,卓立天骨森開張,0.8050414436704623
吐出蒼竹歲峥嶸,雄姿逸態何崷崒,0.814911288580049
吐出蒼竹歲峥嶸,能添老樹巔崖裏,0.8009617449537461
吐出蒼竹歲峥嶸,漱壑松柏秃,0.8037585713386918
吐出蒼竹歲峥嶸,徑摩穹蒼蟠,0.8279777943033534
吐出蒼竹歲峥嶸,古木巃嵸枝相樛,0.8008963718927263
吐出蒼竹歲峥嶸,西崖特秀發,0.8143691711880137
吐出蒼竹歲峥嶸,峥嶸羣山雲,0.8222952528519226
吐出蒼竹歲峥嶸,斬根削皮如紫玉,0.8130353599874396
吐出蒼竹歲峥嶸,中有松柏參天長,0.8043254382070911
吐出蒼竹歲峥嶸,碣石歲峥嶸,0.8710774941798357
吐出蒼竹歲峥嶸,竦壁攢鏌鋣,0.8136399727209485
卧龍偃蹇雷不驚,恐泥竄蛟龍,0.8087297048664271
卧龍偃蹇雷不驚,風濤怒猶蓄,0.8011298781995355
卧龍偃蹇雷不驚,龍怒拔老湫,0.8373735673780367
卧龍偃蹇雷不驚,偃蓋反走虬龍形,0.8690132100391796
卧龍偃蹇雷不驚,蟄龍三冬卧,0.8264180460489583
卧龍偃蹇雷不驚,雷吼徒咆哮,0.8010377028157692
卧龍偃蹇雷不驚,虎倒龍顛委榛棘,0.8208349459413375
卧龍偃蹇雷不驚,偃蹇龍虎姿,0.850768676940274
卧龍偃蹇雷不驚,潛龍無聲老蛟怒,0.8481324084455472
卧龍偃蹇雷不驚,庭前猛虎卧,0.827456948413066
卧龍偃蹇雷不驚,泥沙困老龍,0.8084369685780233
卧龍偃蹇雷不驚,魚龍偃卧高,0.8414460973105156
卧龍偃蹇雷不驚,峽坼雲霾龍虎卧,0.8306977838480267
卧龍偃蹇雷不驚,驚惶致雷雨,0.8080091992273637
卧龍偃蹇雷不驚,聲吼纏猛虎,0.8041210787154591
卧龍偃蹇雷不驚,蝮蛇暮偃蹇,0.8631582063892171
卧龍偃蹇雷不驚,雲雷歘奔命,0.8077949122571626
卧龍偃蹇雷不驚,潛龍故起雲,0.8191129951885666
卧龍偃蹇雷不驚,龍蛇不成蟄,0.836390079606334
卧龍偃蹇雷不驚,昨夜有奔雷,0.8047875405070348
卧龍偃蹇雷不驚,來如雷霆收震怒,0.8071045375496606
卧龍偃蹇雷不驚,雷霆劈長松,0.8058372290119942
卧龍偃蹇雷不驚,熊羆欲蟄龍蛇深,0.8268310743802127
卧龍偃蹇雷不驚,高卧豈泥蟠,0.8010727228213856
卧龍偃蹇雷不驚,風濤暮不穩,0.8015564955178294
卧龍偃蹇雷不驚,熊掛玄蛇吼,0.8076122376947116
卧龍偃蹇雷不驚,濤翻黑蛟躍,0.8060331201671995
卧龍偃蹇雷不驚,蛟龍欲蟄寒沙水,0.8066844533670297
公與此君俱忘形,忘形到爾汝,0.8398819222929321
公與此君俱忘形,對此興與精靈聚,0.8167168775448074
公與此君俱忘形,獨與老翁别,0.810013553556386
公與此君俱忘形,爾曹身與名俱滅,0.8128813237017564
公與此君俱忘形,事迹可兩忘,0.800100670878428
公與此君俱忘形,皆與此圖筋骨同,0.8529377230758306
公與此君俱忘形,愜當久忘筌,0.8061611484891715
晴窗影落石泓處,百頃風潭上,0.8081853037116822
晴窗影落石泓處,石欄斜點筆,0.8232910446717545
晴窗影落石泓處,鑿翠開户牖,0.8049826648227669
晴窗影落石泓處,面勢龍泓頭,0.8078389638583713
晴窗影落石泓處,鳥影度寒塘,0.8022499595728423
晴窗影落石泓處,舍影漾江流,0.8074567290545452
晴窗影落石泓處,石鏡通幽魄,0.8028447164868275
晴窗影落石泓處,石瀨月娟娟,0.8064130987448003
晴窗影落石泓處,石影銜珠閣,0.8455361579756506
晴窗影落石泓處,潺潺石間溜,0.8044901016786354
晴窗影落石泓處,返照入江翻石壁,0.8049528590056547
晴窗影落石泓處,劍池石壁仄,0.8078801473380504
晴窗影落石泓處,層軒俯江壁,0.802842797472215
晴窗影落石泓處,山虚風落石,0.800280853543595
晴窗影落石泓處,影動倒景摇瀟湘,0.8112040669797747
晴窗影落石泓處,竹竿接嵌竇,0.8010323034889473
晴窗影落石泓處,石泉流暗壁,0.8071421294017833
晴窗影落石泓處,鎖石藤梢元自落,0.8004142856714831
松煤淺染飽霜兔,赤汗微生白雪毛,0.8228131645813019
松煤淺染飽霜兔,霜橙壓香橘,0.8023585162138742
松煤淺染飽霜兔,頭上鋭耳批秋竹,0.8167401077463792
松煤淺染飽霜兔,秋蔬擁霜露,0.8335223259259206
松煤淺染飽霜兔,霜濃木石滑,0.8115557452195477
松煤淺染飽霜兔,竹皮寒舊翠,0.822260823785935
松煤淺染飽霜兔,老樹飽經霜,0.8040089560332375
松煤淺染飽霜兔,色難腥腐餐楓香,0.8094037522842026
松煤淺染飽霜兔,赤梨蒲萄寒露成,0.805330821041405
松煤淺染飽霜兔,落刃嚼冰霜,0.8268400822325523
松煤淺染飽霜兔,經齒冷於雪,0.802990251525791
松煤淺染飽霜兔,羽毛淨白雪,0.8015233088532289
松煤淺染飽霜兔,羹煑秋蓴滑,0.8125213675793532
松煤淺染飽霜兔,破甘霜落爪,0.8270659844133397
松煤淺染飽霜兔,染淚在叢筠,0.8356422524153209
中安三石使屈蟠,中原君臣豺虎邊,0.8109769630523638
亦恐形全便飛去,雖未成龍亦有神,0.8012933172527488
亦恐形全便飛去,飛去墮爾前,0.8165874042529307
亦恐形全便飛去,軒然恐其出,0.8022893345599496
亦恐形全便飛去,已撥形骸累,0.8097683171613133
亦恐形全便飛去,何事卽飛翻,0.807485356852424
亦恐形全便飛去,每欲孤飛去,0.8135698330351198
古今作生竹,堂前自生竹,0.8089907314060361
古今作生竹,至今斑竹臨江活,0.8078956796337547
古今作生竹,天下幾人畫古松,0.8258412023409243
能者未十輩,如公復幾人,0.8031522327669769
能者未十輩,後來未識猶駿奔,0.8032418731571456
能者未十輩,高者十八九,0.8261172420502403
能者未十輩,年未三十忠義俱,0.8167099774989212
能者未十輩,禽獸已斃十七八,0.8028236426839624
能者未十輩,前輩復誰繼,0.8261514840746518
能者未十輩,獨步四十年,0.8156669691246621
能者未十輩,昔者與高李,0.8126874190510536
能者未十輩,往者十四五,0.8549200024973764
能者未十輩,憶與高李輩,0.8079595043271827
能者未十輩,比看伯叔四十人,0.8023684180704689
能者未十輩,今者兄弟一百人,0.8037055608608186
能者未十輩,弟子四五人,0.8044349243955982
筌寀遠不逮,碧藻非不茂,0.804311244796333
江南鐵鉤鎖,鐵鎖欲開關,0.8265685268196594
燕公灑墨成,計疏疑翰墨,0.8014446948118812
燕公灑墨成,縱使盧王操翰墨,0.8037183798373622
燕公灑墨成,臨池真盡墨,0.8172325535409066
落落與時背,脱落小時輩,0.8158006531986638
譬如刳心松,又如壠坻松,0.8123304578632518
譬如刳心松,我能剖心血,0.8025472925707031
譬如刳心松,柯如青銅根如石,0.8367846132381712
中有歲寒在,歲寒守舊柯,0.8067979236028426
湖州三百年,二年客東都,0.8022961795267775
湖州三百年,漢家山東二百州,0.8210384170528284
湖州三百年,從軍十年餘,0.8005909132686266
湖州三百年,百年秋已半,0.8009625861929582
湖州三百年,只今年纔十六七,0.8232160151839802
湖州三百年,才名三十年,0.8300047273469695
湖州三百年,躍馬二十年,0.8072185317049565
湖州三百年,不見旻公三十年,0.8111916218934989
湖州三百年,焉知二十載,0.800408185801417
湖州三百年,悠悠經十年,0.8233967738672956
湖州三百年,一年居梓州,0.8241189081286988
湖州三百年,往者十四五,0.8168506605733752
湖州三百年,十二年來多戰場,0.8056649144582697
湖州三百年,一卧東山三十春,0.8113889768298055
湖州三百年,于今四十年,0.8453514249568368
湖州三百年,嗚呼已十年,0.82668986794545
筆與前哲配,古先莫能儔,0.8177789158451875
筆與前哲配,事與古先别,0.8019025170279241
筆與前哲配,迥繼先父祖,0.8185478583695643
筆與前哲配,有禮太古前,0.8100487740292872
筆與前哲配,聖賢古法則,0.8229452495743481
筆與前哲配,誰並百代則,0.819756457080929
筆與前哲配,前輩復誰繼,0.8123679867152347
筆與前哲配,後賢兼舊制,0.8012731908431121
筆與前哲配,幾人卓絶秉周禮,0.8017076904182711
筆與前哲配,前聖畏後生,0.8048353074177725
筆與前哲配,欻見俊哲情,0.8097718477805564
筆與前哲配,往與惠詢輩,0.8085676557313031
筆與前哲配,有跡負前賢,0.8135407909892653
規模轉銀鉤,灑翰銀鈎連,0.8062153072976985
幽賞非俗愛,自非曠士懷,0.8191824736746967
幽賞非俗愛,幽意忽不愜,0.8317014936764155
幽賞非俗愛,性亦嗜醇酎,0.8055888309519825
幽賞非俗愛,流寓理豈愜,0.8051395520850024
幽賞非俗愛,吏隱適情性,0.828502792665397
幽賞非俗愛,幽事亦可悦,0.8508791364758599
幽賞非俗愛,陶潛避俗翁,0.8012139729243857
幽賞非俗愛,好静心跡素,0.8221673281420735
幽賞非俗愛,致此自僻遠,0.8115305503699625
幽賞非俗愛,況聞山水幽,0.8124667838239935
幽賞非俗愛,造幽無人境,0.8110864258637164
幽賞非俗愛,謝爾性所適,0.8153629044956887
幽賞非俗愛,幽居不用名,0.8174953709186887
幽賞非俗愛,幽事頗相關,0.8034455840569027
幽賞非俗愛,幽偏得自怡,0.8366092743145547
幽賞非俗愛,爲人性僻耽佳句,0.8399201348386129
幽賞非俗愛,賞静憐雲竹,0.839418602340214
幽賞非俗愛,幽棲誠簡略,0.8358111895009801
幽賞非俗愛,褊性合幽棲,0.8037333130643316
幽賞非俗愛,幽居近物情,0.8533495013693781
幽賞非俗愛,嗜酒愛風竹,0.841336749008352
幽賞非俗愛,非君愛人客,0.8102276890765012
幽賞非俗愛,更覺松竹幽,0.802804466063382
幽賞非俗愛,高懷見物理,0.8072686583717239
幽賞非俗愛,受性本幽獨,0.8247766165314736
幽賞非俗愛,林木心所欣,0.8096696344026653
幽賞非俗愛,林僻此無蹊,0.8181382856181608
幽賞非俗愛,幽獨移佳境,0.8388462036326021
幽賞非俗愛,人見幽居僻,0.8337272521758075
幽賞非俗愛,旅茲殊俗遠,0.8151822125288555
幽賞非俗愛,俗薄江山好,0.8046357693236359
幽賞非俗愛,苔竹素所好,0.8281228293831975
幽賞非俗愛,郊扉俗遠長幽寂,0.8273474738873644
幽賞非俗愛,瑣細隘俗務,0.8039314988367416
幽賞非俗愛,幽人見瑕疵,0.8110414780360962
咫尺莽蒼外,百里獨蒼蒼,0.8718811555469999
咫尺莽蒼外,咫尺雪山路,0.8197431878628878
咫尺莽蒼外,曠野迴咫尺,0.8569576505576798
咫尺莽蒼外,蒼山入百里,0.8633058351753864
咫尺莽蒼外,莽莽萬重山,0.8361158499884109
咫尺莽蒼外,杳窕入雲漢,0.8032638618528234
咫尺莽蒼外,莽莽天涯雨,0.8228249321436294
咫尺莽蒼外,萬里蒼茫外,0.8660651805608981
咫尺莽蒼外,夷音迷咫尺,0.8025988280190952
咫尺莽蒼外,出入由咫尺,0.8129342276245695
吾宗學湖州,吾宗固神秀,0.8027859682162515
吾宗學湖州,吾衰卧江漢,0.807441430349862
吾宗學湖州,吾觀鴟夷子,0.8153712945090421
吾宗學湖州,風流儒雅亦吾師,0.809439429110514
吾宗學湖州,李陵蘇武是吾師,0.8196423632822301
吾宗學湖州,吾宗老孫子,0.8353769409133607
吾宗學湖州,吾人詩家秀,0.8277972688108375
吾宗學湖州,吾慕漢初老,0.8202031933702684
師逸功已倍,拓境功未已,0.80782492378192
師逸功已倍,業成陳始王,0.808446283983555
師逸功已倍,始兼逸邁興,0.8021820157411512
有來竹四幅,我有一匹好東絹,0.801176656502643
有來竹四幅,我有浣花竹,0.8044082810231787
有來竹四幅,有竹一頃餘,0.8284482720389335
冬夏生變態,春夏各有實,0.8117185061064531
冬夏生變態,今夏草木長,0.82007171980302
冬夏生變態,仲夏苦夜短,0.8205920953200807
冬夏生變態,慘慘石狀變,0.8005471193987743
冬夏生變態,季冬日已長,0.8021247363714618
冬夏生變態,人生幾何春已夏,0.8165073450298799
冬夏生變態,春旱天地昏,0.804337191083877
冬夏生變態,是時秋冬交,0.8011242706140478
冬夏生變態,江城含變態,0.8182124521883497
冬夏生變態,歘翕炎蒸景,0.8078305273260085
冬夏生變態,白谷變氣候,0.8678731708587029
冬夏生變態,鬒變負人境,0.8103299256159493
冬夏生變態,歲暮陰陽催短景,0.8008110159266211
冬夏生變態,冬至陽生春又來,0.8114746535619909
冬夏生變態,瘧癘終冬春,0.8211017315174947
冬夏生變態,方冬變所爲,0.8452506638914228
冬夏生變態,物色生態能幾時,0.8509771004704726
冬夏生變態,氣候何迴互,0.8059843990346538
預知更入神,詩應有神助,0.8047897026011357
預知更入神,深愁畏損神,0.8016836889124688
預知更入神,應接喪精神,0.8195692012417752
物固不兩大,時俗造次那得致,0.8181125814746875
物固不兩大,物性固難奪,0.8601767440231738
物固不兩大,至性有此不,0.834617071232824
物固不兩大,物情無巨細,0.8223686895693647
物固不兩大,自適固其常,0.8386445538302767
物固不兩大,人物世不數,0.8204228766770116
物固不兩大,性命苟不存,0.8397465674958655
物固不兩大,物微意不淺,0.8332694889425356
物固不兩大,物理固自然,0.87213363518157
物固不兩大,乃知變化不可窮,0.8042903934547125
物固不兩大,物賤事已暌,0.8065697232947002
物固不兩大,政化錯迕失大體,0.8081531149198959
物固不兩大,此物歲不稔,0.8129736845092056
物固不兩大,可以物理推,0.837108104333445
物固不兩大,其勢不兩大,0.8793287895033621
物固不兩大,穎鋭物不隔,0.8343256515809714
物固不兩大,用之不高亦不庳,0.8053578821346646
物固不兩大,萬物附本性,0.8248902294493967
物固不兩大,氣合無險僻,0.810337457424799
物固不兩大,物白諱受玷,0.8065370481024343
物固不兩大,物理直難齊,0.8404080112995929
物固不兩大,衆力亦不細,0.8518972499660391
物固不兩大,物微限通塞,0.823597362605959
物固不兩大,理亂豈恒數,0.8073819830487758
子舟詩書客,李舟名父子,0.8225349306667655
畫手睨前輩,畫手看前輩,0.9410579165739117
畫手睨前輩,曹植休前輩,0.8247865112764889
畫手睨前輩,前輩復誰繼,0.8005617660868378
畫手睨前輩,前輩飛騰入,0.8034413777612974
挹袂拍其肩,偏袒右肩露雙脚,0.8209145119407233
餘力左右逮,童戲左右岸,0.8256112542921606
餘力左右逮,薊北斷右脅,0.8012963394384758
餘力左右逮,衆力亦不細,0.806425767435341
摩拂造化鑪,造化鍾神秀,0.8130432807760739
摩拂造化鑪,矯矯龍性含變化,0.8104869974477649
摩拂造化鑪,巧刮造化窟,0.8732819066592644
摩拂造化鑪,蒼天變化誰料得,0.8177708465765274
摩拂造化鑪,功安造化爐,0.8314459381463153
摩拂造化鑪,正直元因造化功,0.8028945211036038
摩拂造化鑪,情窮造化理,0.8337650606059519
摩拂造化鑪,字體變化如浮雲,0.8101940520948141
摩拂造化鑪,禹功翊造化,0.809582840329382
摩拂造化鑪,變化有鵾鵬,0.8328039317789808
經營鬼神會,律中鬼神驚,0.8388345259915424
經營鬼神會,神凝推道經,0.8160609078482519
經營鬼神會,乃是蒲城鬼神入,0.8333291715990963
經營鬼神會,詩成泣鬼神,0.8058432968003129
經營鬼神會,群遊森會神,0.8206520497303915
經營鬼神會,路幽必爲鬼神奪,0.8366683244406212
經營鬼神會,那知根無鬼神會,0.8053320875442193
經營鬼神會,此物神俱王,0.8065359019490899
經營鬼神會,空山立鬼神,0.8038131246420264
經營鬼神會,英雄見事若通神,0.806436325887286
光煤疊亂葉,細葉帶浮毛,0.8023182029321504
光煤疊亂葉,散帙起翠螭,0.8025728942979355
光煤疊亂葉,亂波紛披已打岸,0.8069560038750518
世與作者背,付與後世傳,0.8091549501870547
世與作者背,中間作者絶不聞,0.8085632525733942
世與作者背,庶與達者論,0.8108113588738859
世與作者背,往者胡作逆,0.814755173913885
看君回腕筆,畫手看前輩,0.8103878073796087
看君回腕筆,應手看捶鈎,0.8066732331733428
看君回腕筆,戲拈秃筆掃驊騮,0.8030340110232048
看君回腕筆,請公放筆爲直幹,0.8203429476945954
看君回腕筆,縱使盧王操翰墨,0.8037106841923386
看君回腕筆,聲華當健筆,0.8127313253061403
猶喜漢儀在,經傳拱漢皇,0.8017680307960734
猶喜漢儀在,幸有牙齒存,0.8068606357552022
猶喜漢儀在,雖同君臣有舊禮,0.8060074930067668
猶喜漢儀在,再覩漢官儀,0.8352672969244697
猶喜漢儀在,使君傳舊德,0.8038386457548377
猶喜漢儀在,雖有古殿存,0.8220612211682764
猶喜漢儀在,近傳王在洛,0.8025764236127981
猶喜漢儀在,南有漢王祠,0.8083467788272191
猶喜漢儀在,國家法令在,0.8206923107259254
猶喜漢儀在,漢儀尚整肅,0.8607679089265461
猶喜漢儀在,周宣漢武今王是,0.8041616690906932
猶喜漢儀在,漢官威儀重昭洗,0.8162030947395649
猶喜漢儀在,舊物森猶在,0.8332529989332651
猶喜漢儀在,王室仍多故,0.8004218052837839
猶喜漢儀在,漢儀甚照耀,0.8158625617822184
與可可追配,可望不可攀,0.8125883156752892
小山蒼苔面,石田茅屋荒蒼苔,0.8411317035462436
小山蒼苔面,高臺面蒼陂,0.8265513794228448
小山蒼苔面,玉殿莓苔青,0.8316666167879235
小山蒼苔面,苔蘚山門古,0.8352508196158704
小山蒼苔面,天窄壁面削,0.8226931284684748
小山蒼苔面,兩株慘裂苔蘚皮,0.8036931463997707
小山蒼苔面,石柱仄青苔,0.8289158236958545
小山蒼苔面,野寺根石壁,0.8123701720995062
小山蒼苔面,階面青苔老更生,0.8590394467896059
小山蒼苔面,江閣隣石面,0.8092642354310544
小山蒼苔面,垢衣生碧蘚,0.8121387673451759
小山蒼苔面,石壁斷空青,0.8064470344633732
小山蒼苔面,古苔生迮地,0.8170428078194598
突兀謝憎愛,傲睨俯峭壁,0.8089110593751605
突兀謝憎愛,内愧突不黔,0.813920259923725
突兀謝憎愛,何得立突兀,0.8042747342705081
突兀謝憎愛,突兀猶趁人,0.8396223899217821
突兀謝憎愛,突兀倚書幌,0.8200029887818134
風斜兼雨重,露翻兼雨打,0.8616124750229933
風斜兼雨重,林花著雨燕支濕,0.8120616071796187
風斜兼雨重,簷雨亂淋幔,0.8025977950222496
風斜兼雨重,帶雨傍林微,0.8085057334688377
風斜兼雨重,頭風吹過雨,0.8037155903487645
風斜兼雨重,細雨更移橙,0.812078837824485
風斜兼雨重,微風燕子斜,0.8152725666217855
風斜兼雨重,簷雨細隨風,0.8492149796592543
風斜兼雨重,輕燕受風斜,0.8133605013942586
風斜兼雨重,樹濕風涼進,0.8049623270542309
風斜兼雨重,澹雲疏雨過高城,0.8298580693787989
風斜兼雨重,鳴雨既過漸細微,0.8162928943710887
風斜兼雨重,樓雨霑雲幔,0.8032156413162546
風斜兼雨重,春寒細雨出疏籬,0.817113718036241
意出筆墨外,愛畫入骨髓,0.8111579724776538
意出筆墨外,縱使盧王操翰墨,0.8018159559899566
意出筆墨外,畫色久欲盡,0.8353116902386668
意出筆墨外,意匠慘澹經營中,0.817084332902374
意出筆墨外,眼前所寄選何物,0.8003019588491311
意出筆墨外,粉墨形似間,0.8164856546628374
意出筆墨外,穎鋭物不隔,0.8299450480518196
意出筆墨外,出遊翰墨場,0.8076608905197058
意出筆墨外,筆札枉所申,0.8050392299750925
意出筆墨外,得盡所歷妙,0.8189748777702553
吾聞絶一源,願聞第一義,0.8050180447677627
戰勝自十倍,兵法五十家,0.8175937988950688
戰勝自十倍,漢虜互勝負,0.814628902026189
戰勝自十倍,自公斗三百,0.8074109935116293
戰勝自十倍,此皆戰騎一敵萬,0.8027868758103527
戰勝自十倍,百萬攻一城,0.8008697093544306
戰勝自十倍,十二年來多戰場,0.8232872569436187
榮枯轉時機,榮枯雨露偏,0.8089053751599449
榮枯轉時機,浮生看物變,0.8268025179622333
榮枯轉時機,榮枯劃易該,0.8327597218624692
生死付交態,真堪託死生,0.8219443828512278
生死付交態,生涯似衆人,0.8155700362163837
生死付交態,途窮見交態,0.8094251015743389
生死付交態,人生交契無老少,0.850047005733295
生死付交態,人生許與分,0.8025976361072743
生死付交態,不知死與生,0.8030200373734019
生死付交態,人生有離合,0.8167992906479151
生死付交態,浮生有定分,0.8052683045473253
生死付交態,交態知浮俗,0.813740105291467
生死付交態,生死論交地,0.8957826459275429
生死付交態,一體交態同悠悠,0.8061024488123167
生死付交態,生離與死别,0.8527435561772523
生死付交態,浪迹同生死,0.8429636112566582
生死付交態,便有死生分,0.8260087158100955
生死付交態,人生流滯生理難,0.8257917644008022
生死付交態,人生意氣合,0.8064276691925529
生死付交態,結交皆老蒼,0.802300772241042
生死付交態,易識浮生理,0.800332611162694
生死付交態,世路知交薄,0.8089126175991599
生死付交態,交態遭輕薄,0.8097621497335663
生死付交態,意氣死生親,0.8443802375244012
勿用嗔喜對,不勞吏怒瞋,0.8113875702463933
勿用嗔喜對,慎勿出口他人狙,0.8153738888274455
勿用嗔喜對,燈花何太喜,0.8142896520774623
勿用嗔喜對,反側聲愈嗔,0.8167661300661735
勿用嗔喜對,畏虎不得語,0.8095442416944285
勿用嗔喜對,百鳥不敢嗔,0.8165893477564974
勿用嗔喜對,常受衆目憐,0.8041225007588216
勿用嗔喜對,每扶必怒嗔,0.8206506433366338
此物當更工,詞賦工無益,0.8033975031343319
此物當更工,畫師亦無數,0.8194493455157301
此物當更工,殘害爲異物,0.8009436201771986
此物當更工,乃知畫師妙,0.8042667274141402
此物當更工,材力爾精靈,0.8036550131705777
此物當更工,尤工遠勢古莫比,0.815040383085728
此物當更工,亦能畫馬窮殊相,0.8188995980218146
此物當更工,無乃傳其狀,0.8042092629940001
此物當更工,看君妙爲政,0.817343659684979
此物當更工,篙工密逞巧,0.8046632158406815
此物當更工,兼工古體詩,0.8079404364556262
請以小喻大,小兒學問止論語,0.8043146852362288
請以小喻大,制作難上請,0.8055262389320841
請以小喻大,下筯還小益,0.8199581643153604
請以小喻大,辯眼工小字,0.8054608516620925
