황정견,두보,코사인 유사도
投我木瓜霜雪枝,竹枝霜不蕃,0.8148188070647331
投我木瓜霜雪枝,秋蔬擁霜露,0.8154884698706195
投我木瓜霜雪枝,玉露凋傷楓樹林,0.802612442882088
投我木瓜霜雪枝,霜黄碧梧白鶴棲,0.8024377066619671
六年流落放歸時,春深逐客一浮萍,0.8015228655778668
六年流落放歸時,悲君已是十年流,0.8073851727048615
六年流落放歸時,寥落三年坐劍州,0.8219956796975438
六年流落放歸時,蹉跎有六年,0.8055667317884558
六年流落放歸時,年年小摇落,0.816239286015882
六年流落放歸時,漂零已是滄浪客,0.8082076636929041
六年流落放歸時,暮年漂泊恨,0.8008157272354024
千巖萬壑須重到,萬壑樹聲滿,0.8140197369625817
千巖萬壑須重到,巫峽清秋萬壑哀,0.8012355333910115
千巖萬壑須重到,羣山萬壑赴荆門,0.8564231515994439
千巖萬壑須重到,徑隱千重石,0.8103082279031077
千巖萬壑須重到,千崖無人萬壑静,0.8800055576203802
脚底危時幸見持,時危安得真致此,0.8186151457887288
脚底危時幸見持,時危當雪耻,0.8044092555275053
脚底危時幸見持,時危未授鉞,0.8269518751900982
脚底危時幸見持,行步欹危實怕春,0.8299130096210181
脚底危時幸見持,坐看傾危受厚恩,0.808009461051137
脚底危時幸見持,操持必去嫌,0.8068135245993164
脚底危時幸見持,身老時危思會面,0.8169869350441339
脚底危時幸見持,時危思報主,0.8104054950922683
南極一星天九秋,氣衝星象表,0.8042760997577897
南極一星天九秋,宸極妖星動,0.8481700624501942
南極一星天九秋,玉几由來天北極,0.8231236174512332
南極一星天九秋,風連西極動,0.8051392176731049
南極一星天九秋,含星動雙闕,0.8125368663853345
南極一星天九秋,北極捧星辰,0.8555191423364858
南極一星天九秋,銀河倒列星,0.8063137428966206
南極一星天九秋,楚星南天黑,0.8457543547331048
南極一星天九秋,紫氣關臨天地闊,0.8036897139429153
南極一星天九秋,南極一星朝北斗,0.8993889218799701
南極一星天九秋,銀漢會雙星,0.8206729703781868
南極一星天九秋,南極老人自有星,0.8086740608078057
南極一星天九秋,今宵南極外,0.8221488105818284
南極一星天九秋,星辰北斗深,0.8272583602651906
南極一星天九秋,皇輿三極北,0.8165410657174555
南極一星天九秋,北拱戴霄漢,0.8164652008377782
自埋光景落江流,落日九江流,0.8035482493910442
是公至樂山中物,自稱臣是酒中仙,0.8370463983619595
是公至樂山中物,豈是池中物,0.8354764341474031
是公至樂山中物,賴有杯中物,0.805684525410383
是公至樂山中物,本是池中物,0.8420201607084402
乞與衰翁似暗投,所親驚老瘦,0.8038425779058564
乞與衰翁似暗投,獨與老翁别,0.801715563007823
乞與衰翁似暗投,更覺老隨人,0.8025241520718759
乞與衰翁似暗投,只恐花盡老相催,0.8151326992281558
乞與衰翁似暗投,殘生一老翁,0.8001824666380504
乞與衰翁似暗投,形容老病催,0.8149396732894897
乞與衰翁似暗投,若訪衰翁語,0.8052559316273736
乞與衰翁似暗投,形容吾較老,0.8098009729556455
平津善牧豕,牧馬不敢侵臨洮,0.8120062627731679
佽飛能斬蛟,猶能掣巨鼇,0.8213083017726137
佽飛能斬蛟,鳴弓射獸能,0.8161528679372416
佽飛能斬蛟,看射猛虎終殘年,0.8221061958699382
佽飛能斬蛟,恐泥竄蛟龍,0.811426420120832
佽飛能斬蛟,龍怒拔老湫,0.8070910033735974
佽飛能斬蛟,白蛇登其巢,0.8203869590246706
佽飛能斬蛟,斬鯨遼海波,0.8255095304564428
佽飛能斬蛟,猛虎憑其威,0.8067288736092555
佽飛能斬蛟,長淮浪高蛟龍怒,0.805177129052288
佽飛能斬蛟,蛟龍不自謀,0.8297827442707562
佽飛能斬蛟,潛龍無聲老蛟怒,0.8273119490034515
佽飛能斬蛟,前有毒蛇後猛虎,0.8254779872396485
佽飛能斬蛟,拔劍或與蛟龍争,0.818681221626506
佽飛能斬蛟,無復射蛟江水中,0.8051956742575033
佽飛能斬蛟,蛟龍鬭不開,0.8012266719630423
佽飛能斬蛟,射飛曾縱鞚,0.8531047852350074
佽飛能斬蛟,徒聞斬蛟劍,0.8588461776217582
佽飛能斬蛟,蛟之横,0.804976904660594
佽飛能斬蛟,蛟螭深作横,0.8022599250310332
佽飛能斬蛟,熊羆欲蟄龍蛇深,0.8073779866392912
終藉一汲黯,汲黯匡君切,0.8052005717441983
終藉一汲黯,終思一酩酊,0.8067459960162437
淮南解兵交,况復秦兵耐苦戰,0.84055448018665
淮南解兵交,邊兵盡東征,0.832251950967312
淮南解兵交,神兵動朔方,0.8075794248084618
淮南解兵交,秋屯隴右兵,0.8197726727340099
淮南解兵交,兵革既未息,0.8015102816734088
淮南解兵交,漢虜互勝負,0.8028039504291613
淮南解兵交,江南瘴癘地,0.8114243262062337
淮南解兵交,兵戈動接連,0.8085449293617597
淮南解兵交,故國猶兵馬,0.8068849683134205
淮南解兵交,兵戈阻絶老江邊,0.8185039179019437
淮南解兵交,甲子西南異,0.8321677644232768
淮南解兵交,兵戈與關塞,0.8374074648499092
淮南解兵交,官軍未通蜀,0.8157559423527463
淮南解兵交,羌兵助鎧鋋,0.8067872414794024
淮南解兵交,元戎决勝威,0.8033357761115576
淮南解兵交,邊隅還用兵,0.8041441542932017
淮南解兵交,長安已亂兵,0.813765302488479
淮南解兵交,四海十年不解兵,0.8200697501854057
淮南解兵交,昔去爲憂亂兵入,0.8238879035065443
淮南解兵交,蠻夷塞成都,0.8155102149297262
淮南解兵交,西取邛南兵,0.840146451700155
淮南解兵交,列國兵戈暗,0.8204589150556143
淮南解兵交,三州陷犬戎,0.8104939052982736
淮南解兵交,氣豪直阻兵,0.8046874999594847
淮南解兵交,漢將仍横戈,0.8009415983384458
淮南解兵交,胡騎羌兵入巴蜀,0.8048881783803419
淮南解兵交,江市戎戎暗,0.8215900617829419
淮南解兵交,西南失大將,0.8168130032833065
淮南解兵交,兵戈猶擁蜀,0.8423209313999707
淮南解兵交,南方瘴癘地,0.8049112636397375
淮南解兵交,總戎備强敵,0.8106866857035249
淮南解兵交,翻然遠救朔方兵,0.8019795374477774
淮南解兵交,擁兵鎮汴河,0.8467127206427261
淮南解兵交,兵流指諸掌,0.8127387098948586
淮南解兵交,胡兵更陸梁,0.8139410214663427
淮南解兵交,西蜀災長弭,0.8156621965753439
淮南解兵交,兵戈闇兩觀,0.8056367169061956
淮南解兵交,羇棲尚甲兵,0.8066880681227102
淮南解兵交,擁兵相學干戈鋭,0.8002494585840787
淮南解兵交,渭水更屯兵,0.8487708714141973
淮南解兵交,談論淮湖奔,0.803848603704376
淮南解兵交,天兵斬斷青海戎,0.8198027881969726
淮南解兵交,江淮略孟諸,0.8137235333284365
淮南解兵交,兵戈滿邊徼,0.8047225740138478
淮南解兵交,中原未解兵,0.8382333450985328
淮南解兵交,一劍總兵符,0.8013975291786017
淮南解兵交,南游炎海甸,0.8014389538895563
楊子有直氣,李侯有佳句,0.8118686669994524
楊子有直氣,先生有才過屈宋,0.8065548062137233
楊子有直氣,蔡子勇成癖,0.8073373949915377
楊子有直氣,有子賢與愚,0.80115449585801
楊子有直氣,有客有客字子美,0.814111672309505
楊子有直氣,看君多道氣,0.802182070408756
楊子有直氣,尚愛卓文君,0.8001940587754857
楊子有直氣,李侯重有此節度,0.8120951583358449
楊子有直氣,爾之生也甚正直,0.8032334587573424
楊子有直氣,今之新圖有二馬,0.8010109569637571
楊子有直氣,若道士無英俊才,0.8022296493803895
楊子有直氣,俊才得之子,0.8288586267888383
楊子有直氣,好學尚貞烈,0.8007447466515727
楊子有直氣,吾賢富才術,0.8041010928329433
楊子有直氣,才士得神秀,0.8138204422824549
楊子有直氣,顔氏之子才孤標,0.8160354042288045
楊子有直氣,致君樸直詞,0.8227241225873838
未忍死草茅,紈袴不餓死,0.8118405060472007
未忍死草茅,不忍竟舍此,0.8230248344690321
未忍死草茅,未能割妻子,0.8039495963900183
未忍死草茅,安能陷糞土,0.801842363105951
引之入漢朝,詔書引上殿,0.8044346756095991
引之入漢朝,宫中每出歸東省,0.8083057537411897
引之入漢朝,詔從三殿去,0.8116431362531982
引之入漢朝,朝飲漢水暮靈州,0.8012070020423995
引之入漢朝,歸朝送使節,0.8011388165422935
引之入漢朝,三朝出入榮,0.8306937436167877
引之入漢朝,大將赴朝廷,0.8030989480428609
引之入漢朝,奉使三峽中,0.8062192301293021
引之入漢朝,内省未入朝,0.8325839492980882
引之入漢朝,台星入朝謁,0.8287903489775531
引之入漢朝,漢朝頻選將,0.8038769888009565
引之入漢朝,歸赴朝廷已入秦,0.8285764152474936
引之入漢朝,紫衣使者辭復命,0.8014261213021825
誰爲續弦膠,煎膠續弦奇自見,0.8249836850533874
誰爲續弦膠,朱絲有斷絃,0.8029479310858034
楊君清渭水,江水清源曲,0.8567587554539522
楊君清渭水,今之黄潁川,0.806176088580265
楊君清渭水,清思漢水上,0.8229759527230218
自流濁涇中,涇渭不可求,0.8155692806295227
自流濁涇中,江水清源曲,0.8127239022836941
自流濁涇中,濁涇清渭何當分,0.8700257122347832
自流濁涇中,飄颻凌濁涇,0.8038795854739361
自流濁涇中,詞源倒流三峽水,0.8052480078571346
自流濁涇中,晝洗須騰涇渭深,0.8151044320363932
自流濁涇中,穢濁殊未清,0.8309526360110306
自流濁涇中,清渭東流劍閣深,0.8011542528972668
自流濁涇中,出山泉水濁,0.8324328243694248
自流濁涇中,溪行一流水,0.8070607347304997
自流濁涇中,可照濁水源,0.8655603466905966
自流濁涇中,流惡邑里清,0.8177261617931834
自流濁涇中,江水東流去,0.8098223502533746
自流濁涇中,渭水流關内,0.82096932135383
自流濁涇中,濁河終不污清濟,0.8583833662346094
自流濁涇中,腸斷秦川流濁涇,0.8661825004040633
自流濁涇中,湘流東逝深,0.81159913081037
今年貧到骨,今年臘日凍全消,0.8039972755223014
今年貧到骨,到今不知白骨處,0.8431459696731911
今年貧到骨,值我病經年,0.800642757594719
今年貧到骨,已訴徵求貧到骨,0.8221843305935672
今年貧到骨,年年至日長爲客,0.8086406100544112
今年貧到骨,今年米賤太傷農,0.8082632234671168
豪氣似元龍,是何意態雄且傑,0.8217011279374254
豪氣似元龍,漁陽豪俠地,0.8286579520930237
豪氣似元龍,老氣横九州,0.8153558176389841
豪氣似元龍,如公盡雄俊,0.8093561566484051
豪氣似元龍,霸氣曾間發,0.8056019570634121
豪氣似元龍,慘澹豪俠窟,0.8151313199671312
豪氣似元龍,將軍膽氣雄,0.8001651863362458
豪氣似元龍,吐蕃憑陵氣頗粗,0.8026811903415312
豪氣似元龍,龍文虎脊皆君馭,0.8043710518804257
豪氣似元龍,雄都元壯麗,0.8421618430170503
豪氣似元龍,英姿颯爽猶酣戰,0.8153842058455956
豪氣似元龍,綵筆昔曾干氣象,0.8105073042313474
豪氣似元龍,二州豪俠場,0.8261278819352903
豪氣似元龍,雄豪復遣五陵知,0.8202484561083541
豪氣似元龍,詞氣浩縱横,0.815294569605409
豪氣似元龍,賦詩分氣象,0.8025612842175932
豪氣似元龍,五陵豪貴反顛倒,0.803495446066639
豪氣似元龍,後生血氣豪,0.8641985697844343
豪氣似元龍,意氣逐吳鈎,0.8267603340064242
豪氣似元龍,意氣今誰見,0.8013931595174908
男兒生世間,信知生男惡,0.8005754937312408
男兒生世間,男兒死無時,0.841553725396732
男兒生世間,男兒功名遂,0.8336998976534908
男兒生世間,世上兒子徒紛紛,0.8300958188402796
男兒生世間,男兒生世間,1.0
男兒生世間,窮老無兒孫,0.8006845581305516
男兒生世間,驥子好男兒,0.8037810335507847
男兒生世間,平生所嬌兒,0.8205610215648673
男兒生世間,自恐二男兒,0.8207441518864997
男兒生世間,男兒性命絶可憐,0.8377595474910503
男兒生世間,男兒既介胄,0.8226202279202581
男兒生世間,男兒行處是,0.8173684892430195
男兒生世間,男兒生不成名身已老,0.8538248615013192
男兒生世間,丈夫生兒有如此二雛者,0.8272597118260934
男兒生世間,豈惟長兒童,0.8181315611718347
男兒生世間,男兒生無所成頭皓白,0.8072099188324682
男兒生世間,人生在世間,0.8653922040272262
男兒生世間,十五男兒志,0.8185462111745984
男兒生世間,況聞處處鬻男女,0.8050286991499014
男兒生世間,人生貴是男,0.8631795631524406
筆端吐白虹,揮毫落紙如雲烟,0.8173849853769597
筆端吐白虹,凌雲健筆意縱横,0.8049357256650052
筆端吐白虹,虹蜺就掌握,0.8212290394210002
筆端吐白虹,雄筆映千古,0.8019989345949878
筆端吐白虹,影若揚白虹,0.8367540813195957
筆端吐白虹,壯筆過飛泉,0.8113011870127058
筆端吐白虹,綵筆昔曾干氣象,0.8217157870585501
筆端吐白虹,詞氣浩縱横,0.811577040301057
筆端吐白虹,雕章五色筆,0.802709697760662
何事與秋螢,何事卽飛翻,0.8034189596751644
事隨世滔滔,回首興滔滔,0.8085159090209855
事隨世滔滔,卽恐岸隨流,0.8217888604799864
事隨世滔滔,莫作俱流落,0.8028491034449659
事隨世滔滔,宿昔恨滔滔,0.801165800637178
事隨世滔滔,汩没隨漁商,0.8207564835515612
心欲自得得,衆人貴苟得,0.811325966067816
心欲自得得,幽意忽不愜,0.8063842565633046
心欲自得得,至性有此不,0.8448872071233474
心欲自得得,深意實在此,0.8089086246989822
心欲自得得,愚意會所適,0.8386547511913566
心欲自得得,生理焉得説,0.8076287242407572
心欲自得得,生我不得力,0.8204015942678446
心欲自得得,自適固其常,0.8060267801018026
心欲自得得,性命苟不存,0.8014341683300747
心欲自得得,斯焉心所求,0.8061309417862803
心欲自得得,静者心多妙,0.804933821303241
心欲自得得,物理固自然,0.8139368723178194
心欲自得得,坦然心神舒,0.8001442883277138
心欲自得得,一墜那得取,0.8021496136787665
心欲自得得,謝爾性所適,0.8334681542296677
心欲自得得,出非不得地,0.8046939802157156
心欲自得得,放意何自若,0.8068983876138867
心欲自得得,雅欲逃自然,0.8269635365077743
心欲自得得,洗然順所適,0.8069631379481472
心欲自得得,消中得自由,0.804124986965704
心欲自得得,得失寸心知,0.8198227444804017
心欲自得得,焉得豁心胸,0.8194974820359593
心欲自得得,志士惜妄動,0.8077691558956734
心欲自得得,自喜遂生理,0.806901016354723
心欲自得得,得盡所歷妙,0.8365503283955463
心欲自得得,得志行所爲,0.8467272620977626
心欲自得得,寬猛性所將,0.8102690661227367
楊君爲己學,看君用高義,0.8086618550807827
楊君爲己學,學書初學衞夫人,0.8373368029353894
楊君爲己學,念子善師事,0.8075721650400542
楊君爲己學,見此忠孝門,0.8006993559246256
楊君爲己學,看君妙爲政,0.8067846719419881
楊君爲己學,訓子學誰門,0.8186012453702955
楊君爲己學,一學楚人爲,0.8145916399714732
楊君爲己學,自古求忠孝,0.807691307022951
楊君爲己學,吾賢富才術,0.800439010631224
楊君爲己學,致君樸直詞,0.8208560326849297
坐捫故衣蝨,絺衣掛蘿薜,0.8251681976156972
垢襪春汗黑,香汗清塵汙顔色,0.8613725958679439
垢襪春汗黑,却嫌脂粉涴顔色,0.8090674866044019
垢襪春汗黑,肉黄皮皺命如線,0.8034526235672304
垢襪春汗黑,赤汗微生白雪毛,0.8546472875260491
垢襪春汗黑,垢膩脚不襪,0.8951246253869305
垢襪春汗黑,緑霑泥滓盡,0.8190287205909129
垢襪春汗黑,汗流被我體,0.8276725698558864
垢襪春汗黑,纖絺成緼袍,0.8095729508557683
垢襪春汗黑,衫裛翠微潤,0.8243142409466907
垢襪春汗黑,白波吹粉壁,0.8095941429788076
垢襪春汗黑,不襪不巾踏曉日,0.807366458937792
垢襪春汗黑,頭脂足垢何曾洗,0.8608409207958669
垢襪春汗黑,汗濕衣裳污,0.8328395241055356
垢襪春汗黑,炎赫衣流汗,0.8084709990843231
垢襪春汗黑,垢衣生碧蘚,0.8307783930035952
垢襪春汗黑,黄土污衣眼易眯,0.8305892453078152
垢襪春汗黑,汗溝血不赤,0.8224243419367667
垢襪春汗黑,火雲滋垢膩,0.8507363468069744
可飲三斗墨,李白一斗詩百篇,0.8183377036093856
可飲三斗墨,速宜相就飲一斗,0.8011058773148363
可飲三斗墨,瓮餘不盡酒,0.8000644739158447
清静草玄學,心清聞妙香,0.8179508326609459
清静草玄學,貧知静者性,0.8042683143416006
清静草玄學,好静心跡素,0.8287617760211005
清静草玄學,静者心多妙,0.8596101423037404
清静草玄學,静求元精理,0.8549412620304888
清静草玄學,受性本幽獨,0.8024626067526757
清静草玄學,清絶心有向,0.8145845542289513
清静草玄學,虚心味道玄,0.8777328478040578
清静草玄學,玄宗妙其書,0.8605158253542049
西京有子雲,憶昔南海使,0.8013142010669175
西京有子雲,西漢親王子,0.830586847973828
西京有子雲,公孫白帝城,0.8126321666408316
西京有子雲,往在西京日,0.8006158602007798
西京有子雲,曾聞宋玉宅,0.8009284380750936
西京有子雲,子尚客荆州,0.8152863456002245
西京有子雲,酆城客子王季友,0.8062884989010499
太尉死宗社,屋前太古玄都壇,0.8068097484043513
太尉死宗社,不作河西尉,0.8004212851425117
太尉死宗社,今朝漢社稷,0.8041156748685978
太尉死宗社,天王守太白,0.8079077755342857
太尉死宗社,居守付宗臣,0.8136379321572743
太尉死宗社,昔日太宗拳毛騧,0.8001864587746863
太尉死宗社,遠聞房太尉,0.8334889012212272
太尉死宗社,肅宗復社稷,0.8115275302226377
太尉死宗社,昔罷河西尉,0.8236700375097294
太尉死宗社,繼體如太宗,0.8144123608366078
太尉死宗社,太宗社稷一朝正,0.8527053736491623
太尉死宗社,宗臣則廟食,0.8007154759030259
大鳥泣其墳,新鬼煩冤舊鬼哭,0.8019295618267377
大鳥泣其墳,哀鴻獨叫求其曹,0.8099962915746892
大鳥泣其墳,白蛇登其巢,0.8164200653319729
大鳥泣其墳,吾思哭孤冢,0.8168366230760942
大鳥泣其墳,墓久狐兔鄰,0.8009689399358286
大鳥泣其墳,麟傷泣象尼,0.8007878314106702
寂寞向千載,寂寞向山河,0.8537308044924616
寂寞向千載,寂寞書齋裏,0.8177478512534597
寂寞向千載,寂寞天寶後,0.8099842714702209
寂寞向千載,寂寞身後事,0.8418180216932243
寂寞向千載,故人何寂寞,0.8054658338286405
寂寞向千載,索居尤寂寞,0.8190659260961852
寂寞向千載,西伯今寂寞,0.8130467786361624
寂寞向千載,寂寂春將晚,0.8103095088093812
寂寞向千載,寂寞養殘生,0.8128237577247133
寂寞向千載,寂寞壯心驚,0.8247689307423101
寂寞向千載,寂寞向時人,0.838456492088709
寂寞向千載,寂寞春山路,0.8182127658789802
寂寞向千載,寂寂夏先晚,0.8119793280835623
寂寞向千載,真龍竟寂寞,0.8230343786622726
寂寞向千載,寂寞想土階,0.8212423675632479
寂寞向千載,玉杯久寂寞,0.8145259729389887
寂寞向千載,寂寞驪山道,0.8183319282421857
寂寞向千載,斯人已寂寥,0.8267759153565533
寂寞向千載,遠遊雖寂寞,0.8094433536460708
寂寞向千載,白日亦寂寞,0.801952376956036
寂寞向千載,聖賢兩寂寞,0.838853662178699
風流被仍昆,清峻流輩伯,0.8021948200401601
風流被仍昆,號令頗有前賢風,0.8008305761515239
風流被仍昆,後賢兼舊制,0.8010421590035406
風流被仍昆,隄防舊風俗,0.8020457239172643
風流被仍昆,近有風流作,0.8135463389430037
風流被仍昆,風流後代希,0.8125216136537203
風流被仍昆,風流吾賢紹,0.8472765582317505
富貴何足道,貴賤俱物役,0.8033647584783257
富貴何足道,富貴何如草頭露,0.8150105427492669
富貴何足道,身貴不足論,0.8870625417603084
富貴何足道,此輩少爲貴,0.8007169780846766
富貴何足道,榮貴如糞土,0.8080218313117604
富貴何足道,官高何足論,0.8086036780064749
富貴何足道,富貴應須致身早,0.8271948626116112
富貴何足道,如何此貴重,0.8157045492726467
富貴何足道,美利戒止足,0.8095623077280676
富貴何足道,富貴於我如浮雲,0.8279588925630097
富貴何足道,實以驕貴盈,0.8236318608286491
富貴何足道,兄將富貴等浮雲,0.8033073939145855
富貴何足道,爲問淮南米貴賤,0.8038090075950267
富貴何足道,處貴如白屋,0.8240293276721533
富貴何足道,富貴任生涯,0.8365196991058308
富貴何足道,無貴賤不悲,0.8293599069575537
富貴何足道,無富貧亦足,0.8269941289818397
富貴何足道,中外貴賤殊,0.8389268141881705
富貴何足道,富貴當如此,0.8649344041053888
富貴何足道,富貴必從勤苦得,0.8075009501119981
富貴何足道,貴人豈不仁,0.812016387908375
富貴何足道,富貴功名焉足圖,0.8824669024038736
富貴何足道,梁公富貴於身疏,0.839208722430139
富貴何足道,知名未足稱,0.8077021759806585
聖處要策勳,與人一心成大功,0.8014478419859634
聖處要策勳,幾時樹功勳,0.8099111007850552
聖處要策勳,智謀垂睿想,0.8043621072035524
聖處要策勳,廟堂知至理,0.8109667343880499
聖處要策勳,孝理敦國政,0.8220666956516124
聖處要策勳,戰伐有功業,0.8159164798593405
聖處要策勳,妙譽期元宰,0.804272625782716
聖處要策勳,宣光果明哲,0.8130957273834796
聖處要策勳,神功協禹謨,0.8112743007539995
聖處要策勳,聖圖天廣大,0.8087821614055756
聖處要策勳,聖朝新孝理,0.8311063617755103
聖處要策勳,德業天機秉,0.8138047972924536
聖處要策勳,世祖修高廟,0.8137397703637035
聖處要策勳,於公負明義,0.8003512688417704
聖處要策勳,先王作法皆正道,0.8211314217771482
聖處要策勳,政用疏通合典則,0.8066678640713154
聖處要策勳,終古立忠義,0.8278469844537966
聖處要策勳,甲兵分聖旨,0.8062674532871821
聖處要策勳,君臣重修德,0.8089492723781978
聖處要策勳,聖賢古法則,0.8197570930062172
聖處要策勳,修文廟算正,0.8244992444634422
聖處要策勳,甚昧至精主,0.8079242388732237
聖處要策勳,明明君臣契,0.8041996582303412
聖處要策勳,只在忠臣翊聖朝,0.8148118132110271
聖處要策勳,異王册崇勳,0.8128700544710468
聖處要策勳,聖聰矧多仁,0.833628776792573
聖處要策勳,乙科已大闡,0.8022122449070122
聖處要策勳,祀事親聖躬,0.8140175579239716
聖處要策勳,忤下考功第,0.8494868999664982
聖處要策勳,聖哲體仁恕,0.8454571843626963
聖處要策勳,聖主國多盗,0.8268587804019341
聖處要策勳,聖哲爲心小一身,0.8098815361005285
聖處要策勳,禹功翊造化,0.8119592689347852
聖處要策勳,治國用輕刑,0.8121124027679076
聖處要策勳,兼存翊贊功,0.8274923153692322
聖處要策勳,太史竟論功,0.8072342958375374
聖處要策勳,名賢慎出處,0.8031470533964209
聖處要策勳,道國繼德業,0.8141726587484144
聖處要策勳,崇大王法度,0.8059334252575933
聖處要策勳,進德知歷試,0.8401860068932167
聖處要策勳,聖哲垂彖繫,0.80859411887679
聖處要策勳,未達善一身,0.8060465068046854
聖處要策勳,先王實罪己,0.811669433014206
聖處要策勳,首唱恢大義,0.8089595111152128
既别十日雨,且如今年冬,0.8003620144070045
既别十日雨,風雨亦來過,0.8001305568517543
既别十日雨,三月三日天氣新,0.8427720775305962
既别十日雨,六月風日冷,0.8081000415340593
既别十日雨,經過霖潦妨,0.805252723589246
既别十日雨,今秋乃淫雨,0.8434951000636501
既别十日雨,君來必十月,0.8621701562247678
既别十日雨,久旱雨亦好,0.8706458766528333
既别十日雨,既雨晴亦佳,0.861777994255764
既别十日雨,今已十月後,0.8903041102271418
既别十日雨,一秋常苦雨,0.8119642044625741
既别十日雨,閏八月初吉,0.8124913977510034
既别十日雨,一旬半雷雨,0.829028339092682
既别十日雨,十日不一見顔色,0.8179740215167883
既别十日雨,七月六日苦炎蒸,0.8530288645937062
既别十日雨,夏日出東北,0.828175970412982
既别十日雨,乘爾亦已久,0.8061403689228411
既别十日雨,别離已昨日,0.8651075840177629
既别十日雨,豆子雨已熟,0.8296510781012412
既别十日雨,昨憶踰隴坂,0.8073318942864423
既别十日雨,季冬日已長,0.8399901237575599
既别十日雨,百年已過半,0.8062751811168485
既别十日雨,二月已破三月來,0.8722018240985558
既别十日雨,二月六夜春水生,0.8403720136657882
既别十日雨,四月五月偏號呼,0.8101261078148769
既别十日雨,卽今倏忽已五十,0.8308485378145005
既别十日雨,歲月亦已久,0.8140226477589291
既别十日雨,别來忽三歲,0.8311263724383255
既别十日雨,冬至至後日初長,0.825842495160749
既别十日雨,愛惜已六載,0.8023628588841598
既别十日雨,南國旱無雨,0.805074122151898
既别十日雨,長安秋雨十日泥,0.8390619935795398
既别十日雨,今朝臘月春意動,0.8062949786995282
既别十日雨,南方六七月,0.8094170088414208
既别十日雨,閉目踰十旬,0.8100309777137615
既别十日雨,今雨喜容易,0.8293236438209401
既别十日雨,江上日多雨,0.8141410392386608
既别十日雨,兩旬不甲拆,0.8099557155705798
既别十日雨,往者十四五,0.8207066759085774
既别十日雨,别離已五年,0.8190391187840969
既别十日雨,六月青稻多,0.8149927760479716
既别十日雨,三伏適已過,0.8251588410136395
既别十日雨,小雨夜復密,0.8301215960741277
既别十日雨,如今九日至,0.8539802424961489
既别十日雨,今日苦短昨日休,0.832795197692986
既别十日雨,南天三旬苦霧開,0.8023066255162541
既别十日雨,昨日晚晴今日黑,0.8175119444998126
既别十日雨,元日到人日,0.8022309427847771
既别十日雨,逆行值吉日,0.8254210802818551
子輿裹飯來,軟炊香飯緣老翁,0.8229978964257788
子輿裹飯來,僧飯屢過門,0.8245323719011175
子輿裹飯來,兒扶猶杖策,0.801109104216164
子輿裹飯來,杖藜强起依僮僕,0.8199697262102426
子輿裹飯來,妻兒待米且歸去,0.811694081681258
一笑相告語,至尊顧之笑,0.8091440093693705
一笑相告語,强將笑語供主人,0.8214701373111352
一笑相告語,喜得與子長夜語,0.842304350969868
一笑相告語,棣萼一别永相望,0.8013266296341288
一笑相告語,語盡還成開口笑,0.8352765593727962
一笑相告語,兒童解蠻語,0.8096185034728307
一笑相告語,他時一笑後,0.8072079045228344
一笑相告語,一談一笑俗相看,0.879044341827175
楊子困簞瓢,將老憂貧窶,0.805720457779606
楊子困簞瓢,吾知拙養尊,0.8103751413896813
諸公不能舉,諸公厭禰衡,0.8102351638647112
諸公不能舉,誰能與公子,0.8231943337084019
諸公不能舉,見爾不能無,0.8154723135032151
諸公不能舉,鄭公縱得歸,0.8083924768309919
諸公不能舉,論文或不愧,0.8014225265313433
諸公不能舉,高賢意不暇,0.8045774593076949
諸公不能舉,賢良不必展,0.8104277399465716
諸公不能舉,孟子論文更不疑,0.8072961212497609
諸公不能舉,不見高人王右丞,0.8062751508097457
諸公不能舉,婁公不語宋公語,0.8450084966891163
諸公不能舉,竟能盡説諸侯入,0.8028658944446352
諸公不能舉,諸公不相棄,0.8565572625272719
諸公不能舉,公侯終必復,0.8107719415445697
諸公不能舉,子干東諸侯,0.8008677422064363
諸公不能舉,衞侯不易得,0.8193722591224106
諸公不能舉,龐公不浪出,0.8404407106973302
諸公不能舉,必見公侯復,0.8187249248428574
儻可從我歸,攜我遠來遊渼陂,0.8167324842185562
儻可從我歸,公子過我遊,0.8225033611960099
儻可從我歸,聊欲從此逝,0.8048772918312072
儻可從我歸,歸來權可取,0.8136025067094486
儻可從我歸,告我欲遠適,0.8150244290067195
儻可從我歸,其父從西歸,0.8181572802346078
儻可從我歸,亦得歸山岡,0.8077325407878141
儻可從我歸,安得送我置汝傍,0.801378560459677
儻可從我歸,忽失雙杖兮吾將曷從,0.8194615553578974
儻可從我歸,鄰里喜我歸,0.8008710292166118
儻可從我歸,春歸客未還,0.8043360595642799
儻可從我歸,昔我遊山東,0.8045636229340956
儻可從我歸,吾儕醉不歸,0.8024741743803843
沙頭駐鳴艫,駐馬問漁舟,0.8140981157460419
沙頭駐鳴艫,鳴櫓已沙頭,0.8451942192192619
沙頭駐鳴艫,衡山引舳艫,0.8175577414641186
山圍少天日,高山擁縣青,0.8004754227190944
山圍少天日,東城乾旱天,0.8011396049415818
狐鬼能作妖,律中鬼神驚,0.8221088575474147
狐鬼能作妖,新鬼煩冤舊鬼哭,0.8384384121762428
狐鬼能作妖,乃是蒲城鬼神入,0.8091393491087164
狐鬼能作妖,誰云遺毒螫,0.8102798820408263
狐鬼能作妖,欲出畏虎狼,0.8047381162548104
狐鬼能作妖,化作虎與豺,0.8097349521609685
狐鬼能作妖,詩成泣鬼神,0.8008646945417519
狐鬼能作妖,魑魅嘯有風,0.8115976865694019
狐鬼能作妖,狐狸奈若何,0.8053817884798004
狐鬼能作妖,前有毒蛇後猛虎,0.8023294392688478
狐鬼能作妖,路幽必爲鬼神奪,0.8279342602597056
狐鬼能作妖,鬼妾與鬼馬,0.839869407919449
狐鬼能作妖,甚疑鬼物憑,0.8117422026206642
狐鬼能作妖,死爲殊方鬼,0.8086833309937889
狐鬼能作妖,爆嵌魑魅泣,0.8216246346373193
狐鬼能作妖,彼免狐貉厄,0.8309254419699726
狐鬼能作妖,號怒怪熊羆,0.8000961778797371
狐鬼能作妖,魑魅魍魎徒爲耳,0.8122221250439814
狐鬼能作妖,蛟鼉好爲祟,0.8094036466647552
獵人用鳴梟,鳴弓射獸能,0.8572850460612512
獵人用鳴梟,看射猛虎終殘年,0.8105527925426721
獵人用鳴梟,羣胡勢就烹,0.8024344327731684
獵人用鳴梟,鴟鳥鳴黄桑,0.8042605048370275
獵人用鳴梟,奇兵不在衆,0.8023093307293099
獵人用鳴梟,羣凶猶索戰,0.8048131090850021
獵人用鳴梟,自及梟獍徒,0.8220989962796819
獵人用鳴梟,羣盗亂豺虎,0.8030427740165897
獵人用鳴梟,猛士思滅胡,0.8021677311615729
獵人用鳴梟,山雉防求敵,0.8051273655581653
獵人用鳴梟,莫徭射雁鳴桑弓,0.8177673319367533
獵人用鳴梟,盡使鴟梟相怒號,0.8183283738775595
小智窘流俗,學業醇儒富,0.8070766860004074
小智窘流俗,世儒多汩没,0.8000539899679611
小智窘流俗,其俗善馳突,0.8136000108014227
小智窘流俗,小來習性懶,0.8057423149169163
小智窘流俗,小儒輕董卓,0.8047206307944725
小智窘流俗,喧卑方避俗,0.814808297201508
小智窘流俗,鄙人寡道氣,0.8016031519916761
小智窘流俗,羣小謗能深,0.8112051262475399
小智窘流俗,小臣魯鈍無所能,0.8093009128859213
小智窘流俗,小敵信所怯,0.8003875164359576
小智窘流俗,學蔚醇儒姿,0.8005671515567522
小智窘流俗,脱落小時輩,0.8133554830852838
小智窘流俗,經過倦俗態,0.8040555284455302
小智窘流俗,困學違從衆,0.8071592598307826
小智窘流俗,理生那免俗,0.8085231497353538
小智窘流俗,誅求異俗貧,0.8155872344425794
小智窘流俗,其俗則淳樸,0.8134567594438684
小智窘流俗,瑣細隘俗務,0.8199483714550867
小智窘流俗,散才嬰薄俗,0.8318920671657395
蹇淺不能超,獨步才超古,0.8120814117180561
蹇淺不能超,躋險不自安,0.8111145040320931
蹇淺不能超,物微意不淺,0.814970364457748
蹇淺不能超,微徑不敢取,0.801269353216265
安得萬里沙,萬里誰能馴,0.8099182328670669
安得萬里沙,問君適萬里,0.8031574302159867
安得萬里沙,安得萬里風,0.9261315197315485
安得萬里沙,萬里流沙道,0.8188930997549269
安得萬里沙,安得萬丈梯,0.826738205204887
安得萬里沙,安得廣厦千萬間,0.8042834687350164
安得萬里沙,安得壯士擲天外,0.806534309734777
安得萬里沙,萬里須十金,0.8217643455281476
安得萬里沙,萬里不以力,0.8117913578836407
安得萬里沙,中有萬里船,0.8022462891246607
安得萬里沙,中有萬里之長江,0.8106216075526256
晴天看射鵰,翻身向天仰射雲,0.891089378083824
晴天看射鵰,坐看綵翮長,0.8043690469949225
晴天看射鵰,仰視皇天白日速,0.8028212061783745
晴天看射鵰,落盡高天日,0.8070015391964669
晴天看射鵰,仰看西飛翼,0.8091953122738534
晴天看射鵰,高天憶射鵰,0.8925365335459663
晴天看射鵰,日氣射江深,0.8117888515898939
晴天看射鵰,初看浴日紅,0.8113966966149921
晴天看射鵰,仰看明星當空大,0.8122885696492738
元之如砥柱,猶卧天一柱,0.8274107236142765
元之如砥柱,一柱全應近,0.8005529631681894
元之如砥柱,扶顛待柱石,0.8041827382134356
大年若霜鶚,霜雪滿飛蓬,0.835478059449848
大年若霜鶚,鵰鶚在秋天,0.8130015909960063
大年若霜鶚,陰崖却承霜雪幹,0.8027870229904188
大年若霜鶚,斯須領健鶻,0.8307842098404062
大年若霜鶚,大哉霜雪幹,0.8579824659003445
大年若霜鶚,霜鶻不空拳,0.8208461010373962
大年若霜鶚,未效風霜勁,0.8146828729885176
大年若霜鶚,丹桂風霜急,0.801674148830769
大年若霜鶚,歲暮有嚴霜,0.8338671683781115
大年若霜鶚,用心霜雪間,0.8015924681507436
大年若霜鶚,高唐暮冬雪壯哉,0.8022302051721287
王楊立本朝,朝廷多正臣,0.8230926461781887
王楊立本朝,太宗社稷一朝正,0.8084182722418368
王楊立本朝,本朝再樹立,0.8417914720478911
王楊立本朝,隋朝大業末,0.8198268493929661
與世作郛郭,屈跡縣邑小,0.8048748579335032
觀公有膽氣,蔡侯静者意有餘,0.8076212524135606
觀公有膽氣,魏侯骨聳精爽緊,0.8080342160053167
觀公有膽氣,至今猶破膽,0.8090410368357973
觀公有膽氣,精鋭舊無敵,0.8075044940124418
觀公有膽氣,看君多道氣,0.8271137305984222
觀公有膽氣,將軍膽氣雄,0.8129159228910622
觀公有膽氣,由來意氣合,0.8025863413593223
觀公有膽氣,逸氣感清識,0.8008268520733184
觀公有膽氣,感君意氣無所惜,0.8024119971169963
觀公有膽氣,平生感意氣,0.8013920299212927
觀公有膽氣,後生血氣豪,0.8212410907486684
觀公有膽氣,意氣今誰見,0.8148113611077039
自可繼前作,古先莫能儔,0.8172412230574778
自可繼前作,迥繼先父祖,0.8414600732343438
自可繼前作,遞相祖述復先誰,0.8331872123254336
自可繼前作,淫祀自古昔,0.8043225174009077
自可繼前作,有禮太古前,0.8012262512831327
自可繼前作,付與後世傳,0.8043267825538051
自可繼前作,誰並百代則,0.8141356206874577
自可繼前作,前輩復誰繼,0.8668055757921382
自可繼前作,往者武后朝,0.8263426207868336
自可繼前作,慷慨嗣真作,0.8169478272653904
自可繼前作,古者三皇前,0.8052803109094357
丈夫存遠大,丈夫誓許國,0.85393199066728
丈夫存遠大,丈夫四方志,0.8668568806308701
丈夫存遠大,丈夫貴壯健,0.8231522985220838
丈夫存遠大,丈夫垂名動萬年,0.8413791774512971
丈夫存遠大,安危大臣在,0.8075884267349579
丈夫存遠大,丈夫貴知己,0.8316514474935395
丈夫存遠大,地崇士大夫,0.8110749784450184
丈夫存遠大,老夫今始知,0.8084616237537453
丈夫存遠大,丈夫死百役,0.8035685283044687
丈夫存遠大,丈夫重天機,0.8060533676104087
丈夫存遠大,願展丈夫雄,0.8486580005766386
胸次要落落,磊落見異人,0.8218657578558308
胸次要落落,寥落無其人,0.8076191953362608
胸次要落落,落落盤踞雖得地,0.823271433072562
胸次要落落,灑落富清製,0.8077024543977018
胸次要落落,擺落多藏穢,0.8140922104592743
胸次要落落,在今氣磊落,0.8473383795376445
胸次要落落,磊落貞觀事,0.8285466711697231
虚心觀萬物,一氣轉洪鈞,0.8037508690304294
虚心觀萬物,虚空不離禪,0.81033130609069
虚心觀萬物,炯然無外求,0.830962593453388
虚心觀萬物,静求元精理,0.8300408545836938
虚心觀萬物,於身色有用,0.8236689930743286
虚心觀萬物,虚空不住天,0.8023422210021933
虚心觀萬物,物役水虚照,0.8132209989503747
虚心觀萬物,此生隨萬物,0.8390216921493518
虚心觀萬物,秉心識本源,0.8094022312631786
虚心觀萬物,萬物附本性,0.8062190170996917
虚心觀萬物,虚心味道玄,0.8306442108891916
虚心觀萬物,放神八極外,0.8015098654346327
險易極變態,時俗造次那得致,0.8531603125477263
險易極變態,物性固難奪,0.8098063948404484
險易極變態,勢閲人代速,0.8062869761528313
險易極變態,途窮見交態,0.819214200868122
險易極變態,風俗方再造,0.8023002482048236
險易極變態,失意見遷斥,0.8004890333698218
險易極變態,慘慘石狀變,0.828823720009749
險易極變態,乃知變化不可窮,0.8117387463119693
險易極變態,白谷變氣候,0.8097016919175265
險易極變態,鬒變負人境,0.8396667753919369
險易極變態,經過倦俗態,0.8097801007857846
險易極變態,氣合無險僻,0.8273003847433389
險易極變態,物色生態能幾時,0.8419229743168848
險易極變態,變通迫脅地,0.8005067224666629
皮毛剥落盡,皮乾剥落雜泥滓,0.8675867501908057
皮毛剥落盡,手脚凍皴皮肉死,0.8347133782504392
皮毛剥落盡,穿皮啄朽觜欲秃,0.8743892617199691
皮毛剥落盡,兩株慘裂苔蘚皮,0.8044707049073074
皮毛剥落盡,其皮割剥甚,0.8736961106592385
皮毛剥落盡,刻剥及錐刀,0.8001390522051408
惟有真實在,至性有此不,0.8209735634520494
惟有真實在,於身色有用,0.8050700315259475
惟有真實在,真如會法堂,0.8097920286863298
惟有真實在,惟有會心侣,0.8176227751063994
侍中乃珥貂,中間謁紫宸,0.810304211826466
侍中乃珥貂,侍臣諳入仗,0.8091359789575923
侍中乃珥貂,竇侍御,0.8032265851172933
侍中乃珥貂,我昔近侍叨奉引,0.8160369929577024
侍中乃珥貂,總戎皆插侍中貂,0.8640243125091015
侍中乃珥貂,廷諍守御牀,0.8189561337717901
侍中乃珥貂,奉詔許牽裾,0.8113496964761773
侍中乃珥貂,蕭曹拱御筵,0.8006357244141433
侍中乃珥貂,衣冠拜紫宸,0.8155444918881897
侍中乃珥貂,猶想映貂金,0.8013324220874642
侍中乃珥貂,分日侍諸王,0.806337579494298
侍中乃珥貂,來簪御府筆,0.8030027358369096
侍中乃珥貂,叨陪錦帳坐,0.8049151524311294
御史則冠豸,直筆在史臣,0.8023283363711791
御史則冠豸,文包舊史善,0.8132929437346208
御史則冠豸,廷諍守御牀,0.8130622767567596
御史則冠豸,諸儒引服虔,0.803320188105807
御史則冠豸,刺史諸侯貴,0.8015095050351443
御史則冠豸,奕葉班姑史,0.8112042525983938
御史則冠豸,聖賢冠史籍,0.826377195462878
御史則冠豸,臺迎獬豸威,0.8164366275756719
照影或可羞,猶疑照顔色,0.8172042494418772
短蓑釣寒瀨,江湖漂短褐,0.8164310346007368
短蓑釣寒瀨,兒扶立釣磯,0.8152519377537097
松柏生澗壑,陰壑生虚籟,0.8260939081849725
松柏生澗壑,千章夏木清,0.8114010138508628
松柏生澗壑,能添老樹巔崖裏,0.8015891415513821
松柏生澗壑,漱壑松柏秃,0.9310730817157415
松柏生澗壑,摧頽蒼松根,0.8097606126605585
松柏生澗壑,溪迴松風長,0.8249756279397769
松柏生澗壑,松柏瞻虚殿,0.8006290367258787
松柏生澗壑,南望青松架短壑,0.8030487116495926
松柏生澗壑,霜埋翠竹根,0.8159750702264417
松柏生澗壑,有柏生崇岡,0.800295358533797
松柏生澗壑,萬壑樹聲滿,0.8044385396370035
松柏生澗壑,直訝松杉冷,0.8237865486404883
松柏生澗壑,中有松柏參天長,0.8111607869819859
松柏生澗壑,古廟杉松巢水鶴,0.8443576313967838
松柏生澗壑,松柏邙山路,0.8030782714998512
松柏生澗壑,秋蔬影澗瀍,0.8116004028648844
松柏生澗壑,青松寒不落,0.8111093057597103
松柏生澗壑,衆壑生寒早,0.8032583277312111
松柏生澗壑,初聞伐松柏,0.8009393996642186
松柏生澗壑,千崖無人萬壑静,0.8101968023952248
松柏生澗壑,木雜古今樹,0.8080017444333576
松柏生澗壑,林木在庭户,0.8053934847719897
松柏生澗壑,松筠起碧潯,0.8346462319395099
坐閲草木秋,萱草秋已死,0.8109455248330063
坐閲草木秋,雨中百草秋爛死,0.8039816615736355
坐閲草木秋,歲暮百草零,0.8438356627100031
坐閲草木秋,城春草木深,0.8110295207001752
坐閲草木秋,今夏草木長,0.8499024251869018
坐閲草木秋,零落依草木,0.8112796343594215
坐閲草木秋,草木歲月晚,0.852420777639205
坐閲草木秋,草木未黄落,0.816579179205686
坐閲草木秋,鹵中草木白,0.8530001006202563
坐閲草木秋,季冬樹木蒼,0.810290660941906
坐閲草木秋,草木變衰行劍外,0.8124666643307963
坐閲草木秋,霜露在草根,0.807635880471195
坐閲草木秋,空山草木長,0.8496984311391335
坐閲草木秋,清秋草木黄,0.8551941558185178
坐閲草木秋,讀書秋樹根,0.800408713390117
坐閲草木秋,寒風疏草木,0.8108174769031011
坐閲草木秋,秋色凋春草,0.8106137771964638
金石在波中,石櫃曾波上,0.8284889367344842
金石在波中,落月如金盆,0.8499450426484314
金石在波中,巨石水中央,0.8581925073267034
金石在波中,委波金不定,0.811334761057463
金石在波中,曾波白石中,0.8657109568767354
仰看萬物流,仰觀天色改,0.8199412136825146
仰看萬物流,仰視百鳥飛,0.8121883461183429
伊優自伊優,伊吕終難降,0.8141148750598933
但觀百歲後,萬歲千秋奉明主,0.8030319590150096
但觀百歲後,千秋萬歲名,0.8384212231630848
但觀百歲後,此堂豈千年,0.8147660773103125
但觀百歲後,不知百載後,0.8208355620969042
但觀百歲後,百年能幾何,0.8231926330572403
但觀百歲後,百年見存殁,0.8122485019173191
傳者非公侯,蔡侯静者意有餘,0.8526397993199046
傳者非公侯,誰能與公子,0.8117051293301827
傳者非公侯,卿家舊賜公取之,0.8195983324488134
傳者非公侯,免值公與侯,0.8228440205990416
傳者非公侯,蘇侯得數過,0.8119477582664817
傳者非公侯,昔者龐德公,0.8017776121054702
傳者非公侯,人憐漢公主,0.8063447601912472
傳者非公侯,諸侯非棄擲,0.8247704800894404
傳者非公侯,韋侯韋侯數相見,0.8151834915634484
傳者非公侯,姚公美政誰與儔,0.8080753973475822
傳者非公侯,諸侯春不貢,0.8097871605889806
傳者非公侯,焉知李廣未封侯,0.8095798965517336
傳者非公侯,顧我非公卿,0.8260473048666878
傳者非公侯,上公有記者,0.8337290129824986
傳者非公侯,公侯出異人,0.8647265551305048
傳者非公侯,公侯爲等倫,0.8267885321101551
傳者非公侯,刺史諸侯貴,0.814913496964278
傳者非公侯,公侯終必復,0.8245484004501777
傳者非公侯,子干東諸侯,0.8429918369180107
傳者非公侯,衞侯不易得,0.8054554168725341
傳者非公侯,蘇氏今有之,0.8122933133146575
傳者非公侯,尚爲諸侯客,0.8324137768361332
傳者非公侯,早作諸侯客,0.8000621472807559
傳者非公侯,必見公侯復,0.8329539974311098
老作同安守,尚置官居守,0.8007742949454544
老作同安守,居守付宗臣,0.8156304597971122
蹇足信所便,愚意會所適,0.8015375730861319
蹇足信所便,卧痾遣所便,0.808761090910366
蹇足信所便,驕蹇不復理,0.8078387379890736
蹇足信所便,小敵信所怯,0.8220429869827061
蹇足信所便,衆力亦不細,0.8047742375436324
蹇足信所便,得志行所爲,0.8075815840730446
胸中無水鏡,秋水清無底,0.80132847531451
胸中無水鏡,豈是池中物,0.8054634198452306
胸中無水鏡,本是池中物,0.8023383358223928
胸中無水鏡,塵匣元開鏡,0.8389647790191231
胸中無水鏡,鑒徹勞懸鏡,0.8023831875734926
敢當吏部銓,防川領簿曹,0.8270622939515533
敢當吏部銓,邊人不敢議,0.8016936034365889
敢當吏部銓,軍吏迴官燭,0.8107756335718654
敢當吏部銓,曾爲掾吏趨三輔,0.8141700930322074
敢當吏部銓,難拒供給費,0.804536375435779
敢當吏部銓,掾吏亦累踐,0.8252163215952442
敢當吏部銓,北部初高選,0.834325174540389
敢當吏部銓,分閫救世用賢豪,0.8004036761192574
敢當吏部銓,郎官未爲冗,0.8020692958363609
敢當吏部銓,郎官幸備員,0.8049859990143611
敢當吏部銓,司直非冗官,0.8235040315496229
敢當吏部銓,府庫實過防,0.820788373196664
恨此虚名在,何用浮名絆此身,0.8155042063446114
恨此虚名在,聲名從此大,0.8381391917248115
恨此虚名在,何得尚浮名,0.8081895548395265
恨此虚名在,嗟爾石笋擅虚名,0.8461192348546779
恨此虚名在,却嗟真骨遂虚傳,0.8140523255532504
恨此虚名在,惜哉功名忤,0.8080496629539693
恨此虚名在,獨步詩名在,0.8055521063207325
恨此虚名在,壯惜身名晚,0.8241464323399077
恨此虚名在,争名古豈然,0.806238411537832
恨此虚名在,功名不早立,0.8003045866078291
恨此虚名在,略有其名存,0.8317324286091938
恨此虚名在,浮名安在哉,0.81542405677029
恨此虚名在,才微歲晚尚虚名,0.8104750515342783
恨此虚名在,功成空名垂,0.8065408296493803
未脱世糾纏,何當擺俗累,0.8303323029598082
未脱世糾纏,惡名幸脱免,0.8000944066364433
未脱世糾纏,既未免羈絆,0.8021900245199525
未脱世糾纏,還爲世塵嬰,0.8097998959566322
未脱世糾纏,其迹或脱略,0.8029304324555107
未脱世糾纏,蔓草易拘纏,0.8114672962908892
未脱世糾纏,庶脱蹉跌厄,0.812036746727604
未脱世糾纏,久客幸脱免,0.823493617968627
夢作白鷗去,昔如水上鷗,0.8059270159210081
夢作白鷗去,鷗鳥鏡裏來,0.8036079198401287
夢作白鷗去,飛來雙白鶴,0.8377472937279316
夢作白鷗去,飛來雙白鶴,0.8377472937279316
夢作白鷗去,化爲白鳧似老翁,0.8377756896777578
江南水如天,春光潭沱秦東亭,0.8000509040681583
江南水如天,江湖秋水多,0.8203228915281677
江南水如天,大江東流去,0.8002902995084282
江南水如天,天生江水向東流,0.8709920783323261
江南水如天,綿州江水之東津,0.8709134832219533
江南水如天,青天江海流,0.8439369764679676
江南水如天,江水東流去,0.8128529046585534
江南水如天,江水流城郭,0.8117535282062359
江南水如天,東流江水西飛燕,0.8338180677382587
江南水如天,東津江欲平,0.8187517723635194
江南水如天,江水長流地,0.8363911518421601
江南水如天,春風江漢清,0.8077663286009484
江南水如天,漰口江如練,0.8159777809028745
江南水如天,愁邊有江水,0.8169741196206065
江南水如天,江北江南春冬花,0.8262392476334444
江南水如天,蜀江如線針如水,0.827402864340886
江南水如天,寒江東北流,0.8286345380421517
江南水如天,終南渭水寒悠悠,0.8311715703746989
江南水如天,天地西江遠,0.8299330620230985
江南水如天,西江接錦城,0.800790954732066
江南水如天,春水滿南國,0.8289766802078661
從來不似一物,破的由來事,0.8080679679136857
從來不似一物,一物官盡取,0.8030060546586645
從來不似一物,此生隨萬物,0.8098206480503845
從來不似一物,一物休盡取,0.8335669003982931
從來不似一物,本是池中物,0.8102083421075209
從來不似一物,人生萬事無不有,0.8350434148633812
從來不似一物,元惡迷是似,0.8095950372012216
妄欲貫穿九流,貫穿百萬衆,0.8419000979070471
骨鯁非黄閤相,骨鯁絶代無,0.8282537938647856
骨鯁非黄閤相,骨大却生筋,0.80634974145413
眼青見白蘋洲,相見眼終青,0.8367203192282909
眼青見白蘋洲,沙頭忽見眼相猜,0.8130389670609948
老境五十六翁,只今年纔十六七,0.842719192238647
老境五十六翁,父老四五人,0.845507307551464
老境五十六翁,十年過父老,0.8034896456555095
老境五十六翁,不見旻公三十年,0.8000866884856757
老境五十六翁,憶年十五心尚孩,0.8022754791672025
老境五十六翁,薛公十一鶴,0.8024232106518969
老境五十六翁,四十五十無夫家,0.8444846858828168
老境五十六翁,獨步四十年,0.8003938275799309
老境五十六翁,往者十四五,0.8277829106031942
老境五十六翁,潮也奄有二子成三人,0.803754526951483
老境五十六翁,比看伯叔四十人,0.8244734919647176
老境五十六翁,弟子四五人,0.8169247948884883
老境五十六翁,五十年間似反掌,0.8066291855113663
老境五十六翁,五十白頭翁,0.8621249451219528
但可歸教兒童,兒童莫信打慈鴉,0.8153791296102446
但可歸教兒童,祈請走兒童,0.8206680275338691
但可歸教兒童,何幸飫兒童,0.8106000499731378
但可歸教兒童,童兒且時摘,0.8105828523560006
萬里草荒先壟,鴒原荒宿草,0.8457558711764088
萬里草荒先壟,南山豆苗早荒穢,0.8116859647454295
萬里草荒先壟,秋草徧山長,0.8235730689603388
萬里草荒先壟,野日荒荒白,0.8200117139911844
萬里草荒先壟,荒榛農復秋,0.8123998857671699
萬里草荒先壟,年深荒草徑,0.8105491710090861
萬里草荒先壟,荒蕪已荷鋤,0.8224470319546023
萬里草荒先壟,故畦遺穗已蕩盡,0.8124232289857434
六年蟲蠹群經,蟲篆丹青廣,0.8053992794481084
六年蟲蠹群經,蟲蛇穿畫壁,0.808989413385026
心似驚波不停,水流心不競,0.8142543826421024
心似驚波不停,不見堂前東逝波,0.81851755176015
心似驚波不停,轉驚波作惡,0.8200195127184466
心似驚波不停,歸心異波浪,0.822179157390055
心似驚波不停,去水絶還波,0.8466213769053434
心似驚波不停,委波金不定,0.8075426192160304
心似驚波不停,隨波無限月,0.804269998782084
