황정견,두보,코사인 유사도
滿胸飯寒菜,香芹碧澗羹,0.8098150939791435
滿胸飯寒菜,秋蔬擁霜露,0.8172172384232703
滿胸飯寒菜,蔗漿歸廚金碗凍,0.8119803414601368
滿胸飯寒菜,肉食哂菜色,0.8194613347572346
滿胸飯寒菜,清晨飯其腹,0.8032657202615585
滿胸飯寒菜,香飯兼苞蘆,0.818056141864278
滿胸飯寒菜,冬菁飯之半,0.807473184108997
滿胸飯寒菜,羹煑秋蓴滑,0.8156005202533387
滿胸飯寒菜,飯糲添香味,0.8151575192154215
滿胸飯寒菜,盤飧詎糝藜,0.8107180197146435
滿胸飯寒菜,常餐占野蔬,0.8012612626678466
滿胸飯寒菜,强飯蓴添滑,0.8046240617264322
春盤食指動,春日春盤細生菜,0.8177684689898778
笋茁入市賣,脆添生菜美,0.8119705395669032
笋茁入市賣,遣人向市賒香粳,0.8077935362145734
笋茁入市賣,得種菜與麻,0.8190302018052515
笋茁入市賣,肉食哂菜色,0.8014389268995876
笋茁入市賣,小奴縛雞向市賣,0.8270107751431002
笋茁入市賣,畦丁負籠至,0.8134977457318768
笋茁入市賣,新麵來近市,0.8188499100673193
回首萬錢厨,左相日興費萬錢,0.8005581883358663
回首萬錢厨,萬牛迴首丘山重,0.8060261084759939
回首萬錢厨,長安米萬錢,0.8378585103888885
回首萬錢厨,俸錢時散士子盡,0.8076718647331902
不羡廊廟宰,夔龍廊廟珍,0.8089301855836573
民生暫神奇,全生或用奇,0.8302160875068952
胞雋伐性壞,縱暴略與羌渾同,0.8238609433334454
胞雋伐性壞,伐叛必全懲,0.8167086272228876
胞雋伐性壞,寬猛性所將,0.8151417838913231
胞雋伐性壞,咸願同伐叛,0.8241713234604826
籜龍不稱冤,恐泥竄蛟龍,0.8213443008942205
籜龍不稱冤,龍怒拔老湫,0.8130145002228042
籜龍不稱冤,蛟龍得雲雨,0.8095036640747438
籜龍不稱冤,誰云遺毒螫,0.8078202901876068
籜龍不稱冤,無使蛟龍得,0.800380577039022
籜龍不稱冤,蛟龍不自謀,0.8252433162825792
籜龍不稱冤,蛟龍亦狼狽,0.816692259038357
籜龍不稱冤,潛龍無聲老蛟怒,0.8186368578088009
籜龍不稱冤,蛟龍鬭不開,0.8166405280132142
籜龍不稱冤,莫恨少龍媒,0.8027001148518225
籜龍不稱冤,龍蛇不成蟄,0.803222449601579
籜龍不稱冤,蛟鼉好爲祟,0.8233195266721598
籜龍不稱冤,蛟龍欲蟄寒沙水,0.8098281778109154
易致等拾芥,自然棄擲與時異,0.8063617729910362
易致等拾芥,妙取筌蹄棄,0.8025958817847443
蕭蕭煙雨姿,大樹日蕭蕭,0.8300577562073943
蕭蕭煙雨姿,馬蕭蕭,0.8511342663645562
蕭蕭煙雨姿,曲江蕭條秋氣高,0.8099104932107954
蕭蕭煙雨姿,歸路翻蕭颯,0.8155069676581672
蕭蕭煙雨姿,涼風蕭蕭吹汝急,0.8121214847410578
蕭蕭煙雨姿,馬鳴風蕭蕭,0.8283013999777
蕭蕭煙雨姿,秋色正蕭灑,0.8356382192723815
蕭蕭煙雨姿,蕭蕭北風勁,0.8238274233867366
蕭蕭煙雨姿,人烟眇蕭瑟,0.8349826468760106
蕭蕭煙雨姿,原野轉蕭瑟,0.8191898998268068
蕭蕭煙雨姿,長林何蕭蕭,0.851726592666803
蕭蕭煙雨姿,蕭蕭古塞冷,0.8114663704468934
蕭蕭煙雨姿,車馬何蕭索,0.8063380667647122
蕭蕭煙雨姿,隴草蕭蕭白,0.8125765714612763
蕭蕭煙雨姿,蕭摵寒籜聚,0.8258475817706492
蕭蕭煙雨姿,江永風蕭蕭,0.8468832120328504
蕭蕭煙雨姿,風色蕭蕭暮,0.8975019030517812
蕭蕭煙雨姿,涼氣曉蕭蕭,0.8608603269823892
蕭蕭煙雨姿,蕭蕭半死葉,0.8257441769832783
蕭蕭煙雨姿,江風蕭蕭雲拂地,0.8309451590186063
蕭蕭煙雨姿,蕭蕭梁棟秋,0.8155198111829187
蕭蕭煙雨姿,蕭蕭夜色淒,0.8607644710317792
蕭蕭煙雨姿,蕭蕭紫塞雁,0.8052099901768563
蕭蕭煙雨姿,蕭蕭沙中雨,0.8842846588473998
蕭蕭煙雨姿,蕭蕭荆楚秋,0.8558357410168684
蕭蕭煙雨姿,蕭蕭白楊路,0.8483629765320079
蕭蕭煙雨姿,蕭條益堪愧,0.8181165813129253
蕭蕭煙雨姿,蕭蕭白映梳,0.8247833880948572
蕭蕭煙雨姿,清影日蕭蕭,0.8324418363416123
蕭蕭煙雨姿,蕭蕭掛冷枝,0.837833556261271
蕭蕭煙雨姿,歸興日蕭蕭,0.8100173942409095
蕭蕭煙雨姿,蕭然暴露依山阿,0.8171359562604656
蕭蕭煙雨姿,蕭颯灑秋色,0.8525604456411315
蕭蕭煙雨姿,秋風蕭蕭露泥泥,0.819951187289603
蕭蕭煙雨姿,無邊落木蕭蕭下,0.8047124839600936
蕭蕭煙雨姿,蕭條别浦清,0.802526878459962
蕭蕭煙雨姿,天雨蕭蕭滯茅屋,0.8459161449884144
蕭蕭煙雨姿,蕭蕭千里足,0.834900847884275
蕭蕭煙雨姿,時物正蕭森,0.8073391140469399
壯士持戈介,壯夫思敢決,0.8137527573339925
壯士持戈介,壯節初題柱,0.8131133439444247
壯士持戈介,仗鉞奮忠烈,0.8076659014213663
壯士持戈介,壯士悲陵邑,0.8088579816961279
壯士持戈介,用激壯士肝,0.8331692180367898
壯士持戈介,丈夫貴壯健,0.8089793332837504
壯士持戈介,艱難奮長戟,0.8224596492845304
壯士持戈介,干戈猶未定,0.8038890631412983
壯士持戈介,安得壯士提天綱,0.8438562016146605
壯士持戈介,干戈未定失壯士,0.8712327519632946
壯士持戈介,羌兵助鎧鋋,0.8121217244891721
壯士持戈介,辯士安邊策,0.8261361962057552
壯士持戈介,干戈尚縱横,0.8039240904019103
壯士持戈介,兵戈猶擁蜀,0.8216351130732886
壯士持戈介,有士荷戈戟,0.8777675478105739
壯士持戈介,屹然强寇敵,0.813015169640073
壯士持戈介,士卒終倒戟,0.843998764262017
壯士持戈介,壯士淚如水,0.8020749531704894
壯士持戈介,頃壯戎麾出,0.8112586964055256
壯士持戈介,角鷹倒翻壯士臂,0.8033066381591905
壯士持戈介,將軍勇鋭與之敵,0.81902635867305
壯士持戈介,擁兵相學干戈鋭,0.8448799108963405
壯士持戈介,老于干戈際,0.8321579440564568
壯士持戈介,豈惟偃甲兵,0.8100006653557739
壯士持戈介,干戈送老儒,0.8015587971624987
壯士持戈介,祇收壯健勝鐵甲,0.8134019449457941
壯士持戈介,明公論兵氣益振,0.8150617966812033
駢頭沸鼎烹,象牀玉手亂殷紅,0.8112914914838486
駢頭沸鼎烹,調和鼎鼐新,0.808542174504368
駢頭沸鼎烹,圓齊玉筯頭,0.8268419275870773
駢頭沸鼎烹,執熱乃沸鼎,0.8065739701463135
駢頭沸鼎烹,肉味不足登鼎俎,0.8116365763266209
駢頭沸鼎烹,蒸魚聞匕首,0.8450432966384676
可口垂涎嘬,道逢麯車口流涎,0.8216850493002408
可口垂涎嘬,脣焦口燥呼不得,0.8555877536158414
可口垂涎嘬,其聲哀痛口流血,0.8178455327267748
可口垂涎嘬,泥沙卷涎沫,0.8042838700977721
可口垂涎嘬,汗溝血不赤,0.8052315920373518
霜叢負後凋,竹枝霜不蕃,0.8105573179535632
霜叢負後凋,霜埋翠竹根,0.8041156268002918
霜叢負後凋,紅取風霜實,0.8009187376936981
霜叢負後凋,未效風霜勁,0.8022996760273998
霜叢負後凋,寒松竟後凋,0.8845682318679796
玉食香餘噫,焚香玉女跪,0.8095625772342507
玉食香餘噫,雲暖麝香山,0.8032420388602741
續詩無全功,制可題未乾,0.8077661224812711
葑菲儻可采,芳菲緣岸圃,0.804709855546937
葑菲儻可采,無人碧草芳,0.8019079355515331
葑菲儻可采,菲菲紅素輕,0.8191424670335103
葑菲儻可采,况足采白蘋,0.8097526253012857
葑菲儻可采,秋花靄菲菲,0.8540136242610862
葑菲儻可采,採擷接青春,0.8297581973153343
韭苗香煮餅,香芹碧澗羹,0.8519592630149089
韭苗香煮餅,脆添生菜美,0.8550347334980294
韭苗香煮餅,瓜嚼水精寒,0.8009003832296807
韭苗香煮餅,飯煑青泥坊底芹,0.8388032406752085
韭苗香煮餅,軟炊香飯緣老翁,0.8111507003798358
韭苗香煮餅,蔗漿歸廚金碗凍,0.8432548914840665
韭苗香煮餅,山瓶乳酒下青雲,0.8035863942358307
韭苗香煮餅,催蓴煮白魚,0.8546398119505898
韭苗香煮餅,絲繁煮細蓴,0.8305975158155717
韭苗香煮餅,自爲摘嘉蔬,0.8036446856488186
韭苗香煮餅,蟻浮仍臘味,0.8159324776984969
韭苗香煮餅,石暄蕨芽紫,0.8165378101289628
韭苗香煮餅,春日春盤細生菜,0.8331007261525216
韭苗香煮餅,香飯兼苞蘆,0.8308952554552285
韭苗香煮餅,野蔬暗泉石,0.8001774979262256
韭苗香煮餅,羹煑秋蓴滑,0.8897624813372507
韭苗香煮餅,飯糲添香味,0.8642897811407377
韭苗香煮餅,秋葵煑復新,0.8484270146854259
韭苗香煮餅,嘗稻雪翻匙,0.828920044681595
韭苗香煮餅,遠傳冬筍味,0.8076689987356543
韭苗香煮餅,常餐占野蔬,0.8029892148092672
韭苗香煮餅,溜匙兼煖腹,0.8030462198546537
韭苗香煮餅,强飯蓴添滑,0.8531043635139932
野老不知春,不知臨老日,0.8246482222405829
野老不知春,野老復何知,0.8193188962959224
野老不知春,老去願春遲,0.8023456229649562
野老不知春,身老不禁愁,0.8130433917580366
倚樓梅照人,欲發照江梅,0.8040774788262759
倚樓梅照人,行藏獨倚樓,0.8131916520528568
倚樓梅照人,高樓思殺人,0.8171435950820769
吉州司户官雖小,赤縣官曹擁才傑,0.8074605690117946
吉州司户官雖小,縣官急索租,0.807535574448369
吉州司户官雖小,孟冬十郡良家子,0.806793791511355
吉州司户官雖小,延州秦北户,0.8010930464478653
吉州司户官雖小,縣小更無丁,0.8137038733847975
吉州司户官雖小,雖從本州役,0.8026229728442553
吉州司户官雖小,似爾官仍貴,0.8101204928028669
吉州司户官雖小,苦憶荆州醉司馬,0.8083857008712582
吉州司户官雖小,葉縣郎官宰,0.8119921755747014
吉州司户官雖小,官有王司直,0.8572659287776955
吉州司户官雖小,官軍未通蜀,0.8238572380627254
吉州司户官雖小,黄閣長司諫,0.8012352559070699
吉州司户官雖小,得罪台州去,0.8037424734168862
吉州司户官雖小,爲郡得固辭,0.8152508136108828
吉州司户官雖小,老蒙台州掾,0.8227870536807909
吉州司户官雖小,郎官未爲冗,0.8150412218722447
吉州司户官雖小,郎官幸備員,0.8275895613006663
吉州司户官雖小,列郡宜競借,0.8054502255303663
吉州司户官雖小,司直非冗官,0.856662833901335
吉州司户官雖小,甲卒身雖貴,0.8117544240363577
吉州司户官雖小,去年米貴闕軍食,0.8250903257085545
吉州司户官雖小,鬻市輸官曹,0.8501773165983741
吉州司户官雖小,上官督有司,0.82691303275729
吉州司户官雖小,郡邑地卑饒霧雨,0.8053907418525815
曾屈詩人杜審言,學詩猶孺子,0.8006387960460818
曾屈詩人杜審言,伶官詩必誦,0.8147163383588865
曾屈詩人杜審言,汝更少年能缀文,0.8071845144059733
曾屈詩人杜審言,才大今詩伯,0.8005119628706514
曾屈詩人杜審言,每語見許文章伯,0.8107573900071288
曾屈詩人杜審言,今人嗤點流傳賦,0.8171553223185578
曾屈詩人杜審言,平公今詩伯,0.8128253280800231
曾屈詩人杜審言,許與必詞伯,0.8038909903838344
曾屈詩人杜審言,孟子論文更不疑,0.8038177268137097
曾屈詩人杜審言,婁公不語宋公語,0.8104125955330128
曾屈詩人杜審言,皆登屈宋才,0.802619086099406
今日宣城讀書客,尺書前日至,0.8299596357628555
今日宣城讀書客,今日西京掾,0.8239233792954646
今日宣城讀書客,今日潘懷縣,0.8193573335133749
今日宣城讀書客,江城今夜客,0.8164699877710633
今日宣城讀書客,九度附書向洛陽,0.8025000956497297
今日宣城讀書客,今日江南老,0.8008967226026863
今日宣城讀書客,人日題詩寄草堂,0.8001790354934837
還趨手板傍轅門,繫頸授轅門,0.819291565933938
還趨手板傍轅門,欲向何門趿珠履,0.8005339435275505
江山依舊歲時改,時來故舊少,0.8030250136718267
江山依舊歲時改,依舊竹林青,0.8004058817602169
江山依舊歲時改,祇令故舊傷,0.803703845124393
江山依舊歲時改,江山非故園,0.8030350299383155
江山依舊歲時改,物色歲時晏,0.8177703923871518
江山依舊歲時改,故舊獨依然,0.8127337904668437
江山依舊歲時改,年年非故物,0.807078173610718
桃李欲開煙雨昏,野館穠花發,0.8028151140384003
桃李欲開煙雨昏,雲霧密難開,0.8247964470073934
桃李欲開煙雨昏,桃花一簇開無主,0.820803422578167
桃李欲開煙雨昏,别筵花欲暮,0.8181995315046933
桃李欲開煙雨昏,連山雨未開,0.8038496264682833
桃李欲開煙雨昏,桃花氣暖眼自醉,0.8181278659409243
桃李欲開煙雨昏,梅杏半傳黄,0.8084433472235142
桃李欲開煙雨昏,陰陰桃李蹊,0.8244897991522201
桃李欲開煙雨昏,江縣紅梅已放春,0.8208087189338382
公退但呼紅袖飲,客醉揮金碗,0.8289778027469418
公退但呼紅袖飲,晚酣留客舞,0.8497680520325666
公退但呼紅袖飲,酒酣進庶羞,0.8217735374598577
公退但呼紅袖飲,對酒不能喫,0.8069866392317353
公退但呼紅袖飲,酒酣懶舞誰相拽,0.8100017274422682
公退但呼紅袖飲,爲君酤酒滿眼酤,0.8024377649700662
公退但呼紅袖飲,把臂開樽飲我酒,0.8006939199587852
公退但呼紅袖飲,白首放歌須縱酒,0.8263990719679295
公退但呼紅袖飲,勸酒欲無辭,0.8098239091973956
公退但呼紅袖飲,先𢬵一飲醉如泥,0.8329167818976928
公退但呼紅袖飲,他日一杯難强進,0.8032080230344507
公退但呼紅袖飲,呼婢取酒壺,0.817028582599401
公退但呼紅袖飲,罷酒酣歌拓金戟,0.809720845338034
公退但呼紅袖飲,喧呼且覆杯中渌,0.8182676252217159
公退但呼紅袖飲,傳杯不放杯,0.8063900577480371
公退但呼紅袖飲,定醉山翁酒,0.8052274430949975
公退但呼紅袖飲,醉酒或連朝,0.8121266674793733
剩傳歌曲教新翻,愁隨舞曲長,0.8107131323718021
剩傳歌曲教新翻,歌舞歲時新,0.8046447007895795
剩傳歌曲教新翻,法歌聲變轉,0.8175168102449839
剩傳歌曲教新翻,新詩海内流傳遍,0.8082792031116215
剩傳歌曲教新翻,再聞誦新作,0.806892425265523
剩傳歌曲教新翻,唱和將雛曲,0.8051457472247008
鳥啼花動却春寒,鶯歌暖正繁,0.8236389446729765
鳥啼花動却春寒,一片花飛減却春,0.8233735502863753
鳥啼花動却春寒,寒盡春生洛陽殿,0.8138973442452887
鳥啼花動却春寒,春日鳥還飛,0.8036875734066082
鳥啼花動却春寒,春來花鳥莫深愁,0.8250497355507114
鳥啼花動却春寒,白屋寒多暖始開,0.803775001910531
鳥啼花動却春寒,春鳥異方啼,0.8160354919069777
鳥啼花動却春寒,宫鶯罷囀春,0.8172778272591121
鳥啼花動却春寒,天寒鳥獸伏,0.8067885037621652
鳥啼花動却春寒,山寒雨不開,0.8225711132160181
鳥啼花動却春寒,花暖蜜蜂喧,0.814147489154515
鳥啼花動却春寒,寒花開已盡,0.8124973837939313
鳥啼花動却春寒,林花落又開,0.8030512996148363
鳥啼花動却春寒,山意衝寒欲放梅,0.8043430533075472
鳥啼花動却春寒,春寒花較遲,0.8618147438005475
鳥啼花動却春寒,餘寒拆花卉,0.8074653896789294
雨壓青旗卷畫干,高風卷旆旌,0.8080276697293369
雨壓青旗卷畫干,柳拂旌旂露未乾,0.8371270028893505
雨壓青旗卷畫干,春殿晴曛赤羽旗,0.806299350616334
雨壓青旗卷畫干,風鳴排檻旗,0.8049128702324422
雨壓青旗卷畫干,欹蓋擁高簷,0.8098789521053043
雨壓青旗卷畫干,日滿樓前江霧黄,0.8115340230997545
雨壓青旗卷畫干,樓雨霑雲幔,0.8044863419015263
雨壓青旗卷畫干,飛閣卷簾圖畫裏,0.8180233693745657
雨壓青旗卷畫干,長林卷霧齊,0.8187962450819262
雨壓青旗卷畫干,朱旗散廣川,0.8000288550594679
雨壓青旗卷畫干,風帆倚翠蓋,0.8000781141065424
雨壓青旗卷畫干,牙檣捩舵青樓遠,0.8015138790882609
多事今年廢詩酒,新詩日又多,0.8233164881840163
多事今年廢詩酒,把君詩過日,0.8098402862744866
多事今年廢詩酒,多少殘生事,0.8188506893929053
多事今年廢詩酒,酒闌却憶十年事,0.8213576164032034
多事今年廢詩酒,斗酒新詩終自疏,0.8173576007454583
多事今年廢詩酒,文園多病後,0.8093902848877444
多事今年廢詩酒,不敢廢詩篇,0.8017578468988492
多事今年廢詩酒,百年多病獨登臺,0.8067604457994804
煩君傳語問平安,請公問主將,0.8185763591571578
煩君傳語問平安,因君問消息,0.8513658025550055
煩君傳語問平安,寄書問三川,0.8176363510195782
煩君傳語問平安,借問新安吏,0.8318995254975239
煩君傳語問平安,欲問平安無使來,0.8623141311393778
煩君傳語問平安,煩君萬里傳,0.8426869437836583
重簾複幕和風雨,簷雨亂淋幔,0.8133294821670318
重簾複幕和風雨,密雲復無雨,0.8084870717844388
重簾複幕和風雨,樓雨霑雲幔,0.8471723053557297
重簾複幕和風雨,帟幕旋風燕,0.819170422207367
只是樽前欠狂客,預恐樽中盡,0.8237349424530291
只是樽前欠狂客,樽前失詩流,0.8009436105671532
只是樽前欠狂客,自笑狂夫老更狂,0.8126066900925504
只是樽前欠狂客,佯狂真可哀,0.8013282085125176
只是樽前欠狂客,猶記酒顛狂,0.8295346356579423
只是樽前欠狂客,唯君最愛清狂客,0.8215015603766651
只是樽前欠狂客,對酒都疑夢,0.806626197008343
只是樽前欠狂客,病多猶是客,0.8196042759452431
短舞朱裙愜醉看,拂水低回舞袖翻,0.8043751022535457
短舞朱裙愜醉看,越女紅裙濕,0.8078142493982047
短舞朱裙愜醉看,晚酣留客舞,0.8186318264815049
短舞朱裙愜醉看,酒酣懶舞誰相拽,0.8362341635430752
短舞朱裙愜醉看,唤取佳人舞繡筵,0.8092605396356218
短舞朱裙愜醉看,醉從趙女舞,0.8161249667830117
短舞朱裙愜醉看,醉舞爲誰醒,0.802869812333463
短舞朱裙愜醉看,笑舞拓秋窗,0.8073102108609942
短舞朱裙愜醉看,歡劇提攜如意舞,0.8088367431410736
惜公官守隔江干,江城今夜客,0.8008355948661932
惜公官守隔江干,豈意出守江城居,0.8263366597146193
惜公官守隔江干,荆南芮公得將軍,0.8053780037242553
遥憐得句無人賞,題詩得秀句,0.8106072074723969
遥憐得句無人賞,新詩句句好,0.8007004742380306
遥憐得句無人賞,故人得佳句,0.816792775124344
遥憐得句無人賞,爲人性僻耽佳句,0.8049826226595034
遥憐得句無人賞,也知光禄最能詩,0.8048103602999732
遥憐得句無人賞,詞人取佳句,0.8296931108778028
遥憐得句無人賞,清詩句句盡堪傳,0.84896744092206
遥憐得句無人賞,覓句新知律,0.8044052308521124
走馬城東覓道安,長安市上酒家眠,0.8189391015347867
走馬城東覓道安,安西都護胡青驄,0.834128742485494
走馬城東覓道安,長安壯兒不敢騎,0.8002161775149841
走馬城東覓道安,驊騮開道路,0.8068237641583274
走馬城東覓道安,送客東郊道,0.8008085451659765
走馬城東覓道安,客行新安道,0.8081207210312853
走馬城東覓道安,石筍街中却歸去,0.8097789349651245
走馬城東覓道安,驊騮開道路,0.8068237641583274
走馬城東覓道安,騎馬行春徑,0.8032053637878942
走馬城東覓道安,不愁巴道路,0.8020315675106875
走馬城東覓道安,直愁騎馬滑,0.802786714491847
走馬城東覓道安,走馬向承明,0.8134490364306455
走馬城東覓道安,遣騎安置瀼西頭,0.8206527389207183
走馬城東覓道安,聞道南行市駿馬,0.8407668561571218
詩家二杜見仍雲,相門韋氏在,0.8062089224850837
詩家二杜見仍雲,詩看子建親,0.8063395795853161
詩家二杜見仍雲,謬稱三賦在,0.8013261769799309
詩家二杜見仍雲,學詩猶孺子,0.8064365548983323
詩家二杜見仍雲,鄭氏才振古,0.8091038857080015
詩家二杜見仍雲,酒後常稱老畫師,0.8032345507519169
詩家二杜見仍雲,才大今詩伯,0.8522342552787199
詩家二杜見仍雲,郭薛俱才賢,0.8344937064801532
詩家二杜見仍雲,平公今詩伯,0.8327009058552807
詩家二杜見仍雲,諷詠詩家流,0.8214984945982575
詩家二杜見仍雲,畢耀仍傳舊小詩,0.8005026348055526
詩家二杜見仍雲,數篇今見古人詩,0.8371118815911014
詩家二杜見仍雲,清詩句句盡堪傳,0.8005163181790351
詩家二杜見仍雲,荆州鄭薛寄詩近,0.8275110495987696
詩家二杜見仍雲,吾人詩家秀,0.8020531775382715
詩家二杜見仍雲,詩家秀句傳,0.8319399375331495
詩家二杜見仍雲,詩接謝宣城,0.8045884861912985
詩家二杜見仍雲,鄭公四葉孫,0.8105259380111609
佳句風流照映人,新詩句句好,0.803339432587783
佳句風流照映人,絶代有佳人,0.8168383525884523
佳句風流照映人,清詞麗句必爲隣,0.8212349375518478
佳句風流照映人,詞人取佳句,0.8307069816715438
佳句風流照映人,清詩句句盡堪傳,0.8279200871915906
佳句風流照映人,詩家秀句傳,0.8069601145391396
青眼向來同醉醒,醉眠秋共被,0.8053200481770866
青眼向來同醉醒,窮愁醉不醒,0.8240920013131605
青眼向來同醉醒,衆賓皆醉我獨醒,0.8473997337588974
青眼向來同醉醒,醉裏從爲客,0.8092319064613356
青眼向來同醉醒,扶汝醉初醒,0.8301009594791533
青眼向來同醉醒,眼見客愁愁不醒,0.8178373195579478
青眼向來同醉醒,愁與醉無醒,0.8391217848857212
青眼向來同醉醒,此身醒復醉,0.8424720733671616
青眼向來同醉醒,此身醒復醉,0.8424720733671616
青眼向來同醉醒,冷石醉眠醒,0.8084123847473027
青眼向來同醉醒,醉舞爲誰醒,0.83159442916216
青眼向來同醉醒,此時同一醉,0.8031271938284947
青眼向來同醉醒,朋來有醉泥,0.8198627156416403
青眼向來同醉醒,盡憐君醉倒,0.809552964581058
青眼向來同醉醒,松花酒熟旁看醉,0.8213358240375863
白頭相望不緇磷,相哀骨可换,0.8102055426851841
白頭相望不緇磷,但取不磷緇,0.828141081336247
白頭相望不緇磷,此道未磷緇,0.8156514924595109
白頭相望不緇磷,相知成白首,0.8366880549156596
白頭相望不緇磷,白首不相棄,0.8568128161512609
白頭相望不緇磷,白蘋愁殺白頭翁,0.8069053611917754
白頭相望不緇磷,相見各頭白,0.8202115283951044
白頭相望不緇磷,王化久磷緇,0.8082363972963444
陰寒殊未開,祁寒爲之暄,0.8315920054371306
陰寒殊未開,冬來只薄寒,0.8006940383539042
陰寒殊未開,白屋寒多暖始開,0.8333985713875681
陰寒殊未開,山寒雨不開,0.8365075976155535
陰寒殊未開,寒花開已盡,0.8226698810337139
陰寒殊未開,暖向成都寒未還,0.8134750805116242
陰寒殊未開,金甲雪猶凍,0.801876992016422
陰寒殊未開,郊扉冷未開,0.8149895745283497
陰寒殊未開,歲暮窮陰耿未已,0.8069927080265288
陰寒殊未開,未有不陰時,0.8276884855063793
陰寒殊未開,春寒花較遲,0.8098918714591428
陰寒殊未開,餘寒拆花卉,0.8009035387968642
陰寒殊未開,陰晴屢不分,0.8076378318542903
初聞燕子語,空聞燕雀喧,0.808667622390973
初聞燕子語,頻來語燕定新巢,0.8019663418944607
初聞燕子語,鶯啼送客聞,0.808872204400491
遮眼便書册,讀書破萬卷,0.8068878257895647
遮眼便書册,盡捻書籍賣,0.8174315000616945
遮眼便書册,案頭乾死讀書螢,0.8136389057412547
遮眼便書册,書枉滿懷牋,0.80926031004353
遮眼便書册,傍架齊書帙,0.8011855221796247
遮眼便書册,讀書難字過,0.8173524378076922
遮眼便書册,老妻書數紙,0.8128094400065506
遮眼便書册,但見書畫傳,0.823036853222443
遮眼便書册,身外滿牀書,0.8074207290949289
遮眼便書册,有使卽寄書,0.8228847762682432
遮眼便書册,男大卷書匀,0.8204198632818163
遮眼便書册,鄰舍煩書札,0.8073106930113993
遮眼便書册,及見秘書失心疾,0.8113487671583283
遮眼便書册,經書滿腹中,0.8192800326086533
遮眼便書册,群書一萬卷,0.8026006619732654
遮眼便書册,群書萬卷常暗誦,0.8018246237354267
遮眼便書册,攤書解滿牀,0.8034396892907629
遮眼便書册,闇闇書籍滿,0.830530427842616
遮眼便書册,童稚頻書札,0.8183368164569529
遮眼便書册,開緘書札光,0.8117864497809544
挑聾欺酒杯,殘杯與冷炙,0.8127438801662448
挑聾欺酒杯,纔傾一盞卽醺人,0.8021381997263632
挑聾欺酒杯,攲傾煩注眼,0.8117656646706084
勤爲撥春醅,重碧拈春酒,0.8086701103413231
肌膚冰雪薰沉水,冰漿碗碧瑪瑙寒,0.8033755431825298
肌膚冰雪薰沉水,肌理細膩骨肉匀,0.8245789561080014
肌膚冰雪薰沉水,清輝玉臂寒,0.8172508764158976
肌膚冰雪薰沉水,冰雪淨聰明,0.802451203653674
肌膚冰雪薰沉水,顔色白勝雪,0.8164861524373574
肌膚冰雪薰沉水,再騁肌膚如素練,0.8275251870716993
肌膚冰雪薰沉水,肌膚潛沃若,0.8700379941833492
肌膚冰雪薰沉水,金甲雪猶凍,0.8021006543346125
肌膚冰雪薰沉水,經齒冷於雪,0.8038235244666274
肌膚冰雪薰沉水,開冰清玉壺,0.8235274655857667
肌膚冰雪薰沉水,北來肌骨苦寒侵,0.8132612976427356
肌膚冰雪薰沉水,寒刮肌膚北風利,0.8414638863634845
肌膚冰雪薰沉水,空翠撲肌膚,0.8390830901674282
肌膚冰雪薰沉水,樓上炎天冰雪生,0.8069565159706329
肌膚冰雪薰沉水,寒冰争倚薄,0.8143535546661504
肌膚冰雪薰沉水,没齒埋冰炭,0.845171633077302
百草千花莫比芳,萬草千花動凝碧,0.8350350238718671
百草千花莫比芳,江草江花豈終極,0.8065110173043206
百草千花莫比芳,百草競春華,0.8812520832518393
百草千花莫比芳,栀子比衆木,0.8075396070649156
百草千花莫比芳,忍對百花叢,0.8224860047790243
百草千花莫比芳,無人碧草芳,0.8305622124444247
百草千花莫比芳,靈芝冠衆芳,0.8176741856723013
百草千花莫比芳,愛惜如芝草,0.8071550947966106
露濕何郎試湯餅,未試囊中餐玉法,0.8085003436289261
日烘荀令炷爐香,香爐曉勢分,0.80911915394876
日烘荀令炷爐香,爐存火似紅,0.8182005428508623
日烘荀令炷爐香,衣冠身惹御爐香,0.8066912907846328
日烘荀令炷爐香,照室紅爐簇曙花,0.8157882788535422
日烘荀令炷爐香,焚香淑景殿,0.8146024598746758
日烘荀令炷爐香,竹齋燒藥竈,0.8083158266071144
日烘荀令炷爐香,雲暖麝香山,0.8407036230913127
日烘荀令炷爐香,山家蒸栗暖,0.8001134110666726
風流徹骨成春酒,骨大却生筋,0.806741199600557
夢寐宜人入枕囊,枕簟入林僻,0.8153039471609242
夢寐宜人入枕囊,醉眠秋共被,0.8156092099499157
夢寐宜人入枕囊,酒醒思卧簟,0.8336279124225019
夢寐宜人入枕囊,山添扇枕涼,0.8081666819243828
夢寐宜人入枕囊,他鄉饒夢寐,0.8068392076800102
夢寐宜人入枕囊,清猿惱夢思,0.8168740905676184
夢寐宜人入枕囊,舟中得病移衾枕,0.8606379945324178
夢寐宜人入枕囊,高枕虚眠晝,0.8123005402373376
輸與能詩王主簿,官有王司直,0.8115769551959722
輸與能詩王主簿,與報惠連詩不惜,0.8136402860427909
瑶臺影裏據胡床,露井凍銀牀,0.8350190312665126
瑶臺影裏據胡床,乘月坐胡牀,0.8153858487644875
漢宫嬌額半塗黄,曉妝隨手抹,0.824201143974264
漢宫嬌額半塗黄,面妝首飾雜啼痕,0.8455909662069115
漢宫嬌額半塗黄,楚王宫北正黄昏,0.8132610543750514
漢宫嬌額半塗黄,鏡奩换粉黛,0.8105268510680697
入骨濃薰賈女香,暮惹御香歸,0.8098928851662919
入骨濃薰賈女香,不道含香賤,0.8055546931816067
入骨濃薰賈女香,色難腥腐餐楓香,0.8023308418952942
入骨濃薰賈女香,雲暖麝香山,0.8231740888172034
入骨濃薰賈女香,輕籠熟柰香,0.8003511511355965
入骨濃薰賈女香,馨香粉署妍,0.8130985043444543
入骨濃薰賈女香,香聞錦帶羹,0.8088012802107016
日色漸遲風力細,春氣漸和柔,0.8055557999713079
日色漸遲風力細,溪迴日氣煖,0.8355162638366072
日色漸遲風力細,野潤烟光薄,0.8001498562682805
日色漸遲風力細,沙暄日色遲,0.8661904816911696
日色漸遲風力細,寒日出霧遲,0.8118552206297365
日色漸遲風力細,微微向日薄,0.8240430525830371
日色漸遲風力細,鳴雨既過漸細微,0.8270967115752985
日色漸遲風力細,春色漸多添,0.8140990604215679
日色漸遲風力細,牆宇日猶微,0.8017001330916749
日色漸遲風力細,春日兼蒙暄暖扶,0.8119728797096442
日色漸遲風力細,水光風力俱相怯,0.8032061909937442
倚欄偷舞白霓裳,拂水低回舞袖翻,0.8265856421506441
倚欄偷舞白霓裳,酒酣懶舞誰相拽,0.8104350713867742
倚欄偷舞白霓裳,朱袖拂雲和,0.8040824918902416
倚欄偷舞白霓裳,歌舞散靈衣,0.8013318210755584
雨罷山澤明,山添雨雪流,0.8048965994746553
雨罷山澤明,雨後過畦潤,0.8203543606166068
雨罷山澤明,雨時山不改,0.8257347174660071
雨罷山澤明,連山雨未開,0.8067934358459756
雨罷山澤明,小雨晨光内,0.8030242282618145
日長花柳困,天晴宫柳暗長春,0.8451573136347572
日長花柳困,市橋官柳細,0.808945383973886
日長花柳困,春光懶困倚微風,0.8043120244147559
日長花柳困,卧柳自生枝,0.8040067524192881
日長花柳困,沙上草閣柳新闇,0.8073245039088264
游絲上天衢,夜騎天駟超天河,0.8225766827126303
游絲上天衢,悲歌上雲梯,0.803071441875262
游絲上天衢,嘶鳴望天衢,0.8373588853564077
觀物得無悶,時俗造次那得致,0.8001762300199341
觀物得無悶,動静隨所激,0.8112532420853042
觀物得無悶,自顧轉無趣,0.8124997754973728
觀物得無悶,物情無巨細,0.8249695749869119
觀物得無悶,物情尤可見,0.8058254636053258
觀物得無悶,静者心多妙,0.8090239992528208
觀物得無悶,物理固自然,0.8012229759418672
觀物得無悶,造幽無人境,0.8136584424928479
觀物得無悶,眼邊無俗物,0.8057779039330318
觀物得無悶,潤物細無聲,0.800048083906947
觀物得無悶,幽偏得自怡,0.806584038566966
觀物得無悶,幽居近物情,0.8070482579739685
觀物得無悶,物色兼生意,0.8144644904307397
觀物得無悶,可以物理推,0.8070626466225332
觀物得無悶,物役水虚照,0.8100874489265347
觀物得無悶,洗然順所適,0.805441619138372
觀物得無悶,高懷見物理,0.815305714694527
觀物得無悶,消中得自由,0.8136476183480291
觀物得無悶,物色生態能幾時,0.8011051860060551
觀物得無悶,有求常百慮,0.801910727131644
觀物得無悶,時清非造次,0.8004498658059263
觀物得無悶,興盡纔無悶,0.8084413893641254
笋饌酌春醖,春酒杯濃琥珀薄,0.8402230005809308
笋饌酌春醖,仙醴來浮蟻,0.8626755674697673
笋饌酌春醖,香芹碧澗羹,0.8355806405235677
笋饌酌春醖,玉觴淡無味,0.8258474348533648
笋饌酌春醖,碧酒隨玉粒,0.8102156849736648
笋饌酌春醖,邊酒排金碗,0.8188942770286369
笋饌酌春醖,只待獻香醪,0.8009708989273332
笋饌酌春醖,歸及薦櫻桃,0.813254300061033
笋饌酌春醖,濁醪自初熟,0.8173061628550671
笋饌酌春醖,不放香醪如蜜甜,0.8053872063574719
笋饌酌春醖,茗飲蔗漿攜所有,0.8144027169460828
笋饌酌春醖,蔗漿歸廚金碗凍,0.8593762447124413
笋饌酌春醖,邀我嘗春酒,0.8276752181500266
笋饌酌春醖,山瓶乳酒下青雲,0.8224399665672555
笋饌酌春醖,竹裏行廚洗玉盤,0.8058184629467516
笋饌酌春醖,催蓴煮白魚,0.8014763984699584
笋饌酌春醖,洗杓斟新醖,0.8899437045354588
笋饌酌春醖,蟻浮仍臘味,0.812836601053175
笋饌酌春醖,春日春盤細生菜,0.8166023717773572
笋饌酌春醖,宴引春壺酒,0.8403124294182751
笋饌酌春醖,羹煑秋蓴滑,0.838383591169992
季子未識面,李邕求識面,0.8092715649584485
季子未識面,劃見公子面,0.8549434853131339
季子未識面,未忍卽開口,0.8084506287057531
季子未識面,昔别君未婚,0.8312790491253879
季子未識面,問答未及已,0.809598714159733
季子未識面,老病不識路,0.8701734812113513
季子未識面,未遇猶視今,0.8143416680389008
季子未識面,默識蓋不早,0.8069729898837532
季子未識面,畜眼未見有,0.8158070266548025
季子未識面,願見北地傅介子,0.8156456075451302
季子未識面,自説二女齧臂時,0.8043678100795362
季子未識面,十手可對面,0.8104647353226998
季子未識面,嗟汝未嫁女,0.8265461176130549
季子未識面,不復見顔鮑,0.8264254119511539
季子未識面,君今幸未成老翁,0.8110887775542484
季子未識面,子何面黧黑,0.8026302762852526
季子未識面,惜哉李蔡不復得,0.8234419084283735
季子未識面,子實不得喫,0.8032366746457597
季子未識面,尚子終罕遇,0.8128311273687927
季子未識面,孟氏好兄弟,0.811962893484773
季子未識面,憶昔初見時,0.8007363206466135
季子未識面,季子黑貂敝,0.8023091992891915
季子未識面,孔門未應棄,0.8051419841599214
想見眉目俊,想像顰青蛾,0.8049704779799853
想見眉目俊,衆中見毛骨,0.8088282272187661
新詩如鳴弦,猥誦佳句新,0.8176716296106372
新詩如鳴弦,煎膠續弦奇自見,0.8117090818947634
新詩如鳴弦,岑生多新詩,0.8162127147700093
新詩如鳴弦,鳴弦不虚發,0.8000470868434832
新詩如鳴弦,新詩近玉琴,0.8304100649818704
新詩如鳴弦,新詩改罷自長吟,0.8068978799176642
新詩如鳴弦,初筵哀絲動豪竹,0.8040239463146485
新詩如鳴弦,新詩錦不如,0.8084094727302146
快讀開鄙吝,此志常覬豁,0.8281601220446716
快讀開鄙吝,未忍卽開口,0.8042509715935142
快讀開鄙吝,每愁悔吝作,0.8570279443752331
快讀開鄙吝,初欣寫胸臆,0.8139678617358712
快讀開鄙吝,豈識悔吝先,0.8260172722772768
快讀開鄙吝,坐見悔吝生,0.8254539114816293
快讀開鄙吝,志士惜妄動,0.801978374627892
快讀開鄙吝,鄙夫亦放蕩,0.834647946146397
銅官魯諸生,諸公厭禰衡,0.8219291252757539
銅官魯諸生,廣文先生官獨冷,0.8139035907460306
銅官魯諸生,韋賢初相漢,0.8215086810934176
銅官魯諸生,祇似魯諸生,0.8275133726878037
銅官魯諸生,諸生老伏虔,0.8075516017023234
銅官魯諸生,伏事董先生,0.8093179454668913
銅官魯諸生,自平中官吕太一,0.8233669812042956
銅官魯諸生,之官宅相賢,0.8137180469394001
事道三無愠,禮寬心有適,0.8024446007719537
事道三無愠,義無棄禮法,0.8034079017162519
事道三無愠,道大容無能,0.823575720555345
事道三無愠,功無禮忽諸,0.8061091249966184
事道三無愠,虚心味道玄,0.8192546351655903
事道三無愠,設法害生成,0.808101949840244
事道三無愠,有求常百慮,0.8347816652092912
事道三無愠,討論實解頤,0.8060962857443611
比來工五字,辯眼工小字,0.8198510286255055
比來工五字,新詩錦不如,0.8046039207054271
比來工五字,兼工古體詩,0.8204793919828357
句法妙何遜,佳句法如何,0.8644935488088672
句法妙何遜,新詩句句好,0.8050760078572334
句法妙何遜,乃知畫師妙,0.837016200174418
句法妙何遜,清詩近道要,0.8024610514942208
句法妙何遜,來書語絶妙,0.802705336088404
句法妙何遜,自古雖有厭勝法,0.8209646171291812
句法妙何遜,義無棄禮法,0.818064089170361
句法妙何遜,清詩句句盡堪傳,0.8151361651624284
句法妙何遜,問法看詩妄,0.8169069122030936
句法妙何遜,詩家秀句傳,0.8143160263160294
句法妙何遜,玄宗妙其書,0.80038299210963
句法妙何遜,得盡所歷妙,0.808422644322266
枯棋覆吴圖,老妻畫紙爲棋局,0.8247684962888473
青簡玩秦燼,丹青野殿空,0.802647139694191
青簡玩秦燼,青林一灰燼,0.8147151298792399
青簡玩秦燼,蟲篆丹青廣,0.8246824577244255
青簡玩秦燼,青簡爲誰編,0.8029331042185656
葉暗黄鳥時,接葉暗巢鶯,0.8162064936034295
葉暗黄鳥時,巢多衆鳥鬭,0.8115562965886127
葉暗黄鳥時,葉密鳴蟬稠,0.8129480759410646
葉暗黄鳥時,鴟鳥鳴黄桑,0.8276556035471352
葉暗黄鳥時,黄鳥時兼白鳥飛,0.8173015875419897
葉暗黄鳥時,林茂鳥有歸,0.8390882224409775
葉暗黄鳥時,叢卑春鳥疑,0.806588539661753
葉暗黄鳥時,林黑鳥應棲,0.8274062426175364
葉暗黄鳥時,山谷落葉赤,0.8422355909181742
葉暗黄鳥時,草木未黄落,0.8159189696684654
葉暗黄鳥時,木葉黄落龍正蟄,0.8228491385020329
葉暗黄鳥時,隔葉黄鸝空好音,0.803604974854929
葉暗黄鳥時,囀枝黄鳥近,0.8337476062147763
葉暗黄鳥時,樹枝有鳥亂鳴時,0.8449034266203912
葉暗黄鳥時,隔巢黄鳥並,0.8048533249164085
葉暗黄鳥時,仰羡黄昏鳥,0.8145089022092731
葉暗黄鳥時,谷鳥鳴還過,0.8124172950518491
葉暗黄鳥時,林茂鳥知歸,0.8195656383827752
葉暗黄鳥時,黄落驚山樹,0.8136319602522699
葉暗黄鳥時,林疏黄葉墜,0.8365386197846982
遥仰吟思苦,慰我深相憶,0.8134870633654694
遥仰吟思苦,沉思情延佇,0.8221315790202717
遥仰吟思苦,空山獨夜旅魂驚,0.8003272702793485
遥仰吟思苦,詩憶傷心處,0.8161305607285714
遥仰吟思苦,回首增憤惋,0.8058913574975752
江錦割向盡,并吞與割據,0.806574528815931
應煩王公子,天上張公子,0.8044477538590943
應煩王公子,好去張公子,0.8175763412402164
應煩王公子,君王問長卿,0.8138217014810858
應煩王公子,爲我謝賈公,0.8305498405644354
應煩王公子,從來王謝郎,0.8355036131063842
書帙蠹魚乾,案頭乾死讀書螢,0.8202416555535383
書帙蠹魚乾,花嶼讀書床,0.8066723608322194
書帙蠹魚乾,書枉滿懷牋,0.8027065501835513
書帙蠹魚乾,傍架齊書帙,0.8339635455899909
書帙蠹魚乾,書亂誰能帙,0.8078877406781897
書帙蠹魚乾,老妻書數紙,0.8000150363382879
書帙蠹魚乾,身外滿牀書,0.809363890889697
書帙蠹魚乾,書籤藥裹封蛛網,0.8280851058165074
書帙蠹魚乾,散帙壁魚乾,0.8943288906586884
書帙蠹魚乾,色侵書帙晚,0.8309956063958523
書帙蠹魚乾,經書滿腹中,0.803951379967512
書帙蠹魚乾,書籤映隙曛,0.8097980237217173
書帙蠹魚乾,闇闇書籍滿,0.8170165306556402
爐香眠鴨困,麝香眠石竹,0.863590762062636
爐香眠鴨困,竹齋燒藥竈,0.8089500485907223
爐香眠鴨困,小睡憑藤輪,0.8005735004598555
爐香眠鴨困,沙煖睡鴛鴦,0.8168962129616996
爐香眠鴨困,畫省香爐違伏枕,0.8418240160361481
爐香眠鴨困,雲暖麝香山,0.8187900965989541
爐香眠鴨困,老困撥書眠,0.8343645000750854
佳人來無期,江湖遠適無前期,0.8263071683570861
詩句且排悶,可以賦新詩,0.809883742629834
詩句且排悶,吟詩許更過,0.8232370477960994
詩句且排悶,沉飲聊自遣,0.8037730164535988
詩句且排悶,題詩得秀句,0.8483539260288929
詩句且排悶,新詩句句好,0.8296030604747315
詩句且排悶,詩罷能吟不復聽,0.8155485068641166
詩句且排悶,詩好幾時見,0.8053929729101801
詩句且排悶,嚴詩賦幾篇,0.8199811341880539
詩句且排悶,詩興不無神,0.8025246614609988
詩句且排悶,東閣官梅動詩興,0.8261239459748707
詩句且排悶,排悶强裁詩,0.9007578585751463
詩句且排悶,遣興莫過詩,0.8317874800951094
詩句且排悶,老去詩篇渾漫與,0.8086300647356286
詩句且排悶,把君詩過日,0.8237645902592332
詩句且排悶,漫卷詩書喜欲狂,0.8213650507891728
詩句且排悶,到日自題詩,0.8074576003108478
詩句且排悶,題詩須一行,0.8180218710178802
詩句且排悶,有情且賦詩,0.8408496967324046
詩句且排悶,愁極本憑詩遣興,0.8265499339364237
詩句且排悶,賦詩新句穩,0.8600019049492857
詩句且排悶,斗酒新詩終自疏,0.8214223876967598
詩句且排悶,清詩句句盡堪傳,0.8122372255404968
詩句且排悶,新詩改罷自長吟,0.8144497527907376
詩句且排悶,卽事會賦詩,0.8005768921448502
詩句且排悶,賦詩賓客間,0.814620309190235
詩句且排悶,作詩呻吟内,0.845779495595326
詩句且排悶,陶冶賴詩篇,0.8140598316333999
詩句且排悶,賦詩分氣象,0.8074761126194343
詩句且排悶,病減詩仍拙,0.806208118459836
詩句且排悶,開卷得佳句,0.8306640713584588
詩句且排悶,賦詩猶落筆,0.8133642485197505
詩句且排悶,自吟詩送老,0.8405077095277164
詩句且排悶,情在强詩篇,0.8282396887841137
詩句且排悶,興盡纔無悶,0.8157240346970598
棋局具肴醖,芳宴此時具,0.8040221122640792
棋局具肴醖,開筵得屢供,0.8029660186562404
争道嘲不恭,慎勿出口他人狙,0.8045924003361655
争道嘲不恭,談笑行殺戮,0.8020852780221643
争道嘲不恭,嫉邪嘗力争,0.8158724139424168
争道嘲不恭,巧僞莫敢親,0.8112684095575844
鏖兵勞得俊,猛氣猶思戰場利,0.8145052646839468
鏖兵勞得俊,况復秦兵耐苦戰,0.8580916168111077
鏖兵勞得俊,擒賊先擒王,0.8066881802612849
鏖兵勞得俊,將軍不好武,0.8057070892561973
鏖兵勞得俊,先鋒百戰在,0.8023476936551595
鏖兵勞得俊,廉頗仍走敵,0.8165816339057472
鏖兵勞得俊,策行遺戰伐,0.8043649962858352
鏖兵勞得俊,被堅執鋭略西極,0.803041045030594
鏖兵勞得俊,邊兵盡東征,0.8266531558911883
鏖兵勞得俊,將軍專策略,0.8253564469895162
鏖兵勞得俊,秋屯隴右兵,0.8019354684438811
鏖兵勞得俊,官軍擁賊壕,0.8309997692319372
鏖兵勞得俊,雜虜横戈數,0.8366079324804512
鏖兵勞得俊,蘇武看羊陷賊庭,0.803930397645576
鏖兵勞得俊,奇兵不在衆,0.8217655071973535
鏖兵勞得俊,精鋭舊無敵,0.8062075513250386
鏖兵勞得俊,漢虜互勝負,0.8113439259631752
鏖兵勞得俊,降虜東擊胡,0.815221763763603
鏖兵勞得俊,降虜兼千帳,0.8197538525219163
鏖兵勞得俊,羣凶猶索戰,0.8316514098525767
鏖兵勞得俊,兵家忌間諜,0.8005297612884275
鏖兵勞得俊,將軍膽氣雄,0.8128061575398966
鏖兵勞得俊,行軍數騎來,0.8041665402438244
鏖兵勞得俊,群盗尚縱横,0.8022929833038364
鏖兵勞得俊,大君先息戰,0.8077179305848204
鏖兵勞得俊,兵殘將自疑,0.8024228833191571
鏖兵勞得俊,兵戎況騷屑,0.8141031645534098
鏖兵勞得俊,妙略擁兵機,0.8087112207894522
鏖兵勞得俊,羌兵助鎧鋋,0.8214855917811925
鏖兵勞得俊,元戎决勝威,0.8077232190432428
鏖兵勞得俊,邊隅還用兵,0.8375941133040639
鏖兵勞得俊,西京疲百戰,0.8025588885979904
鏖兵勞得俊,大角纏兵氣,0.8093775265543235
鏖兵勞得俊,訓練强兵動鬼神,0.8312535050486659
鏖兵勞得俊,雪山斥候無兵馬,0.8066238500049285
鏖兵勞得俊,賊臣互相誅,0.8097760742643612
鏖兵勞得俊,蒼皇避亂兵,0.8065068952004446
鏖兵勞得俊,列國兵戈暗,0.8013434463935695
鏖兵勞得俊,此皆戰騎一敵萬,0.8130916080640238
鏖兵勞得俊,氣豪直阻兵,0.8265725405795037
鏖兵勞得俊,出兵整肅不可當,0.8353290035526937
鏖兵勞得俊,更催飛將追驕虜,0.827322704537774
鏖兵勞得俊,軍旅西征僻,0.8029732001407989
鏖兵勞得俊,殿前兵馬破汝時,0.8005892465240432
鏖兵勞得俊,殿前兵馬雖驍雄,0.8358343764718701
鏖兵勞得俊,兵戈猶擁蜀,0.8008158980423666
鏖兵勞得俊,總戎備强敵,0.8150423976032098
鏖兵勞得俊,翻然遠救朔方兵,0.8226622137699003
鏖兵勞得俊,胡騎攻吾城,0.802393246203158
鏖兵勞得俊,戰伐何當解,0.8032605785291775
鏖兵勞得俊,凶兵鑄農器,0.8050058625697007
鏖兵勞得俊,胡兵更陸梁,0.8163719715386413
鏖兵勞得俊,猛將收西域,0.8108455264128911
鏖兵勞得俊,時徵俊乂入,0.8304104725154657
鏖兵勞得俊,盗賊縱横甚密邇,0.8011741343197982
鏖兵勞得俊,分閫救世用賢豪,0.8112001968960777
鏖兵勞得俊,賊臣惡子休干紀,0.8065444077241467
鏖兵勞得俊,將軍勇鋭與之敵,0.823787987843299
鏖兵勞得俊,來經戰伐新,0.8059369224984131
鏖兵勞得俊,擁兵相學干戈鋭,0.8382484124938866
鏖兵勞得俊,捨舟策馬論兵地,0.8002621790591089
鏖兵勞得俊,盡添軍旅用,0.8083222492720461
鏖兵勞得俊,張兵撓棘矜,0.8214727670330157
鏖兵勞得俊,山雉防求敵,0.8129067054215965
鏖兵勞得俊,將軍思汗馬,0.804992722647683
鏖兵勞得俊,西戎休縱犬羊羣,0.8128603139269576
鏖兵勞得俊,争權將帥誅,0.8243824854590556
鏖兵勞得俊,戎狄跋扈徒逡巡,0.8002011638153177
鏖兵勞得俊,驅馳厭甲兵,0.8023409434718212
鏖兵勞得俊,清邊生戰場,0.8098197482660316
頗尋文獻盟,盟歃氣已粗,0.8024881441380789
頗尋文獻盟,文學與我游,0.8187505293598099
不落市井吝,撥棄不擬道,0.8025402156646515
不落市井吝,皮乾剥落雜泥滓,0.8062652530345803
不落市井吝,鑿井不盡土,0.8370219890213592
不落市井吝,鄴城反覆不足怪,0.8008143036494176
不落市井吝,終防市井喧,0.8195829043849453
不落市井吝,無貴賤不悲,0.8207448568909471
不落市井吝,擺落跋涉懼,0.8068498079215236
四月明朱夏,三月三日天氣新,0.8586193887782051
四月明朱夏,六月風日冷,0.8248757628533548
四月明朱夏,君來必十月,0.8077686236067505
四月明朱夏,况當朱炎赫,0.8086173807338288
四月明朱夏,今已十月後,0.8220880443337675
四月明朱夏,閏八月初吉,0.8637085655018957
四月明朱夏,七月六日苦炎蒸,0.8458079464781014
四月明朱夏,夏日出東北,0.8014331836160108
四月明朱夏,春苗九月交,0.8057803069991543
四月明朱夏,季冬日已長,0.8111635381290621
四月明朱夏,四月熟黄梅,0.8385147962878243
四月明朱夏,二月已破三月來,0.8268555584400668
四月明朱夏,二月六夜春水生,0.8358999620815308
四月明朱夏,四月五月偏號呼,0.8263407732804482
四月明朱夏,冬至至後日初長,0.8493526407236752
四月明朱夏,南方六七月,0.8228313464578777
四月明朱夏,清霜九月天,0.8096477827805836
四月明朱夏,鑑湖五月涼,0.8045078320372672
四月明朱夏,六月青稻多,0.8096469265841555
四月明朱夏,歲陽初盛動,0.8029767775547267
四月明朱夏,朱夏及寒泉,0.8197969973469386
