황정견,두보,코사인 유사도
森萷一山竹,中有松柏參天長,0.8099825136535161
森萷一山竹,森疏見矛戟,0.8110937431817494
壯士十三輩,壯士恥爲儒,0.8205174679625904
壯士十三輩,只今年纔十六七,0.8061930653580149
壯士十三輩,才名三十年,0.8320078725591427
壯士十三輩,當時四十萬匹馬,0.82062412767794
壯士十三輩,十五富文史,0.8023768593952147
壯士十三輩,況我與子非壯年,0.8194363114579348
壯士十三輩,丈夫貴壯健,0.8328175348533202
壯士十三輩,二三豪俊爲時出,0.8013604182431231
壯士十三輩,丈夫生兒有如此二雛者,0.803298742782982
壯士十三輩,高者十八九,0.8136365145222164
壯士十三輩,年未三十忠義俱,0.8309967133652363
壯士十三輩,將軍得名三十載,0.8085728697935298
壯士十三輩,丈夫多英雄,0.8068464192579288
壯士十三輩,獨步四十年,0.8268696637262345
壯士十三輩,往者十四五,0.8085454259753209
壯士十三輩,憶與高李輩,0.8095666276690467
壯士十三輩,比看伯叔四十人,0.8136248577614003
壯士十三輩,弟子四五人,0.8264188607518583
壯士十三輩,十五男兒志,0.8249608045253947
壯士十三輩,流年壯士悲,0.8145222018393639
自干雲天去,亦未摶空上九天,0.8176123388983141
自干雲天去,翅在雲天終不遠,0.822178746408746
自干雲天去,洩雲高不去,0.8136459384234529
草芥肯下逮,草露亦多濕,0.8031469124552488
草芥肯下逮,登陸草露滋,0.8108653567267251
虚心聽造物,精理通談笑,0.8151855784075358
虚心聽造物,動静隨所激,0.805204846849241
虚心聽造物,聖心頗虚佇,0.8008595269448502
虚心聽造物,静者心多妙,0.8187318092170123
虚心聽造物,静求元精理,0.8436695005087699
虚心聽造物,於身色有用,0.8085125332452094
虚心聽造物,功安造化爐,0.8026890282822203
虚心聽造物,意度不無神,0.8048419404017843
虚心聽造物,秉心識本源,0.8203147432263599
虚心聽造物,正直元因造化功,0.8319357244080596
虚心聽造物,情窮造化理,0.8494830641756981
虚心聽造物,虚心味道玄,0.8418333763457959
虚心聽造物,揄揚非造次,0.8134839282719295
虚心聽造物,時清非造次,0.8285654983828069
虚心聽造物,天機自明斷,0.805041049445214
顛沛風雲會,徵起適遇風雲會,0.8477917451524686
顛沛風雲會,快意風雲會,0.8290558512381108
顛沛風雲會,主當風雲會,0.811620404228794
顛沛風雲會,慘澹風雲會,0.8073659108072392
顛沛風雲會,風雲際會期,0.8138848134080293
顛沛風雲會,下云風雲合,0.8100525975070931
榮枯偶同時,榮枯咫尺異,0.8038993839163655
榮枯偶同時,蕭條異代不同時,0.815233071791085
榮枯偶同時,榮枯劃易該,0.8231017784330729
終不相棄背,自然棄擲與時異,0.8236004747241396
終不相棄背,恐懼棄捐忍羇旅,0.8273204777817953
終不相棄背,不忍便永訣,0.8000853073877479
終不相棄背,萬事終傷不自保,0.8065377297668622
終不相棄背,儻歸免相失,0.8001004118169397
終不相棄背,撥棄不擬道,0.8014099186118748
終不相棄背,委棄非汝能周防,0.8109110551149804
終不相棄背,終日慽慽忍羇旅,0.8030068881478788
終不相棄背,諸公不相棄,0.8455509773884554
終不相棄背,百年同棄物,0.8046744649968318
終不相棄背,白首不相棄,0.8230471486581543
誰云湖州没,應沉數州没,0.8144851256560003
筆力今尚在,丈人才力猶强健,0.8112468450236073
筆力今尚在,此邦今尚武,0.8166094989917095
筆力今尚在,雖有古殿存,0.8006287171685038
筆力今尚在,文采風流今尚存,0.8564580122893857
筆力今尚在,勇略今何在,0.8375104515474867
筆力今尚在,直筆在史臣,0.8390422881143925
筆力今尚在,聲華當健筆,0.8164917466528945
筆力今尚在,文包舊史善,0.8077591368139045
筆力今尚在,舊物森猶在,0.8333712114658554
筆力今尚在,賦詩猶落筆,0.8004646810407813
筆力今尚在,史閣行人在,0.8043677668122169
筆力今尚在,詩家筆勢君不嫌,0.8002123305798461
筆力今尚在,意氣今誰見,0.8013294371583618
筆力今尚在,載筆尚可記,0.8291154679033251
阿筌雖墨妙,來書語絶妙,0.8139700282071607
阿筌雖墨妙,不通姓氏粗豪甚,0.8249855341969079
阿筌雖墨妙,粉墨形似間,0.8000999664751689
阿筌雖墨妙,書貴瘦硬方通神,0.813195625321411
好以桃李配,不問緑李與黄梅,0.807072332818157
好以桃李配,手種桃李非無主,0.8033439410799323
好以桃李配,後於桃李熟,0.8050848387926499
國工裁主意,詞賦工無益,0.8105045564285219
國工裁主意,篙工密逞巧,0.8147078497654034
冷淡恐不愛,性亦嗜醇酎,0.8094751449937416
冷淡恐不愛,至性有此不,0.800378774114169
冷淡恐不愛,慘澹苦士志,0.827449242617619
冷淡恐不愛,雲溪花淡淡,0.803885641106899
冷淡恐不愛,不愛入州府,0.8032782703358151
子舟落心畫,扁舟落吾手,0.8391747186566311
榮觀不在外,貴賤俱物役,0.8024637590696277
榮觀不在外,身貴不足論,0.8211030313609521
榮觀不在外,用舍在所尋,0.8044651508049794
榮觀不在外,飛鳥不在外,0.8449758752172507
榮觀不在外,寧受外物牽,0.8093315868884229
榮觀不在外,物微世競棄,0.803173433311722
榮觀不在外,中外貴賤殊,0.8265768081304518
榮觀不在外,浮名安在哉,0.8164340957630251
耆年道機熟,周流道術空,0.8178397449442879
耆年道機熟,早通交契密,0.8041162394774166
祖述今百家,道德付今王,0.8222804806185305
祖述今百家,後漢更列帝,0.8011477126261647
祖述今百家,兵法五十家,0.8145486106934778
祖述今百家,百戰今誰在,0.8013233097398171
祖述今百家,後漢今周喜再昌,0.8021009762373464
祖述今百家,迥繼先父祖,0.8502296635512658
祖述今百家,世祖修高廟,0.8318335875235897
祖述今百家,天下今一家,0.8009614481399596
祖述今百家,吾祖詩冠古,0.8041343327201071
祖述今百家,古老相傳二百年,0.8032341479111551
祖述今百家,遞相祖述復先誰,0.8272247771457872
祖述今百家,一德興王後,0.8191776876922006
祖述今百家,誰並百代則,0.8062163288402278
祖述今百家,千家今有百家存,0.8179514883058683
祖述今百家,周宣漢武今王是,0.8165452157525754
祖述今百家,今者兄弟一百人,0.8438930974718175
祖述今百家,國嗣初將付諸武,0.8103670675904762
祖述今百家,業成陳始王,0.800096500341662
祖述今百家,丈人嗣三葉,0.8065497073111376
祖述今百家,雄鎮荆州繼吾祖,0.8219982282050897
祖述今百家,隋朝大業末,0.8156442857215774
小紙弄姿態,短小精悍姿,0.8194744097290356
小紙弄姿態,纖毫欲自矜,0.8019291964016537
小紙弄姿態,辯眼工小字,0.80336931766432
小紙弄姿態,篙工密逞巧,0.8321393404511248
雖云出湖州,雖從本州役,0.8324259450243761
雖云出湖州,始來茲山中,0.8016345718282849
雖云出湖州,我遊梓州東,0.8141576833210387
雖云出湖州,不愛入州府,0.8105529879223411
雖云出湖州,自蒙蜀州人日作,0.812633901135063
卷置懶開對,風牀展書卷,0.8180886195542096
卷置懶開對,開襟野堂豁,0.8114404834509341
卷置懶開對,開卷得佳句,0.808108168461068
卷置懶開對,今晨散帙眼忽開,0.8293335675509403
非公筆如椽,凌雲健筆意縱横,0.8145495611230391
非公筆如椽,才力應難跨數公,0.8063470046801737
非公筆如椽,顧我非公卿,0.8011870938784396
非公筆如椽,行諸直如筆,0.8323844055382643
非公筆如椽,詩家筆勢君不嫌,0.8365005164548123
孰能爲之大,誰能與公子,0.8012402304848847
孰能爲之大,胡命其能久,0.8073897574663099
孰能爲之大,孰曰非周才,0.8063558610124937
孰能爲之大,古來材大難爲用,0.8021585556380102
孰能爲之大,誰克免其身,0.835450618357235
風晴日暖摇雙竹,隨風照日宜輕舉,0.805431371824546
風晴日暖摇雙竹,遲日徐看錦纜牽,0.802523116987994
風晴日暖摇雙竹,魚吹細浪摇歌扇,0.8357959292895856
風晴日暖摇雙竹,旌旂日暖龍蛇動,0.8143862661212592
風晴日暖摇雙竹,春殿晴曛赤羽旗,0.8250964170942248
風晴日暖摇雙竹,溪迴日氣煖,0.8322014781221216
風晴日暖摇雙竹,亭午頗和暖,0.8058731815336819
風晴日暖摇雙竹,沙暄日色遲,0.8086444510533488
風晴日暖摇雙竹,春日鶯啼修竹裏,0.8167201616829627
風晴日暖摇雙竹,春城雨色動微寒,0.8130341817062069
風晴日暖摇雙竹,夜郎溪日暖,0.8040039247799549
風晴日暖摇雙竹,風榭柳微舒,0.8223489389128331
風晴日暖摇雙竹,朱栱浮雲細細輕,0.8006110025641637
風晴日暖摇雙竹,春日兼蒙暄暖扶,0.8202299873364494
風晴日暖摇雙竹,丹鷁排風影,0.804342433233391
鸜鵒之肉不可肴,黄羊飫不羶,0.8251200134510572
鸜鵒之肉不可肴,不比俗馬空多肉,0.8363827186904633
鸜鵒之肉不可肴,其皮割剥甚,0.8012630042328506
鸜鵒之肉不可肴,可以貸不毛,0.814597589263441
鸜鵒之肉不可肴,肥肉大酒徒相要,0.8270657787398203
鸜鵒之肉不可肴,肉味不足登鼎俎,0.8402318415883574
鸜鵒之肉不可肴,縹緲親酒肉,0.8077222565747675
鸜鵒之肉不可肴,汝性不茹葷,0.8016709620074038
鸜鵒之肉不可肴,苣兮蔬之常,0.8047380012711647
鸜鵒之肉不可肴,俎豆腐羶肉,0.8240729780995084
鸜鵒之肉不可肴,肉食哂菜色,0.827437127437469
鸜鵒之肉不可肴,白羽曾肉三狻猊,0.815094294397324
鸜鵒之肉不可肴,乳獸待人肉,0.8456664193869415
人生不材果爲福,人實不易知,0.8071182684901308
人生不材果爲福,人生亦有初,0.8159722036045067
人生不材果爲福,材力爾精靈,0.8013820117007868
人生不材果爲福,方知不材者,0.8462154179164091
人生不材果爲福,未必不爲福,0.8476142709450998
人生不材果爲福,人生不再好,0.8047964389970487
人生不材果爲福,世人亦爲爾,0.819918956302102
人生不材果爲福,古來材大難爲用,0.8273348540221064
人生不材果爲福,全生或用奇,0.809876267467387
人生不材果爲福,主人不世才,0.8160618270625464
人生不材果爲福,人生貴是男,0.8537049086427827
子舟之筆利如錐,扁舟不獨如張翰,0.8134681889701016
子舟之筆利如錐,於利競錐刀,0.8673876984362869
子舟之筆利如錐,行諸直如筆,0.8226271920378241
千變萬化皆天機,造化鍾神秀,0.815983498629697
千變萬化皆天機,一氣轉洪鈞,0.8335287758581089
千變萬化皆天機,矯矯龍性含變化,0.825415038515894
千變萬化皆天機,沸天萬乘動,0.8186079423019204
千變萬化皆天機,百萬化爲魚,0.8157299308710244
千變萬化皆天機,萬事隨轉燭,0.8249839128780538
千變萬化皆天機,乃知變化不可窮,0.8314342762297654
千變萬化皆天機,政化錯迕失大體,0.8000051825019339
千變萬化皆天機,蒼天變化誰料得,0.8191081629218502
千變萬化皆天機,萬事盡付形骸外,0.8035092087645543
千變萬化皆天機,此生隨萬物,0.8438872463464919
千變萬化皆天機,字體變化如浮雲,0.819219404936097
千變萬化皆天機,萬物附本性,0.8202880479507196
千變萬化皆天機,出處各天機,0.820677860360354
千變萬化皆天機,人生萬事無不有,0.8129454581110391
千變萬化皆天機,變化有鵾鵬,0.8415321623318097
千變萬化皆天機,萬象皆春氣,0.860710215742529
千變萬化皆天機,天機自明斷,0.8031442932428479
何似夢中蝴蝶飛,蛺蝶飛來黄鸝語,0.8003236468534813
何似夢中蝴蝶飛,他鄉饒夢寐,0.8137218313247023
何似夢中蝴蝶飛,俱飛蛺蝶元相逐,0.8321744038156007
何似夢中蝴蝶飛,飛飛蜂蝶多,0.84989116511167
何似夢中蝴蝶飛,何事卽飛翻,0.8108773833634366
萬事同一機,萬事隨轉燭,0.8382599861047484
萬事同一機,生事不自謀,0.8114065042093455
萬事同一機,成都萬事好,0.8024671288962857
萬事同一機,萬事盡付形骸外,0.8317189016126059
萬事同一機,此生隨萬物,0.8232756365136309
萬事同一機,出處各天機,0.8237087344429253
萬事同一機,人生萬事無不有,0.8191145806785061
萬事同一機,百年從萬事,0.8177907642744677
萬事同一機,事業富清機,0.8048856301270204
多慮乃禪病,老來苦便静,0.8275264107680556
多慮乃禪病,身猶縳禪寂,0.8126103707855624
多慮乃禪病,抱病昏忘集,0.8234399327973141
多慮乃禪病,一病緣明主,0.8289700287906223
多慮乃禪病,小來習性懶,0.8008003250254889
多慮乃禪病,貧知静者性,0.8183482678522924
多慮乃禪病,静者心多妙,0.8229164506966409
多慮乃禪病,多病一疏散,0.8126849457229464
多慮乃禪病,多病獨愁常閴寂,0.831089849089141
多慮乃禪病,多病也身輕,0.8141006336769796
多慮乃禪病,衰謝多扶病,0.8004251703410264
多慮乃禪病,久客多憂今愈疾,0.8092620138597485
多慮乃禪病,得使諸病入,0.8221594364490425
多慮乃禪病,世情只益睡,0.8194697321184192
多慮乃禪病,老病客殊方,0.817053004527871
多慮乃禪病,病從深酌道吾真,0.8330556676568552
多慮乃禪病,聚集病應瘳,0.8125743789525482
多慮乃禪病,此病蓋有因,0.824811863982283
多慮乃禪病,棲遲病卽痊,0.8201021788043807
多慮乃禪病,客病留因藥,0.8315477652371881
多慮乃禪病,病身終不動,0.8077821115730106
多慮乃禪病,多病久加飯,0.8027221107690617
多慮乃禪病,骨清慮不喧,0.8154776351533037
多慮乃禪病,病多猶是客,0.8100501801336272
多慮乃禪病,我甘多病老,0.8147184015035049
多慮乃禪病,有求常百慮,0.8167856728564774
多慮乃禪病,卧病却愁春,0.8087243028254453
多慮乃禪病,入朝病見妨,0.8104970971024907
多慮乃禪病,已衰病方入,0.8176174327611541
排悶有新詩,可以賦新詩,0.8231915660745626
排悶有新詩,新詩日又多,0.8495172179952694
排悶有新詩,岑生多新詩,0.8081013213505397
排悶有新詩,題詩得秀句,0.8281112374472033
排悶有新詩,新詩句句好,0.8045001283243864
排悶有新詩,嚴詩賦幾篇,0.820790885655154
排悶有新詩,東閣官梅動詩興,0.8075403133536266
排悶有新詩,排悶强裁詩,0.9039168056525364
排悶有新詩,遣興莫過詩,0.834254132786254
排悶有新詩,我有新詩何處吟,0.8277168432466087
排悶有新詩,把君詩過日,0.8152232944784518
排悶有新詩,詩清立意新,0.8059443046700803
排悶有新詩,漫卷詩書喜欲狂,0.8062749897091641
排悶有新詩,題詩須一行,0.801458181726822
排悶有新詩,有情且賦詩,0.8380597813024757
排悶有新詩,愁極本憑詩遣興,0.8309564755108905
排悶有新詩,賦詩新句穩,0.8405637305727718
排悶有新詩,斗酒新詩終自疏,0.8425831368839961
排悶有新詩,新詩近玉琴,0.8021365941021633
排悶有新詩,新詩改罷自長吟,0.8484889930835329
排悶有新詩,作詩呻吟内,0.8271477058489631
排悶有新詩,陶冶賴詩篇,0.8026303799579826
排悶有新詩,賦詩分氣象,0.8061650139474192
排悶有新詩,吟多意有餘,0.8025016498165309
排悶有新詩,將詩待物華,0.8139328667116235
排悶有新詩,自吟詩送老,0.8210665522663051
排悶有新詩,情在强詩篇,0.8018967554404122
排悶有新詩,新詩昨寄將,0.8069780622139489
排悶有新詩,興盡纔無悶,0.806557657749281
忘蹄出兔徑,步屧到蓬蒿,0.8058347567599599
忘蹄出兔徑,無心待馬蹄,0.8091384272349196
忘蹄出兔徑,開門野鼠走,0.8009590254915072
忘蹄出兔徑,放蹄知赤驥,0.8136510107679282
忘蹄出兔徑,妙取筌蹄棄,0.8025806107806107
忘蹄出兔徑,虎跡過新蹄,0.8389796420494298
蓮花生淤泥,茵蔯春藕香,0.809081992068986
蓮花生淤泥,採藕不洗泥,0.8250318975134727
蓮花生淤泥,芹泥隨燕觜,0.8001894102644886
蓮花生淤泥,花鴨無泥滓,0.8281440583231015
蓮花生淤泥,秋沙先少泥,0.8238036825622327
蓮花生淤泥,泥沙卷涎沫,0.8119347278772309
蓮花生淤泥,白種陸池蓮,0.8013034220184623
蓮花生淤泥,春泥百草生,0.8031708399688138
可見嗔喜性,見知真自幼,0.8335381638208863
可見嗔喜性,於我見子真顔色,0.8004109010117233
可見嗔喜性,但見新人笑,0.8022909971072598
可見嗔喜性,喜見淳樸俗,0.8021177431367549
可見嗔喜性,坐見悔吝生,0.8311732106147123
可見嗔喜性,一生喜怒長任真,0.8239994783904998
可見嗔喜性,常受衆目憐,0.8147454096674731
小立近幽香,駐屐近微香,0.8390046436350356
小立近幽香,幽獨移佳境,0.8101049496355532
心與晚色静,蕭然淨客心,0.8033592910255076
心與晚色静,水花晚色静,0.8556267396863169
心與晚色静,好静心跡素,0.8473928770533017
心與晚色静,静者心多妙,0.808442433252893
心與晚色静,暝色帶遠客,0.801122590297798
心與晚色静,心跡喜雙清,0.8133094377204182
心與晚色静,江清心可瑩,0.8013398048887592
心與晚色静,胸襟日沉静,0.8165010541082238
心與晚色静,爽合風襟静,0.830322617542085
心與晚色静,始爲江山静,0.8006946513473201
心與晚色静,湖月林風相與清,0.8028848724299059
主人心安樂,貧知静者性,0.8028124946397999
主人心安樂,樂任主人爲,0.8394256618055538
主人心安樂,乃知君子心,0.8074471455461733
主人心安樂,丈人但安坐,0.8186200581631834
花竹有和氣,春氣漸和柔,0.8010120506766514
花竹有和氣,但見元氣常調和,0.8368545346496421
花竹有和氣,與道氣相和,0.8295615391148595
花竹有和氣,花氣渾如百和香,0.8514606136090423
花竹有和氣,萬象皆春氣,0.8015741539170993
時從物外賞,時俗造次那得致,0.8021197797900643
時從物外賞,可以物理推,0.8032930264668698
時從物外賞,洗然順所適,0.823406695272938
時從物外賞,高懷見物理,0.8062517204444392
時從物外賞,清動杯中物,0.8092396772000905
時從物外賞,時清非造次,0.8089476069752484
自益酒中味,味如甘露漿,0.8223308481827036
自益酒中味,玉觴淡無味,0.8630313174887411
自益酒中味,莫辭酒味薄,0.8146666336577152
自益酒中味,盤飧市遠無兼味,0.8085683903107921
自益酒中味,杯乾自可添,0.810352470585199
自益酒中味,茗飲蔗漿攜所有,0.8025211201726631
自益酒中味,氣味濃香幸見分,0.810852038373088
自益酒中味,賴有杯中物,0.817918644876179
自益酒中味,世情只益睡,0.8009127469687878
自益酒中味,當令美味入吾脣,0.8240975718375827
自益酒中味,嗜酒益疏放,0.8119593249177042
自益酒中味,性豪業嗜酒,0.8119655154459529
自益酒中味,病身虚俊味,0.8123129162541918
自益酒中味,病從深酌道吾真,0.8071674283638564
自益酒中味,自足媚盤飧,0.8001210842486137
自益酒中味,此味亦時須,0.8019458919823644
自益酒中味,自覺酒須賒,0.8109759850231406
自益酒中味,清談見滋味,0.8376606207250475
自益酒中味,飯糲添香味,0.8097386051920479
自益酒中味,清動杯中物,0.8172244963287673
斸枯蟻改穴,枯查卷拔樹,0.8108850247568367
斸枯蟻改穴,野鼠拱亂穴,0.811089382828016
斸枯蟻改穴,穴蟻欲何逃,0.8387820589756314
斸枯蟻改穴,朽骨穴螻蟻,0.8602797171226458
斸枯蟻改穴,歲久爲枯林,0.8098353017577877
斸枯蟻改穴,行蟻上枯梨,0.839139353604733
斸枯蟻改穴,日暮蛟龍改窟穴,0.8310955462842944
斸枯蟻改穴,久陰蛟螭出,0.8035230930982439
斸枯蟻改穴,林居看蟻穴,0.8202693380890731
斸枯蟻改穴,築場憐穴蟻,0.8530334330985714
掃籜笋迸地,石上走長根,0.802928950799491
掃籜笋迸地,鑿井交椶葉,0.825131707032635
掃籜笋迸地,舍下筍穿壁,0.8092151504186671
掃籜笋迸地,雨灑石壁來,0.8030183208346994
萬籟寂中生,陰壑生虚籟,0.8711685214238374
萬籟寂中生,萬籟真笙竽,0.8790177954745095
萬籟寂中生,有時自發鐘磬響,0.8033623643301261
萬籟寂中生,夜鐘清萬户,0.8108374798360352
萬籟寂中生,響下清虚裏,0.8010967747361831
萬籟寂中生,爽合風襟静,0.8136835820346933
萬籟寂中生,千崖無人萬壑静,0.8133520528558882
乃知風雨至,二儀積風雨,0.8292924282032813
乃知風雨至,風雨亦來過,0.8538229471275681
乃知風雨至,咫尺但愁雷雨至,0.8018925273226833
乃知風雨至,今秋乃淫雨,0.8564703880551028
乃知風雨至,移因風雨秋,0.8556088050053134
乃知風雨至,鷄鳴風雨交,0.8253292495634376
乃知風雨至,久旱雨亦好,0.8236082215729035
乃知風雨至,既雨晴亦佳,0.8106839209064831
乃知風雨至,好雨知時節,0.822475572452588
乃知風雨至,况乃迴風吹,0.8098755330139027
乃知風雨至,須知風化首,0.804243612740396
乃知風雨至,因驚四月雨聲寒,0.8119284460987162
乃知風雨至,不知雲雨散,0.8210671640971637
乃知風雨至,不昧風雨晨,0.8190355878047684
乃知風雨至,飛雨靄而至,0.8167261218738888
乃知風雨至,今雨喜容易,0.8122339930876985
乃知風雨至,雨聲先以風,0.8274523864597301
乃知風雨至,始知雲雨峽,0.8335795055102222
乃知風雨至,北風昨夜雨,0.8017082510142752
乃知風雨至,此行怨暑雨,0.8106670114034994
西風鏖殘暑,仲月來寒風,0.8143577014526657
西風鏖殘暑,氣酣日落西風來,0.8035027709649085
西風鏖殘暑,昨夜東風吹血腥,0.8197034971248349
西風鏖殘暑,東風吹春冰,0.8130707156404958
西風鏖殘暑,殺氣薄炎熾,0.8300366042435348
西風鏖殘暑,西征海氣寒,0.8097370520967724
西風鏖殘暑,陰風西北來,0.8286738275341962
西風鏖殘暑,况乃迴風吹,0.8015428601760448
西風鏖殘暑,江風颯長夏,0.8154068665494532
西風鏖殘暑,徂暑終衰歇,0.8077170606087347
西風鏖殘暑,清涼破炎毒,0.8110571731679487
西風鏖殘暑,炎風朔雪天王地,0.8047545974032152
西風鏖殘暑,黄屋朔風卷,0.8240119115386965
西風鏖殘暑,北風吹瘴癘,0.8485966669105293
西風鏖殘暑,暑雨留蒸濕,0.8019345591241369
西風鏖殘暑,北風天正寒,0.8170440890592938
西風鏖殘暑,疾風颯颯昏亭午,0.8017379815763146
西風鏖殘暑,十日北風風未迴,0.8150966162299088
西風鏖殘暑,北風隨爽氣,0.8139668693098984
西風鏖殘暑,地蒸南風盛,0.8066417133397541
西風鏖殘暑,氣待北風蘇,0.8129512781135314
西風鏖殘暑,北風昨夜雨,0.8143709703916244
如用霍去病,用箭當用長,0.8054314701746994
如用霍去病,破敵過箭疾,0.8097838534572926
如用霍去病,三年猶瘧疾,0.8142743779409604
如用霍去病,防身動如律,0.8076778276969778
如用霍去病,其奈疾病攻,0.829942389063477
如用霍去病,病渴身何去,0.8188790781817594
如用霍去病,馮招疾病纏,0.8075211908689545
疏溝滿蓮塘,沙苑交迴汀,0.8174342805609691
疏溝滿蓮塘,映竹水穿沙,0.805233075079739
疏溝滿蓮塘,霜倒半池蓮,0.8007569563002654
疏溝滿蓮塘,隔沼連香芰,0.802665065114327
疏溝滿蓮塘,圓荷浮小葉,0.8122577927048094
疏溝滿蓮塘,細水曲通池,0.8091023993243517
疏溝滿蓮塘,清廟映迴塘,0.8111885479050382
疏溝滿蓮塘,雲水照方塘,0.8180633437031029
掃葉明竹逕,著葉滿枝翠羽蓋,0.8145008689357373
掃葉明竹逕,葉裏松子僧前落,0.8186577139642167
掃葉明竹逕,鑿井交椶葉,0.8115797566734901
中有寂寞人,人間夜寥闃,0.8062059134378734
中有寂寞人,寂寞白獸闥,0.8106926648382826
中有寂寞人,室中更無人,0.8138037181097502
中有寂寞人,寂寞天寶後,0.8156107746604228
中有寂寞人,故人何寂寞,0.8132076686157407
中有寂寞人,索居尤寂寞,0.8199000974428039
中有寂寞人,邑有佳主人,0.8002667293681947
中有寂寞人,松根胡僧憇寂寞,0.8122681320712108
中有寂寞人,寂寞向時人,0.8696718963045216
中有寂寞人,寥落無其人,0.8328365501797881
中有寂寞人,真龍竟寂寞,0.816281033896233
中有寂寞人,斯人已寂寥,0.8220374677700109
中有寂寞人,聖賢兩寂寞,0.8510464081681501
中有寂寞人,寂寥人散後,0.8434311343506458
自知圓覺性,見知真自幼,0.8436059263907021
自知圓覺性,以茲悟生理,0.8265376481553224
自知圓覺性,至性有此不,0.8081622786167542
自知圓覺性,自顧轉無趣,0.8240340240367434
自知圓覺性,自適固其常,0.8077420899415678
自知圓覺性,貧知静者性,0.8629995161104971
自知圓覺性,性命由他人,0.8107682148263383
自知圓覺性,静者心多妙,0.8377622146105368
自知圓覺性,應接非本性,0.8338588579057451
自知圓覺性,物理固自然,0.8302090969579772
自知圓覺性,静求元精理,0.8448555770876491
自知圓覺性,直取性情真,0.853305800838685
自知圓覺性,受性本幽獨,0.8175728372697387
自知圓覺性,虚覺神靈聚,0.8000484957379673
自知圓覺性,秉心識本源,0.8219530962478341
自知圓覺性,龐公任本性,0.822988506939428
自知圓覺性,消中得自由,0.8492520940343707
自知圓覺性,必驗升沉體,0.8045713717955172
自知圓覺性,虚心味道玄,0.8462699314096573
自知圓覺性,自覺坐能堅,0.8188024503951559
自知圓覺性,鍊骨調情性,0.8024951947864924
自知圓覺性,終然契真如,0.8386534521246728
自知圓覺性,自喜遂生理,0.8031117277091193
自知圓覺性,天機自明斷,0.8272179033739062
心猿方睡起,自經喪亂少睡眠,0.8056026701613339
心猿方睡起,老夫卧穩朝慵起,0.8002345446706096
心猿方睡起,吾兄睡穩方舒膝,0.8018863541395684
心猿方睡起,哀猿更起坐,0.8015303898564883
心猿方睡起,暫睡想猿蹲,0.8959686717592779
一笑六窗静,一談一笑俗相看,0.8408975228173947
外物攻伐人,物性固難奪,0.8095881136734668
外物攻伐人,名不隸征伐,0.8182602148611301
外物攻伐人,剽刦吏所羞,0.8164602738001917
外物攻伐人,氣敵萬人將,0.8031294357155282
外物攻伐人,伐叛必全懲,0.8407679211746373
鍾鼓作聲氣,睡美不聞鐘鼓傳,0.8217773924873155
鍾鼓作聲氣,有時自發鐘磬響,0.8157141347419521
鍾鼓作聲氣,召令習鼓鞞,0.8026174233758787
鍾鼓作聲氣,一鼓氣無前,0.8242236511791784
鍾鼓作聲氣,椎鼓鳴鐘天下聞,0.8218780570747557
鍾鼓作聲氣,間作鼓增氣,0.8837350952925425
鍾鼓作聲氣,不識鐘鼓饗,0.8323945108988762
鍾鼓作聲氣,法歌聲變轉,0.8120337252421839
待渠弓箭盡,彎弓西射胡,0.8055323187706369
待渠弓箭盡,輦前才人帶弓箭,0.8462010206292501
待渠弓箭盡,弓矢向秋毫,0.8073034558216683
待渠弓箭盡,可惜刻漏隨更箭,0.841416283212127
待渠弓箭盡,騂弓金爪鏑,0.8126734775752564
待渠弓箭盡,渠是弓弩手,0.8238618815706168
待渠弓箭盡,箭出飛鞚内,0.8004804367654396
待渠弓箭盡,但促銅壺箭,0.8300412383827984
我自味無味,性亦嗜醇酎,0.8069272265437002
我自味無味,味如甘露漿,0.8072976513768022
我自味無味,玉觴淡無味,0.8757712171096046
我自味無味,味豈同金菊,0.8054605951457605
我自味無味,味暖併無憂,0.8361867255168445
我自味無味,盤飧市遠無兼味,0.8306306497317675
我自味無味,自愧無鮭菜,0.8094848575502241
我自味無味,氣味濃香幸見分,0.8122264072699268
我自味無味,病身虚俊味,0.8232861683316637
我自味無味,病從深酌道吾真,0.805532642537698
我自味無味,此味亦時須,0.8012207217840628
我自味無味,虚心味道玄,0.8096276795247553
我自味無味,清談見滋味,0.8335446631117001
我自味無味,飯糲添香味,0.834480022576988
我自味無味,遠傳冬筍味,0.8089940835543816
宴安衽席間,筵秩宴北林,0.8234416444242815
宴安衽席間,歸來御席同,0.8119517870268861
宴安衽席間,安居奉我歡,0.8144663925040039
蛟鰐垂涎地,蛟螭乘九皋,0.8103490570061569
蛟鰐垂涎地,深山大澤龍蛇遠,0.8029447402694521
蛟鰐垂涎地,仰穿龍蛇窟,0.8085626531241719
蛟鰐垂涎地,竟與蛟螭雜,0.8052598994425582
蛟鰐垂涎地,浮深簸蕩黿鼉窟,0.8069536372096808
蛟鰐垂涎地,恐泥竄蛟龍,0.8303826008435775
蛟鰐垂涎地,龍怒拔老湫,0.8301745986813399
蛟鰐垂涎地,翻動龍蛇窟,0.8196695244974825
蛟鰐垂涎地,蟄龍三冬卧,0.804844619200592
蛟鰐垂涎地,長淮浪高蛟龍怒,0.8108251496010517
蛟鰐垂涎地,竟日蛟龍喜,0.8277120503396789
蛟鰐垂涎地,旂尾蛟龍會,0.8078453973035495
蛟鰐垂涎地,蛟龍亦狼狽,0.8114564449450533
蛟鰐垂涎地,潛龍無聲老蛟怒,0.8601318169206141
蛟鰐垂涎地,日暮蛟龍改窟穴,0.8315098101183789
蛟鰐垂涎地,泥沙困老龍,0.8137258100550213
蛟鰐垂涎地,蛟龍無定窟,0.8361253739728749
蛟鰐垂涎地,青溪先有蛟龍窟,0.8012633969554301
蛟鰐垂涎地,蛟龍引子過,0.802929228677655
蛟鰐垂涎地,風送蛟龍匣,0.813880323535723
蛟鰐垂涎地,野水失蛟螭,0.8772050490537991
蛟鰐垂涎地,舊俗燒蛟龍,0.8105039125647482
蛟鰐垂涎地,腥至焦長蛇,0.8236952523307146
蛟鰐垂涎地,久陰蛟螭出,0.8656115738251029
蛟鰐垂涎地,蛟龍鬭不開,0.8478781076358176
蛟鰐垂涎地,枯木半龍鱗,0.8112392848396635
蛟鰐垂涎地,魚龍迴夜水,0.8271763154925249
蛟鰐垂涎地,泥沙卷涎沫,0.8188556725573191
蛟鰐垂涎地,蛟龍纏倚劍,0.8343056917865899
蛟鰐垂涎地,一斛舊水藏蛟龍,0.8096450291261771
蛟鰐垂涎地,蛟龍窟宅尊,0.8289500611093901
蛟鰐垂涎地,蛟之横,0.8063369984311709
蛟鰐垂涎地,龍蛇不成蟄,0.8163349037281077
蛟鰐垂涎地,龍蛇動篋蟠銀鈎,0.8128607745861405
蛟鰐垂涎地,蛟螭出無痕,0.8503316521343183
蛟鰐垂涎地,凍埋蛟龍南浦縮,0.875846609026152
蛟鰐垂涎地,蛟螭深作横,0.8466651904537073
蛟鰐垂涎地,熊羆欲蟄龍蛇深,0.8339060864641068
蛟鰐垂涎地,回首蛟龍池,0.8021871372932242
蛟鰐垂涎地,蛟龍欲蟄寒沙水,0.8770779038395988
即知堅冰至,自覺面勢堅,0.8017665686064983
即知堅冰至,冰雪鶯難至,0.8152631547520497
悟罷本誰病,身猶縳禪寂,0.8051119842517027
悟罷本誰病,貧知静者性,0.8107443615639245
悟罷本誰病,静者心多妙,0.8142179109654524
悟罷本誰病,應接非本性,0.8146239321630853
悟罷本誰病,知余懶是真,0.8449353146742523
悟罷本誰病,畫師不是無心學,0.8410912655248515
悟罷本誰病,禪龕只宴如,0.8015373819153504
悟罷本誰病,直取性情真,0.8025512782201741
悟罷本誰病,龐公任本性,0.8042925879556773
悟罷本誰病,慣習元從衆,0.8016744112160801
悟罷本誰病,虚心味道玄,0.8032158570375415
悟罷本誰病,問法看詩妄,0.8204378535708579
西風將小雨,風雨亦來過,0.8007994833819951
西風將小雨,今秋乃淫雨,0.8304307505729782
西風將小雨,一旬半雷雨,0.8039075372069251
西風將小雨,曉來急雨春風顛,0.8465979017537321
西風將小雨,頭風吹過雨,0.8663681915969236
西風將小雨,小雨晨光内,0.8039887737839058
西風將小雨,小雨夜復密,0.8046410144683287
西風將小雨,十日北風風未迴,0.8081074164037148
西風將小雨,北風昨夜雨,0.8253244311425075
西風將小雨,破浪南風正,0.8005425507798021
苦竹遶蓮塘,竹細野池幽,0.8058275455247166
自悦魚鳥性,應耽野趣長,0.8149764058684063
自悦魚鳥性,物性固難奪,0.8100285825381677
自悦魚鳥性,吏隱適情性,0.8676871324205179
自悦魚鳥性,踴躍常人情,0.8162129522531492
自悦魚鳥性,小來習性懶,0.819077412445382
自悦魚鳥性,禽鳥亦有行,0.8279909073235698
自悦魚鳥性,自適固其常,0.8012212526994991
自悦魚鳥性,貧知静者性,0.8524329758267133
自悦魚鳥性,心微傍魚鳥,0.8204877053080255
自悦魚鳥性,物理固自然,0.806615051020607
自悦魚鳥性,謝爾性所適,0.851513730318997
自悦魚鳥性,信美無與適,0.8052126346427542
自悦魚鳥性,欣欣物自私,0.8236484439365599
自悦魚鳥性,幽偏得自怡,0.8510882744203789
自悦魚鳥性,褊性合幽棲,0.8253546796501623
自悦魚鳥性,懶性從來水竹居,0.8372420926049786
自悦魚鳥性,水鳥自孤飛,0.8155872066592541
自悦魚鳥性,物色兼生意,0.8002602118301299
自悦魚鳥性,我生性放誕,0.8151559359271356
自悦魚鳥性,直取性情真,0.8079105720310633
自悦魚鳥性,洗然順所適,0.800627989996159
自悦魚鳥性,君看禽鳥情,0.8241397090620854
自悦魚鳥性,自契魚水親,0.8661384696570205
自悦魚鳥性,受性本幽獨,0.8234211889835229
自悦魚鳥性,鳴艣各有適,0.8150883652365664
自悦魚鳥性,龐公任本性,0.8237275296810392
自悦魚鳥性,林木心所欣,0.8288284866714333
自悦魚鳥性,自喜遂生理,0.8310737030060198
自悦魚鳥性,鐘鼎山林各天性,0.8021884136593547
紅粧倚翠蓋,紫萼扶千蕊,0.8133163150651592
紅粧倚翠蓋,特地引紅妝,0.8154743854804916
紅粧倚翠蓋,風帆倚翠蓋,0.8157435950094423
不點禪心静,身猶縳禪寂,0.8361627759915133
不點禪心静,貧知静者性,0.8083712403459447
不點禪心静,虚空不離禪,0.8684820684324316
不點禪心静,好静心跡素,0.8033272197972137
不點禪心静,月出山更静,0.800555846882012
不點禪心静,静者心多妙,0.8658064080807348
不點禪心静,静求元精理,0.8613130847268753
不點禪心静,畫師不是無心學,0.8256830327145113
不點禪心静,禪龕只宴如,0.8412242021979165
不點禪心静,蕭蕭理體淨,0.8012804292485156
不點禪心静,虚心味道玄,0.8506205351431713
不點禪心静,骨清慮不喧,0.8009062271350943
風生高竹凉,林風纖月落,0.8111857812886865
風生高竹凉,修竹不受暑,0.8053369776815567
風生高竹凉,荷淨納涼時,0.8103065590874761
風生高竹凉,松風肅泠泠,0.8271048183238978
風生高竹凉,涼風新過雁,0.8246839177465943
風生高竹凉,山添扇枕涼,0.8148092345954941
風生高竹凉,稍待秋風涼冷後,0.813165251193408
風生高竹凉,開軒納微涼,0.8019585623227157
風生高竹凉,涼風起天末,0.8095208044573299
風生高竹凉,涼風動萬里,0.8032627085686483
風生高竹凉,山谷進風涼,0.8378945036837262
風生高竹凉,千崖秋氣高,0.8011684741753081
風生高竹凉,淅淅風生砌,0.8459456059412207
風生高竹凉,竹高鳴翡翠,0.8257449773018368
風生高竹凉,樹濕風涼進,0.8482390291973454
風生高竹凉,寒事颯高秋,0.8035948517408287
風生高竹凉,竹涼侵卧内,0.8032441238674883
風生高竹凉,淅淅野風秋,0.8294897813585238
風生高竹凉,更覺松竹幽,0.8163055423254441
風生高竹凉,高風下木葉,0.807570136915557
風生高竹凉,風竹在華軒,0.808349515588632
風生高竹凉,秋風動哀壑,0.8089573628458315
風生高竹凉,秋風淅淅吹巫山,0.8071601099588261
風生高竹凉,秋風淅淅吹我衣,0.81911115146825
風生高竹凉,高棟曾軒已自涼,0.8272385996250027
風生高竹凉,溪風滿薄帷,0.8123554718123775
風生高竹凉,秋風灑静便,0.8152231832059029
風生高竹凉,秋風吹几杖,0.8252411846765038
風生高竹凉,秋風楚竹冷,0.8418680571342001
風生高竹凉,松林蘭若秋風晚,0.8014827607170367
風生高竹凉,江風借夕涼,0.8366684581750137
雨送新荷氣,荷淨納涼時,0.834341698784825
雨送新荷氣,南陽氣已新,0.8082108050376489
雨送新荷氣,秋雨欲生魚,0.8038739706141045
雨送新荷氣,細雨更移橙,0.8070019986541984
雨送新荷氣,葉潤林塘密,0.8046943820426598
雨送新荷氣,雨後過畦潤,0.8398605421485759
雨送新荷氣,烟添纔有色,0.8040276249659637
雨送新荷氣,稍通綃幕霽,0.8293249974467721
雨送新荷氣,楚岸收新雨,0.8340859745527192
雨送新荷氣,春氣晚更生,0.8494135387714186
雨送新荷氣,野露及新嘗,0.8202058608977243
雨送新荷氣,牛力晚來新,0.8203028243118735
雨送新荷氣,秋來尚鬱蒸,0.8028998563920361
雨送新荷氣,圃畦新雨潤,0.8522101196139591
雨送新荷氣,秋日新霑影,0.8182124845416288
雨送新荷氣,暑雨留蒸濕,0.8003504840233651
魚游悟世網,水深魚知聚,0.8132535172569613
魚游悟世網,地僻無網罟,0.8003801644535606
魚游悟世網,信然龜觸網,0.8280177292564335
魚游悟世網,出處同世網,0.866840296747222
魚游悟世網,白魚困密網,0.8359218006233511
鳥語入禪味,精理通談笑,0.809285231738181
鳥語入禪味,心清聞妙香,0.8063079422194885
鳥語入禪味,語樂寄夜永,0.8010196605236992
鳥語入禪味,静者心多妙,0.8250584012722413
鳥語入禪味,來書語絶妙,0.8311087044720107
鳥語入禪味,佛香時入院,0.8100714626699999
鳥語入禪味,僧來不語自鳴鐘,0.8559080248586944
鳥語入禪味,静求元精理,0.8023735981728233
鳥語入禪味,知音兼衆語,0.8160356567360193
鳥語入禪味,虚心味道玄,0.8199390407380726
鳥語入禪味,清談見滋味,0.8279549341599339
一揮四百病,饑卧動卽向一旬,0.8095564826342465
一揮四百病,一飯四五起,0.817631611852463
一揮四百病,卧病一秋强,0.8063940208240148
一揮四百病,一日兩遣僕,0.8082236255845366
一揮四百病,一哀侵疾病,0.8231225415103656
一揮四百病,老將一失律,0.8135994573715275
智刃有餘地,白刃讎不義,0.8009807744186582
智刃有餘地,筆力破餘地,0.8250100820208573
智刃有餘地,議論有餘地,0.8346964543654958
病來每厭客,酒醒思卧簟,0.8012887307384732
病來每厭客,老來苦便静,0.8534268303760577
病來每厭客,客意已驚秋,0.8050308707691334
病來每厭客,興來不暇懶,0.8203949252094433
病來每厭客,抱病昏忘集,0.8140029823891861
病來每厭客,小來習性懶,0.8184239560898809
病來每厭客,頗覺寄來遲,0.8128049933013783
病來每厭客,客去亦不息,0.8102707546740142
病來每厭客,往來雜坐卧,0.822900623626393
病來每厭客,時來訪老疾,0.8197943100404548
病來每厭客,多病獨愁常閴寂,0.8080703432498744
病來每厭客,客愁全爲減,0.801003123738635
病來每厭客,歸來省醉眠,0.8124231079522374
病來每厭客,幸君因旅客,0.8099270231880988
病來每厭客,久客多憂今愈疾,0.8060175852224669
病來每厭客,南溪老病客,0.817622659324262
病來每厭客,卧愁病脚廢,0.8465296199366943
病來每厭客,舟中得病移衾枕,0.8066616267963378
病來每厭客,衰年病肺惟高枕,0.812437301122424
病來每厭客,老病客殊方,0.8435432504394799
病來每厭客,聚集病應瘳,0.8142293675965198
病來每厭客,徐榻不知倦,0.8163811670009393
病來每厭客,老病忌拘束,0.8113709519563723
病來每厭客,爲客羸瘵成,0.8060281520710538
病來每厭客,棲遲病卽痊,0.8307842961428844
病來每厭客,病減詩仍拙,0.83403573798375
病來每厭客,老困撥書眠,0.8017284179068542
病來每厭客,老人困酒病,0.8407514024740252
病來每厭客,客病留因藥,0.8334475864380106
病來每厭客,多病久加飯,0.8083093162306929
病來每厭客,衰病只藜牀,0.8045236557945106
病來每厭客,病多猶是客,0.8648879564448384
病來每厭客,歸朝跼病肺,0.8054254826648357
病來每厭客,卧疾淹爲客,0.8105854922081035
病來每厭客,客愁殊未已,0.8036975924957505
病來每厭客,我甘多病老,0.8162409626118351
病來每厭客,老病南征日,0.8046529562529245
病來每厭客,衰年病秪瘦,0.8006215093042213
病來每厭客,長卿久病渴,0.8046793180501864
病來每厭客,卧病却愁春,0.8396195716034492
病來每厭客,久客幸脱免,0.8021004515942816
病來每厭客,入朝病見妨,0.8161002443064622
病來每厭客,已衰病方入,0.8024050534884959
今乃思客至,延客已曛黑,0.8138998077032771
今乃思客至,縣吏知我至,0.8003254635283877
今乃思客至,遊子久不至,0.8237918292132209
今乃思客至,乃知久行客,0.8208323748346951
今乃思客至,客則挂冠至,0.8032718869603663
今乃思客至,客至欲如何,0.8016169451952412
今乃思客至,况乃懷舊丘,0.8069113288038967
今乃思客至,秋分客尚在,0.8050187192852576
今乃思客至,況乃清夜起,0.8008734311739425
今乃思客至,今我不樂思岳陽,0.8014871696009267
今乃思客至,況乃主客間,0.8038743118159049
今乃思客至,況乃懷故鄉,0.8189424054936071
今乃思客至,是以數子至,0.820689674096325
路入東園無俗駕,車箱入谷無歸路,0.8104739864372075
路入東園無俗駕,山園細路高,0.8282572817312731
路入東園無俗駕,花徑不曾緣客掃,0.8034398628674437
路入東園無俗駕,隨春入故園,0.8204028749967092
路入東園無俗駕,荒林無徑入,0.8115174151485
路入東園無俗駕,林僻此無蹊,0.8019311602751755
路入東園無俗駕,郊扉俗遠長幽寂,0.8027319026755937
忽逢佳士喜同遊,且隨諸彦集,0.8060971681587757
忽逢佳士喜同遊,時赴鄭老同襟期,0.8123193461699967
忽逢佳士喜同遊,清秋多宴會,0.8061499337951092
忽逢佳士喜同遊,異縣逢舊友,0.8252561684631023
忽逢佳士喜同遊,漸喜交游絶,0.8009434489764283
忽逢佳士喜同遊,過逢連客位,0.8081271475821427
忽逢佳士喜同遊,異方同宴賞,0.8187838381588773
忽逢佳士喜同遊,忽漫相逢是别筵,0.8010508331597976
忽逢佳士喜同遊,戎馬相逢更何日,0.8006431628573598
忽逢佳士喜同遊,殊方又喜故人來,0.8120237364720814
忽逢佳士喜同遊,汶上相逢年頗多,0.8016619388158271
忽逢佳士喜同遊,偶逢佳士亦寫真,0.8597072462752431
忽逢佳士喜同遊,時危挹佳士,0.8014003785518782
忽逢佳士喜同遊,佳客適萬里,0.8152290242777938
忽逢佳士喜同遊,虚館開逢迎,0.8076592107181646
忽逢佳士喜同遊,江閣邀賓許馬迎,0.8159512173261485
忽逢佳士喜同遊,佳人上客前,0.8076634282478734
忽逢佳士喜同遊,西南喜得朋,0.8527891969445163
忽逢佳士喜同遊,邂逅亦相遇,0.8017873276579242
忽逢佳士喜同遊,少逢舊親友,0.8197587226149015
忽逢佳士喜同遊,佳士欣相識,0.8778497009965971
緑荷菡萏稍覺晚,荷淨納涼時,0.808897849104002
緑荷菡萏稍覺晚,菱葉荷花淨如拭,0.8343910719219021
緑荷菡萏稍覺晚,圓荷浮小葉,0.8393509723382393
緑荷菡萏稍覺晚,翻倒荷芰亂,0.8106960355978726
緑荷菡萏稍覺晚,亭深到芰荷,0.8002595793599294
緑荷菡萏稍覺晚,荷芰逐花低,0.8162246915842732
緑荷菡萏稍覺晚,長洲芰荷香,0.8223230297639879
緑荷菡萏稍覺晚,江天足芰荷,0.8074668341097206
黄菊拒霜殊未秋,竹枝霜不蕃,0.8116833869889408
黄菊拒霜殊未秋,菊垂今秋花,0.866984951216711
黄菊拒霜殊未秋,辛夷始花亦已落,0.8044339815485299
黄菊拒霜殊未秋,寒城菊自花,0.8075828652658852
黄菊拒霜殊未秋,十月清霜重,0.8095546051705949
黄菊拒霜殊未秋,秋蔬擁霜露,0.8311436766822905
黄菊拒霜殊未秋,草木未黄落,0.8111933968960474
黄菊拒霜殊未秋,天寒霜雪繁,0.8091052495056381
黄菊拒霜殊未秋,季冬樹木蒼,0.8001477024715268
黄菊拒霜殊未秋,玄冬霜雪積,0.8209328238239477
黄菊拒霜殊未秋,紅取風霜實,0.819246938333726
黄菊拒霜殊未秋,未效風霜勁,0.839905286164784
黄菊拒霜殊未秋,籬外黄花菊對誰,0.8023212169561995
黄菊拒霜殊未秋,丹桂風霜急,0.8178172712007447
黄菊拒霜殊未秋,寒事颯高秋,0.8191394430417136
黄菊拒霜殊未秋,異方初艷菊,0.8180187898194156
黄菊拒霜殊未秋,楓丹不爲霜,0.8286780852091375
黄菊拒霜殊未秋,菊蕊獨盈枝,0.8039434870377713
黄菊拒霜殊未秋,清霜九月天,0.8091951219402671
黄菊拒霜殊未秋,歲暮有嚴霜,0.8150659733175798
黄菊拒霜殊未秋,青楓葉赤天雨霜,0.8169610217789918
黄菊拒霜殊未秋,清秋草木黄,0.836758952977784
黄菊拒霜殊未秋,同時待菊黄,0.8109643094218406
黄菊拒霜殊未秋,松林蘭若秋風晚,0.8040179064385742
黄菊拒霜殊未秋,洞庭秋欲雪,0.8071142909917799
客位正須懸榻下,左轄頻虚位,0.8001965324091281
主人自愛小塘幽,真作野人居,0.8040438186266864
主人自愛小塘幽,愛汝玉山草堂静,0.8068980856317658
主人自愛小塘幽,幸近幽人屋,0.8311189508300671
主人自愛小塘幽,自聞茅屋趣,0.8043401809793775
主人自愛小塘幽,老人他日愛,0.8124934246212234
主人自愛小塘幽,況聞山水幽,0.8090700305687057
主人自愛小塘幽,主人爲卜林塘幽,0.8755760940744852
主人自愛小塘幽,山扉花竹幽,0.8254264402452804
主人自愛小塘幽,幽偏得自怡,0.8392327342454748
主人自愛小塘幽,爲人性僻耽佳句,0.8228694248064516
主人自愛小塘幽,爲愛丈人山,0.8179039582708381
主人自愛小塘幽,幽居近物情,0.8017861370467654
主人自愛小塘幽,懶性從來水竹居,0.8141119050432135
主人自愛小塘幽,竹細野池幽,0.8041897930653537
主人自愛小塘幽,嗜酒愛風竹,0.8113746118175469
主人自愛小塘幽,我有浣花竹,0.8007099884860309
主人自愛小塘幽,非君愛人客,0.8036050692835512
主人自愛小塘幽,更覺松竹幽,0.8015545059583257
主人自愛小塘幽,唯君最愛清狂客,0.8038613937087349
主人自愛小塘幽,人見幽居僻,0.8132851428327206
老夫多病蠻江上,多病沉年苦無健,0.8397422890676123
老夫多病蠻江上,長卿多病久,0.8053272633259749
老夫多病蠻江上,老夫情懷惡,0.8033582034484971
老夫多病蠻江上,多病秋風落,0.8157448724384759
老夫多病蠻江上,三年猶瘧疾,0.8079159196418684
老夫多病蠻江上,多病加淹泊,0.8395451534615792
老夫多病蠻江上,病起暮江濱,0.8675898273160695
老夫多病蠻江上,卧病海雲邊,0.8282135431413138
老夫多病蠻江上,自笑狂夫老更狂,0.8092726957553839
老夫多病蠻江上,衰疾江邊卧,0.8654308349802512
老夫多病蠻江上,茂陵多病後,0.8295349640615672
老夫多病蠻江上,不堪祇老病,0.8094035813619134
老夫多病蠻江上,未怪老夫潛,0.8090509086907767
老夫多病蠻江上,衰謝多扶病,0.810847899527521
老夫多病蠻江上,惟將遲暮供多病,0.8047253505975016
老夫多病蠻江上,江邊老病雖無力,0.8625625700185475
老夫多病蠻江上,貧病他鄉老,0.8154261776435642
老夫多病蠻江上,久客多憂今愈疾,0.8309765325949643
老夫多病蠻江上,將老憂貧窶,0.816913805562387
老夫多病蠻江上,南溪老病客,0.8365750705924381
老夫多病蠻江上,吾老抱疾病,0.8121784482177254
老夫多病蠻江上,將老病纏身,0.8025652862620762
老夫多病蠻江上,灑淚江漢身衰疾,0.8033688628217874
老夫多病蠻江上,老妻憂坐痺,0.8089077234079629
老夫多病蠻江上,病肺卧江沱,0.8496937924952583
老夫多病蠻江上,官應老病休,0.8000479220909371
老夫多病蠻江上,會我病江濱,0.8243918308208974
老夫多病蠻江上,老病巫山裏,0.8373083329899547
老夫多病蠻江上,老少多暍死,0.818146312557074
老夫多病蠻江上,吾衰卧江漢,0.8031674465525395
老夫多病蠻江上,衰年病肺惟高枕,0.8086111903683291
老夫多病蠻江上,老病客殊方,0.8103131658737766
老夫多病蠻江上,一哀侵疾病,0.8034712159660293
老夫多病蠻江上,多病鄴中奇,0.805488767465579
老夫多病蠻江上,吾人淹老病,0.8287076557365871
老夫多病蠻江上,衰老自成病,0.8038215919781025
老夫多病蠻江上,通籍恨多病,0.8034674600623353
老夫多病蠻江上,衰老甘貧病,0.8149805309926066
老夫多病蠻江上,江村獨老身,0.8002985010507293
老夫多病蠻江上,抱病起登江上臺,0.8064191490574666
老夫多病蠻江上,百年多病獨登臺,0.8296115536419203
老夫多病蠻江上,抱病漂萍老,0.8030023437242442
老夫多病蠻江上,老人困酒病,0.8349914977282309
老夫多病蠻江上,楚老長嗟憶炎瘴,0.8086463239104541
老夫多病蠻江上,老夫困石根,0.8158589312836961
老夫多病蠻江上,病多猶是客,0.8082446732215564
老夫多病蠻江上,衰年正苦病侵凌,0.808153305091881
老夫多病蠻江上,魯鈍仍多病,0.8014443332281769
老夫多病蠻江上,我甘多病老,0.8530729839862212
老夫多病蠻江上,蹉跎病江漢,0.8144404970654959
老夫多病蠻江上,老病有孤舟,0.818013334951136
老夫多病蠻江上,老病南征日,0.8508910156581129
老夫多病蠻江上,衰年病秪瘦,0.8006821885001777
頗憶平生馬少游,憶昔少壯日,0.8392226504314241
頗憶平生馬少游,年少臨洮子,0.8002388874001762
頗憶平生馬少游,昔年有狂客,0.8033383351182177
頗憶平生馬少游,王門異昔遊,0.8047460866682999
頗憶平生馬少游,平生鄭與蘇,0.8004596733747605
頗憶平生馬少游,少壯跡頗疏,0.8007200867813835
頗憶平生馬少游,裘馬頗清狂,0.8286437238491344
頗憶平生馬少游,平生躭勝事,0.8045499369089166
頗憶平生馬少游,騎馬忽憶少年時,0.8662219137438791
頗憶平生馬少游,平生灞上遊,0.8805755664851972
岑寂東園可散愁,故人何寂寞,0.8107432693008192
岑寂東園可散愁,索居尤寂寞,0.8120189689278798
岑寂東園可散愁,多病獨愁常閴寂,0.8175327155772225
岑寂東園可散愁,寂寂春將晚,0.8070348890208325
岑寂東園可散愁,雲門青寂寂,0.8100834356827078
岑寂東園可散愁,寂寞春山路,0.8001188819569107
岑寂東園可散愁,文園終寂寞,0.8189324557936248
岑寂東園可散愁,草閣柴扉星散居,0.8012936965223476
岑寂東園可散愁,郊扉俗遠長幽寂,0.8006662384534706
岑寂東園可散愁,寂寥人散後,0.8345549699329364
萬竿苦竹旌旗卷,風鳴排檻旗,0.8007018479395058
萬竿苦竹旌旗卷,惡竹應須斬萬竿,0.8354745738183806
萬竿苦竹旌旗卷,皂尾製旗竿,0.8311849142121718
一部鳴蛙鼓吹秋,馮夷擊鼓羣龍趨,0.810121240593991
一部鳴蛙鼓吹秋,悲笳數聲動,0.8579402815457148
一部鳴蛙鼓吹秋,擊鼓吹笙竽,0.8332061174978307
一部鳴蛙鼓吹秋,召令習鼓鞞,0.8158093449477797
一部鳴蛙鼓吹秋,城上胡笳奏,0.8065018605449776
一部鳴蛙鼓吹秋,羌笛暮吹哀,0.8011564668701137
一部鳴蛙鼓吹秋,鼓角凌天籟,0.8177097752636454
一部鳴蛙鼓吹秋,大聲吹地轉,0.8074020261727205
一部鳴蛙鼓吹秋,高樓鼓角悲,0.8051561538030987
一部鳴蛙鼓吹秋,春風入鼓鼙,0.840326378179531
一部鳴蛙鼓吹秋,鼓角動江城,0.8298809186837859
一部鳴蛙鼓吹秋,戍鼓猶長擊,0.815898191288768
一部鳴蛙鼓吹秋,椎鼓鳴鐘天下聞,0.8453873197596141
一部鳴蛙鼓吹秋,峽中喧擊鼓,0.8283839783723428
一部鳴蛙鼓吹秋,亂離聞鼓角,0.8338375549489346
一部鳴蛙鼓吹秋,五更鼓角聲悲壯,0.8310364029858033
一部鳴蛙鼓吹秋,嚴城疊鼓鼙,0.8107683677252315
一部鳴蛙鼓吹秋,笳簫咽暮蟬,0.8042213055046477
雨後月前天欲冷,稍待秋風涼冷後,0.812377819004911
雨後月前天欲冷,月過北庭寒,0.826155385241945
雨後月前天欲冷,夜深露氣清,0.8017308811575644
雨後月前天欲冷,缺月未生天,0.808827744442546
身閑心遠地常幽,老來苦便静,0.8265210695812357
身閑心遠地常幽,身猶縳禪寂,0.8321325875003253
身閑心遠地常幽,貧知静者性,0.8097907030978411
身閑心遠地常幽,神人身更長,0.8000847518584524
身閑心遠地常幽,好静心跡素,0.8600864131853316
身閑心遠地常幽,静者心多妙,0.8224557140497816
身閑心遠地常幽,幽棲地僻經過少,0.8106076910754568
身閑心遠地常幽,幽偏得自怡,0.8437233876856578
身閑心遠地常幽,褊性合幽棲,0.817590104837285
身閑心遠地常幽,幽居近物情,0.8248092911240728
身閑心遠地常幽,心跡喜雙清,0.820898961429736
身閑心遠地常幽,無營地轉幽,0.8334580516099979
身閑心遠地常幽,懶性從來水竹居,0.8094905988069461
身閑心遠地常幽,幽棲身懶動,0.8461198978770098
身閑心遠地常幽,虚白高人静,0.8034426612722805
身閑心遠地常幽,卜居期静處,0.8059814535785916
身閑心遠地常幽,人見幽居僻,0.8174339718249859
身閑心遠地常幽,郊扉俗遠長幽寂,0.8510347891089515
杜門謝客恐生謗,淮王門有客,0.8011725615421508
杜門謝客恐生謗,杜陵野客人更嗤,0.8390311594746596
杜門謝客恐生謗,張公一生江海客,0.8073081839167155
杜門謝客恐生謗,塞上得阮生,0.8062887213225995
杜門謝客恐生謗,客至從嗔不出迎,0.8084852242151955
杜門謝客恐生謗,恐貽識者嗤,0.8083866854926449
杜門謝客恐生謗,爲我謝賈公,0.8088480311880256
杜門謝客恐生謗,龐公不浪出,0.8042145833022154
先生早擅屠龍學,學業醇儒富,0.8151583300263467
先生早擅屠龍學,吴生遠擅場,0.8157595769009489
先生早擅屠龍學,儒術誠難起,0.8154310272556766
先生早擅屠龍學,廣文先生官獨冷,0.8040103050724361
先生早擅屠龍學,先生有才過屈宋,0.8639446238382746
先生早擅屠龍學,蔡子勇成癖,0.8096929282512622
先生早擅屠龍學,小儒輕董卓,0.8336982407362934
先生早擅屠龍學,先生藝絶倫,0.818918910700359
先生早擅屠龍學,君不見徐卿二子生絶奇,0.8031497223844081
先生早擅屠龍學,學書初學衞夫人,0.8294305379106935
先生早擅屠龍學,朱紱負平生,0.8027652206317039
先生早擅屠龍學,儒生老無成,0.8096293369826675
先生早擅屠龍學,秦王學士時難羡,0.8328602859602986
先生早擅屠龍學,學並盧王敏,0.8119286798165373
先生早擅屠龍學,書偕褚薛能,0.8050451413595009
先生早擅屠龍學,才名賈傅多,0.8281548963837699
先生早擅屠龍學,伏事董先生,0.8139656778712967
先生早擅屠龍學,馮唐雖晚達,0.8039332242099241
先生早擅屠龍學,先儒曾抱麟,0.8174638226431299
先生早擅屠龍學,吾賢富才術,0.8331238902417932
先生早擅屠龍學,皆登屈宋才,0.8008965718060899
先生早擅屠龍學,賈傅才未有,0.8370926354814958
先生早擅屠龍學,吾慕漢初老,0.8049704130566105
先生早擅屠龍學,李杜齊名真忝竊,0.8066719392242736
袖有新硎不試刀,未試囊中餐玉法,0.8366054803747349
袖有新硎不試刀,提刀見發硎,0.8422305677299652
袖有新硎不試刀,玄冬示我胡國刀,0.8185340255331863
袖有新硎不試刀,大食寶刀聊可比,0.8145089730538999
袖有新硎不試刀,右持腰間刀,0.8242457376762
歲晚亦無雞可割,兼求畜豪且割鮮,0.8043862012793412
歲晚亦無雞可割,不知雞賣還遭烹,0.8227730286099563
歲晚亦無雞可割,割慈忍愛還租庸,0.8128006050876024
庖蛙煎鱔薦松醪,冰漿碗碧瑪瑙寒,0.8300694101196905
庖蛙煎鱔薦松醪,仙醴來浮蟻,0.8240490339013962
庖蛙煎鱔薦松醪,香芹碧澗羹,0.8440749557679372
庖蛙煎鱔薦松醪,脆添生菜美,0.8248556549253885
庖蛙煎鱔薦松醪,瓜嚼水精寒,0.809263989115026
庖蛙煎鱔薦松醪,飯煑青泥坊底芹,0.8118471381291219
庖蛙煎鱔薦松醪,一縣葡萄熟,0.807887094846081
庖蛙煎鱔薦松醪,充腸多薯蕷,0.8063177642354475
庖蛙煎鱔薦松醪,濁醪自初熟,0.8201489099304473
庖蛙煎鱔薦松醪,不放香醪如蜜甜,0.8137842483334876
庖蛙煎鱔薦松醪,茗飲蔗漿攜所有,0.8272728293592946
庖蛙煎鱔薦松醪,蔗漿歸廚金碗凍,0.8821435281265625
庖蛙煎鱔薦松醪,山瓶乳酒下青雲,0.8325274229116801
庖蛙煎鱔薦松醪,竹裏行廚洗玉盤,0.8057122159567137
庖蛙煎鱔薦松醪,催蓴煮白魚,0.8474160142823477
庖蛙煎鱔薦松醪,洗杓斟新醖,0.8262344731652355
庖蛙煎鱔薦松醪,蟻浮仍臘味,0.814897204165389
庖蛙煎鱔薦松醪,蒸魚聞匕首,0.8141234761952769
庖蛙煎鱔薦松醪,鐫錯碧甖鸊鵜膏,0.804127485326082
庖蛙煎鱔薦松醪,崖蜜松花熟,0.8169007661639777
庖蛙煎鱔薦松醪,呼兒間煮魚,0.8058110646322645
庖蛙煎鱔薦松醪,煮井爲鹽速,0.8093472405152815
庖蛙煎鱔薦松醪,羹煑秋蓴滑,0.8450781532581502
庖蛙煎鱔薦松醪,飯糲添香味,0.8040916125110606
庖蛙煎鱔薦松醪,秋葵煑復新,0.8135675750995817
庖蛙煎鱔薦松醪,焦糖幸一柈,0.8077439364592891
庖蛙煎鱔薦松醪,嘗稻雪翻匙,0.8078233819514573
庖蛙煎鱔薦松醪,溜匙兼煖腹,0.8010921609140456
庖蛙煎鱔薦松醪,市鬻充杯酒,0.8089502544646767
