황정견,두보,코사인 유사도
正聲不可聞,聲華真可聽,0.8444219801944932
正聲不可聞,聲音咽咽如有謂,0.8179121975059342
正聲不可聞,晚來聲不絶,0.8253698325180419
正聲不可聞,聞見同一聲,0.8161198527481174
正聲不可聞,行斷不堪聞,0.8094712201009168
千載寂寞間,寂寞向山河,0.8035864131971076
千載寂寞間,寂寞書齋裏,0.8128594287044921
千載寂寞間,寂寞白獸闥,0.8110172833757381
千載寂寞間,寂寞天寶後,0.811952357594181
千載寂寞間,寂寞身後事,0.8516337294374674
千載寂寞間,索居尤寂寞,0.8015675819788547
千載寂寞間,寂寞壯心驚,0.8012625482266653
千載寂寞間,寂寞向時人,0.8237529797482197
千載寂寞間,寂寞春山路,0.8042664779311779
千載寂寞間,寂寞想土階,0.8087265356678619
千載寂寞間,斯人已寂寥,0.8176630907953925
千載寂寞間,聖賢兩寂寞,0.8424878154332083
千載寂寞間,寂寥人散後,0.8066028983813984
未有顔叔子,劃見公子面,0.8052722057551002
未有顔叔子,近聞韋氏妹,0.8110813002597401
未有顔叔子,岐有薛大夫,0.8196512868222702
未有顔叔子,千載得鮑叔,0.8193092710462812
未有顔叔子,父老四五人,0.8126730866108534
未有顔叔子,故人有孫宰,0.8042751261785173
未有顔叔子,於我見子真顔色,0.8343320803764229
未有顔叔子,夫子嵇阮流,0.8023225116797564
未有顔叔子,有子賢與愚,0.839445395962191
未有顔叔子,有客有客字子美,0.8099657639072965
未有顔叔子,癡兒不知父子禮,0.8017873066713439
未有顔叔子,安知蔡夫子,0.8125233333737316
未有顔叔子,不復見顔鮑,0.8429648489193236
未有顔叔子,君今幸未成老翁,0.8225124411133227
未有顔叔子,尚子終罕遇,0.8334876211225251
未有顔叔子,孟氏好兄弟,0.812926160424569
未有顔叔子,吾宗老孫子,0.8029850972431967
未有顔叔子,自云帝季女,0.8103842872541749
未有顔叔子,梁公曾孫我姨弟,0.8179138728232516
未有顔叔子,比看伯叔四十人,0.8166876543160158
未有顔叔子,弟子四五人,0.8153239695066727
未有顔叔子,昔有佳人公孫氏,0.8276229635263352
未有顔叔子,王生早曾拜顔色,0.8013785542780099
未有顔叔子,叔父朱門貴,0.8229621844645909
未有顔叔子,未怪及時少年子,0.8078437267422264
未有顔叔子,顔氏之子才孤標,0.8191971156522495
未有顔叔子,賈傅才未有,0.8100603716888368
安知柳下賢,所愧國士知,0.8153128658655983
安知柳下賢,未知天下士,0.8557549521334276
安知柳下賢,始知賢主人,0.8369895080621998
安知柳下賢,所貴者聖賢,0.8011776858903858
安知柳下賢,賢者貴爲德,0.8001220564088521
安知柳下賢,安知蔡夫子,0.8351413903881398
輕肥馬上郎,暮隨肥馬塵,0.813475123063264
輕肥馬上郎,衣馬不復能輕肥,0.8199632858634197
輕肥馬上郎,高秋馬肥健,0.8068578353515806
輕肥馬上郎,馬上誰家白面郎,0.8401316901800283
輕肥馬上郎,使君五馬一馬驄,0.8075327119799218
輕肥馬上郎,衣馬自肥輕,0.8657147544367505
輕肥馬上郎,五陵衣馬自輕肥,0.860589967715264
輕肥馬上郎,尚書玉腕騮,0.8003653659926542
輕肥馬上郎,可憐馬上郎,0.8686653841353822
枯槁林下士,勿悲尚枯槁,0.8325538035055515
枯槁林下士,頗亦恨枯槁,0.8248572658689832
枯槁林下士,有同枯椶木,0.8195283678323493
枯槁林下士,所向色枯槁,0.8176644161130768
聲名斵自然,詩義早知名,0.8272116799041155
聲名斵自然,夫子獨聲名,0.8170031290655155
聲名斵自然,端復得之名譽早,0.8029183237366746
聲名斵自然,中允聲名久,0.8068620632605101
聲名斵自然,聲名從此大,0.8562809638018478
聲名斵自然,爾曹身與名俱滅,0.8032073261434131
聲名斵自然,雅欲逃自然,0.8105812231002705
聲名斵自然,前輩聲名人,0.8293586550358827
聲名斵自然,争名古豈然,0.8654400269900946
聲名斵自然,名聲豈浪垂,0.8129435096326618
勢利焚和氣,猛氣猶思戰場利,0.8326791122448551
勢利焚和氣,殺氣薄炎熾,0.8008998984043991
勢利焚和氣,但見元氣常調和,0.8008757299593104
勢利焚和氣,與道氣相和,0.8196905027707801
勢利焚和氣,沴氣終不滅,0.8270960848558306
勢利焚和氣,縱暴略與羌渾同,0.8041734892979874
勢利焚和氣,其氣如焚柴,0.827048646708058
勢利焚和氣,筋力交彫喪,0.8000500303734499
勢利焚和氣,神器資强幹,0.8130474559719747
智人不駭俗,衆人貴苟得,0.8258420910984575
智人不駭俗,知歸俗所忌,0.8214310381984127
智人不駭俗,剽刦吏所羞,0.8110312723593862
智人不駭俗,其俗善馳突,0.8230454168998507
智人不駭俗,俗態猶猜忌,0.8367932835781638
智人不駭俗,詭怪何得參人謀,0.8143813263531031
智人不駭俗,鄙人寡道氣,0.8234945238835636
智人不駭俗,聞道嬖孽能全生,0.8064302670026628
智人不駭俗,但見文翁能化俗,0.8032295142679318
智人不駭俗,不争好惡莫相疑,0.8008996277791263
智人不駭俗,畏虎不得語,0.8070814472944874
智人不駭俗,識者安肯哂,0.8103474587415447
智人不駭俗,嫉邪嘗力争,0.8216827979451498
智人不駭俗,愚智心盡死,0.8187012025915106
智人不駭俗,殊俗自人群,0.801509570732633
智人不駭俗,人生無賢愚,0.81854555218638
智人不駭俗,畏人嫌我真,0.8105430546200023
智人不駭俗,時危始識不世才,0.8069839584247456
智人不駭俗,薄俗防人面,0.8018262692764639
智人不駭俗,理生那免俗,0.8062624720552561
智人不駭俗,異俗吁可怪,0.8297067500899691
智人不駭俗,烈士惡苟得,0.8018233591788335
智人不駭俗,貴人豈不仁,0.8046579017977855
智人不駭俗,恥爲達人誚,0.8058149799235533
智人不駭俗,瑣細隘俗務,0.8139826438201367
智人不駭俗,幽人見瑕疵,0.8102277535285543
物外有華胥,思飄雲物外,0.8058773233625054
物外有華胥,物微世競棄,0.8048011925614231
物外有華胥,此生隨萬物,0.8037553109940092
時時夢中至,常時往還人,0.8063335575083918
時時夢中至,卧此片時醒,0.8143268409736988
時時夢中至,時時用抵戲,0.8248470217634829
時時夢中至,時時開暗室,0.838610979157441
蘭楫桂爲舟,應須理舟楫,0.8032061079853956
蘭楫桂爲舟,方舟不用楫,0.8086892659103795
蘭楫桂爲舟,扁舟繫此亭,0.8086697598763364
蘭楫桂爲舟,南渡桂水闕舟楫,0.8414819927367035
蘭楫桂爲舟,舟楫無根蒂,0.8024080917906293
蘭楫桂爲舟,和風引桂楫,0.812247619035954
大江可遠游,遨遊宿南山,0.8047408386543741
大江可遠游,遊目俯大江,0.8373229183655033
大江可遠游,復作遊西川,0.8105715229476874
大江可遠游,泛舟俱遠津,0.8047156471592847
大江可遠游,遐泛浙江槳,0.8144595166668378
大江可遠游,昔我遊山東,0.8062460614134104
堅車無良馬,丈人駿馬名胡騮,0.8077810708018501
堅車無良馬,能騎生馬駒,0.8214830201736605
堅車無良馬,駑馬若維縶,0.8213916947632423
堅車無良馬,高馬勿捶面,0.8091222079094902
堅車無良馬,中年胡馬驕,0.809699992755639
堅車無良馬,騄驥皆良馬,0.8347568543996684
堅車無良馬,車輪徒已斲,0.8079707061750547
堅車無良馬,高車駟馬帶傾覆,0.8006518888851462
出門敗吾輈,出門復入門,0.8275648649868422
出門敗吾輈,出師亦多門,0.8119954211654964
一身交萬物,一氣轉洪鈞,0.8124347257818365
一身交萬物,九萬一朝摶,0.8013888593464484
一身交萬物,百萬化爲魚,0.8076887175741405
一身交萬物,萬事盡付形骸外,0.8195602320396254
一身交萬物,此生隨萬物,0.873643782070818
一身交萬物,一物休盡取,0.8076831015256171
一身交萬物,一經器物内,0.8068181794669287
一身交萬物,萬物附本性,0.8286046609874498
一身交萬物,浩蕩古今同一體,0.8014631310521727
一身交萬物,萬象皆春氣,0.8175791536652111
一身交萬物,勞生繫一物,0.8283324193027819
用我未易周,用之不高亦不庳,0.8019416558262455
用我未易周,不復夢周孔,0.814887389941343
用我未易周,用心未甚臧,0.8246295955906275
用我未易周,不敢墜周旋,0.8090289938198272
用我未易周,爾祖未顯時,0.8057934807621506
安得柳下惠,借問新安吏,0.8031455852275582
安得柳下惠,安得萬里風,0.8019562594606211
安得柳下惠,安得廉頗將,0.806256112149042
窮年與之遊,吾與誰游衍,0.8181216399569023
窮年與之遊,文學與我游,0.8039159627645039
大蔭彌九州,樹羽臨九州,0.8129803388061609
至仁雖愛物,惠遠德過人,0.8321270070832307
至仁雖愛物,不是愛微軀,0.8169873601361035
至仁雖愛物,則知潤物功,0.8134956987278459
至仁雖愛物,濟時敢愛死,0.8161122736518764
至仁雖愛物,愛其謹潔極,0.8039132263262867
至仁雖愛物,聖聰矧多仁,0.8132968227678108
至仁雖愛物,聖哲體仁恕,0.8062847001719808
至仁雖愛物,太陽信深仁,0.8262318253372494
至仁雖愛物,吾知拙養尊,0.8013981094689329
至仁雖愛物,貴人豈不仁,0.8479992120761808
至仁雖愛物,在德非馨香,0.8007635436021512
至仁雖愛物,惠愛南翁悦,0.8280119910439543
用舍如春秋,春秋二時歸至尊,0.8165445700348367
晴空不成雨,黑入太陰雷雨垂,0.8169104746462159
晴空不成雨,密雲復無雨,0.8301029845907326
晴空不成雨,山雨不作泥,0.8042408550707429
晴空不成雨,天晴忽散絲,0.8428004807460996
晴空不成雨,帶雨不成花,0.8004633974917978
遠岫行歸休,歸路晚山稠,0.823997802300122
遠岫行歸休,歸山獨鳥遲,0.8107070510131167
遠岫行歸休,歸舟應獨行,0.8167960465036544
遠岫行歸休,秋深復遠行,0.8029883689670463
遠岫行歸休,歸林鳥却回,0.8058791658721156
遠岫行歸休,宿鳥行猶去,0.820237043452215
一去如驚鷗,驚風吹鴻鵠,0.8025714209896149
一去如驚鷗,身輕一鳥過,0.8053232088786515
一去如驚鷗,一飽卽飛掣,0.8184337658712171
一去如驚鷗,杯渡不驚鷗,0.8221236257567677
一去如驚鷗,俄頃逐輕鷗,0.8155117611277484
黄鵠送黄鵠,黄鵠去不息,0.8576064839996453
黄鵠送黄鵠,驚風吹鴻鵠,0.8019273083177917
黄鵠送黄鵠,安得騎鴻鵠,0.8340646412915458
黄鵠送黄鵠,公主歌黄鵠,0.8307177667371499
黄鵠送黄鵠,黄鵠翅垂雨,0.8454583137689702
黄鵠送黄鵠,黄鵠摩蒼天,0.8636738051793289
黄鵠送黄鵠,沙頭暮黄鶴,0.800950800235909
黄鵠送黄鵠,前飛秃𪃩後鴻鵠,0.8165088571230203
中道言别離,中夜間道歸,0.8374819214644073
中道言别離,别離經死地,0.807912363280167
中道言别離,人世别離難,0.8145077119159616
中道言别離,昔别君未婚,0.8064313397971475
中道言别離,客行新安道,0.8043934115454858
中道言别離,況經長别心,0.8483033261957702
中道言别離,欲别向曛黑,0.8046815090460147
中道言别離,遠送從此别,0.81995050095925
中道言别離,别離終不久,0.8246261687213684
中道言别離,其如有别離,0.8265597157891726
中道言别離,此别淚相望,0.8153498562552546
中道言别離,别離慘至今,0.8290749425168839
中道言别離,聰明憶别離,0.8207315184056612
中道言别離,恨此當離樽,0.8078330218399197
中道言别離,辛苦在道路,0.8032020593806926
中道言别離,伏枕聞别離,0.8047219727340584
中道言别離,嗚呼生别離,0.8067250957599824
送君不憚遠,出門日已遠,0.8179877293019444
送君不憚遠,閭里送我行,0.8372933839428387
送君不憚遠,問君適萬里,0.8436957750599657
送君不憚遠,歸客千里至,0.8117982770229402
送君不憚遠,問我久遠行,0.8630862862630899
送君不憚遠,告我欲遠適,0.8356557420790924
送君不憚遠,送客東郊道,0.8147209774581163
送君不憚遠,君行雖不遠,0.8762154111150608
送君不憚遠,遊子久不至,0.8016649795589756
送君不憚遠,胡爲君遠行,0.8437820929529887
送君不憚遠,不畏道途遠,0.8122969683623
送君不憚遠,江山路遠羇離日,0.8014452955332417
送君不憚遠,遠送從此别,0.8496557406417585
送君不憚遠,不辭萬里長爲客,0.8051400564888043
送君不憚遠,君思千里蓴,0.8056463181468261
送君不憚遠,君王不復行,0.8037538571927132
送君不憚遠,遠行無自苦,0.8261649842390444
送君不憚遠,遠行不勞吉日出,0.8055645291273412
愁見獨歸時,愁時獨向東,0.8710554001218382
愁見獨歸時,歸山獨鳥遲,0.8043662521145603
愁見獨歸時,眼見客愁愁不醒,0.8148664586380467
愁見獨歸時,想見懷歸尚百憂,0.8034499711530998
愁見獨歸時,江邊獨立時,0.8068365607302406
愁見獨歸時,愁來賦别離,0.8105393489606028
羅網翳稻粱,各有稻粱謀,0.8052473854182366
羅網翳稻粱,家纔足稻粱,0.8013167862800671
羅網翳稻粱,新炊間黄粱,0.813620662079793
羅網翳稻粱,稻粱須就列,0.837646844653209
羅網翳稻粱,官雞輸稻粱,0.8155582594125868
江湖水彌彌,滄浪水深青溟闊,0.8161574922055357
江湖水彌彌,涇水中蕩潏,0.8204557020908149
江湖水彌彌,江湖多風波,0.8067662028120848
江湖水彌彌,江湖秋水多,0.856254749385265
江湖水彌彌,綿州江水之東津,0.8121873145699288
江湖水彌彌,江光夕滋漫,0.8074188322022938
江湖水彌彌,江碧鳥逾白,0.81310589354052
江湖水彌彌,山深水增波,0.8244169786088835
江湖水彌彌,碧海闊逾澄,0.8474568242353737
江湖水彌彌,江湖深更白,0.8429635526095896
江湖水彌彌,天地西江遠,0.8023015098233586
江湖水彌彌,大水淼茫炎海接,0.8138422120899264
江湖水彌彌,江湖天闊足風濤,0.8196210165451567
江湖水彌彌,江湖渺霽天,0.8429795671545366
江湖水彌彌,五湖復浩蕩,0.8218894668940764
江湖水彌彌,衡岳江湖大,0.81161912757861
行行不相見,之子時相見,0.8000648040522808
行行不相見,行人但云點行頻,0.8157398191297409
行行不相見,問我久遠行,0.8013407051355506
行行不相見,不見遊子還,0.822362433331179
行行不相見,行子隔手不相見,0.912003767741829
行行不相見,人生不相見,0.8253553823005682
行行不相見,君行雖不遠,0.8329343885288433
行行不相見,相過人不知,0.8135391084442418
行行不相見,東行應暫别,0.8094782252936283
行行不相見,行李須相問,0.8025388478864293
行行不相見,行路難如此,0.8019803698046941
行行不相見,君王不復行,0.8148477478176271
行行不相見,行色遞隱見,0.8097915275305223
行行不相見,遠行無自苦,0.8131635275638651
行行不相見,歸朝不相見,0.8376936148275087
行行不相見,行行見羈束,0.8605340203441041
行行不相見,不見江湖行路難,0.8455132000900552
行行不相見,行斷不堪聞,0.8008971577572055
勉哉冥冥飛,時哉高飛燕,0.8134823589109991
勉哉冥冥飛,當爲斸青冥,0.8233673732246749
勉哉冥冥飛,冥冥任所往,0.8202110726450453
勉哉冥冥飛,冥冥翠龍駕,0.8229663344526972
勉哉冥冥飛,冥冥孤高多烈風,0.8086357668099136
勉哉冥冥飛,鴻飛冥冥日月白,0.8096612923311834
勉哉冥冥飛,冥冥欲避矰,0.8158503786764293
蟬聲已紓遲,葉密鳴蟬稠,0.802509572610099
蟬聲已紓遲,頗覺寄來遲,0.801380079769431
秋日行晼晚,秋日亂清暉,0.8161694276196605
秋日行晼晚,今日暮途窮,0.8020618427900612
秋日行晼晚,行色秋將晚,0.8895906178932711
秋日行晼晚,日兼春有暮,0.8239056523861706
秋日行晼晚,冬至至後日初長,0.8270330805779461
秋日行晼晚,春船正好行,0.8088472192952245
秋日行晼晚,送子清秋暮,0.8210936650926047
秋日行晼晚,高秋此日生,0.8013177095484014
秋日行晼晚,今日過雲遲,0.8020733783632445
秋日行晼晚,春熱西日暮,0.8346129328491375
長年困道路,世梗悲路澀,0.801455040539865
長年困道路,北走經險艱,0.80141676885584
長年困道路,何況道路長,0.8566306779387043
長年困道路,客行新安道,0.8024061193307879
長年困道路,老弱哭道路,0.8665982997970421
長年困道路,常恐死道路,0.8395437966705248
長年困道路,旅泊吾道窮,0.8023510004225084
長年困道路,不畏道途遠,0.845795079905877
長年困道路,胡塵暗天道路長,0.8018915109339098
長年困道路,三年飢走荒山道,0.8194116761087819
長年困道路,畏途隨長江,0.8269910243077756
長年困道路,來時道路長,0.8451060959163048
長年困道路,不愁巴道路,0.8279966185117098
長年困道路,巴西道路難,0.8052677274727497
長年困道路,盡室畏途邊,0.8019423270125703
長年困道路,此日飢寒趨路旁,0.8110107916840747
長年困道路,歸州長年行最能,0.8048636067398585
長年困道路,小人塞道路,0.8363715859063197
長年困道路,去家死路旁,0.8122044815250515
長年困道路,猶嗟行路難,0.8416018871296564
長年困道路,辛苦在道路,0.8540740842194123
長年困道路,直道無憂行路難,0.8144393530153953
長年困道路,老年常道路,0.90920427499253
長年困道路,窮途仗神道,0.8088561535814331
長年困道路,余病長年悲,0.8014400145260646
驅馬方更遠,未惜馬蹄遥,0.8087559692493854
驅馬方更遠,問我久遠行,0.803810806029037
驅馬方更遠,東郊瘦馬使我傷,0.8144239437578606
驅馬方更遠,躍馬意何長,0.8013991651324454
驅馬方更遠,疾禁千里馬,0.8086857826897875
驅馬方更遠,戎馬日衰息,0.8083663800962593
驅馬方更遠,遊子慎馳騖,0.8100565875511854
驅馬方更遠,身病戎馬後,0.8046763557503739
從事常厭煩,撫事煎百慮,0.8038489655650423
從事常厭煩,復接塵事屏,0.8073731687318304
從事常厭煩,實恐人事稠,0.8100859072916816
從事常厭煩,能事不受相促迫,0.8035260186826846
從事常厭煩,於事少凝滯,0.8063686439749744
從事常厭煩,瑣細隘俗務,0.8224174464070675
從事常厭煩,喧卑俗事牽,0.8112293452940365
旨甘良未豐,味如甘露漿,0.813620812437365
旨甘良未豐,甘澤不猶愈,0.8178286883644419
旨甘良未豐,偏勸腹腴愧年少,0.803808972515917
旨甘良未豐,春雨餘甘蔗,0.8001945161326873
旨甘良未豐,丹橘露應嘗,0.8018980514933018
旨甘良未豐,此物頗豐熟,0.820185267947185
旨甘良未豐,野露及新嘗,0.8189727842424486
旨甘良未豐,嘉蔬既不一,0.8263006139032288
旨甘良未豐,憂國願年豐,0.8015826049228132
旨甘良未豐,種幸房州熟,0.8040186589871879
旨甘良未豐,橘洲田土仍膏腴,0.8004400825995531
安得懷息偃,垂老不得安,0.8357854216849445
安得懷息偃,安辭且窮棲,0.8343344324514528
安得懷息偃,安得萬里風,0.8062189157494792
安得懷息偃,焉能尚安宅,0.8095239440538595
安得懷息偃,干戈未偃息,0.8011471559429699
安得懷息偃,聊待偃蓋張,0.8029461885899902
安得懷息偃,强移棲息一枝安,0.8240069965740636
安得懷息偃,干戈未偃息,0.8011471559429699
安得懷息偃,庶遂憇息歡,0.8498075994679735
安得懷息偃,平生憩息地,0.8071664555926904
安得懷息偃,偃息歸碧潯,0.8253251377048965
安得懷息偃,丈人但安坐,0.8098319014960478
安得懷息偃,勞心依憩息,0.822885792755474
安得懷息偃,得失瞬息間,0.8046122638456532
日中爲之傾,盆中爲吾取,0.806966527157152
天地尚乃爾,天地有順逆,0.8206510893325267
天地尚乃爾,忽在天一方,0.8179799853745171
天地尚乃爾,今秋天地在,0.8064789874760125
天地尚乃爾,天下尚未寧,0.8291847774380301
萬物能久盈,物色生態能幾時,0.8359708278221376
明德忌曄曄,宣光果明哲,0.8068097134638791
高才貴冥冥,高義薄曾雲,0.8167624715682817
高才貴冥冥,冥冥孤高多烈風,0.8269246065050669
高才貴冥冥,吾賢富才術,0.800930506386941
高才貴冥冥,梁公富貴於身疏,0.8092626473027946
高才貴冥冥,微才謝所欽,0.8110721094326617
忽解扁舟去,扁舟意不忘,0.8233596659819689
忽解扁舟去,未因乘興去,0.8029073818584755
忽解扁舟去,不有小舟能蕩槳,0.8089223998099889
忽解扁舟去,從此具扁舟,0.8241012884782968
忽解扁舟去,扁舟吾已僦,0.8391800393521858
忽解扁舟去,龍舟移棹晚,0.8445629030019643
忽解扁舟去,扁舟欲往箭滿眼,0.826525253900104
忽解扁舟去,輕舟下吴會,0.8302650896488597
忽解扁舟去,舟楫浪前輕,0.802076600151111
忽解扁舟去,故作放舟迴,0.8104270585943769
忽解扁舟去,扁舟落吾手,0.8062879552936999
忽解扁舟去,扁舟輕裊纜,0.8258191772284041
忽解扁舟去,君今復入舟,0.8018439261417196
忽解扁舟去,時聞繫舟楫,0.8187938540415096
忽解扁舟去,遣騎覓扁舟,0.8197941625802112
忽解扁舟去,漸擬放扁舟,0.8241155435430996
忽解扁舟去,扁舟繫此亭,0.8220641147655812
忽解扁舟去,扁舟任往來,0.8452621620218985
忽解扁舟去,舟楫眇然自此去,0.8395381221812097
忽解扁舟去,别我舟檝去,0.8634355864551898
忽解扁舟去,扁舟空老去,0.847791792495864
忽解扁舟去,仙山引舟航,0.800113052450294
懷哉張季鷹,傷哉文儒士,0.8010679509982157
懷哉張季鷹,嗟爾江漢人,0.8071120413042006
懷哉張季鷹,傷時愧孔父,0.802727355758664
懷哉張季鷹,惜哉李蔡不復得,0.8023843651519025
榨床在東壁,牀上書連屋,0.8174357210730829
榨床在東壁,御榻在嵽嵲,0.8037909837434523
榨床在東壁,詩書遂牆壁,0.8063399255268238
榨床在東壁,汝書猶在壁,0.8193425763449704
榨床在東壁,垂頭傍我牀,0.8264863353219672
榨床在東壁,曝露牆壁外,0.8023589888317617
榨床在東壁,禁臠去東牀,0.8093471114036164
病起繞壁行,饑卧動卽向一旬,0.8096249951323897
病起繞壁行,憂來藉草坐,0.8074310070474461
病起繞壁行,往來雜坐卧,0.8081068644546316
病起繞壁行,時來訪老疾,0.8035354766268926
病起繞壁行,坐卧只多少行立,0.8180991802803773
病起繞壁行,卧愁病脚廢,0.8276035305835487
病起繞壁行,卧病識山鬼,0.8015263347960777
病起繞壁行,老困撥書眠,0.8209097074717753
新醅浮白蟻,春酒杯濃琥珀薄,0.8483396178049343
新醅浮白蟻,冰漿碗碧瑪瑙寒,0.8108548996720465
新醅浮白蟻,仙醴來浮蟻,0.8637338900630736
新醅浮白蟻,碧酒隨玉粒,0.8114167888750372
新醅浮白蟻,邊酒排金碗,0.8273175126242922
新醅浮白蟻,濁醪自初熟,0.8217261560819297
新醅浮白蟻,不放香醪如蜜甜,0.8002398372525159
新醅浮白蟻,蔗漿歸廚金碗凍,0.8164566698352926
新醅浮白蟻,山瓶乳酒下青雲,0.840064353900996
新醅浮白蟻,射洪春酒寒仍緑,0.8191100594686136
新醅浮白蟻,鵝兒黄似酒,0.8014669469742488
新醅浮白蟻,催蓴煮白魚,0.8093653965723435
新醅浮白蟻,洗杓斟新醖,0.8861392822762402
新醅浮白蟻,椒實雨新紅,0.8010945751034133
新醅浮白蟻,蟻浮仍臘味,0.8624712396999212
新醅浮白蟻,嘗稻雪翻匙,0.801451395189684
渴見解朝酲,似欲忘饑渴,0.8432257181646324
渴見解朝酲,是日慰飢渴,0.8180300725255455
渴見解朝酲,渴飲寒泉逢觝觸,0.8052079077837913
渴見解朝酲,我雖消渴甚,0.8012847180198461
渴見解朝酲,歸朝跼病肺,0.8246172019333278
渴見解朝酲,老夫纜亦解,0.8042479465129903
小槽垂玉筯,冰漿碗碧瑪瑙寒,0.8005638561767323
小槽垂玉筯,露井凍銀牀,0.8225654013751829
小槽垂玉筯,象牀玉手亂殷紅,0.8297794664711322
小槽垂玉筯,圓齊玉筯頭,0.8179388031732917
小槽垂玉筯,小驛香醪嫩,0.8082976623163979
小槽垂玉筯,低頭拭小盤,0.8115670648124036
小槽垂玉筯,翠瓜碧李沉玉甃,0.8239840840038772
音響有餘清,心清聞妙香,0.8017158565333277
音響有餘清,有時自發鐘磬響,0.8299070155153783
音響有餘清,君聽空外音,0.8112669685826529
音響有餘清,聲音咽咽如有謂,0.8066064314028467
音響有餘清,秋色有餘淒,0.8081475158391326
音響有餘清,微風韻可聽,0.8283666969943224
音響有餘清,府中有餘清,0.8242234016317225
音響有餘清,泠泠風有餘,0.8486280191556849
音響有餘清,泉聲帶玉琴,0.8036338291595897
音響有餘清,激揚音韻徹,0.8776687515240309
音響有餘清,投壺散帙有餘清,0.8133299657381877
音響有餘清,聲節哀有餘,0.8135763327714851
疾風春雨作,二儀積風雨,0.8053900297330986
疾風春雨作,驅馬天雨雪,0.8053248357335605
疾風春雨作,風雨亦來過,0.8342438639595091
疾風春雨作,今秋乃淫雨,0.8271308499076298
疾風春雨作,移因風雨秋,0.818051375631319
疾風春雨作,一旬半雷雨,0.8460942272146479
疾風春雨作,春帆細雨來,0.8158996392973754
疾風春雨作,曉來急雨春風顛,0.9014329262768306
疾風春雨作,頭風吹過雨,0.8553580972192102
疾風春雨作,黑入太陰雷雨垂,0.8099268716330024
疾風春雨作,風雨不動安如山,0.803244896162901
疾風春雨作,二月已風濤,0.8025966247891119
疾風春雨作,昨屬愁春雨,0.8225944852051912
疾風春雨作,春多逆水風,0.8198461608776697
疾風春雨作,驚惶致雷雨,0.8166628628891204
疾風春雨作,亢陽乘秋熱,0.8035410502688383
疾風春雨作,雨聲先以風,0.834063177334679
疾風春雨作,驕陽化爲霖,0.8162840129969897
疾風春雨作,山雨不作泥,0.8140972466205165
疾風春雨作,十日北風風未迴,0.8475383379478193
疾風春雨作,窮冬急風水,0.8097006712117732
疾風春雨作,風濤上春沙,0.8030030015934169
疾風春雨作,北風昨夜雨,0.8330456648051318
疾風春雨作,此行怨暑雨,0.8084590107836139
疾風春雨作,破浪南風正,0.8004538893143223
静夜山泉鳴,聽詩静夜分,0.8638167588591323
静夜山泉鳴,清心聽鳴鏑,0.8262885255493824
静夜山泉鳴,耳邊已似聞清猿,0.8036423153824968
静夜山泉鳴,泉聲聞復息,0.8028819950565302
静夜山泉鳴,悲泉共幽咽,0.8377714353372496
静夜山泉鳴,有時自發鐘磬響,0.807388338975614
静夜山泉鳴,林猿爲我啼清晝,0.8114645503724848
静夜山泉鳴,僧來不語自鳴鐘,0.8333270905881056
静夜山泉鳴,清聞樹杪磬,0.8064938985520915
静夜山泉鳴,虚閣自松聲,0.8005539041961396
静夜山泉鳴,永夜角聲悲自語,0.8016296701221672
静夜山泉鳴,應得夜深聞,0.8151246544153112
静夜山泉鳴,江鳴夜雨懸,0.8134570290342826
静夜山泉鳴,泉聲帶玉琴,0.8144286283030966
静夜山泉鳴,中夜江山静,0.8157962195216163
静夜山泉鳴,空峽夜多聞,0.8097844963828521
静夜山泉鳴,泉源泠泠雜猿狖,0.8290617869931173
静夜山泉鳴,松風磵水聲合時,0.8206889064722145
安得朱絲絃,素絲挈長魚,0.8126997046489082
安得朱絲絃,朱絲有斷絃,0.8883815126816279
安得朱絲絃,濯濯朱絲繩,0.8080253893933582
安得朱絲絃,喜見朱絲直,0.830493535424709
安得朱絲絃,正直朱絲絃,0.87379831408539
爲我寫此聲,爲公歌此曲,0.8436172960505011
爲我寫此聲,我有新詩何處吟,0.8162569748785076
爲我寫此聲,爲我一澘然,0.815050564062064
爲我寫此聲,清風爲我起,0.802949187598105
爲我寫此聲,看君妙爲政,0.8082598702636073
爲我寫此聲,發聲爲爾吞,0.8135926896182134
正爾可人情,也復可憐人,0.8068756541445083
正爾可人情,可憐爲人好心事,0.8179090141212078
正爾可人情,物情尤可見,0.8064835631819971
弄水清江曲,清漣曳水衣,0.8214496942678178
弄水清江曲,江水清源曲,0.8958432724077181
弄水清江曲,寸步曲江頭,0.8120353529844742
弄水清江曲,浩歌淥水曲,0.8176799546112379
弄水清江曲,春日潛行曲江曲,0.810467528278164
弄水清江曲,浣花溪水水西頭,0.8199898258475466
弄水清江曲,田舍清江曲,0.8122422149798735
弄水清江曲,清江一曲抱村流,0.8408142805350849
弄水清江曲,春日清江岸,0.8166607299560613
弄水清江曲,江清歌扇底,0.8061744188434082
弄水清江曲,清江錦石傷心麗,0.8033465578626009
弄水清江曲,水檻温江口,0.8409827385087982
弄水清江曲,匣琴流水自須彈,0.8028327661928686
弄水清江曲,却過清渭影,0.8003237414497898
弄水清江曲,清思漢水上,0.8214980346668413
采薇南山隅,采擷細瑣升中堂,0.8027494597403857
采薇南山隅,今日南湖采薇蕨,0.8593697073877558
采薇南山隅,志士採紫芝,0.810422942318918
采薇南山隅,不厭北山薇,0.8301211365262529
采薇南山隅,采藥山北谷,0.8818071773458522
采薇南山隅,采薇青雲端,0.8576882959421278
采薇南山隅,石間采蕨女,0.8108989404259295
采薇南山隅,山中疾采薇,0.8585770950943714
當吾無事時,已用當時法,0.8016908392065545
當吾無事時,爾祖未顯時,0.800494178979215
此豈不我娱,歡娱將謂何,0.8394012170477556
此豈不我娱,君臣留歡娱,0.814254889013668
此豈不我娱,君豈棄此物,0.8059810644224628
此豈不我娱,幽事亦可悦,0.8114871313594793
此豈不我娱,安居奉我歡,0.8044551370452877
此豈不我娱,生我不得力,0.8155806793049762
此豈不我娱,徒旅慘不悦,0.8011577202572284
此豈不我娱,我行怪此安敢出,0.8071893770796914
此豈不我娱,對此欲何適,0.8000692768296758
此豈不我娱,吾徒胡爲縱此樂,0.8359374615685657
此豈不我娱,我衰不足道,0.8115355536689288
此豈不我娱,老夫轉不樂,0.8071657590358015
喬木好鳥音,好鳥鳴巖扃,0.8391161909411714
喬木好鳥音,禽鳥亦有行,0.8099261849853738
喬木好鳥音,林茂鳥有歸,0.8186138715442777
喬木好鳥音,隔葉黄鸝空好音,0.8071211997078314
喬木好鳥音,知音兼衆語,0.803965225559627
喬木好鳥音,君看禽鳥情,0.8011905181705608
喬木好鳥音,谷鳥鳴還過,0.8131656785915842
喬木好鳥音,禽獸有餘哀,0.814617436878077
喬木好鳥音,擇木知幽鳥,0.8699972231953242
喬木好鳥音,百鳥各相命,0.8065182418472296
喬木好鳥音,好鳥知人歸,0.8113129403397064
喬木好鳥音,林木心所欣,0.8000338633625133
喬木好鳥音,西來有好鳥,0.8183831869872982
喬木好鳥音,林茂鳥知歸,0.8077613323240014
喬木好鳥音,喬木易高風,0.8052067431703634
喬木好鳥音,黄鳥喧嘉音,0.8481424398229873
喬木好鳥音,彈落似鴞禽,0.8167108941648923
天風韻虚徐,陰壑生虚籟,0.8022723714854142
天風韻虚徐,天意颯風飇,0.8111239616540047
天風韻虚徐,松風肅泠泠,0.8318758321237709
天風韻虚徐,微風韻可聽,0.8412767865924816
天風韻虚徐,山谷進風涼,0.8039166679217344
天風韻虚徐,天清風卷幔,0.8196776608932352
天風韻虚徐,虚閣自松聲,0.8053629712405624
天風韻虚徐,亦遣馭清風,0.8068576089506536
天風韻虚徐,泠泠風有餘,0.8181781077160467
天風韻虚徐,天虚風物清,0.8422592371366809
天風韻虚徐,響下清虚裏,0.8150135686380144
天風韻虚徐,步壑風吹面,0.8249911789075638
遐心游四海,南游炎海甸,0.8021699201929657
萬里不須臾,問君適萬里,0.8184084512490468
萬里不須臾,咫尺應須論萬里,0.8559715096921519
萬里不須臾,不辭萬里長爲客,0.8071845963416937
萬里不須臾,萬里須十金,0.8347701655718451
萬里不須臾,相看萬里外,0.8058243873255868
萬里不須臾,復爲萬里别,0.8000888193260585
萬里不須臾,相隨萬里日,0.8041881403485782
回首古衣冠,重見衣冠走,0.841010578357242
回首古衣冠,回首周南客,0.8174190464282494
回首古衣冠,迴首憶朝班,0.8302069534267577
荆樊老丘墟,流落隨丘墟,0.8513785522468083
荆樊老丘墟,往來當丘樊,0.8125509811277785
荆樊老丘墟,結愛獨荆榛,0.8250163411020213
荆樊老丘墟,闔閭丘墓荒,0.8148051448428886
荆樊老丘墟,卜宅楚村墟,0.8134910365177532
荆樊老丘墟,天地一丘墟,0.8018573135878058
荆樊老丘墟,故國莽丘墟,0.8330421303174846
欲付此中意,深意實在此,0.8132351395063915
歸翻蟲蠧書,白間剥畫蟲,0.8132403850735757
短生憂不足,生事不自謀,0.8115477810063321
短生憂不足,養生終自惜,0.8072172942626074
此道樂有餘,流寓理豈愜,0.8056870559591573
此道樂有餘,至性有此不,0.8600155589846349
此道樂有餘,深意實在此,0.813242738358213
此道樂有餘,此道昔歸順,0.8069578613022172
此道樂有餘,吾徒胡爲縱此樂,0.8212747581146081
此道樂有餘,此樂幾難朽,0.8231766290297828
此道樂有餘,此病蓋有因,0.8339977711341606
此道樂有餘,有求彼樂土,0.8255096982574882
貧賤難安處,貴賤俱物役,0.8039251013898185
貧賤難安處,難甘原憲貧,0.8285622404025411
貧賤難安處,素知賤子甘貧賤,0.8586656578256459
貧賤難安處,貧賤人事略,0.8200025719697789
貧賤難安處,乃知貧賤别更苦,0.8061687407628161
貧賤難安處,家貧苦宦卑,0.8367864923572181
貧賤難安處,安貧亦士常,0.86588943011336
貧賤難安處,固合嬰饑貧,0.810971431115882
貧賤難安處,無心恥賤貧,0.8608620457726587
貧賤難安處,貧賤固其常,0.8725809330132436
貧賤難安處,無貴賤不悲,0.820031265871282
貧賤難安處,無富貧亦足,0.8189191830772242
貧賤難安處,中外貴賤殊,0.8107189913327011
貧賤難安處,多難不安居,0.8463630266714095
貧賤難安處,艱難體貴安,0.8557452801908239
别離更增悲,别離驚節换,0.8139689977815703
别離更增悲,人世别離難,0.8141166240120377
别離更增悲,别意終感激,0.801759335452278
别離更增悲,亂後故人雙别淚,0.805878796882955
别離更增悲,生别常惻惻,0.8068883154922238
别離更增悲,況經長别心,0.8210180616928531
别離更增悲,相遇益愁辛,0.8146886412997478
别離更增悲,亂後别離頻,0.8674613857921587
别離更增悲,轉添愁伴客,0.8115026304313193
别離更增悲,念此别驚神,0.8043032534499754
别離更增悲,惜别酒頻添,0.8118781855551485
别離更增悲,别離終不久,0.8203242650573475
别離更增悲,天際傷愁别,0.837739995819538
别離更增悲,别離傷老大,0.8813616716231947
别離更增悲,離别不堪無限意,0.8358463642821308
别離更增悲,離恨兼相仍,0.814250273339461
别離更增悲,衰老應爲難離别,0.8268273478726191
别離更增悲,亂離知又甚,0.8255625388205676
别離更增悲,晦日更添愁,0.8045196608955434
别離更增悲,其如有别離,0.8214077335388955
别離更增悲,空然惜别離,0.8583873794529888
别離更增悲,此别淚相望,0.8134052747525611
别離更增悲,亂離減憂慼,0.8480703915867336
别離更增悲,離别重相逢,0.8237227343079234
别離更增悲,别離慘至今,0.8428387451710206
别離更增悲,添余别興牽,0.8174809891714101
别離更增悲,聰明憶别離,0.8163684589491012
别離更增悲,愁來賦别離,0.8771970588543292
别離更增悲,亂離生有别,0.8307092933608518
别離更增悲,我衰易悲傷,0.8078238649846944
别離更增悲,别離憂怛怛,0.8540346618140179
别離更增悲,愁絶更堪論,0.8020382252355938
别離更增悲,歲云暮矣增離憂,0.8283601701866812
别離更增悲,惆悵此離筵,0.8273917051131634
别離更增悲,爲别幾淒然,0.8579697825219036
别離更增悲,今夕亂離啼,0.8073524819048248
别離更增悲,其如離别何,0.8091977008323574
别離更增悲,嗚呼生别離,0.8280905197220814
别離更增悲,多憂增内傷,0.8160440913265267
經營動北征,邊兵盡東征,0.8688341909941681
經營動北征,神兵動朔方,0.8267647925246622
經營動北征,秋屯隴右兵,0.8018758485802433
經營動北征,萬國盡征戍,0.8084069928147344
經營動北征,西征問烽火,0.8052811730697311
經營動北征,軍旅西征僻,0.848314753276462
經營動北征,翻然遠救朔方兵,0.8032865634394432
經營動北征,初興薊北師,0.8033177863910699
經營動北征,胡騎中宵堪北走,0.8012711180809489
經營動北征,來經戰伐新,0.8146237478547966
經營動北征,北辰徵事業,0.8478484104710262
經營動北征,南征爲客久,0.8046627880418629
經營動北征,從此更南征,0.8110366335615276
經營動北征,人來故北征,0.8187775552006848
經營動北征,向非戎事備征伐,0.8000883588113394
經營動北征,氣却西戎回北狄,0.8101176502233285
經營動北征,遥拱北辰纏寇盗,0.8019728224592357
慈母待春衣,家貧仰母慈,0.8140496703195061
慈母待春衣,父母養我時,0.8161757351081005
慈母待春衣,錫號戴慈親,0.8029313062771049
慈母待春衣,王母獻宫桃,0.8061128198836998
短箠驅瘦馬,軟裘快馬當冰雪,0.8030207111001635
短箠驅瘦馬,短衣匹馬隨李廣,0.8381724478316012
短箠驅瘦馬,歸馬散霜蹄,0.8280212313017514
短箠驅瘦馬,金鞭折斷九馬死,0.8166522564083122
短箠驅瘦馬,驄馬新鑿蹄,0.8015230325055569
短箠驅瘦馬,快馬金纏轡,0.8062942756001181
短箠驅瘦馬,草肥蕃馬健,0.8290405837214694
短箠驅瘦馬,東郊瘦馬使我傷,0.8457198273135754
短箠驅瘦馬,馬寒防失道,0.806882325963529
短箠驅瘦馬,我馬向北嘶,0.8122057421320412
短箠驅瘦馬,一匹齕草一匹嘶,0.8011006923408106
短箠驅瘦馬,能騎生馬駒,0.8021973694223608
短箠驅瘦馬,蠶崖鐵馬瘦,0.8210974732537837
短箠驅瘦馬,馬銜青草嘶,0.8008891528688102
短箠驅瘦馬,霜蹄蹴踏長楸間,0.8012074741596895
短箠驅瘦馬,躍馬意何長,0.8039167133835925
短箠驅瘦馬,胡馬挾雕弓,0.8042924005199603
短箠驅瘦馬,白馬休横行,0.8060089438964128
短箠驅瘦馬,中年胡馬驕,0.8085868882068892
短箠驅瘦馬,争道朱蹄驕齧膝,0.8007682708316868
青草牧中嘶,鴒原荒宿草,0.8092252606303194
青草牧中嘶,草肥蕃馬健,0.8246617514510592
青草牧中嘶,萬馬救中原,0.8034378662568828
青草牧中嘶,馬嘶思故櫪,0.8008160071419106
青草牧中嘶,一匹齕草一匹嘶,0.8064934329859793
青草牧中嘶,馬銜青草嘶,0.8906226882412861
青草牧中嘶,牛馬行無色,0.8031699761716805
青草牧中嘶,草黄騏驥病,0.8075003975914439
青草牧中嘶,中年胡馬驕,0.8186782980373597
青草牧中嘶,起草鳴先路,0.8117993861563739
送行不知遠,出門日已遠,0.8159697113803216
送行不知遠,途遠欲何向,0.8008658015925518
送行不知遠,閭里送我行,0.8496131340268982
送行不知遠,問君適萬里,0.8057563752991888
送行不知遠,問我久遠行,0.8897748646244061
送行不知遠,告我欲遠適,0.8274932229267713
送行不知遠,行子隔手不相見,0.8225324240189222
送行不知遠,君行雖不遠,0.8745198237639428
送行不知遠,遠去終轉迷,0.8059881431190625
送行不知遠,遊子久不至,0.8140823396072988
送行不知遠,胡爲君遠行,0.8182960707499014
送行不知遠,不畏道途遠,0.8170089417820667
送行不知遠,乃知久行客,0.8335343782152532
送行不知遠,遠送從此别,0.8375501410431496
送行不知遠,秋深復遠行,0.8384847257023893
送行不知遠,遠行無自苦,0.8578945050237794
送行不知遠,遠行不勞吉日出,0.8084350282504265
送行不知遠,行行見羈束,0.8455832008818198
送行不知遠,遠作辛苦行,0.8028842209710817
可忍獨歸時,獨鶴歸何晚,0.8151540785545365
可忍獨歸時,暝色無人獨歸客,0.8200850821384797
可忍獨歸時,歸舟應獨行,0.8117102809595664
可忍獨歸時,自憐猶不歸,0.8253493451906482
可忍獨歸時,春歸客未還,0.8083989770178432
太華物華春,百草競春華,0.8216327471626024
太華物華春,絶域改春華,0.8218116962880231
街柳囀黄鸝,鶯歌暖正繁,0.8147604536854193
街柳囀黄鸝,鶯囀皇州春色闌,0.8020905900544444
街柳囀黄鸝,市橋官柳細,0.8168659131750647
街柳囀黄鸝,自在嬌鶯恰恰啼,0.8081377675528278
街柳囀黄鸝,宫鶯罷囀春,0.8776818865441811
街柳囀黄鸝,兩箇黄鸝鳴翠柳,0.8518909424083361
街柳囀黄鸝,丸藥流鶯囀,0.8047441098013645
街柳囀黄鸝,未聞細柳散金甲,0.8140975851923997
九衢生紫煙,亨衢照紫泥,0.8520281797691798
九衢生紫煙,五雲起九重,0.8171533942569161
九衢生紫煙,紫殿九華燈,0.8001193081994835
到家使人迷,道旁過者問行人,0.8113747939795319
到家使人迷,去家死路旁,0.8101356620682392
到家使人迷,須令賸客迷,0.8059594423579297
知音者誰子,誰能與公子,0.8236700787518518
知音者誰子,君意人莫知,0.8084554544595368
知音者誰子,問知人客姓,0.8176972452522124
知音者誰子,伐竹者誰子,0.8472391140805535
知音者誰子,非子誰復見幽心,0.8076330348885155
知音者誰子,爲問馭者誰,0.8178355609911774
知音者誰子,借問苦心愛者誰,0.8367859758697835
知音者誰子,賢者是兄愚者弟,0.8076899670925168
知音者誰子,杖藜歎世者誰子,0.8485124528329309
知音者誰子,悲歌識者知,0.8147419080959969
知音者誰子,乃知君子心,0.819392388369916
知音者誰子,庶幾知者聽,0.8295527803465466
倦客無光輝,邊日少光輝,0.8259566865506673
王侯不可謁,巫咸不可問,0.808815161196209
王侯不可謁,豈可久在王侯間,0.8326270536127517
王侯不可謁,不知何王殿,0.816731188637845
王侯不可謁,封侯不計年,0.8249053336224427
王侯不可謁,黄公豈事秦,0.8084089580249074
王侯不可謁,諸侯春不貢,0.8282207415529798
王侯不可謁,君王不復行,0.8008805344409309
王侯不可謁,焉知李廣未封侯,0.8144226403560328
王侯不可謁,王粲不歸秦,0.8502837661405882
王侯不可謁,屢喜王侯宅,0.8241179322866246
王侯不可謁,身病不能拜,0.813879410608844
王侯不可謁,武侯祠堂不可忘,0.867244839876014
王侯不可謁,未知張王後,0.8003592449552479
王侯不可謁,劇談王侯門,0.8075040370472681
王侯不可謁,屢入武侯祠,0.8265343731214043
王侯不可謁,干謁侯王頗歷抵,0.8126309207958677
王侯不可謁,西謁巴中侯,0.8031119202587547
王侯不可謁,昭王問不迴,0.8023212489148307
王侯不可謁,衞侯不易得,0.8677273973023388
王侯不可謁,公侯來未遲,0.8002342657043282
王侯不可謁,必見公侯復,0.8078998992129052
秣馬興言歸,歸馬散霜蹄,0.8123327436846532
秣馬興言歸,駐馬望千門,0.8001445353827332
秣馬興言歸,鞍馬去孤城,0.8038507301910165
秣馬興言歸,歸來散馬蹄,0.8002176353855335
豈無他人遊,焉知南隣客,0.8015958429987695
豈無他人遊,當時無凡材,0.8177842165518567
豈無他人遊,人生無賢愚,0.8078588858370679
不如我塤箎,豈如吾甥不流宕,0.8199568691185233
陳書北窗下,幾歲寄我空中書,0.8077964132771408
陳書北窗下,讀書破萬卷,0.8249642789417155
陳書北窗下,牀上書連屋,0.8160978446937184
陳書北窗下,花嶼讀書床,0.8056609154126084
陳書北窗下,散亂牀上書,0.8107408228087862
陳書北窗下,老妻書數紙,0.8189275268786531
陳書北窗下,陳公讀書堂,0.86460011263251
陳書北窗下,觀我落筆中書堂,0.8304642857964353
陳書北窗下,風牀展書卷,0.8151146962091484
陳書北窗下,讀書東嶽中,0.8158688745281482
陳書北窗下,群書萬卷常暗誦,0.8131912621502335
陳書北窗下,攤書解滿牀,0.8287560911737011
陳書北窗下,開緘書札光,0.804147408894931
此自有餘師,蔡侯静者意有餘,0.8078185812268404
此自有餘師,余亦師粲可,0.8140560451560137
此自有餘師,轉益多師是汝師,0.8082273615668094
此自有餘師,法自儒家有,0.8035130257424403
客行歲晚非遠遊,出門日已遠,0.8040973810847405
客行歲晚非遠遊,公子過我遊,0.8055043692365045
客行歲晚非遠遊,問我久遠行,0.8658266567490198
客行歲晚非遠遊,告我欲遠適,0.8044097942222499
客行歲晚非遠遊,送客東郊道,0.8033807818785387
客行歲晚非遠遊,君行雖不遠,0.85310170239998
客行歲晚非遠遊,遊子久不至,0.8462223885902864
客行歲晚非遠遊,因人作遠遊,0.8095338837537583
客行歲晚非遠遊,胡爲君遠行,0.805938566236394
客行歲晚非遠遊,行邁心多違,0.8337290254968338
客行歲晚非遠遊,雖傷旅寓遠,0.80313691294684
客行歲晚非遠遊,旅泊吾道窮,0.805422287485666
客行歲晚非遠遊,遠遊令人瘦,0.8029809475331002
客行歲晚非遠遊,我行山川異,0.8068814783038476
客行歲晚非遠遊,乃知久行客,0.8598927425619687
客行歲晚非遠遊,遠送從此别,0.8023213179161275
客行歲晚非遠遊,秋深復遠行,0.8139143635024644
客行歲晚非遠遊,歲暮遠爲客,0.8777668881390734
客行歲晚非遠遊,他鄉復行役,0.8277296913281899
客行歲晚非遠遊,客裏有所適,0.8001319266617901
客行歲晚非遠遊,遊子久在外,0.8164955638324576
客行歲晚非遠遊,遠行無自苦,0.8375905641058241
客行歲晚非遠遊,吾衰怯行邁,0.8198112613818347
客行歲晚非遠遊,客遊雖云久,0.8892128472901015
客行歲晚非遠遊,我今遠遊子,0.8486443019270242
客行歲晚非遠遊,歸徑行已昨,0.8026265888952773
客行歲晚非遠遊,行行見羈束,0.8305660980871357
客行歲晚非遠遊,遊子慎馳騖,0.8023667224908517
客行歲晚非遠遊,南征爲客久,0.8002616420486985
客行歲晚非遠遊,遠作辛苦行,0.807316693128053
客行歲晚非遠遊,客行歲晚晚相催,0.8657965824933167
客行歲晚非遠遊,艱危作遠客,0.8291634042010878
客行歲晚非遠遊,行行郡國遥,0.8170539194214108
客行歲晚非遠遊,暮年且喜經行近,0.8113411453727004
