황정견,두보,코사인 유사도
淹留歲恐期,歲寒仍顧遇,0.8258905026624614
淹留歲恐期,相留可判年,0.814164880724372
淹留歲恐期,二宅可淹留,0.8073587238234665
淹留歲恐期,告别無淹晷,0.8296870467155799
淹留歲恐期,心折此淹留,0.8182180140955886
淹留歲恐期,歲寒忽無憑,0.8088157740652971
淹留歲恐期,長番歲時久,0.803101651215377
淹留歲恐期,少留改歲年,0.8325972632756684
淹留歲恐期,胡爲淹此留,0.8202486502328586
淹留歲恐期,淹留景不延,0.845234115956117
淹留歲恐期,吾病得淹留,0.8147750595469764
無爲出門念,出門復入門,0.8370040487343381
無爲出門念,出師亦多門,0.8122442127146754
無爲出門念,出門無所待,0.8469683789172001
無爲出門念,出門無與適,0.8188511877476186
無爲出門念,拘悶出門遊,0.8210093061013635
牽衣嬰孺啼,牽衣頓足攔道哭,0.8380014590571463
牽衣嬰孺啼,婦女行泣夫走藏,0.8029990300753279
短韻願成誦,詩罷聞吴詠,0.8165754739856921
短韻願成誦,猥誦佳句新,0.8283161640805509
短韻願成誦,詩罷能吟不復聽,0.8094732754940434
短韻願成誦,苦調短長吟,0.8361979316748314
短韻願成誦,高詠寶劍篇,0.8002699556014885
短韻願成誦,長歌敲柳癭,0.8038914850390302
短韻願成誦,詩成吟咏轉淒涼,0.8203421214930566
短韻願成誦,長歌短咏迭相酬,0.8440207466555709
短韻願成誦,短章達我心,0.8095788654897336
短韻願成誦,諷詠在務屏,0.8013293407358701
短韻願成誦,賦詩獨流涕,0.8034033294586662
短韻願成誦,新詩改罷自長吟,0.8323067132785829
短韻願成誦,作詩呻吟内,0.8120808959138126
短韻願成誦,再聞誦新作,0.8025508037653422
時時寄相思,之子時相見,0.8101393114678713
時時寄相思,相憶無南雁,0.8023450059829154
急雨長風溢兩河,驟雨落河魚,0.8336224787701562
急雨長風溢兩河,沙汰江河濁,0.8051977850990308
急雨長風溢兩河,雲雨白浩浩,0.804462783915423
急雨長風溢兩河,曉來急雨春風顛,0.8077923382911105
急雨長風溢兩河,疾風吹塵暗河縣,0.8393552012238286
急雨長風溢兩河,防河赴滄海,0.8046782714629221
急雨長風溢兩河,四山多風溪水急,0.800266922159256
急雨長風溢兩河,長風中怒號,0.8213607124392852
急雨長風溢兩河,清江轉山急,0.8100212898536562
急雨長風溢兩河,江風颯長夏,0.8186358055804149
急雨長風溢兩河,洪濤滔天風拔木,0.8219051006056541
急雨長風溢兩河,雨含長江白,0.804241670694583
急雨長風溢兩河,江長注海奔,0.8125337964905595
急雨長風溢兩河,高江急峽雷霆鬭,0.8339138211037831
急雨長風溢兩河,驚風翻河漢,0.8073761015590695
急雨長風溢兩河,江濤簸岸黄沙走,0.8195742310337586
急雨長風溢兩河,春風洪濤壯,0.8095076265902954
急雨長風溢兩河,洪河怒濤過輕舸,0.8147819509123104
急雨長風溢兩河,窮冬急風水,0.8211699893858211
急雨長風溢兩河,風濤上春沙,0.8095608584185978
行觀東海方寸少,方丈涉海費時節,0.85453521157184
直渠殺勢煩才吏,防川領簿曹,0.8128559320527464
直渠殺勢煩才吏,渠是弓弩手,0.8104459731734295
直渠殺勢煩才吏,才力應難跨數公,0.8056662318397299
直渠殺勢煩才吏,當令豪奪吏,0.8370937310415546
直渠殺勢煩才吏,氣豪直阻兵,0.8184838996876003
直渠殺勢煩才吏,更催飛將追驕虜,0.8070099192790569
直渠殺勢煩才吏,豈謂盡煩回紇馬,0.8225527299283952
直渠殺勢煩才吏,分閫救世用賢豪,0.8050939409872415
直渠殺勢煩才吏,將軍勇鋭與之敵,0.806461695825984
直渠殺勢煩才吏,時危可仗真豪俊,0.8083974791493345
直渠殺勢煩才吏,群公紛戮力,0.8136919667369753
直渠殺勢煩才吏,詩家筆勢君不嫌,0.8033499405338783
直渠殺勢煩才吏,府庫不爲驕豪虚,0.8342562833357123
機器爬沙聚水兵,才緣挑戰須,0.8073233792856063
機器爬沙聚水兵,淨洗甲兵長不用,0.8131656074855751
機器爬沙聚水兵,兵家忌間諜,0.8336800794813004
機器爬沙聚水兵,妙略擁兵機,0.8009683007086932
機器爬沙聚水兵,羌兵助鎧鋋,0.8117728017225757
機器爬沙聚水兵,凶兵鑄農器,0.8268726272238894
機器爬沙聚水兵,擁兵相學干戈鋭,0.8102106372522988
機器爬沙聚水兵,銷兵鑄農器,0.824384645403184
機器爬沙聚水兵,槍櫐失儲胥,0.8030441224201941
機器爬沙聚水兵,清邊生戰場,0.8056120848123077
河面常從天上落,但恐天河落,0.8438351073762975
河面常從天上落,天生江水向東流,0.8028104745305014
河面常從天上落,度海疑從北極來,0.8070848405534162
河面常從天上落,天河元自白,0.8064331084508523
河面常從天上落,春水船如天上坐,0.8169522943231178
金堤千里護都城,春城赴上都,0.8213106845049545
金堤千里護都城,江頭宫殿鎖千門,0.8295540087160848
金堤千里護都城,湖城城東一開眼,0.8028431261527867
金堤千里護都城,不問鄴城圍,0.8228521862934545
金堤千里護都城,築城潼關道,0.8056585142662789
金堤千里護都城,官壕羅鎮磧,0.8131179401675894
金堤千里護都城,洛城一别四千里,0.8139440115349384
金堤千里護都城,花重錦官城,0.8007736237977796
金堤千里護都城,城中十萬户,0.8013732679248929
金堤千里護都城,閬州城北玉臺碧,0.81542799215612
金堤千里護都城,萬里橋西宅,0.8339841941931776
金堤千里護都城,白帝城西萬竹蟠,0.8118956766973405
金堤千里護都城,赤甲古城東,0.8009386454903352
金堤千里護都城,萬里長江邊,0.8094906854577272
金堤千里護都城,西江接錦城,0.8292694913255334
金堤千里護都城,秦城樓閣烟花裏,0.8134770838720933
直令南粤還歸帝,北極朝廷終不改,0.8078400305252769
直令南粤還歸帝,盡驅詣闕下,0.8049685900030275
直令南粤還歸帝,度海疑從北極來,0.8078519646289919
直令南粤還歸帝,歸赴朝廷已入秦,0.808396759391379
直令南粤還歸帝,南歸自廣州,0.8096087002963843
誰謂匈奴不敢王,誰敢問山陵,0.8307047814125997
誰謂匈奴不敢王,不謂矜餘力,0.8371320318022997
誰謂匈奴不敢王,匈奴氣不驕,0.871019885342076
誰謂匈奴不敢王,先鋒孰敢争,0.8012000820543173
誰謂匈奴不敢王,邊人不敢議,0.8174313885476612
誰謂匈奴不敢王,不謂生戎馬,0.8475289325174704
誰謂匈奴不敢王,不忍殺無辜,0.8089449682759513
誰謂匈奴不敢王,盗賊敢忘憂,0.8116643365282449
誰謂匈奴不敢王,百鳥不敢嗔,0.819394719795393
誰謂匈奴不敢王,不敢恨庖厨,0.8071779133497244
誰謂匈奴不敢王,吾叱奴人解其縛,0.8123165251728649
誰謂匈奴不敢王,誰克免其身,0.8047045443057902
誰謂匈奴不敢王,奴僕何知禮,0.8017944437392153
誰謂匈奴不敢王,奈何黠吏徒,0.802545840331812
未須筭賦似桑羊,賦詩何必多,0.8072738596284423
萊公廟略傳耆舊,世家遺舊史,0.8227001652628481
萊公廟略傳耆舊,經傳拱漢皇,0.8123962791010106
萊公廟略傳耆舊,儒門舊史長,0.807889452258342
萊公廟略傳耆舊,當今廊廟具,0.8066717446658872
萊公廟略傳耆舊,斯人尚典型,0.8003350306952803
萊公廟略傳耆舊,世祖修高廟,0.8290582566762377
萊公廟略傳耆舊,世傳閭丘筆,0.8023816876862417
萊公廟略傳耆舊,爲於耆舊内,0.8008870375696282
萊公廟略傳耆舊,君王舊跡今人賞,0.8021070276617871
萊公廟略傳耆舊,使君傳舊德,0.8128079085151048
萊公廟略傳耆舊,聞道收宗廟,0.8215184708242214
萊公廟略傳耆舊,況復傳宗匠,0.8002171846456103
萊公廟略傳耆舊,宅入先賢傳,0.8046057346439259
萊公廟略傳耆舊,子山舊業傳,0.8295108471254476
萊公廟略傳耆舊,舊俗存祠廟,0.8100515598105091
萊公廟略傳耆舊,昔觀文苑傳,0.8134241614442821
萊公廟略傳耆舊,文包舊史善,0.8024684152956814
萊公廟略傳耆舊,畢耀仍傳舊小詩,0.808315756751212
萊公廟略傳耆舊,宗臣遺像肅清高,0.8508341820571578
萊公廟略傳耆舊,後賢兼舊制,0.8133752404899874
萊公廟略傳耆舊,周宣漢武今王是,0.8186923011760676
萊公廟略傳耆舊,狄公執政在末年,0.8070416286427597
萊公廟略傳耆舊,國嗣初將付諸武,0.8008757899674537
萊公廟略傳耆舊,尚有西郊諸葛廟,0.8439915579936317
萊公廟略傳耆舊,聖賢冠史籍,0.831005756538141
萊公廟略傳耆舊,肅宗昔在靈武城,0.8050066192572694
萊公廟略傳耆舊,韋經亞相傳,0.8242437553555841
萊公廟略傳耆舊,宗英李端公,0.8027958709620634
萊公廟略傳耆舊,諸公德業優,0.820332375392903
韓令風流在井疆,須存武威郡,0.8021511291967325
韓令風流在井疆,世傳閭丘筆,0.810557359556298
韓令風流在井疆,文采風流今尚存,0.8276036629161021
韓令風流在井疆,王謝風流遠,0.8251668371951515
韓令風流在井疆,宗臣遺像肅清高,0.8009413771353848
韓令風流在井疆,爲政風流今在兹,0.8361874895349173
韓令風流在井疆,江漢風流萬古情,0.8026304690014605
韓令風流在井疆,風流漢署郎,0.8041931215559477
韓令風流在井疆,風流後代希,0.800903190767221
安用鳴鼛增漢壘,况復秦兵耐苦戰,0.8204008442125834
安用鳴鼛增漢壘,先鋒百戰在,0.8088655976952845
安用鳴鼛增漢壘,策行遺戰伐,0.8029121636995931
安用鳴鼛增漢壘,烽舉新酣戰,0.8030695521760444
安用鳴鼛增漢壘,官軍擁賊壕,0.8164661114868002
安用鳴鼛增漢壘,春城鏟賊壕,0.8081466911500716
安用鳴鼛增漢壘,河間尚戰伐,0.806508482205468
安用鳴鼛增漢壘,連雲列戰格,0.8096296066805105
安用鳴鼛增漢壘,哀鳴思戰鬭,0.8136019875454077
安用鳴鼛增漢壘,長驅甚建瓴,0.8235485699349453
安用鳴鼛增漢壘,大君先息戰,0.8031107865997389
安用鳴鼛增漢壘,羌兵助鎧鋋,0.8154488690717036
安用鳴鼛增漢壘,邊隅還用兵,0.833438187137596
安用鳴鼛增漢壘,長安已亂兵,0.804109604690896
安用鳴鼛增漢壘,大角纏兵氣,0.8036289893723579
安用鳴鼛增漢壘,戍鼓猶長擊,0.818618179406331
安用鳴鼛增漢壘,蒼皇避亂兵,0.8092711526737535
安用鳴鼛增漢壘,石城除擊柝,0.830898856063849
安用鳴鼛增漢壘,翻然遠救朔方兵,0.8153260331743208
安用鳴鼛增漢壘,戰伐何當解,0.816383920576317
安用鳴鼛增漢壘,凶兵鑄農器,0.8013055362015568
安用鳴鼛增漢壘,不眠憂戰伐,0.809149202627827
安用鳴鼛增漢壘,安得務農息戰鬭,0.8155020518306682
安用鳴鼛增漢壘,來經戰伐新,0.8066050731482945
安用鳴鼛增漢壘,銷兵鑄農器,0.8125722488881155
安用鳴鼛增漢壘,國須行戰伐,0.8111108880662454
安用鳴鼛增漢壘,清邊生戰場,0.8143214326447494
不妨羅拜下諸羗,不聞漢主放妃嬪,0.8005052389097347
不妨羅拜下諸羗,高宴諸侯禮,0.8137676603776227
不妨羅拜下諸羗,蓬萊殿前諸主將,0.8056148805697394
不妨羅拜下諸羗,分日侍諸王,0.815549519667374
漢時水占十萬頃,漢水饒巨石,0.8013455960276783
漢時水占十萬頃,十日畫一水,0.8142895129662816
漢時水占十萬頃,秋水纔深四五尺,0.8146665754225826
漢時水占十萬頃,溪水纔尺餘,0.8040721122910862
漢時水占十萬頃,有竹一頃餘,0.8077641253735051
漢時水占十萬頃,東屯稻畦一百頃,0.8530723679154992
漢時水占十萬頃,百頃平若案,0.806947737071043
漢時水占十萬頃,平田百頃間,0.8007252453056937
官寺民居皆濁河,客居所居堂,0.8085985388521084
官寺民居皆濁河,武侯祠屋長鄰近,0.8104490966614707
直緣穿鑿用工多,所歷厭機巧,0.8174856604046186
直緣穿鑿用工多,况乃疏頑臨事拙,0.8023930550681857
直緣穿鑿用工多,用箭當用長,0.8093695176653999
直緣穿鑿用工多,巧刮造化窟,0.8016499106626717
直緣穿鑿用工多,用急始如神,0.8000706257335264
直緣穿鑿用工多,熟精文選理,0.8086206670468539
直緣穿鑿用工多,全生或用奇,0.8035306242867378
直緣穿鑿用工多,篙工密逞巧,0.8349072138793293
虜庭數遣林牙使,西使宜天馬,0.8074310389279333
虜庭數遣林牙使,傳聲看驛使,0.8136040948010179
虜庭數遣林牙使,結子隨邊使,0.8292391924614583
虜庭數遣林牙使,玉壘雖傳檄,0.8062510968651961
虜庭數遣林牙使,巴西勅使稀,0.8276418106260015
虜庭數遣林牙使,軍吏迴官燭,0.8034384899607705
虜庭數遣林牙使,北庭數有關中使,0.8720705939828002
虜庭數遣林牙使,秦中驛使無消息,0.8285494222509665
虜庭數遣林牙使,虜庭悲所遣,0.8108006060303714
虜庭數遣林牙使,道北馮都使,0.8052052463225803
虜庭數遣林牙使,朝廷忽用哥舒將,0.8064592111916136
虜庭數遣林牙使,北驅漢陽傳,0.8109502172650249
虜庭數遣林牙使,諸將亦自軍中至,0.8095596351695431
壯士看天思上策,艱難須上策,0.8054662426663692
壯士看天思上策,北庭送壯士,0.8068367433173214
壯士看天思上策,安得壯士挽天河,0.8080610297372401
壯士看天思上策,安得壯士提天綱,0.812141931480245
壯士看天思上策,辯士安邊策,0.8303578213732841
壯士看天思上策,長策何壯觀,0.8033353344232963
月邊鳴笛爲誰横,横笛短簫悲遠天,0.8548540709826318
月邊鳴笛爲誰横,羌笛暮吹哀,0.8274204785138359
月邊鳴笛爲誰横,正愁聞塞笛,0.8225189452290972
月邊鳴笛爲誰横,江邊樹裏共誰來,0.8141905463509951
月邊鳴笛爲誰横,横笛未休吹,0.8433557673766646
月邊鳴笛爲誰横,幽珮爲誰哀,0.8137778909066178
月邊鳴笛爲誰横,吹笛秋山風月清,0.8377492281108259
月邊鳴笛爲誰横,長笛鄰家亂愁思,0.8112132606416336
蛛蒙黄畫屏初暗,蛛絲仍未收,0.8033598495260109
蛛蒙黄畫屏初暗,書籤藥裹封蛛網,0.8050214979084753
蛛蒙黄畫屏初暗,燕外晴絲卷,0.800636022333791
蛛蒙黄畫屏初暗,碧窗宿霧濛濛濕,0.850401690542045
塵澁金門鎖不開,雨抛金鎖甲,0.8201583567196417
塵澁金門鎖不開,到扉開復閉,0.823539034095268
塵澁金門鎖不開,不寢聽金鑰,0.8128919390025405
塵澁金門鎖不開,柴門空閉鎖松筠,0.8113229028326726
塵澁金門鎖不開,柴門密掩斷人行,0.801651811401082
塵澁金門鎖不開,不勞朱户閉,0.8283198916959157
塵澁金門鎖不開,風塵暗不開,0.8153838750860056
塵澁金門鎖不開,公卿朱門未開鎖,0.8460012375174025
塵澁金門鎖不開,鐵鎖欲開關,0.8377525113991786
塵澁金門鎖不開,風扉掩不定,0.8219563188449643
塵澁金門鎖不開,關鍵歘不閉,0.8307114834529499
六十餘年望琱輦,四十明朝過,0.8037293405728803
六十餘年望琱輦,從軍十年餘,0.8076995561887194
六十餘年望琱輦,公車留二年,0.8067140204962759
六十餘年望琱輦,只今年纔十六七,0.8299517582568017
六十餘年望琱輦,躍馬二十年,0.8597919427073759
六十餘年望琱輦,去年今日侍龍顔,0.8195098547872953
六十餘年望琱輦,焉知二十載,0.8088150486443872
六十餘年望琱輦,胡騎長驅五六年,0.8111046698865112
六十餘年望琱輦,獨步四十年,0.802834124836113
六十餘年望琱輦,追隨二十載,0.8018792500943817
赭袍曾是映宫槐,獸錦奪袍新,0.8126016603568104
赭袍曾是映宫槐,宫闕深旒綴,0.8077323563990264
赭袍曾是映宫槐,白帝寒城駐錦袍,0.8046722617324751
百里棄疆王自直,立國自有疆,0.8265871938386229
百里棄疆王自直,封疆不常全,0.807301847605453
百里棄疆王自直,盡室在邊疆,0.8042995565360893
百里棄疆王自直,守道不封己,0.8008085899934216
百里棄疆王自直,百萬攻一城,0.8179994364130507
百里棄疆王自直,天下郡國向萬城,0.8037107644566047
萬金捐費物皆春,家書抵萬金,0.8299982445833147
萬金捐費物皆春,萬事盡付形骸外,0.8045237696521716
萬金捐費物皆春,此生隨萬物,0.8059946125163786
更遣彎弓不射人,鳴弓射獸能,0.8739903589997741
更遣彎弓不射人,射人先射馬,0.8747290739989899
更遣彎弓不射人,天山早掛弓,0.8084197878982036
更遣彎弓不射人,彎弓西射胡,0.8776478062037378
更遣彎弓不射人,數騎彎弓敢馳突,0.8124144449982926
更遣彎弓不射人,輦前才人帶弓箭,0.8062753799238318
更遣彎弓不射人,那將血射天,0.8095234264495175
更遣彎弓不射人,渠是弓弩手,0.805173269615569
更遣彎弓不射人,草動只怕長弓射,0.866731597840445
更遣彎弓不射人,玉帳分弓射虜營,0.8159751072128872
更遣彎弓不射人,莫徭射雁鳴桑弓,0.8245796714652125
何用苦吟肝腎愁,如何不飲令心哀,0.8250029065934021
何用苦吟肝腎愁,用激壯士肝,0.816393853226624
何用苦吟肝腎愁,塌然摧肺肝,0.8143837107746925
何用苦吟肝腎愁,我何苦哀傷,0.8395575112575908
何用苦吟肝腎愁,使我嘆恨傷精魂,0.8248757493652814
何用苦吟肝腎愁,何以慰我悲,0.8001353570199938
何用苦吟肝腎愁,口雖吟咏心中哀,0.8023219390734102
但知把酒更無憂,空愁避酒難,0.8073416174618994
但知把酒更無憂,預恐樽中盡,0.8030383639963997
但知把酒更無憂,如何不飲令心哀,0.802241834306877
但知把酒更無憂,何知共酒杯,0.8394609655023052
但知把酒更無憂,使我不能餐,0.8024635868673193
但知把酒更無憂,縱酒欲謀良夜醉,0.802282224634544
但知把酒更無憂,對酒不能喫,0.8194283658327255
但知把酒更無憂,無時病去憂,0.8144339113936334
但知把酒更無憂,對酒滿壺頻,0.8021778145622545
但知把酒更無憂,爲君酤酒滿眼酤,0.8139837292448734
但知把酒更無憂,無忘酒共持,0.858097156162491
但知把酒更無憂,惜别酒頻添,0.8056341089059738
但知把酒更無憂,可但步兵偏愛酒,0.810562128029495
但知把酒更無憂,把臂開樽飲我酒,0.814580506826451
但知把酒更無憂,勸酒欲無辭,0.8107026275163114
但知把酒更無憂,把酒宜深酌,0.811534338355343
但知把酒更無憂,對月那無酒,0.8487127756855632
但知把酒更無憂,瓮餘不盡酒,0.8031585814344959
但知把酒更無憂,且知寬病肺,0.8089510576058332
但知把酒更無憂,愁當置清醥,0.8028374250992013
聲名本不關人事,聲華真可聽,0.8036312940270062
聲名本不關人事,何用浮名絆此身,0.8032011029667623
聲名本不關人事,聲名從此大,0.8264563127665885
聲名本不關人事,前輩聲名人,0.8016979558919524
聲名本不關人事,争名古豈然,0.8245679417677969
聲名本不關人事,世事固堪論,0.8116001994983888
看取青門一故侯,相看老蜀門,0.801659602608007
酒因咀嚼還知味,瓜嚼水精寒,0.8033447786678037
酒因咀嚼還知味,未試囊中餐玉法,0.8030947545162721
酒因咀嚼還知味,味如甘露漿,0.8349872290092291
酒因咀嚼還知味,玉觴淡無味,0.8449932751884682
酒因咀嚼還知味,醍醐長發性,0.8130848602292311
酒因咀嚼還知味,莫辭酒味薄,0.8334964134393941
酒因咀嚼還知味,對酒不能喫,0.8004377687825952
酒因咀嚼還知味,對食暫餐還不能,0.8058631497430628
酒因咀嚼還知味,偏勸腹腴愧年少,0.80021111575793
酒因咀嚼還知味,清觴異味情屢極,0.826778812580204
酒因咀嚼還知味,對食不能餐,0.801202046026622
酒因咀嚼還知味,味暖併無憂,0.801489144604528
酒因咀嚼還知味,不放香醪如蜜甜,0.8115075447784952
酒因咀嚼還知味,盤飧市遠無兼味,0.8072443627016155
酒因咀嚼還知味,瓶中得酒還,0.8068032735027433
酒因咀嚼還知味,茗飲蔗漿攜所有,0.8149497954711695
酒因咀嚼還知味,蔗漿歸廚金碗凍,0.8086204690197707
酒因咀嚼還知味,氣味濃香幸見分,0.8518263925493341
酒因咀嚼還知味,誰知酒熟香,0.8153551407654884
酒因咀嚼還知味,酒渴愛江清,0.8007305159129254
酒因咀嚼還知味,愧客茹藜羹,0.800036339670932
酒因咀嚼還知味,蟻浮仍臘味,0.8011896969465047
酒因咀嚼還知味,當令美味入吾脣,0.8208048099591816
酒因咀嚼還知味,臨餐吐更食,0.8066216813593674
酒因咀嚼還知味,紅顆酸甜只自知,0.8286328058803085
酒因咀嚼還知味,病從深酌道吾真,0.8238878506102458
酒因咀嚼還知味,此味亦時須,0.8062169869017544
酒因咀嚼還知味,敕廚惟一味,0.8015883788145501
酒因咀嚼還知味,羹煑秋蓴滑,0.813211006763065
酒因咀嚼還知味,清談見滋味,0.8304257921742891
酒因咀嚼還知味,飯糲添香味,0.849809431816112
酒因咀嚼還知味,溜匙兼煖腹,0.8126292836468525
酒因咀嚼還知味,强飯蓴添滑,0.8176979014775692
詩就呻吟不要工,可以賦新詩,0.8149761673486262
詩就呻吟不要工,吟詩許更過,0.8359732461067045
詩就呻吟不要工,詩罷聞吴詠,0.8131423987459716
詩就呻吟不要工,詞賦工無益,0.8485664176930748
詩就呻吟不要工,伶官詩必誦,0.8315873850712263
詩就呻吟不要工,愁吟獨老翁,0.818707782304802
詩就呻吟不要工,微笑索題詩,0.8013845534957975
詩就呻吟不要工,題詩得秀句,0.8219043049086879
詩就呻吟不要工,新詩句句好,0.8196011776752172
詩就呻吟不要工,詩成覺有神,0.8222116244889461
詩就呻吟不要工,詩罷能吟不復聽,0.8638086065468662
詩就呻吟不要工,賦詩何必多,0.8538504132678449
詩就呻吟不要工,嚴詩賦幾篇,0.8365952869531843
詩就呻吟不要工,詩興不無神,0.8256028292342732
詩就呻吟不要工,數篇吟可老,0.8280326176570145
詩就呻吟不要工,懶惰無心作解嘲,0.8031868626424806
詩就呻吟不要工,能詩何水曹,0.8170224185845811
詩就呻吟不要工,知君苦思緣詩瘦,0.8159867508873635
詩就呻吟不要工,排悶强裁詩,0.8217129738635902
詩就呻吟不要工,吟詩信杖扶,0.8069827226345945
詩就呻吟不要工,爲人性僻耽佳句,0.8219989770448345
詩就呻吟不要工,老去詩篇渾漫與,0.8339134234951568
詩就呻吟不要工,我有新詩何處吟,0.8140227479862363
詩就呻吟不要工,敏捷詩千首,0.8087225450484768
詩就呻吟不要工,清詞麗句必爲隣,0.8287485392808854
詩就呻吟不要工,苦調短長吟,0.8044065305224773
詩就呻吟不要工,也知光禄最能詩,0.8055498988830971
詩就呻吟不要工,吟詩解嘆嗟,0.8144582263946685
詩就呻吟不要工,到日自題詩,0.8074465805347104
詩就呻吟不要工,有情且賦詩,0.8068607694750227
詩就呻吟不要工,詩成吟咏轉淒涼,0.8616707638034956
詩就呻吟不要工,賦詩新句穩,0.8495721311361206
詩就呻吟不要工,斗酒新詩終自疏,0.8078898371939267
詩就呻吟不要工,謝朓每篇堪諷誦,0.8063673565691167
詩就呻吟不要工,强吟懷舊賦,0.8008950479336778
詩就呻吟不要工,清詩句句盡堪傳,0.8318936998545491
詩就呻吟不要工,新詩改罷自長吟,0.8661997544173954
詩就呻吟不要工,不敢要佳句,0.8172049704599287
詩就呻吟不要工,卽事會賦詩,0.8131987783942767
詩就呻吟不要工,不敢廢詩篇,0.847345996735068
詩就呻吟不要工,何處老翁來賦詩,0.8090965305860256
詩就呻吟不要工,作詩呻吟内,0.880584845528493
詩就呻吟不要工,陶冶賴詩篇,0.8119511433608848
詩就呻吟不要工,病減詩仍拙,0.8267293075315549
詩就呻吟不要工,吟多意有餘,0.8080880834501005
詩就呻吟不要工,賦詩猶落筆,0.835527869050345
詩就呻吟不要工,吟詩正憶渠,0.8556489863879307
詩就呻吟不要工,詩家筆勢君不嫌,0.8037035853674626
詩就呻吟不要工,自吟詩送老,0.8591693391771273
詩就呻吟不要工,情在强詩篇,0.8445229861923471
詩就呻吟不要工,説詩能累夜,0.8044470938133372
詩就呻吟不要工,兼工古體詩,0.8437012178973543
詩就呻吟不要工,不意清詩久零落,0.8192347050755835
王謝風流看二妙,詞場繼國風,0.8032559975318148
王謝風流看二妙,鄭氏才振古,0.8014772580756722
王謝風流看二妙,才大今詩伯,0.8120017247462388
王謝風流看二妙,二三豪俊爲時出,0.8054167764548961
王謝風流看二妙,有才繼騷雅,0.8095735864182281
王謝風流看二妙,習池未覺風流盡,0.801717739076651
王謝風流看二妙,王謝風流遠,0.9137460602981264
王謝風流看二妙,風流儒雅亦吾師,0.8130455264281752
王謝風流看二妙,未絶風流相國能,0.8240044204328498
王謝風流看二妙,風流俱善價,0.8135488619516584
王謝風流看二妙,一代風流盡,0.8332928478368833
王謝風流看二妙,風流漢署郎,0.8122578125663847
王謝風流看二妙,風流後代希,0.8312010309735864
王謝風流看二妙,風流吾賢紹,0.8301775678943724
病夫直欲卧墻東,我衰更懶拙,0.8154289594591435
病夫直欲卧墻東,自笑狂夫老更狂,0.8044001327159924
病夫直欲卧墻東,衰疾江邊卧,0.8015026753194718
病夫直欲卧墻東,衰疾那能久,0.8020438744428195
病夫直欲卧墻東,老夫卧穩朝慵起,0.8503842173896827
病夫直欲卧墻東,衰謝多扶病,0.8032918045649169
病夫直欲卧墻東,吾老抱疾病,0.8060170581824446
病夫直欲卧墻東,老夫復欲東南征,0.803060262725954
病夫直欲卧墻東,病肺卧江沱,0.8162645416869537
病夫直欲卧墻東,卧愁病脚廢,0.8376099735153797
病夫直欲卧墻東,欲起慚筋力,0.8042515724779953
病夫直欲卧墻東,衰年病肺惟高枕,0.8206638523582895
病夫直欲卧墻東,身欲奮飛病在牀,0.8193367050449556
病夫直欲卧墻東,余病不能起,0.8142540801135769
病夫直欲卧墻東,棲遲病卽痊,0.804585449856903
病夫直欲卧墻東,老困撥書眠,0.8057171787752021
病夫直欲卧墻東,老人困酒病,0.8148604494719296
病夫直欲卧墻東,老夫困石根,0.8196328073522772
病夫直欲卧墻東,衰病只藜牀,0.8245346972597671
病夫直欲卧墻東,卧病巴東久,0.8003496947211777
病夫直欲卧墻東,卧病却愁春,0.8225934696661297
日着闌干角,闌干上處遠,0.8454962525060256
風吹濯澣衣,清漣曳水衣,0.8297911129678013
風吹濯澣衣,飄颻吹我裳,0.8340213992495097
風吹濯澣衣,時能點客衣,0.800128345820996
風吹濯澣衣,野風吹征衣,0.8501274582510288
風吹濯澣衣,秋風淅淅吹我衣,0.8221346400060705
風吹濯澣衣,秋風此日灑衣裳,0.8153996304760267
風吹濯澣衣,碧海吹衣裳,0.8482145661576777
風吹濯澣衣,步壑風吹面,0.8028036873026879
風吹濯澣衣,鳴笛竟霑裳,0.805718168933141
風吹濯澣衣,浦浪已吹衣,0.8158930891069389
喜同王季哲,迥繼先父祖,0.817957450476141
喜同王季哲,嗣宗諸子姪,0.8419775334746333
喜同王季哲,今喜識玄孫,0.8083352055457362
喜同王季哲,還喜得吾賢,0.8148576742629405
喜同王季哲,王今叔父尊,0.8201727949447221
喜同王季哲,賢聖亦同時,0.8231263398695358
喜同王季哲,欻見俊哲情,0.8076661631319555
更得謝玄暉,不必陪玄圃,0.8081764095369528
清興俱不淺,焉知清興終,0.8389679602814009
清興俱不淺,穢濁殊未清,0.8165103401117515
清興俱不淺,物微意不淺,0.8243073908104778
清興俱不淺,野興每難盡,0.8211345430895312
清興俱不淺,情忘發興奇,0.8217107154829981
清興俱不淺,穎鋭物不隔,0.80955726019598
清興俱不淺,庾公興不淺,0.8477436999162964
清興俱不淺,興深終不渝,0.8218885106130902
清興俱不淺,在野興清深,0.8038020943872555
清興俱不淺,清談見滋味,0.8001808193327107
長吟無用歸,歸醉每無愁,0.8076171965251483
長吟無用歸,詩罷能吟不復聽,0.8004562841172029
長吟無用歸,樂罷不無悲,0.8107356032247255
長吟無用歸,苦調短長吟,0.8042197856624221
長吟無用歸,長歌意無極,0.8482809189138332
長吟無用歸,吾醉亦長歌,0.800716466420448
長吟無用歸,不覺自長吟,0.8326639739867019
長吟無用歸,虚費短長吟,0.8253666633445018
長吟無用歸,終焉託長嘯,0.8091472634321194
月明南北道,騎向交河道,0.8022402670149988
月明南北道,南京犀浦道,0.8368174564114578
猶見驛塵飛,隔河見胡騎,0.8137412458544169
猶見驛塵飛,傳聲看驛使,0.8009604824356217
猶見驛塵飛,十年厭見旌旗紅,0.810449343639225
猶見驛塵飛,使塵來驛道,0.8443846518444006
真皇多廟勝,吾宗固神秀,0.8058257816930767
真皇多廟勝,王國稱多士,0.8047574097708963
真皇多廟勝,皇華吾善處,0.8058964569109945
真皇多廟勝,當今廊廟具,0.811246124190262
真皇多廟勝,文物多師古,0.8092393676290011
真皇多廟勝,唐堯真自聖,0.8158666880787594
真皇多廟勝,世祖修高廟,0.8243639062682449
真皇多廟勝,惟昔武皇后,0.8196502646014445
真皇多廟勝,吾祖詩冠古,0.8234560507131813
真皇多廟勝,赫赫雍王都節制,0.8039399631671778
真皇多廟勝,肅宗登寶位,0.8125169666813041
真皇多廟勝,先帝正好武,0.8065505977318936
真皇多廟勝,宗臣遺像肅清高,0.8083397904084917
真皇多廟勝,神靈漢代中興主,0.8198004027524608
真皇多廟勝,肅宗昔在靈武城,0.8058824986959727
真皇多廟勝,雄鎮荆州繼吾祖,0.8055169646010907
真皇多廟勝,漢道中興盛,0.8035127642810478
真皇多廟勝,濟世宜引英俊人,0.8161696623443262
真皇多廟勝,盛才冠巖廊,0.8212450975699609
仁祖用功深,道德付今王,0.820065356151517
仁祖用功深,陰謀獨秉鈞,0.8030993372776045
仁祖用功深,智謀垂睿想,0.8361498906576801
仁祖用功深,廟堂知至理,0.8067256702586856
仁祖用功深,孝理敦國政,0.844036164626581
仁祖用功深,宣光果明哲,0.8307115408854444
仁祖用功深,神功協禹謨,0.8219570814884247
仁祖用功深,聖圖天廣大,0.8177015751474169
仁祖用功深,聖朝新孝理,0.8169688432219661
仁祖用功深,成王功大心轉小,0.8075465444201111
仁祖用功深,德業天機秉,0.8375622859089613
仁祖用功深,世祖修高廟,0.8125950586067524
仁祖用功深,於公負明義,0.8133250193957786
仁祖用功深,終古立忠義,0.8125438025252618
仁祖用功深,不過行儉德,0.8037775072130153
仁祖用功深,豈惟高祖聖,0.8048084808479349
仁祖用功深,君臣重修德,0.8147884911086661
仁祖用功深,一德興王後,0.8161793067440686
仁祖用功深,聖賢古法則,0.8025050306998779
仁祖用功深,明明君臣契,0.8089562048434527
仁祖用功深,宗生實於此,0.804624865168587
仁祖用功深,聖聰矧多仁,0.8733353491331929
仁祖用功深,祀事親聖躬,0.8078040154212754
仁祖用功深,聖哲體仁恕,0.8789889945305486
仁祖用功深,太陽信深仁,0.8268439669935885
仁祖用功深,深誠補王室,0.8082153860725276
仁祖用功深,聖哲爲心小一身,0.817295175311323
仁祖用功深,禹功翊造化,0.8165719857529308
仁祖用功深,用心未甚臧,0.8276752457132689
仁祖用功深,天王日儉德,0.8016849059423198
仁祖用功深,兼存翊贊功,0.8397573288404274
仁祖用功深,九農成德業,0.8197980036898862
仁祖用功深,崇大王法度,0.8309903811069868
仁祖用功深,義方兼有訓,0.8039804957168808
仁祖用功深,自古求忠孝,0.8035923113486809
仁祖用功深,進德知歷試,0.8241142652537401
仁祖用功深,聖哲垂彖繫,0.8114589422405912
仁祖用功深,無補聖明朝,0.8044079524606669
仁祖用功深,先王實罪己,0.8231914127642175
仁祖用功深,爾祖未顯時,0.8216525456918817
卜宅遷九鼎,卜宅從茲老,0.824224814928638
卜宅遷九鼎,卜居赤甲遷居新,0.8538761954373532
破胡藏萬金,百金裝刀頭,0.8189965083045232
破胡藏萬金,家書抵萬金,0.8219594724919552
破胡藏萬金,布地有黄金,0.8183985948992683
百年休戰士,猛氣猶思戰場利,0.838814148883448
百年休戰士,王者今無戰,0.8257207064208285
百年休戰士,先鋒百戰在,0.8533025350510632
百年休戰士,策行遺戰伐,0.8238338589899561
百年休戰士,戰伐有功業,0.813386821449063
百年休戰士,夜深經戰場,0.8371773838055991
百年休戰士,臨危經久戰,0.8051305843865251
百年休戰士,休語艱難尚酣戰,0.8276332444939815
百年休戰士,百戰今誰在,0.8422800842943099
百年休戰士,河間尚戰伐,0.8220760227625559
百年休戰士,二男新戰死,0.8245732426977431
百年休戰士,下馬古戰場,0.8209535053264925
百年休戰士,羣凶猶索戰,0.8134723492723417
百年休戰士,苦戰身死馬將軍,0.8166659845246993
百年休戰士,戰場今始定,0.8298392330917672
百年休戰士,大君先息戰,0.839391588671662
百年休戰士,四海十年不解兵,0.8147860991967606
百年休戰士,西京疲百戰,0.8473353391220955
百年休戰士,此皆戰騎一敵萬,0.8041591188435484
百年休戰士,淹留戰伐功,0.8090630046659544
百年休戰士,短衣防戰地,0.8342732204692846
百年休戰士,風塵戰伐多,0.8396185723795238
百年休戰士,戰伐何當解,0.8154420158069632
百年休戰士,高堂戰伐塵,0.8151251049818199
百年休戰士,不眠憂戰伐,0.829487717842593
百年休戰士,野哭千家聞戰伐,0.8064556835257544
百年休戰士,誰知百戰場,0.8686547792930581
百年休戰士,來經戰伐新,0.8085625592714973
百年休戰士,十二年來多戰場,0.8588199384616241
百年休戰士,嗚呼戰伐久,0.8394728350669263
百年休戰士,食新先戰士,0.8148731507839944
百年休戰士,國須行戰伐,0.815303047932515
百年休戰士,飄零免戰兢,0.8194666392158272
百年休戰士,早已戰場多,0.8353113073599148
百年休戰士,流年壯士悲,0.8083025093574634
百年休戰士,飛騰戰伐名,0.8270526856518489
百年休戰士,聖朝尚飛戰鬭塵,0.8213674291295008
百年休戰士,十年殺氣盛,0.8183488027095296
百年休戰士,清邊生戰場,0.8332926313417129
欲斷匈奴臂,吾叱奴人解其縛,0.8122024184374341
不如留此心,惜君只欲苦死留,0.8258012922402171
不如留此心,如何不飲令心哀,0.8007123473592985
不如留此心,三年獨此心,0.8197240839021445
不如留此心,心折此淹留,0.8109691289591558
不如留此心,胡爲淹此留,0.8045035761909517
都城礙飛鳥,飛鳥避轅門,0.8104807241857148
都城礙飛鳥,愁窺高鳥過,0.8064367287316634
軍幕卧貔貅,遂使貔虎士,0.8154893716197088
軍幕卧貔貅,天地軍麾滿,0.8013955178180063
軍幕卧貔貅,官軍擁賊壕,0.8499564090892034
軍幕卧貔貅,龍武新軍深駐輦,0.8008275879258816
軍幕卧貔貅,元帥待琱戈,0.8150080151248428
軍幕卧貔貅,降虜兼千帳,0.8002965071520398
軍幕卧貔貅,懸軍幕井乾,0.8050231145688613
軍幕卧貔貅,貔虎開金甲,0.8398977593240009
軍幕卧貔貅,雲深驃騎幕,0.8111779830966659
軍幕卧貔貅,入幕旌旗動,0.8112857824959017
軍幕卧貔貅,風動將軍幕,0.8145818574931863
軍幕卧貔貅,千騎擁霓旌,0.816828466032318
軍幕卧貔貅,列國兵戈暗,0.8146009643219976
軍幕卧貔貅,玉帳分弓射虜營,0.8012863830130366
軍幕卧貔貅,天長驃騎營,0.8033368691426623
軍幕卧貔貅,兵戈猶擁蜀,0.8273235001388859
軍幕卧貔貅,萬㝢插軍麾,0.8594144058254664
軍幕卧貔貅,兵張虎豹符,0.8049779512237258
軍幕卧貔貅,將軍玉帳軒翠氣,0.8064677250145464
軍幕卧貔貅,擁兵相學干戈鋭,0.8035582862781889
軍幕卧貔貅,李相將軍擁薊門,0.8211194289639638
軍幕卧貔貅,由來貔虎士,0.8124297940242102
軍幕卧貔貅,麾下殺元戎,0.8273751000386202
紫葚知蠶老,蠶亦成,0.8041900098208604
黄雲見麥秋,禾頭生耳黍穗黑,0.8229067246457392
黄雲見麥秋,涼州白麥枯,0.8528314990841146
黄雲見麥秋,青熒陵陂麥,0.8024472596680539
黄雲見麥秋,黄雲高未動,0.8030116709798882
黄雲見麥秋,山晚黄雲合,0.8091767656886317
黄雲見麥秋,白露黄粱熟,0.8251882391217656
黄雲見麥秋,豆子雨已熟,0.8002730422277429
黄雲見麥秋,黄獨無苗山雪盛,0.8121809187000021
黄雲見麥秋,已喜黍豆高,0.8020667322247554
黄雲見麥秋,大麥乾枯小麥黄,0.851682156465438
黄雲見麥秋,黄知橘柚來,0.8008072221807458
黄雲見麥秋,野多青青麥,0.8148104313669681
黄雲見麥秋,六月青稻多,0.8210752756420643
黄雲見麥秋,秋菰成黑米,0.8018605255300761
黄雲見麥秋,秔稻熟天風,0.8370654642226303
黄雲見麥秋,稻穫空雲水,0.8056983834230138
接天雙闕起,秦城迴北斗,0.8062173830110497
接天雙闕起,宸極妖星動,0.8093752413514272
接天雙闕起,九天閶闔開宫殿,0.8024761477957536
接天雙闕起,風連西極動,0.8330394949701752
接天雙闕起,含星動雙闕,0.8492427171493813
接天雙闕起,雲端失雙闕,0.8500575585388187
接天雙闕起,高天逐望低,0.8117088542811493
接天雙闕起,建都分魏闕,0.8032602662276673
接天雙闕起,北極捧星辰,0.8210178181017344
接天雙闕起,中天積翠玉臺遥,0.8124172923960216
接天雙闕起,宫闕通羣帝,0.8353652180562151
接天雙闕起,銀漢遥應接鳳城,0.8665215781242481
接天雙闕起,蓬萊高闕對南山,0.8246538225099932
接天雙闕起,蓬萊高闕對南山,0.8246538225099932
接天雙闕起,一去紫臺連朔漠,0.8018215574691011
接天雙闕起,秦城近斗杓,0.8089529585387536
接天雙闕起,紫氣關臨天地闊,0.8371651151345318
接天雙闕起,南極一星朝北斗,0.8220324707145029
接天雙闕起,銀漢會雙星,0.8050212545313302
接天雙闕起,蓬萊漢閣連,0.8060855446759438
接天雙闕起,霜天到宫闕,0.8007959374876004
接天雙闕起,北拱戴霄漢,0.8375813896584039
伏地九河流,交河幾蹴曾冰裂,0.8048570832567239
伏地九河流,黄河十月冰,0.8000314975806515
伏地九河流,邊庭流血成海水,0.8127678261720834
伏地九河流,天地日流血,0.8350286374739806
伏地九河流,江長注海奔,0.8096204175998087
伏地九河流,落日九江流,0.8020777343512302
伏地九河流,寒江東北流,0.8037806922251933
伏地九河流,禹鑿寒江正穩流,0.8034519917411782
耆老深望幸,舊都俄望幸,0.8044511291486285
耆老深望幸,故老多再拜,0.8034431974858545
耆老深望幸,老親如宿昔,0.8004191501473347
耆老深望幸,舊德朝中屬望勞,0.8002006531675263
鑾輿不好遊,鑾輿駐鳳翔,0.8487774091239602
鑾輿不好遊,一命侍鸞輿,0.8017593670399823
鑾輿不好遊,當時侍金輿,0.8021466062323539
鑾輿不好遊,吾得及春遊,0.800264839256215
鑾輿不好遊,多暇日陪驄馬遊,0.8256155956613228
鑾輿不好遊,乘輿恐未回,0.8062969778683053
鑾輿不好遊,鳴鑾自陝歸,0.8099673822713487
鑾輿不好遊,潘輿送喜頻,0.8096690510129371
漢皇勤遠略,經術漢臣須,0.8141411561808497
漢皇勤遠略,經傳拱漢皇,0.811040542456259
漢皇勤遠略,君王自神武,0.805635711817257
漢皇勤遠略,智謀垂睿想,0.8121276195162843
漢皇勤遠略,嘉謨及遠黎,0.8325678212658285
漢皇勤遠略,孝理敦國政,0.8084462631354319
漢皇勤遠略,丕承戢武威,0.8180636535443604
漢皇勤遠略,文思憶帝堯,0.8139566049806468
漢皇勤遠略,帝力收三統,0.8011082364882927
漢皇勤遠略,世祖修高廟,0.8160415270282619
漢皇勤遠略,後王尚柔遠,0.810194054762809
漢皇勤遠略,惟昔武皇后,0.8134788744550814
漢皇勤遠略,帝念深分閫,0.8062878161623326
漢皇勤遠略,終期漢武巡,0.815389840134016
漢皇勤遠略,羣臣從武皇,0.8040702674672806
漢皇勤遠略,重遊先主廟,0.8005501596840123
漢皇勤遠略,念子善師事,0.8095180596912588
漢皇勤遠略,敢忘帝力勤,0.8217419716344283
漢皇勤遠略,皇皇使臣體,0.802449011926923
漢皇勤遠略,聖聰矧多仁,0.8050797392927534
漢皇勤遠略,祀事親聖躬,0.8222433257887223
漢皇勤遠略,聖哲體仁恕,0.8019702308200906
漢皇勤遠略,先帝正好武,0.8094574821166092
漢皇勤遠略,空念禹功勤,0.8104978667035713
漢皇勤遠略,周宣漢武今王是,0.8153250958374068
漢皇勤遠略,國嗣初將付諸武,0.8104867719950339
漢皇勤遠略,兼存翊贊功,0.8150829858319559
漢皇勤遠略,恭惟漢網疏,0.8032598321383912
漢皇勤遠略,邦家用祀典,0.8019427869101617
漢皇勤遠略,主將儉省憂艱虞,0.808388963803408
漢皇勤遠略,賢豪贊經綸,0.8081905368686622
晚節相千秋,千秋萬歲名,0.8402590495819484
晚節相千秋,自罷千秋節,0.8644072731061938
不足中原地,平地一川穩,0.8080525640524419
猶思一戰收,猛氣猶思戰場利,0.8562111401388497
猶思一戰收,王者今無戰,0.8249875969075284
猶思一戰收,先鋒百戰在,0.8593801718322562
猶思一戰收,策行遺戰伐,0.834672215802499
猶思一戰收,才緣挑戰須,0.8052860990398192
猶思一戰收,戰伐有功業,0.8300564096383976
猶思一戰收,烽舉新酣戰,0.8250175404943756
猶思一戰收,瘡痍親接戰,0.805557177747581
猶思一戰收,夜深經戰場,0.8004894955382871
猶思一戰收,臨危經久戰,0.8020178352440337
猶思一戰收,百戰今誰在,0.8226314630991312
猶思一戰收,河間尚戰伐,0.8338128073976138
猶思一戰收,二男新戰死,0.8310249493590192
猶思一戰收,羣凶猶索戰,0.836902403416514
猶思一戰收,八州刺史思一戰,0.8368898088384344
猶思一戰收,戰場今始定,0.8435183544917743
猶思一戰收,大君先息戰,0.8533322313731871
猶思一戰收,西京疲百戰,0.8233353895775335
猶思一戰收,此皆戰騎一敵萬,0.8041847256103974
猶思一戰收,淹留戰伐功,0.8270396257251602
猶思一戰收,短衣防戰地,0.818733671983797
猶思一戰收,請先偃甲兵,0.8020902804510778
猶思一戰收,戰伐何當解,0.8393991785081406
猶思一戰收,不眠憂戰伐,0.8234708769606336
猶思一戰收,願戒兵猶火,0.8043247757804624
猶思一戰收,每聞戰場説,0.8143473116439577
猶思一戰收,誰知百戰場,0.8105606942787025
猶思一戰收,乾坤一戰收,0.8378315946454662
猶思一戰收,戰伐何由定,0.8087779343505321
猶思一戰收,來經戰伐新,0.8292602383163681
猶思一戰收,食新先戰士,0.8362797679161516
猶思一戰收,國須行戰伐,0.8371200744300781
猶思一戰收,戰勝洗侵陵,0.8248192550096716
猶思一戰收,飄零免戰兢,0.810943996008308
猶思一戰收,早已戰場多,0.803655687361585
猶思一戰收,野哭初聞戰,0.8175093485004772
猶思一戰收,聖朝尚飛戰鬭塵,0.819368811006324
猶思一戰收,清邊生戰場,0.8073249018237056
聖朝方北顧,河隴降王款聖朝,0.8066967775912752
聖朝方北顧,聖德北服南單于,0.806722949393724
聖朝方北顧,慈顔赴北堂,0.8168870025292856
聖朝方北顧,北闕更新主,0.8105869418708063
聖朝方北顧,北極朝廷終不改,0.8241987588916999
聖朝方北顧,承恩數上南薰殿,0.8030391418883496
聖朝方北顧,趨庭赴北堂,0.8182170311577197
聖朝方北顧,南紀赴恩私,0.8253438856373403
聖朝方北顧,君恩北望心,0.8103442267151761
聖朝方北顧,聖朝光御極,0.8331985531000388
斜日倚東樓,落日平臺上,0.8047695908624339
斜日倚東樓,斜日當軒蓋,0.8087335261766571
斜日倚東樓,暮倚高樓對雪峰,0.8123660485103191
斜日倚東樓,落日在簾鈎,0.8291671389799231
斜日倚東樓,樓閣倚山巓,0.8137205630247455
斜日倚東樓,高枕對南樓,0.8319422279090773
斜日倚東樓,行藏獨倚樓,0.8159442085353175
斜日倚東樓,日日江樓坐翠微,0.8241741023961384
斜日倚東樓,落日對春華,0.8168439616946301
斜日倚東樓,向晚霾殘日,0.8107441450716316
廟筭知無敵,此馬臨陣久無敵,0.8042411168652133
廟筭知無敵,王者今無戰,0.8289916089327365
廟筭知無敵,精鋭舊無敵,0.8256503106852806
廟筭知無敵,自此均勍敵,0.8009366493278137
廟筭知無敵,一生自獵知無敵,0.8171266614108064
廟筭知無敵,宗臣則廟食,0.809687484365922
寒儒浪自愁,有儒愁餓死,0.8093359539480205
傳聞交州初陸梁,韋賢初相漢,0.8013185173949569
傳聞交州初陸梁,近聞昆戎徒,0.8286250794374572
傳聞交州初陸梁,未曾入州府,0.8019055681065004
傳聞交州初陸梁,聞道并州鎮,0.8308766732716628
傳聞交州初陸梁,近聞寬法離新州,0.811523523802205
傳聞交州初陸梁,坐逢楊子鎮東州,0.8064363984482832
傳聞交州初陸梁,聞説初東幸,0.805691036068527
傳聞交州初陸梁,前年渝州殺刺史,0.8136992575751325
傳聞交州初陸梁,今年開州殺刺史,0.8170901693856418
傳聞交州初陸梁,憶昔咸陽都市合,0.8026736307582742
傳聞交州初陸梁,俱客古信州,0.8055610808496849
傳聞交州初陸梁,聞説荆南馬,0.8117638174585627
傳聞交州初陸梁,曾聞宋玉宅,0.8054523231260298
傳聞交州初陸梁,荆州遇薛孟,0.8006492990822205
傳聞交州初陸梁,忽憶兩京全盛時,0.8256308977364744
傳聞交州初陸梁,重聞西方止觀經,0.8077084404956291
傳聞交州初陸梁,聞説江陵府,0.8272535760908977
傳聞交州初陸梁,似聞上游兵,0.800903709085524
傳聞交州初陸梁,與子避地西康州,0.8121410214227409
東連五溪西氐羗,漢家山東二百州,0.8226549652091455
東連五溪西氐羗,半陂以南純浸山,0.8237750540666193
東連五溪西氐羗,延州秦北户,0.8206931275376964
東連五溪西氐羗,西扼弱水道,0.8404905464081927
東連五溪西氐羗,近接西南境,0.8269421056619285
東連五溪西氐羗,磎西五里石,0.8227378221104744
東連五溪西氐羗,北對西康州,0.836122088610488
東連五溪西氐羗,連山抱西南,0.8570239700208925
東連五溪西氐羗,連山西南斷,0.8704127524493427
東連五溪西氐羗,吴蜀水相通,0.8061188307945208
東連五溪西氐羗,東至集壁西梁洋,0.8062059735274322
東連五溪西氐羗,綿州江水之東津,0.8777911660578619
東連五溪西氐羗,金華山北涪水西,0.8363958245289977
東連五溪西氐羗,禄山北築雄武城,0.8142949901050517
東連五溪西氐羗,通泉百里近梓州,0.8143424455871652
東連五溪西氐羗,東津江欲平,0.8022374446313167
東連五溪西氐羗,地利西通蜀,0.8180346543313353
東連五溪西氐羗,東西南北百里間,0.8695034960455726
東連五溪西氐羗,閬州城東靈山白,0.8058648267489444
東連五溪西氐羗,西取邛南兵,0.8217649259610136
東連五溪西氐羗,黄河南岸是吾蜀,0.8108601284079393
東連五溪西氐羗,西嶺紆村北,0.8004437075386169
東連五溪西氐羗,南江繞舍東,0.8459902619315272
東連五溪西氐羗,岷嶺南蠻北,0.8086844399149022
東連五溪西氐羗,徐關東海西,0.8227793695831547
東連五溪西氐羗,泉路窅東吴,0.8083309962802805
東連五溪西氐羗,外江三峽且相接,0.8016151384144609
東連五溪西氐羗,中巴之東巴東山,0.8616880887873086
東連五溪西氐羗,瀼東瀼西一萬家,0.8217461389987515
東連五溪西氐羗,連檣荆州船,0.8113454680354067
東連五溪西氐羗,嗚呼東吴精,0.8131233484004379
東連五溪西氐羗,南入黔陽天,0.8140846690980263
東連五溪西氐羗,西南控百蠻,0.826081212791901
東連五溪西氐羗,嵯峨白帝城東西,0.8145657646076265
東連五溪西氐羗,岸高瀼滑限西東,0.8153547428347884
東連五溪西氐羗,澶漫山東一百州,0.8261967687581739
東連五溪西氐羗,東逾遼水北滹沱,0.8135295277410118
東連五溪西氐羗,東屯大江北,0.8352771959119532
東連五溪西氐羗,東望西江永,0.8130682000240996
東連五溪西氐羗,東西兩岸坼,0.8092274983390517
東連五溪西氐羗,市暨瀼西巔,0.8199574021344478
東連五溪西氐羗,東屯復瀼西,0.8517416770205988
東連五溪西氐羗,西上岷江源,0.8019687872445338
東連五溪西氐羗,崆峒西極過崑崙,0.8029413603664091
東連五溪西氐羗,西北樓成雄楚都,0.8083974322140538
東連五溪西氐羗,西江接錦城,0.8192953146818147
東連五溪西氐羗,吳楚東南坼,0.8114505931230711
東連五溪西氐羗,東西南北更誰論,0.8072812232861533
東連五溪西氐羗,與子避地西康州,0.8254713732862364
軍行不斷蠻標盾,况復秦兵耐苦戰,0.8267115559919984
軍行不斷蠻標盾,軍行入高山,0.8028903074701472
軍行不斷蠻標盾,被堅執鋭略西極,0.8105086077156369
軍行不斷蠻標盾,邊兵盡東征,0.8029459416113872
軍行不斷蠻標盾,旁制山賊起,0.8161624138729511
軍行不斷蠻標盾,手畫三軍勢,0.8314140370739226
軍行不斷蠻標盾,秋屯隴右兵,0.8043008547249537
軍行不斷蠻標盾,官軍擁賊壕,0.8451341033098265
軍行不斷蠻標盾,前軍蘇武節,0.8070749544980422
軍行不斷蠻標盾,雜虜横戈數,0.803991346936082
軍行不斷蠻標盾,奇兵不在衆,0.8010597112010927
軍行不斷蠻標盾,兵氣恐不揚,0.8211417788290032
軍行不斷蠻標盾,將軍膽氣雄,0.8127996901835326
軍行不斷蠻標盾,行軍數騎來,0.8139323267434063
軍行不斷蠻標盾,血埋諸將甲,0.8020362257682934
軍行不斷蠻標盾,官軍未通蜀,0.8088315168321235
軍行不斷蠻標盾,蜀將分旗鼓,0.8140366615102606
軍行不斷蠻標盾,羌兵助鎧鋋,0.8237981715735339
軍行不斷蠻標盾,况今攝行大將權,0.8165678472012052
軍行不斷蠻標盾,邊隅還用兵,0.8230444062990743
軍行不斷蠻標盾,大角纏兵氣,0.8433268844793484
軍行不斷蠻標盾,訓練强兵動鬼神,0.8152128075851202
軍行不斷蠻標盾,雪山斥候無兵馬,0.8000460136587584
軍行不斷蠻標盾,列國兵戈暗,0.8057887528605159
軍行不斷蠻標盾,氣豪直阻兵,0.8098816785734135
軍行不斷蠻標盾,出兵整肅不可當,0.8086768816931849
軍行不斷蠻標盾,短衣防戰地,0.8091471764859582
軍行不斷蠻標盾,漢將仍横戈,0.8051431207031903
軍行不斷蠻標盾,軍旅西征僻,0.8135467042669696
軍行不斷蠻標盾,殿前兵馬雖驍雄,0.8148836794042271
軍行不斷蠻標盾,兵戈猶擁蜀,0.8286077701657724
軍行不斷蠻標盾,戰伐何當解,0.8060099028350249
軍行不斷蠻標盾,勢藉兵須用,0.8236549359336428
軍行不斷蠻標盾,戰自青羌連白蠻,0.8066892339743614
軍行不斷蠻標盾,頃壯戎麾出,0.8063416043527057
軍行不斷蠻標盾,將軍勇鋭與之敵,0.8106612163799689
軍行不斷蠻標盾,擁兵相學干戈鋭,0.8279589682924784
軍行不斷蠻標盾,盡添軍旅用,0.823784534905456
軍行不斷蠻標盾,國須行戰伐,0.8279055670942409
軍行不斷蠻標盾,天兵斬斷青海戎,0.8177116758193155
軍行不斷蠻標盾,中原未解兵,0.8178885793868036
軍行不斷蠻標盾,氣却西戎回北狄,0.8100644856398665
軍行不斷蠻標盾,諸將亦自軍中至,0.8100853808677982
謀主皆收漢畔亡,向使國不亡,0.8055062116577262
謀主皆收漢畔亡,國嗣初將付諸武,0.8120790798737605
謀主皆收漢畔亡,不獨漢家營,0.807820165975137
謀主皆收漢畔亡,殺伐虚悲公主親,0.8044624650133017
合浦譙門腥血沸,邊庭流血成海水,0.8353025591213092
合浦譙門腥血沸,清渭東流劍閣深,0.8024411861839003
合浦譙門腥血沸,川谷血横流,0.805613092446149
合浦譙門腥血沸,長淮浪高蛟龍怒,0.804552671002525
合浦譙門腥血沸,江發蠻夷漲,0.8025271288556248
合浦譙門腥血沸,黄河北岸海西軍,0.8104859609489969
合浦譙門腥血沸,峽門江腹擁城隅,0.8096597322458681
合浦譙門腥血沸,凍埋蛟龍南浦縮,0.8206752115620539
合浦譙門腥血沸,北歸秦川多鼓鼙,0.8294522655850785
晋興城下白骨荒,荒城魯殿餘,0.8274033134857833
晋興城下白骨荒,苑邊高塚卧麒麟,0.8020928225999076
晋興城下白骨荒,秦州城北寺,0.8046002339618998
晋興城下白骨荒,野日荒荒白,0.8202076629201902
晋興城下白骨荒,西山白雪三城戍,0.8044386319932293
晋興城下白骨荒,遂州城中漢節在,0.8003648733577
晋興城下白骨荒,築城依白帝,0.8025335789511989
晋興城下白骨荒,閬州城東靈山白,0.8158012406829164
晋興城下白骨荒,閬州城北玉臺碧,0.8011991412846557
晋興城下白骨荒,南有漢王祠,0.8056327576267992
晋興城下白骨荒,漢朝陵墓對南山,0.8041811926839775
晋興城下白骨荒,長城掃遺堞,0.8080424455998849
晋興城下白骨荒,坡陀青州血,0.8223631150194413
晋興城下白骨荒,洛陽昔陷没,0.808139392870455
晋興城下白骨荒,戰地骸骨白,0.8259043423826524
晋興城下白骨荒,荒戍之城石色古,0.8698504327367671
晋興城下白骨荒,瞿唐石城草蕭瑟,0.8180593353526384
謀臣異時坐致寇,張目視寇讎,0.8017816414845643
謀臣異時坐致寇,四方服勇決,0.8209091556844108
謀臣異時坐致寇,姦臣竟葅醢,0.8020355579848453
謀臣異時坐致寇,蘇武看羊陷賊庭,0.8042503897789111
謀臣異時坐致寇,饑寒傍濟州,0.8116013809863539
謀臣異時坐致寇,漢虜互勝負,0.8042520597248461
謀臣異時坐致寇,八州刺史思一戰,0.8131203110830447
謀臣異時坐致寇,多秉輔佐權,0.8311518599185443
謀臣異時坐致寇,大君先息戰,0.8095274117700749
謀臣異時坐致寇,盗賊本王臣,0.8258254049098677
謀臣異時坐致寇,所憂盗賊多,0.805824774398507
謀臣異時坐致寇,濟時敢愛死,0.8184130355363911
謀臣異時坐致寇,河内猶宜借寇恂,0.8041644839776902
謀臣異時坐致寇,賊臣互相誅,0.8221891027360828
謀臣異時坐致寇,臣子憂四藩,0.8358677396156156
謀臣異時坐致寇,自此均勍敵,0.8025243797303959
謀臣異時坐致寇,翻然遠救朔方兵,0.8370463054076872
謀臣異時坐致寇,事近小臣斃,0.8100304014457732
謀臣異時坐致寇,君臣尚論兵,0.8242085675472148
謀臣異時坐致寇,賊臣表逆節,0.8525101520097883
謀臣異時坐致寇,小臣議論絶,0.8155708141372233
謀臣異時坐致寇,寇盗方歸順,0.8180963285238763
謀臣異時坐致寇,聖朝兼盗賊,0.8064140842651764
謀臣異時坐致寇,盗賊縱横甚密邇,0.8065725960841517
謀臣異時坐致寇,聖主國多盗,0.8176794412080122
謀臣異時坐致寇,問兵刮寇趨下牢,0.8065419829566463
謀臣異時坐致寇,分閫救世用賢豪,0.834823171799023
謀臣異時坐致寇,賊臣惡子休干紀,0.8095451161126955
謀臣異時坐致寇,黎民困逆節,0.8052426226089593
謀臣異時坐致寇,主守問家臣,0.8063707189083031
謀臣異時坐致寇,朝廷防盗賊,0.8035770862406577
謀臣異時坐致寇,君臣當共濟,0.8219867088423247
謀臣異時坐致寇,治國用輕刑,0.8139324771356552
謀臣異時坐致寇,刺史似寇恂,0.8079828105214654
謀臣異時坐致寇,濟時肯殺身,0.8186843685324439
謀臣異時坐致寇,宗臣忌諱災,0.8077074945152982
謀臣異時坐致寇,權宜借寇頻,0.811095363093856
謀臣異時坐致寇,主憂急盗賊,0.8119148926288883
謀臣異時坐致寇,劉毅答詔驚羣臣,0.817806883198256
謀臣異時坐致寇,近時主將戮,0.8195480688705792
守臣今日愧包桑,余時忝諍臣,0.8050525911341474
守臣今日愧包桑,居守付宗臣,0.802448867183589
守臣今日愧包桑,受諫無今日,0.800269065350548
守臣今日愧包桑,猶多老大臣,0.8073752538677524
守臣今日愧包桑,中原仗老臣,0.8058166878229327
守臣今日愧包桑,不愧史臣詞,0.825166921608011
已遣戈船下灕水,大江東流去,0.8091191444129824
已遣戈船下灕水,漁舟上急水,0.8030175087514486
已遣戈船下灕水,收帆下急水,0.826264091886084
已遣戈船下灕水,猶聞上急水,0.8058664704931743
已遣戈船下灕水,未待安流逆浪歸,0.8103766759021016
已遣戈船下灕水,西江使船至,0.8287486638426645
已遣戈船下灕水,洪河怒濤過輕舸,0.8015126286441581
更分樓船浮豫章,連檣並米船,0.8117233717099657
更分樓船浮豫章,樓船過洞庭,0.8124344772139972
頗聞師出三鵶路,似得廬山路,0.8002561564936961
頗聞師出三鵶路,聞道和親入,0.8004260307712986
盡是中屯六郡良,赤縣官曹擁才傑,0.8116633090458739
盡是中屯六郡良,藉卿佐元帥,0.8057214701073883
盡是中屯六郡良,秋屯隴右兵,0.8010397907334499
盡是中屯六郡良,中興諸將收山東,0.8011449046785558
盡是中屯六郡良,西戎外甥國,0.8062091122660004
盡是中屯六郡良,聞道并州鎮,0.80956410486694
盡是中屯六郡良,三州陷犬戎,0.8203490378890668
盡是中屯六郡良,河北將軍盡入朝,0.8106203839733264
盡是中屯六郡良,盡添軍旅用,0.8020399698480873
盡是中屯六郡良,蜀都足戎軒,0.8339378779295475
盡是中屯六郡良,拔爲天軍佐,0.8251324165849361
盡是中屯六郡良,令弟雄軍佐,0.8408990662376308
盡是中屯六郡良,天下郡國向萬城,0.808517047794221
盡是中屯六郡良,諸將亦自軍中至,0.8052281579431187
盡是中屯六郡良,俱爲蜀使臣,0.8007421462954734
盡是中屯六郡良,中丞連帥職,0.8177839413766594
盡是中屯六郡良,麾下殺元戎,0.8226597109450001
盡是中屯六郡良,中原戎馬盛,0.8000493986692291
漢南食麥如食玉,且食雙魚美,0.805721443392051
漢南食麥如食玉,食之豪健西域無,0.8174994307873177
漢南食麥如食玉,香美勝牛乳,0.8002315015469015
漢南食麥如食玉,食蕨不願餘,0.8157893986415694
漢南食麥如食玉,苦飢始得食一蟲,0.8192398471754596
漢南食麥如食玉,園收芋栗不全貧,0.8095386984806605
漢南食麥如食玉,小兒五歲氣食牛,0.8101258162682126
漢南食麥如食玉,稻米流脂粟米白,0.8135495113758788
漢南食麥如食玉,飢有易子食,0.8190217686194712
漢南食麥如食玉,兵久食恐貧,0.8119141375634042
漢南食麥如食玉,徼麥早向熟,0.8005059908938927
漢南食麥如食玉,肉食三十萬,0.8139322566926583
漢南食麥如食玉,官雞輸稻粱,0.8059550311379438
漢南食麥如食玉,肉食哂菜色,0.8316436777704528
漢南食麥如食玉,家中厭雞食蟲蟻,0.8313590397021954
漢南食麥如食玉,食新先戰士,0.8047049283911956
漢南食麥如食玉,玉粒足晨炊,0.8016092511844297
漢南食麥如食玉,稻米炊能白,0.81116867583456
漢南食麥如食玉,去年米貴闕軍食,0.8045002370109082
漢南食麥如食玉,今年米賤太傷農,0.8278635312861322
漢南食麥如食玉,鳥雀苦肥秋粟菽,0.8051408045049571
漢南食麥如食玉,應過數粒食,0.8043899070233556
湖南驅人如驅羊,驅驅争奪繁,0.8061141513317145
湖南驅人如驅羊,健如黄犢走復來,0.8161355606378213
湖南驅人如驅羊,長驅東胡胡走藏,0.8296290790614769
湖南驅人如驅羊,侵星驅之去,0.8083236140931707
營平請穀三百萬,家無儋石輸百萬,0.8308746896505517
營平請穀三百萬,便至四十西營田,0.8077596507442755
營平請穀三百萬,轉致斛六千,0.8039305330011981
營平請穀三百萬,東屯稻畦一百頃,0.8155926823221038
營平請穀三百萬,百萬攻一城,0.8229866727190509
營平請穀三百萬,粟馬資歷聘,0.8074531410446388
祁連引兵九千里,送兵五千人,0.8020221994490475
祁連引兵九千里,兵戈動接連,0.8089966439430905
祁連引兵九千里,洛城一别四千里,0.8003285934585674
祁連引兵九千里,胡虜千秋尚入關,0.8018807771091903
祁連引兵九千里,胡騎中宵堪北走,0.8024377155391693
少府私錢不敢知,河魚不取錢,0.8216590672021857
少府私錢不敢知,豈聞一絹直萬錢,0.811204532406508
少府私錢不敢知,已辦青錢防雇直,0.8020668338101186
少府私錢不敢知,百鳥不敢嗔,0.8032289778529391
少府私錢不敢知,朱橘不論錢,0.8149768595354957
少府私錢不敢知,往日用錢捉私鑄,0.8028491301533984
少府私錢不敢知,賜錢傾府待,0.813378444655614
大農計歲今餘幾,兵戈有歲年,0.8280087582693657
大農計歲今餘幾,農人望歲稔,0.8490243083744696
大農計歲今餘幾,農月須知課,0.810714740248271
大農計歲今餘幾,百餘年間未災變,0.805598178367207
大農計歲今餘幾,與兄行年校一歲,0.8135732032850482
大農計歲今餘幾,今古歲方寧,0.8046330165556116
大農計歲今餘幾,今年米賤太傷農,0.8102207941822692
土兵番馬貔虎同,况復秦兵耐苦戰,0.8398516548231278
土兵番馬貔虎同,遂使貔虎士,0.8160690556642133
土兵番馬貔虎同,邊兵盡東征,0.8362025250617311
土兵番馬貔虎同,豺狼沸相噬,0.8091577670877801
土兵番馬貔虎同,神兵動朔方,0.8137541644101165
土兵番馬貔虎同,秋屯隴右兵,0.8204190094974844
土兵番馬貔虎同,威定虎狼都,0.8081810528360516
土兵番馬貔虎同,官軍擁賊壕,0.8310158719405188
土兵番馬貔虎同,兵氣回飛鳥,0.8215223574469994
土兵番馬貔虎同,雜虜横戈數,0.8045007311462429
土兵番馬貔虎同,蘇武看羊陷賊庭,0.8123141154653439
土兵番馬貔虎同,萬馬救中原,0.8033509165826632
土兵番馬貔虎同,貔虎數尤多,0.8331076387005787
土兵番馬貔虎同,妖氛擁白馬,0.8232776508218107
土兵番馬貔虎同,連雲列戰格,0.819099878337679
土兵番馬貔虎同,降虜東擊胡,0.8167741604545317
土兵番馬貔虎同,降虜兼千帳,0.8070320084800895
土兵番馬貔虎同,羣凶猶索戰,0.8131716109347047
土兵番馬貔虎同,貔虎開金甲,0.8443057242341632
土兵番馬貔虎同,兵戈動接連,0.8115470020714488
土兵番馬貔虎同,胡馬屯成皋,0.8288367665804459
土兵番馬貔虎同,戎馬交馳際,0.8030141794870718
土兵番馬貔虎同,兵戈與關塞,0.8248765668185436
土兵番馬貔虎同,天下兵馬未盡銷,0.8188827252281633
土兵番馬貔虎同,漢北豺狼滿,0.8108651527102185
土兵番馬貔虎同,羌兵助鎧鋋,0.8222131793010035
土兵番馬貔虎同,漫山賊營壘,0.8026302358221882
土兵番馬貔虎同,左擔犬戎屯,0.8158156719563219
土兵番馬貔虎同,君不見東川節度兵馬雄,0.8031094385796222
土兵番馬貔虎同,大角纏兵氣,0.8243289728485872
土兵番馬貔虎同,雪山斥候無兵馬,0.860910075649749
土兵番馬貔虎同,昔去爲憂亂兵入,0.8073256346510828
土兵番馬貔虎同,蒼皇避亂兵,0.8023627029889944
土兵番馬貔虎同,列國兵戈暗,0.8102524749148298
土兵番馬貔虎同,三州陷犬戎,0.8090108074920899
土兵番馬貔虎同,此皆戰騎一敵萬,0.8487220486519275
土兵番馬貔虎同,九州道路無豺虎,0.8071776797679543
土兵番馬貔虎同,胡騎羌兵入巴蜀,0.8303784857922774
土兵番馬貔虎同,萬國皆戎馬,0.8048354606483361
土兵番馬貔虎同,羣盗相隨劇虎狼,0.8516967807896417
土兵番馬貔虎同,殿前兵馬雖驍雄,0.832778518662683
土兵番馬貔虎同,兵戈猶擁蜀,0.8221977764427867
土兵番馬貔虎同,羣盗亂豺虎,0.8519555414294451
土兵番馬貔虎同,胡虜千秋尚入關,0.8062629942654339
土兵番馬貔虎同,見愁汗馬西戎逼,0.8139328955751997
土兵番馬貔虎同,犬戎大充斥,0.8021091447468551
土兵番馬貔虎同,胡騎攻吾城,0.8033361130647896
土兵番馬貔虎同,後來遭犬戎,0.811099491033823
土兵番馬貔虎同,貙虎噉豺狼,0.808818486720245
土兵番馬貔虎同,胡兵更陸梁,0.8034562506364897
土兵番馬貔虎同,胡騎中宵堪北走,0.8146366198966832
土兵番馬貔虎同,戰自青羌連白蠻,0.8343930482562207
土兵番馬貔虎同,胡馬犯潼關,0.8056422217191339
土兵番馬貔虎同,中年胡馬驕,0.8193106385711723
土兵番馬貔虎同,兵張虎豹符,0.8249851011819662
土兵番馬貔虎同,白馬將軍若雷電,0.801337938860965
土兵番馬貔虎同,中原君臣豺虎邊,0.8268346902863764
土兵番馬貔虎同,遠奪戎馬場,0.8109464561117382
土兵番馬貔虎同,萬國尚戎馬,0.8152942157051719
土兵番馬貔虎同,由來貔虎士,0.8385813150895702
土兵番馬貔虎同,渭水更屯兵,0.8286450777493541
土兵番馬貔虎同,天兵斬斷青海戎,0.826254791137067
土兵番馬貔虎同,西戎休縱犬羊羣,0.8376849154608392
土兵番馬貔虎同,駝馬由來擁國門,0.807401335372704
土兵番馬貔虎同,豺虎亂雄猜,0.8025231853394311
土兵番馬貔虎同,北歸秦川多鼓鼙,0.8183075334757883
土兵番馬貔虎同,崩騰戎馬際,0.8288683125359659
土兵番馬貔虎同,入邑豺狼鬭,0.8017046689235064
土兵番馬貔虎同,豺虎正縱横,0.8318283249133919
土兵番馬貔虎同,正爲羣虎守,0.8146569921523045
土兵番馬貔虎同,兵戈滿邊徼,0.8046282115901963
土兵番馬貔虎同,氣却西戎回北狄,0.8064354084370996
土兵番馬貔虎同,戎狄乘妖氣,0.8347138694532759
土兵番馬貔虎同,戎馬闇天宇,0.8022612482476534
土兵番馬貔虎同,邊塞西羌最充斥,0.8191944898349643
土兵番馬貔虎同,驅馳厭甲兵,0.8133225888731782
土兵番馬貔虎同,看此戎馬亂,0.8136514342042709
土兵番馬貔虎同,始壓戎馬氣,0.8131144481010126
土兵番馬貔虎同,中原戎馬盛,0.8339242669031919
蝮蛇毒草篁竹中,深山大澤龍蛇遠,0.8114247390359937
蝮蛇毒草篁竹中,仰穿龍蛇窟,0.8172912298035974
蝮蛇毒草篁竹中,藤蔓曲藏蛇,0.8124841623119928
蝮蛇毒草篁竹中,恐泥竄蛟龍,0.8074735474087884
蝮蛇毒草篁竹中,慘澹鬭龍蛇,0.8064626104493329
蝮蛇毒草篁竹中,龍怒拔老湫,0.8163186537065605
蝮蛇毒草篁竹中,蒼鼠竄古瓦,0.8061102193435756
蝮蛇毒草篁竹中,誰云遺毒螫,0.8258858194810297
蝮蛇毒草篁竹中,短草辭蜿蜒,0.8031917741927812
蝮蛇毒草篁竹中,蝮蛇長如樹,0.8703974135770876
蝮蛇毒草篁竹中,霜埋翠竹根,0.8070155841332489
蝮蛇毒草篁竹中,虎倒龍顛委榛棘,0.8119222771384362
蝮蛇毒草篁竹中,斬木火井窮猿呼,0.8263304156134648
蝮蛇毒草篁竹中,幽薊餘蛇豕,0.8101849214956629
蝮蛇毒草篁竹中,前有毒蛇後猛虎,0.8481566154394882
蝮蛇毒草篁竹中,風塵澒洞兮豺虎咬人,0.8043518541161732
蝮蛇毒草篁竹中,其毒甚蜂蠆,0.8248407046920561
蝮蛇毒草篁竹中,古屋畫龍蛇,0.811538821093365
蝮蛇毒草篁竹中,龍蛇只自深,0.8274447907198291
蝮蛇毒草篁竹中,腥至焦長蛇,0.8278275850533514
蝮蛇毒草篁竹中,蝮蛇暮偃蹇,0.8343823509660806
蝮蛇毒草篁竹中,久陰蛟螭出,0.8066272311209177
蝮蛇毒草篁竹中,枯木半龍鱗,0.8235048884279064
蝮蛇毒草篁竹中,空荒咆熊羆,0.8052824213747003
蝮蛇毒草篁竹中,衆水爲長蛇,0.8099933416141051
蝮蛇毒草篁竹中,瘴毒猿鳥落,0.8055645764723354
蝮蛇毒草篁竹中,蟲蛇穿畫壁,0.8356780275613682
蝮蛇毒草篁竹中,龍蛇不成蟄,0.830468380448607
蝮蛇毒草篁竹中,熊羆咆空林,0.8019134644952675
蝮蛇毒草篁竹中,熊羆欲蟄龍蛇深,0.8350503734439593
未論芻粟捐金費,金錢罄一餐,0.8402577093953869
未論芻粟捐金費,未覺千金滿高價,0.8294075749644785
未論芻粟捐金費,百金裝刀頭,0.8063557991375483
未論芻粟捐金費,家書抵萬金,0.8089315515402071
未論芻粟捐金費,糧粒或自保,0.8009555425389983
未論芻粟捐金費,欲須供給家無粟,0.8005775040362382
未論芻粟捐金費,豈聞一絹直萬錢,0.819359792965955
未論芻粟捐金費,窮谷無粟帛,0.8070563716609271
未論芻粟捐金費,國馬竭粟豆,0.821795908298816
未論芻粟捐金費,休翻鹽井擲黄金,0.801010815073051
未論芻粟捐金費,朱橘不論錢,0.8241335592763579
未論芻粟捐金費,玉粒未吾慳,0.8333362182129712
未論芻粟捐金費,金錯囊垂罄,0.817603855315383
未論芻粟捐金費,監河受貸粟,0.8076151078416316
未論芻粟捐金費,至今分粟帛,0.8148666458343594
直愁瘴癘連營宫,窮年守邊疆,0.8234863026065775
直愁瘴癘連營宫,江南瘴癘地,0.8271716137531461
直愁瘴癘連營宫,漫山賊營壘,0.8020221561673784
直愁瘴癘連營宫,昔去爲憂亂兵入,0.8067226201194134
直愁瘴癘連營宫,蠻夷塞成都,0.8303205021820561
直愁瘴癘連營宫,南方瘴癘地,0.8378225804829007
直愁瘴癘連營宫,南防草鎮慘,0.8073879870694254
直愁瘴癘連營宫,江間雖炎瘴,0.8125355258560498
直愁瘴癘連營宫,東城乾旱天,0.8135078237656848
直愁瘴癘連營宫,開襟驅瘴癘,0.8008937437850412
直愁瘴癘連營宫,瘴癘浮三蜀,0.8326103671746073
直愁瘴癘連營宫,南天三旬苦霧開,0.8073368209877819
直愁瘴癘連營宫,南國晝多霧,0.8028829160394391
直愁瘴癘連營宫,未辭炎瘴毒,0.8055750332354448
直愁瘴癘連營宫,蒸池疫癘偏,0.8233557233852488
我思荆州李太守,汝與山東李白好,0.8078666948578901
我思荆州李太守,苦憶荆州醉司馬,0.8406136174296301
我思荆州李太守,君不見益州城西門,0.8273059327977663
我思荆州李太守,君不見秦時蜀太守,0.8616384089669299
我思荆州李太守,君不見昔日蜀天子,0.8065630416791654
我思荆州李太守,周南太史公,0.8023221196470254
我思荆州李太守,憶昔南海使,0.8030773105124218
我思荆州李太守,君行射洪縣,0.8122338553785089
我思荆州李太守,我遊梓州東,0.8028689894269536
我思荆州李太守,荆州愛山簡,0.8124697699871323
我思荆州李太守,遠聞房太尉,0.8239893328530336
我思荆州李太守,前年渝州殺刺史,0.8291531722285217
我思荆州李太守,今年開州殺刺史,0.8133718473553755
我思荆州李太守,平公今詩伯,0.8155686742388144
我思荆州李太守,憶昔李公存,0.8318293887132708
我思荆州李太守,李斯憶黄犬,0.8130763171086186
我思荆州李太守,老蒙台州掾,0.8077230732934343
我思荆州李太守,秦有李斯漢蔡邕,0.8010883254052021
我思荆州李太守,惜哉李蔡不復得,0.8173663397945865
我思荆州李太守,荆南芮公得將軍,0.8184476076441791
我思荆州李太守,荆州遇薛孟,0.8607388699340177
我思荆州李太守,荆州鄭薛寄詩近,0.8510548112597941
我思荆州李太守,子尚客荆州,0.8451697821257187
我思荆州李太守,豫章太守高帝孫,0.8274388955884162
我思荆州李太守,秦城老翁荆揚客,0.8092761617400025
我思荆州李太守,君不見夔子之國杜陵翁,0.8059410610806408
我思荆州李太守,不見江東弟,0.8013536015588867
我思荆州李太守,君不見西漢杜陵老,0.8042780888644305
我思荆州李太守,君肯辛苦越江湖,0.8185360751368547
我思荆州李太守,蘇氏今有之,0.8023581157266486
