황정견,두보,코사인 유사도
霜鱗未貫柳條來,鮮鯽銀絲鱠,0.8169615619249366
霜鱗未貫柳條來,藤梢刺眼新,0.8157632967402846
霜鱗未貫柳條來,細柳新蒲爲誰緑,0.8076176935942185
霜鱗未貫柳條來,修鱗脱遠枝,0.8251505645000781
霜鱗未貫柳條來,得魚已割鱗,0.8100446818822334
霜鱗未貫柳條來,青歸柳葉新,0.8078017920728762
日晴魚網應曾㬠,日日江魚入饌來,0.8096564132803139
日晴魚網應曾㬠,春日繁魚鳥,0.8034659150840875
日晴魚網應曾㬠,白魚困密網,0.8057588826401347
風軟河冰必暫開,金甲雪猶凍,0.8037851317915794
仍須持取報章回,朝罷須裁五色詔,0.8379969117520141
仍須持取報章回,何時有報章,0.8385623402403901
仍須持取報章回,軍符侯印取豈遲,0.804061406144229
雲容天影水中摇,日色纔臨仙掌動,0.8127233682414111
雲容天影水中摇,雲江月上軒,0.8060278556916912
雲容天影水中摇,舍影漾江流,0.8125669431321759
雲容天影水中摇,水深雲光廓,0.8427801709909266
雲容天影水中摇,影動倒景摇瀟湘,0.8112547495966864
雲容天影水中摇,三峽星河影動摇,0.8030545979563206
雲容天影水中摇,水色含群動,0.8018347411200246
雲容天影水中摇,湖山合動摇,0.8076103243622755
雲容天影水中摇,湖光與天遠,0.8070655012353367
分坐船舷似小橋,城隅進小船,0.8157303148081343
分坐船舷似小橋,漁翁暝踏孤舟立,0.8204711174841973
分坐船舷似小橋,須向山陰入小舟,0.8059517254791273
分坐船舷似小橋,漁人縈小楫,0.8094041551796558
分坐船舷似小橋,晝引老妻乘小艇,0.8152660351581449
分坐船舷似小橋,野橋分子細,0.8220568383843572
分坐船舷似小橋,村船逆上溪,0.8087932700599999
聯句敏於山吐月,佳句法如何,0.8001355520898001
聯句敏於山吐月,題詩得秀句,0.8095642998548424
聯句敏於山吐月,新詩句句好,0.8169793159197036
聯句敏於山吐月,詩清立意新,0.8013127864488819
聯句敏於山吐月,清詞麗句必爲隣,0.8151636295023812
聯句敏於山吐月,賦詩新句穩,0.8134659105681867
聯句敏於山吐月,詞人取佳句,0.8125394026882288
聯句敏於山吐月,清詩句句盡堪傳,0.8033612601607687
舉觴疾甚海吞潮,江長注海奔,0.8100446625176094
舉觴疾甚海吞潮,餘力浮於海,0.8069666524900586
興來活臠牛心熟,飯煑青泥坊底芹,0.80195751975932
興來活臠牛心熟,軟炊香飯緣老翁,0.8121322581289327
興來活臠牛心熟,新炊間黄粱,0.8035347652261089
興來活臠牛心熟,蔗漿歸廚金碗凍,0.8010696972303751
興來活臠牛心熟,催蓴煮白魚,0.8182965413476289
興來活臠牛心熟,蒸魚聞匕首,0.824571422859771
興來活臠牛心熟,呼兒間煮魚,0.8077974151166218
興來活臠牛心熟,入鼎資過熟,0.8231002878535949
興來活臠牛心熟,野食待魚ㅇ,0.8070597631116232
興來活臠牛心熟,棗熟從人打,0.8155658381891553
興來活臠牛心熟,飯糲添香味,0.8083589822569083
興來活臠牛心熟,强飯蓴添滑,0.834204499985613
公子翩翩得真意,好去張公子,0.803485919636711
公子翩翩得真意,鎩翮再聯翩,0.8090446874960375
公子翩翩得真意,翩躚山巔鶴,0.8238101274650081
公子翩翩得真意,黄雀任翩翾,0.813819352096907
馬蹄塵裏有嘉招,霜蹄千里駿,0.8307391077257442
馬蹄塵裏有嘉招,暮隨肥馬塵,0.8040271357050353
暑軒無物洗煩蒸,炎天避鬱蒸,0.8280889364814624
暑軒無物洗煩蒸,坐覺妖氛豁,0.8190970193511997
暑軒無物洗煩蒸,當暑著來清,0.8155002160998946
暑軒無物洗煩蒸,無以洗心胸,0.810965350143115
暑軒無物洗煩蒸,洗滌煩熱足以寧君軀,0.8608001732074533
暑軒無物洗煩蒸,皆爲掃氛妖,0.8155729611116334
暑軒無物洗煩蒸,清涼破炎毒,0.8263361307221126
暑軒無物洗煩蒸,曠懷掃氛翳,0.8280121052262635
暑軒無物洗煩蒸,開襟驅瘴癘,0.811784060121117
暑軒無物洗煩蒸,煩苛法令蠲,0.8047561338650522
暑軒無物洗煩蒸,慣習炎蒸歲絺綌,0.8245611632678547
暑軒無物洗煩蒸,暑雨留蒸濕,0.8234489373069558
暑軒無物洗煩蒸,氛埃期必掃,0.801463186112105
百果凡材得我憎,公輩不偷金,0.8158696222049187
百果凡材得我憎,羣小謗能深,0.8047706193551218
百果凡材得我憎,安得爾輩開其群,0.8006529265282494
百果凡材得我憎,有才無命百僚底,0.8236243057808813
百果凡材得我憎,任受衆人咍,0.8004142942176418
蘚井筠籠浸蒼玉,硯寒金井水,0.8180164094720406
蘚井筠籠浸蒼玉,露井凍銀牀,0.8128649730893911
蘚井筠籠浸蒼玉,玉殿莓苔青,0.8348565969542168
蘚井筠籠浸蒼玉,能添老樹巔崖裏,0.800240728958203
蘚井筠籠浸蒼玉,叢篁低地碧,0.8097453324131715
蘚井筠籠浸蒼玉,嬋娟碧蘚淨,0.8307701396966329
蘚井筠籠浸蒼玉,籠竹和烟滴露梢,0.8445942497914338
蘚井筠籠浸蒼玉,兩株慘裂苔蘚皮,0.8080287998703133
蘚井筠籠浸蒼玉,苔蘚蝕盡波濤痕,0.8161661456102751
蘚井筠籠浸蒼玉,竹皮寒舊翠,0.8068108218081838
蘚井筠籠浸蒼玉,翠木蒼藤日月昏,0.8124299341975105
蘚井筠籠浸蒼玉,垢衣生碧蘚,0.8088461860348283
蘚井筠籠浸蒼玉,翠瓜碧李沉玉甃,0.8279336154459684
蘚井筠籠浸蒼玉,鐫錯碧甖鸊鵜膏,0.8069183555446988
蘚井筠籠浸蒼玉,鎖石藤梢元自落,0.8020210221612374
蘚井筠籠浸蒼玉,染淚在叢筠,0.8084035933060609
蘚井筠籠浸蒼玉,密幹疊蒼翠,0.8069706010404407
蘚井筠籠浸蒼玉,松筠起碧潯,0.8403924303348422
金盤碧筯薦寒冰,冰漿碗碧瑪瑙寒,0.9192023501802877
金盤碧筯薦寒冰,硯寒金井水,0.8107165942700338
金盤碧筯薦寒冰,簷動玉壺冰,0.81709025633742
金盤碧筯薦寒冰,露井凍銀牀,0.8375103602764163
金盤碧筯薦寒冰,象牀玉手亂殷紅,0.8041800470203693
金盤碧筯薦寒冰,鮮鯽銀絲鱠,0.8312187934929742
金盤碧筯薦寒冰,香芹碧澗羹,0.8352043040559223
金盤碧筯薦寒冰,瓜嚼水精寒,0.8186238327206843
金盤碧筯薦寒冰,霜橙壓香橘,0.8487972175145696
金盤碧筯薦寒冰,味如甘露漿,0.8284072421165304
金盤碧筯薦寒冰,玉觴淡無味,0.8057961066503245
金盤碧筯薦寒冰,碧酒隨玉粒,0.8379811813716489
金盤碧筯薦寒冰,邊酒排金碗,0.8050095927758754
金盤碧筯薦寒冰,夷歌捧玉盤,0.8243456744626663
金盤碧筯薦寒冰,放筯未覺金盤空,0.8003384745373898
金盤碧筯薦寒冰,秋蔬擁霜露,0.8159279449120018
金盤碧筯薦寒冰,悲君白玉盤,0.80824444397474
金盤碧筯薦寒冰,圓齊玉筯頭,0.8112212427810521
金盤碧筯薦寒冰,君家白碗勝霜雪,0.8206946297150122
金盤碧筯薦寒冰,瓷甖無謝玉爲缸,0.8191317381399088
金盤碧筯薦寒冰,置在迎風露寒之玉壺,0.8164010710586219
金盤碧筯薦寒冰,蔗漿歸廚金碗凍,0.9056337027640264
金盤碧筯薦寒冰,金盤玉筯無消息,0.8427649266928967
金盤碧筯薦寒冰,竹裏行廚洗玉盤,0.8048438893603169
金盤碧筯薦寒冰,鱠飛金盤白雪高,0.8747040276014338
金盤碧筯薦寒冰,玉杯錦席高雲涼,0.8116510471026579
金盤碧筯薦寒冰,内府殷紅瑪瑙盤,0.822542222592517
金盤碧筯薦寒冰,冰壺動瑶碧,0.8415949727870919
金盤碧筯薦寒冰,登於白玉盤,0.8180850117464751
金盤碧筯薦寒冰,玉座應悲白露團,0.8070526441201837
金盤碧筯薦寒冰,翠瓜碧李沉玉甃,0.8515969637005595
金盤碧筯薦寒冰,赤梨蒲萄寒露成,0.8270094017183979
金盤碧筯薦寒冰,鐫錯碧甖鸊鵜膏,0.8027701922402002
金盤碧筯薦寒冰,落刃嚼冰霜,0.8262756175046244
金盤碧筯薦寒冰,碧鮮俱照筯,0.8141335597602966
金盤碧筯薦寒冰,開冰清玉壺,0.8469586685858956
金盤碧筯薦寒冰,白魚如切玉,0.8014732042363735
金盤碧筯薦寒冰,羹煑秋蓴滑,0.8171206687866306
金盤碧筯薦寒冰,杯凝露菊新,0.8195365341896873
金盤碧筯薦寒冰,冰壺玉衡懸清秋,0.8361735795508849
金盤碧筯薦寒冰,碧節吐寒蒲,0.8134587009764009
金盤碧筯薦寒冰,冰置玉壺多,0.8380526134613185
田中誰問不納履,無食問樂土,0.8080078683062476
田中誰問不納履,下請安井田,0.8072233559180191
坐上適來何處蠅,頭上何所有,0.8055997601332535
此理一盃分付與,人生許與分,0.807206803210119
我思明哲在東陵,明公獨妙年,0.8171452181080947
我思明哲在東陵,惟昔武皇后,0.8299796887633947
我思明哲在東陵,孔明廟前有老柏,0.800917423368438
我思明哲在東陵,憶昔李公存,0.8270078124344868
我思明哲在東陵,惟梁孝王都,0.8113802815980968
我思明哲在東陵,尚憶先皇容直臣,0.8143718008081287
我思明哲在東陵,上有明哲君,0.8219565647006786
我思明哲在東陵,狄公執政在末年,0.8100155812824983
我思明哲在東陵,肅宗昔在靈武城,0.8146278149523611
我思明哲在東陵,君不見西漢杜陵老,0.8085657036681937
我思明哲在東陵,恭聞魏夫人,0.80049094429326
我思明哲在東陵,吾慕漢初老,0.8144624732520354
我思明哲在東陵,昔在嚴公幕,0.805436944548839
坡陀羸馬莫雲昏,鞍馬到荒林,0.8108606784125556
苦憶兔園高帝孫,梁日帝王孫,0.8172949394162146
苦憶兔園高帝孫,公孫白帝城,0.809260132157611
苦憶兔園高帝孫,憶念鳳翔都,0.8087329706506761
苦憶兔園高帝孫,憶昔驪山宫,0.8012435142915092
苦憶兔園高帝孫,豫章太守高帝孫,0.8255981503199008
子舍芝蘭皆可佩,但使芝蘭秀,0.8458567456943675
子舍芝蘭皆可佩,靈芝冠衆芳,0.8101683058990421
子舍芝蘭皆可佩,芝蘭疊璵璠,0.8133505264231494
子舍芝蘭皆可佩,愛惜如芝草,0.8324731691006109
後房桃李總能言,不問緑李與黄梅,0.8100793296640625
後房桃李總能言,手種桃李非無主,0.829741072191644
後房桃李總能言,紛紛桃李姿,0.8210936698292832
後房桃李總能言,西蜀櫻桃也自紅,0.8218846129371945
後房桃李總能言,後於桃李熟,0.8211943076479088
後房桃李總能言,五株桃樹亦從遮,0.804249957930439
後房桃李總能言,栽桃爛熳紅,0.8100477541103133
桑柘田園春向分,禾生隴畝無東西,0.806204621415922
桑柘田園春向分,杜曲幸有桑麻田,0.8121306484626848
桑柘田園春向分,農夫田父無消息,0.8082453163658594
桑柘田園春向分,耕田秋雨足,0.8302909131479259
桑柘田園春向分,逕轉山田熟,0.8000681301312522
桑柘田園春向分,田家樹木低,0.8156376601755668
桑柘田園春向分,隨事有田園,0.8330858399867436
桑柘田園春向分,春青彭澤田,0.8089271029987934
桑柘田園春向分,山田麥無隴,0.8175588995477123
桑柘田園春向分,農力廢耕桑,0.8399441550916719
桑柘田園春向分,荒榛農復秋,0.8061750761289042
桑柘田園春向分,荒蕪已荷鋤,0.8084308429218139
病酒相如在行役,多病沉年苦無健,0.8055189121795799
病酒相如在行役,老人困酒病,0.8191592762809855
病酒相如在行役,行行見羈束,0.8092972239225804
病酒相如在行役,行色兼多病,0.8127793471985447
梁王誰與共清樽,何知共酒杯,0.8128856104576828
梁王誰與共清樽,肯與鄰翁相對飲,0.8016462846516987
梁王誰與共清樽,清樽幸不空,0.8147210528473997
簇簇深紅間淺紅,紅稠屋角花,0.8040684354350112
簇簇深紅間淺紅,照室紅爐簇曙花,0.804466219066335
簇簇深紅間淺紅,紅入桃花嫩,0.8217512490462534
簇簇深紅間淺紅,可愛深紅愛淺紅,0.8242337048698423
簇簇深紅間淺紅,點注桃花舒小紅,0.8291365495466866
簇簇深紅間淺紅,稀疏小紅翠,0.8188932397921775
苦才多思是春風,知君苦思緣詩瘦,0.8064177721963852
苦才多思是春風,江花結子也無多,0.8150280950107494
苦才多思是春風,絶知春意好,0.8004134749586478
千村萬落花相照,千村萬落生荆杞,0.8830240751208409
千村萬落花相照,萬草千花動凝碧,0.8341530930083358
千村萬落花相照,背日丹楓萬木稠,0.8243272018423611
盡日經行錦繡中,出入錦城中,0.8019220954667958
盡日經行錦繡中,歸軒錦繡香,0.8249183004265739
盡日經行錦繡中,舞罷錦纏頭,0.8098456675585495
盡日經行錦繡中,新晴錦繡文,0.825424198642766
盡日經行錦繡中,漢主山河錦繡中,0.8140782257802577
白白紅紅相間開,多事紅花映白花,0.8121567852478202
白白紅紅相間開,黄鬚照萬花,0.8048847471272501
白白紅紅相間開,紅顔白面花映肉,0.8233018100081976
三三五五踏青來,騎驢十三載,0.8075549315153123
三三五五踏青來,二十四迴明,0.8344182979308804
戲隨胡蝶不知遠,飛鳥不在外,0.8153776239793434
戲隨胡蝶不知遠,俱飛蛺蝶元相逐,0.8427091660812096
戲隨胡蝶不知遠,鶯花隨世界,0.8013428541970546
戲隨胡蝶不知遠,飛飛蜂蝶多,0.8145171825370401
驚見行人笑却回,都人迴面向北啼,0.8056989840443749
驚見行人笑却回,但見新人笑,0.8217219848314361
驚見行人笑却回,回頭錯應人,0.8109436836675674
驚見行人笑却回,笑時花近眼,0.8081435425610983
驚見行人笑却回,不見一人來,0.8089756281467744
村落人家桃李枝,黄四娘家花滿蹊,0.8209485790889295
村落人家桃李枝,村村自花柳,0.8441693274018834
村落人家桃李枝,仙家犬吠白雲間,0.8113733359971964
村落人家桃李枝,武陵春樹他人迷,0.8009441681011931
村落人家桃李枝,種杏仙家近白榆,0.8313180153990041
村落人家桃李枝,江上人家桃樹枝,0.9007911885820516
無言氣味亦依依,氣味濃香幸見分,0.8091354539974402
可憐憔悴蓬蒿底,濟上没蓬蒿,0.8065867453901985
可憐憔悴蓬蒿底,老夫不出長蓬蒿,0.8244792234021309
可憐憔悴蓬蒿底,何恨憔悴在山中,0.8522520028114438
可憐憔悴蓬蒿底,塊獨委蓬蒿,0.8267567909260718
蜂蝶不知春又歸,蛺蝶飛來黄鸝語,0.807473292776391
蜂蝶不知春又歸,春來花鳥莫深愁,0.8141160630328176
蜂蝶不知春又歸,飛飛蜂蝶多,0.8105540416331477
蜂蝶不知春又歸,花暖蜜蜂喧,0.8002144343133256
蜂蝶不知春又歸,春花不愁不爛熳,0.8104552606036501
蜂蝶不知春又歸,春來秋去作誰家,0.8072688889894268
蜂蝶不知春又歸,蜜蜂蝴蝶生情性,0.8064334577471594
杏村桃塢春三月,三月桃花浪,0.8634824284701327
杏村桃塢春三月,黄四娘家花滿蹊,0.8021934573828767
杏村桃塢春三月,村村自花柳,0.8128047503535065
杏村桃塢春三月,後於桃李熟,0.8081774629958782
杏村桃塢春三月,春日鶯啼修竹裏,0.8100356365386223
杏村桃塢春三月,梅杏半傳黄,0.8110385613641086
杏村桃塢春三月,種杏仙家近白榆,0.8134943334830996
杏村桃塢春三月,江縣紅梅已放春,0.8569132586780097
杏村桃塢春三月,春岸桃花水,0.8317912118912136
少有人家不出遊,人間好少年,0.8233296669246929
少有人家不出遊,吏人橋外少,0.8118656123199619
少有人家不出遊,羽人稀少不在旁,0.8010109555026645
少有人家不出遊,商洛少人行,0.8079638119536775
一顧雖無傾國色,胡爲傾國至,0.8025372110808086
一顧雖無傾國色,一生富貴傾邦國,0.8030809712347108
千金肯爲使君留,行李千金贈,0.8057099025599173
千金肯爲使君留,黄金且休擲,0.8060741010020909
滿院青楊吐白綿,烟綿碧草萋萋長,0.8007159017900672
滿院青楊吐白綿,楊花雪落覆白蘋,0.8182791132082762
滿院青楊吐白綿,千條弱柳垂青瑣,0.8330085664910313
滿院青楊吐白綿,天晴宫柳暗長春,0.8005360151923641
滿院青楊吐白綿,宫莎軟勝綿,0.8184378448544969
滿院青楊吐白綿,江邊一樹垂垂發,0.8006192507734502
滿院青楊吐白綿,糝徑楊花鋪白氈,0.8158906021838952
滿院青楊吐白綿,生憎柳絮白於綿,0.8096744697489594
滿院青楊吐白綿,嫩蕊濃花滿目斑,0.805516114263517
滿院青楊吐白綿,四郊多白楊,0.8244727642719492
未多柳絮解漫天,顛狂柳絮隨風舞,0.8045329209834682
未多柳絮解漫天,江花結子也無多,0.8008856032711027
未多柳絮解漫天,生憎柳絮白於綿,0.8534414833182224
野人豈會斷優劣,野人矜絶險,0.815536618271314
野人豈會斷優劣,其餘七匹亦殊絶,0.8113602557744676
野人豈會斷優劣,理愜夫何誇,0.8010630200267849
只問床頭沽酒錢,家無儋石輸百萬,0.80136224928667
只問床頭沽酒錢,沽酒不復疑,0.8181346940161377
只問床頭沽酒錢,酒盡沙頭雙玉瓶,0.8096079436825183
只問床頭沽酒錢,香醪懶再沽,0.816405340385406
只問床頭沽酒錢,時時乞酒錢,0.8280742772828538
只問床頭沽酒錢,借問有酒不,0.8548069261913489
只問床頭沽酒錢,街頭酒價常苦貴,0.8338560946959271
只問床頭沽酒錢,空知賣酒壚,0.8380098704436424
只問床頭沽酒錢,人猶乞酒錢,0.845515919220501
只問床頭沽酒錢,樽酒家貧只舊醅,0.8187244270221725
只問床頭沽酒錢,南市津頭有船賣,0.8110923700743435
只問床頭沽酒錢,無錢卽買繫籬旁,0.8443090426065536
只問床頭沽酒錢,無錢何處賒,0.8201571459141032
只問床頭沽酒錢,爲君酤酒滿眼酤,0.807674951157967
只問床頭沽酒錢,酒憶郫筒不用酤,0.8367193208269548
只問床頭沽酒錢,沽酒攜胡蘆,0.8009152448490475
只問床頭沽酒錢,樓頭喫酒樓下卧,0.8108319619488928
只問床頭沽酒錢,賣薪得錢應供給,0.8288220836467496
只問床頭沽酒錢,長安米萬錢,0.8202299306717801
只問床頭沽酒錢,爲覓酒家壚,0.8372944349926675
只問床頭沽酒錢,瓮餘不盡酒,0.8164098089282987
只問床頭沽酒錢,俸錢時散士子盡,0.8063469807263361
十日狂風桃柳休,顛狂柳絮隨風舞,0.8291379698281829
十日狂風桃柳休,三月桃花浪,0.8377028019488342
十日狂風桃柳休,春光懶困倚微風,0.8008093373509105
十日狂風桃柳休,狂風太放顛,0.8258477288462678
十日狂風桃柳休,長安秋雨十日泥,0.8004946569002602
十日狂風桃柳休,桃花氣暖眼自醉,0.8103577711866783
十日狂風桃柳休,十日北風風未迴,0.8609199158840151
常因酒盡覺春愁,歸醉每無愁,0.8468883326545604
常因酒盡覺春愁,空愁避酒難,0.829980752565254
常因酒盡覺春愁,終日困香醪,0.8067654976335639
常因酒盡覺春愁,窮愁醉不醒,0.839250983168335
常因酒盡覺春愁,預恐樽中盡,0.8049282880518711
常因酒盡覺春愁,沉飲聊自遣,0.8016964036782848
常因酒盡覺春愁,每過得酒傾,0.8009299873952296
常因酒盡覺春愁,憶渠愁只睡,0.8117810038609168
常因酒盡覺春愁,愁多任酒醺,0.8956292350684927
常因酒盡覺春愁,莫辭酒味薄,0.8129643697567628
常因酒盡覺春愁,莫厭傷多酒入脣,0.8293406988776602
常因酒盡覺春愁,無時病去憂,0.809127295032239
常因酒盡覺春愁,多病獨愁常閴寂,0.8211287737174684
常因酒盡覺春愁,客愁全爲減,0.8708199747502614
常因酒盡覺春愁,眼見客愁愁不醒,0.8167023775164967
常因酒盡覺春愁,寬心應是酒,0.8421418304027426
常因酒盡覺春愁,蜀酒禁愁得,0.8429512012172173
常因酒盡覺春愁,惟將遲暮供多病,0.8165801996663455
常因酒盡覺春愁,惜别酒頻添,0.8049085245474124
常因酒盡覺春愁,秋來爲客情,0.8051724598114922
常因酒盡覺春愁,蜀酒濃無敵,0.82427978520789
常因酒盡覺春愁,觸忤愁人到酒邊,0.842365054465976
常因酒盡覺春愁,愁與醉無醒,0.84545381421596
常因酒盡覺春愁,酒渴愛江清,0.8128818154236952
常因酒盡覺春愁,世情只益睡,0.8053604978092265
常因酒盡覺春愁,情乖清酒送,0.8190202007156495
常因酒盡覺春愁,愁極本憑詩遣興,0.8308025768774548
常因酒盡覺春愁,纔傾一盞卽醺人,0.8133443028323175
常因酒盡覺春愁,杯饒旅思寬,0.8177353401657967
常因酒盡覺春愁,我雖消渴甚,0.8088236647817049
常因酒盡覺春愁,暄和散旅愁,0.81223984842445
常因酒盡覺春愁,無家病不辭,0.8005260947711539
常因酒盡覺春愁,自覺酒須賒,0.8484965796031532
常因酒盡覺春愁,病減詩仍拙,0.8180753441682445
常因酒盡覺春愁,老人困酒病,0.8314882664010459
常因酒盡覺春愁,客病留因藥,0.8282895578449793
常因酒盡覺春愁,病多猶是客,0.8284858936003525
常因酒盡覺春愁,行色兼多病,0.8030952846454877
常因酒盡覺春愁,客愁殊未已,0.80257046344866
常因酒盡覺春愁,瓮餘不盡酒,0.8256676606771316
常因酒盡覺春愁,且知寬病肺,0.8139678472874059
常因酒盡覺春愁,卧病却愁春,0.8435305094178407
常因酒盡覺春愁,興盡纔無悶,0.8353839656866668
常因酒盡覺春愁,愁來遽不禁,0.8079805060526795
泰山爲肉釀滄海,大旱山嶽焦,0.814138909897195
料得人間無白頭,數莖白髮那抛得,0.8283539591926874
料得人間無白頭,堂上書生空白頭,0.8290733431530413
料得人間無白頭,别來頭併白,0.811850604242059
料得人間無白頭,未須料理白頭人,0.8289990803598943
料得人間無白頭,總作白頭翁,0.8021121726791468
料得人間無白頭,男兒生無所成頭皓白,0.8008301407205473
料得人間無白頭,黑鷹不省人間有,0.828490516410749
料得人間無白頭,愁殺白頭人,0.8273540415164105
料得人間無白頭,客間頭最白,0.8522734348219102
料得人間無白頭,白蘋愁殺白頭翁,0.8074656373251654
争名朝市魚千里,小市常争米,0.8419499394954104
争名朝市魚千里,鬻市輸官曹,0.8002534712899549
末俗風波尤浩渺,浩蕩逐流萍,0.835332612027031
末俗風波尤浩渺,浩蕩問詞源,0.8024626158006158
末俗風波尤浩渺,浩蕩風塵際,0.8481549717949801
末俗風波尤浩渺,俗物多茫茫,0.8100009792487302
末俗風波尤浩渺,風烟渺吳蜀,0.8123355487096073
末俗風波尤浩渺,風波空遠涉,0.8246586706119065
末俗風波尤浩渺,江湖天闊足風濤,0.8046279547955713
末俗風波尤浩渺,五湖復浩蕩,0.8005777520458096
螗螂怒臂當車轍,馬驚折左臂,0.815896411338983
螗螂怒臂當車轍,觀者貪愁掣臂飛,0.8066968545085147
螗螂怒臂當車轍,霹靂魍魎兼狂風,0.8013438761279301
鸚鵡能言著鏁關,莫倚善題鸚鵡賦,0.8287117203599019
鸚鵡能言著鏁關,鸚鵡含愁思,0.8096097145303036
顧我安知賢者事,蔡侯静者意有餘,0.8061871430849874
顧我安知賢者事,始知賢主人,0.8203957839766471
顧我安知賢者事,有子賢與愚,0.8033282587842968
顧我安知賢者事,方知不材者,0.8083967753064298
顧我安知賢者事,吾知徐公百不憂,0.8148096913736443
顧我安知賢者事,不覺前賢畏後生,0.8029285492140921
顧我安知賢者事,所貴者聖賢,0.8017431620947647
顧我安知賢者事,豈知身効能,0.8231026362345217
顧我安知賢者事,賢者貴爲德,0.8174586134802766
顧我安知賢者事,顧我非公卿,0.8134820276763317
顧我安知賢者事,賢者是兄愚者弟,0.8298793092052841
顧我安知賢者事,識者安肯哂,0.824201424703224
顧我安知賢者事,安知蔡夫子,0.8016367468499637
顧我安知賢者事,吁嗟公私病,0.8072876733613756
顧我安知賢者事,乃知君子心,0.8149484766671804
松風永日下簾間,虚閣自松聲,0.802760146815332
松風永日下簾間,竹日斜虚寢,0.8137526972128111
馬卿勸客且無喧,勸客駝蹄羹,0.8012652357312585
馬卿勸客且無喧,勸酒欲無辭,0.8153867258679002
馬卿勸客且無喧,休怪兒童延俗客,0.8006249797791836
馬卿勸客且無喧,多病馬卿無日起,0.8038844435445109
請以侍兒臨酒樽,持以奉吾君,0.8148031274599672
請以侍兒臨酒樽,置酒張燈促華饌,0.8146620103835457
請以侍兒臨酒樽,驅兒羅酒漿,0.8540164861452376
請以侍兒臨酒樽,誰能載酒開金盞,0.8066556260667341
請以侍兒臨酒樽,爲君酤酒滿眼酤,0.8333119614438744
請以侍兒臨酒樽,邀我嘗春酒,0.8180035091565965
請以侍兒臨酒樽,洗盞開嘗對馬軍,0.8126312751911476
請以侍兒臨酒樽,把臂開樽飲我酒,0.8384781146051896
請以侍兒臨酒樽,呼婢取酒壺,0.8623300087665198
請以侍兒臨酒樽,祈請走兒童,0.8080101664875512
請以侍兒臨酒樽,教兒且覆掌中杯,0.8065683090302758
請以侍兒臨酒樽,從兒具緑樽,0.8794887605751199
請以侍兒臨酒樽,呼兒檢贈詩,0.8252262324730902
妝罷黄昏簾隔面,嬌燕入簾回,0.8062589552115726
妝罷黄昏簾隔面,鳥窺新捲簾,0.8059765904940909
曲終清夜月當軒,不夜月臨關,0.8042462096864023
曲終清夜月當軒,終能永夜清,0.8249870525981217
曲終清夜月當軒,匣琴虚夜夜,0.804229130613979
曲終清夜月當軒,向夜月休弦,0.8102363392731081
曲終清夜月當軒,永夜月同孤,0.8179106411820838
絃絃不亂撥來往,煎膠續弦奇自見,0.8310353909818178
絃絃不亂撥來往,鳴弦不虚發,0.8116831533479006
字字如聞人語言,問之不肯道姓名,0.817306137960019
字字如聞人語言,疏通略文字,0.8025548606037348
字字如聞人語言,來書語絶妙,0.8177992682398457
字字如聞人語言,讀書難字過,0.8104645210974017
字字如聞人語言,學語小兒知姓名,0.8374163538048931
字字如聞人語言,但見書畫傳,0.8164996114329537
字字如聞人語言,知音兼衆語,0.8245079357964881
字字如聞人語言,小兒學問止論語,0.8025847161666508
千古胡沙埋妙手,生男埋没隨百草,0.8009816495550417
千古胡沙埋妙手,掘獄知埋劍,0.808555790286291
千古胡沙埋妙手,何處埋爾骨,0.8048537088279746
豈如桃李在中園,緬思桃源内,0.8015614598818499
豈如桃李在中園,手種桃李非無主,0.8181678711091751
豈如桃李在中園,西蜀櫻桃也自紅,0.8009770595027921
豈如桃李在中園,不分桃花紅似錦,0.8055099301467358
豈如桃李在中園,後於桃李熟,0.8072182238910744
豈如桃李在中園,梨園弟子散如烟,0.8018935093271186
夢寂江南未得歸,血污遊魂歸不得,0.815505795524126
夢寂江南未得歸,山高客未歸,0.8061539646582039
夢寂江南未得歸,魂招不來歸故鄉,0.8288839572801616
夢寂江南未得歸,故林歸未得,0.8587975114901509
夢寂江南未得歸,故鄉猶恐未同歸,0.815285964193502
夢寂江南未得歸,故鄉歸不得,0.835493462596134
夢寂江南未得歸,天邊老人歸未得,0.8236437196854979
夢寂江南未得歸,春歸客未還,0.8363312233360279
夢寂江南未得歸,欲歸瀼西宅,0.8035388897602991
夢寂江南未得歸,無夢寄歸魂,0.8093048753947215
夢寂江南未得歸,江東客未還,0.8551208464853908
夢寂江南未得歸,秋山眼冷魂未歸,0.819889464676288
夢寂江南未得歸,夢魂歸未得,0.8801881806701302
清波鷠子上鉤肥,蜻蜓立釣絲,0.8060070758203537
清波鷠子上鉤肥,風簾自上鈎,0.8143605356795383
清波鷠子上鉤肥,黄魚出浪新,0.8100832266307784
五年身屬官倉米,日糴太倉五升米,0.857383169090736
五年身屬官倉米,故人供禄米,0.8313458932998492
五年身屬官倉米,但有故人供禄米,0.8060043074077723
五年身屬官倉米,難分太倉粟,0.817324357039884
五年身屬官倉米,欲須供給家無粟,0.8425785101987893
五年身屬官倉米,十載供軍食,0.8165409533927915
五年身屬官倉米,公私倉廩俱豐實,0.8216374641436011
五年身屬官倉米,官免供給費,0.8278717401107138
五年身屬官倉米,負米晚爲身,0.8119186290902998
五年身屬官倉米,長安米萬錢,0.8187146984260978
五年身屬官倉米,肉食三十萬,0.8096152324543073
五年身屬官倉米,官雞輸稻粱,0.8166117721104937
五年身屬官倉米,日給還脱粟,0.8041014326591781
五年身屬官倉米,去年米貴闕軍食,0.8606778558415292
五年身屬官倉米,今年米賤太傷農,0.8217100140769547
五年身屬官倉米,家貧無供給,0.8020827257445993
五年身屬官倉米,監河受貸粟,0.8027235605577278
輸與漁人坐釣磯,漁翁暝踏孤舟立,0.8253274478405558
輸與漁人坐釣磯,漁人縈小楫,0.8041792055023581
輸與漁人坐釣磯,漁人網集澄潭下,0.8116558386443338
輸與漁人坐釣磯,新添水檻供垂釣,0.8007858643902451
輸與漁人坐釣磯,漫向江頭把釣竿,0.851539944366697
輸與漁人坐釣磯,看弄漁舟移白日,0.8120480454444856
輸與漁人坐釣磯,數能同釣船,0.8418860534483489
輸與漁人坐釣磯,獨把漁竿終遠去,0.810858949823434
輸與漁人坐釣磯,花溪得釣綸,0.8130965460207183
輸與漁人坐釣磯,豈無雙釣舟,0.8003533966958114
輸與漁人坐釣磯,漁父濯滄浪,0.8149495864813399
輸與漁人坐釣磯,信宿漁人還汎汎,0.8142818351962395
輸與漁人坐釣磯,江湖滿地一漁翁,0.8114412652947387
輸與漁人坐釣磯,兼泛滄浪學釣翁,0.834017422182268
輸與漁人坐釣磯,平生一釣舟,0.8018280636699556
輸與漁人坐釣磯,萬里狎漁翁,0.8283930614924248
輸與漁人坐釣磯,白頭厭伴漁人宿,0.8489129114595246
輸與漁人坐釣磯,兒扶立釣磯,0.8362741484307559
傳語濠州賢刺史,有客傳河尹,0.8263994234944906
傳語濠州賢刺史,王有虎臣司苑門,0.802543942858869
傳語濠州賢刺史,台州信始傳,0.807939255784178
傳語濠州賢刺史,世傳閭丘筆,0.8070629872220065
傳語濠州賢刺史,聞道并州鎮,0.8057230487246247
傳語濠州賢刺史,周南太史公,0.8159793359523744
傳語濠州賢刺史,八州刺史思一戰,0.8119207282754166
傳語濠州賢刺史,近看除刺史,0.8224846709022157
傳語濠州賢刺史,邑中上客有柱史,0.8237504780740224
傳語濠州賢刺史,坐逢楊子鎮東州,0.8003210972905526
傳語濠州賢刺史,幸爲達書賢府主,0.8234172647416629
傳語濠州賢刺史,名因太史傳,0.8310184158399485
傳語濠州賢刺史,近傳王在洛,0.8089791135877296
傳語濠州賢刺史,宅入先賢傳,0.8175198973395101
傳語濠州賢刺史,前年渝州殺刺史,0.852810279587332
傳語濠州賢刺史,今年開州殺刺史,0.8395486438319945
傳語濠州賢刺史,昔觀文苑傳,0.8227467890858342
傳語濠州賢刺史,文傳天下口,0.8008268108596803
傳語濠州賢刺史,少年疑柱史,0.8047534098818263
傳語濠州賢刺史,愛弟傳書綵鷁新,0.8005840125487083
傳語濠州賢刺史,荆州鄭薛寄詩近,0.8183097728665067
傳語濠州賢刺史,傳聲典信州,0.8261425105208544
傳語濠州賢刺史,刺史諸侯貴,0.8387344894151301
傳語濠州賢刺史,聞説江陵府,0.8183103337792519
傳語濠州賢刺史,昔有佳人公孫氏,0.8017399988205733
傳語濠州賢刺史,聖賢冠史籍,0.8135387767267122
傳語濠州賢刺史,新詩海内流傳遍,0.802322973757382
傳語濠州賢刺史,中有古刺史,0.8296163327931303
隔年詩債幾時還,時時乞酒錢,0.8036441569063775
隔年詩債幾時還,詩好幾時見,0.8328517815078322
隔年詩債幾時還,酒闌却憶十年事,0.811229166881654
隔年詩債幾時還,幾年一會面,0.8076031451552592
因循樽俎疏相見,之子時相見,0.805453244396567
因循樽俎疏相見,親友相追攀,0.806602308342103
弃擲光陰只等閑,自然棄擲與時異,0.8122988737058473
弃擲光陰只等閑,何用浮名絆此身,0.8262308613991276
心在青雲故人處,青山隔故園,0.8000409535126162
心在青雲故人處,託身白雲歸故鄉,0.8407809932647989
心在青雲故人處,只在他鄉何處人,0.8250172582937279
心在青雲故人處,故故滿青天,0.8186971457567327
心在青雲故人處,青山各在眼,0.8105722967349209
心在青雲故人處,鄉園獨在山,0.8070557540505627
心在青雲故人處,遥憐故人思故鄉,0.8164843146923615
身行紅雨亂花間,燈前細雨簷花落,0.8099791787457826
身行紅雨亂花間,身過花間霑濕好,0.8083901658553923
遥知别後多狂醉,誰憐醉後歌,0.8335811722000956
遥知别後多狂醉,愁多任酒醺,0.8220668142180655
遥知别後多狂醉,自笑狂夫老更狂,0.8058096984753803
遥知别後多狂醉,惜别酒頻添,0.8074077139862035
遥知别後多狂醉,猶記酒顛狂,0.8198143044035519
遥知别後多狂醉,别後見何人,0.8133379067614632
遥知别後多狂醉,盡憐君醉倒,0.8232968638455507
遥知别後多狂醉,自從相遇減多病,0.8097655332094802
遥知别後多狂醉,病多猶是客,0.8181217256052618
惱殺江南庾子山,聞説江山好,0.8089609903620896
惱殺江南庾子山,江山有巴蜀,0.8024409189142552
惱殺江南庾子山,江北江南春冬花,0.8073259050541131
莫惜金錢買玉英,金錢罄一餐,0.8026468491377137
莫惜金錢買玉英,開花無數黄金錢,0.834577450701169
莫惜金錢買玉英,未覺千金滿高價,0.8332118856731456
莫惜金錢買玉英,青錢買野竹,0.8226298972786416
莫惜金錢買玉英,無錢卽買繫籬旁,0.8297541242424327
莫惜金錢買玉英,翠尾金花不辭辱,0.8179205439963086
莫惜金錢買玉英,黄金傾有無,0.8010325142150231
莫惜金錢買玉英,黄金且休擲,0.842488876680523
莫惜金錢買玉英,莫羡紫羅囊,0.8099423545163313
天香國艷不著意,江上被花惱不徹,0.8132096243346674
天香國艷不著意,不道含香賤,0.8111619253174451
天香國艷不著意,馨香粉署妍,0.8123202309332198
詩社酒徒空得名,酒後常稱老畫師,0.8066208379814451
詩社酒徒空得名,詩名惟我共,0.8352170606193143
詩社酒徒空得名,獨步詩名在,0.8053385698111799
詩社酒徒空得名,斗酒新詩終自疏,0.8034470604168906
詩社酒徒空得名,大名詩獨步,0.8180069379818602
及此一時須痛飲,何時一樽酒,0.8063822724056138
及此一時須痛飲,此别應須各努力,0.8251075110266899
及此一時須痛飲,先𢬵一飲醉如泥,0.8356659568814575
及此一時須痛飲,他日一杯難强進,0.8151697919231747
及此一時須痛飲,此時同一醉,0.8615092367165363
及此一時須痛飲,他時一笑後,0.8099867809475845
及此一時須痛飲,念爾此時有一擲,0.809161732171656
及此一時須痛飲,佳辰强飲食猶寒,0.8206290966379682
已ㅇ三日作狂酲,只今未醉已先悲,0.801150402076968
已ㅇ三日作狂酲,終日困香醪,0.8071327764333546
已ㅇ三日作狂酲,一旬半雷雨,0.8074366057615667
已ㅇ三日作狂酲,今年臘日凍全消,0.8020104757568955
已ㅇ三日作狂酲,七月六日苦炎蒸,0.8042169763048004
已ㅇ三日作狂酲,先𢬵一飲醉如泥,0.8151261613597036
已ㅇ三日作狂酲,今朝臘月春意動,0.8096816191056176
已ㅇ三日作狂酲,甘從千日醉,0.8297043151199771
已ㅇ三日作狂酲,消渴已三年,0.8366709653353854
已ㅇ三日作狂酲,今年强作歸,0.8042102204291972
濠州園裏都開盡,湖城城東一開眼,0.8334550080170535
濠州園裏都開盡,濯錦江邊未滿園,0.8070892976570618
濠州園裏都開盡,閬州城南天下稀,0.8059680391829773
腸斷蕭蕭雨打聲,馬蕭蕭,0.8378338724658462
腸斷蕭蕭雨打聲,涼風蕭蕭吹汝急,0.8225589251223253
腸斷蕭蕭雨打聲,雨聲颼颼催早寒,0.8444103419937405
腸斷蕭蕭雨打聲,馬鳴風蕭蕭,0.842440523047144
腸斷蕭蕭雨打聲,蕭蕭北風勁,0.8119323139823946
腸斷蕭蕭雨打聲,蕭蕭古塞冷,0.8062112081121429
腸斷蕭蕭雨打聲,江永風蕭蕭,0.8143563262442961
腸斷蕭蕭雨打聲,風色蕭蕭暮,0.8300403078140088
腸斷蕭蕭雨打聲,涼氣曉蕭蕭,0.8040280453344597
腸斷蕭蕭雨打聲,因驚四月雨聲寒,0.8039795180492249
腸斷蕭蕭雨打聲,蕭蕭夜色淒,0.8585695291642697
腸斷蕭蕭雨打聲,蕭蕭紫塞雁,0.8154130049514632
腸斷蕭蕭雨打聲,蕭蕭沙中雨,0.8424781191715134
腸斷蕭蕭雨打聲,秋風淅淅吹巫山,0.8084937081731461
腸斷蕭蕭雨打聲,蕭蕭掛冷枝,0.8124039105862645
腸斷蕭蕭雨打聲,蕭颯灑秋色,0.8180561753691435
腸斷蕭蕭雨打聲,蕭疏聽晚蟬,0.8234476776927886
腸斷蕭蕭雨打聲,無邊落木蕭蕭下,0.8276750019801911
腸斷蕭蕭雨打聲,天雨蕭蕭滯茅屋,0.8379935437196087
潁上相逢杏始青,戎馬相逢更何日,0.8000618025687813
潁上相逢杏始青,汶上相逢年頗多,0.852387722650684
爾來瓜壟有新耕,負郭喜稉稻,0.8022328243143705
爾來瓜壟有新耕,禾生隴畝無東西,0.8195827240289567
爾來瓜壟有新耕,且耕今未賒,0.8260627856740951
爾來瓜壟有新耕,黍地無人耕,0.813575712211815
爾來瓜壟有新耕,方春獨荷鋤,0.8069684558309658
爾來瓜壟有新耕,耕田秋雨足,0.8375234342096236
爾來瓜壟有新耕,逕轉山田熟,0.8148161353105295
爾來瓜壟有新耕,石田又足收,0.8155907525672286
爾來瓜壟有新耕,畦蔬繞舍秋,0.8129812729698136
爾來瓜壟有新耕,下有良田疇,0.8188073692778188
爾來瓜壟有新耕,蕪蔓少耘鋤,0.8026905989312287
爾來瓜壟有新耕,有田種穀今流血,0.81590021804181
爾來瓜壟有新耕,隴右河源不種田,0.8073063348520314
爾來瓜壟有新耕,雨後過畦潤,0.8101602432289156
爾來瓜壟有新耕,復覩耕桑民,0.8015044535763465
爾來瓜壟有新耕,東屯稻畦一百頃,0.810592397014194
爾來瓜壟有新耕,山家藥正鋤,0.8228174226767417
爾來瓜壟有新耕,山田麥無隴,0.8385344986661588
爾來瓜壟有新耕,豐苗亦已穊,0.8011975421470159
爾來瓜壟有新耕,農力廢耕桑,0.8277307141600383
爾來瓜壟有新耕,荒榛農復秋,0.8088949514247318
爾來瓜壟有新耕,深耕種數畝,0.8433008137433669
爾來瓜壟有新耕,山田飯有沙,0.811268244708105
爾來瓜壟有新耕,葵荒欲自鋤,0.8139034073038829
爾來瓜壟有新耕,家須農事歸,0.804598628016462
爾來瓜壟有新耕,耕稼學山村,0.8032034738243405
爾來瓜壟有新耕,圃畦新雨潤,0.8228394417066751
爾來瓜壟有新耕,畬田費火耕,0.8362848079785097
爾來瓜壟有新耕,又重田疇闢,0.814758606785555
爾來瓜壟有新耕,巡圃念攜鋤,0.8007338495711227
爾來瓜壟有新耕,荒蕪已荷鋤,0.8010306559156839
爾來瓜壟有新耕,一寸荒田牛得耕,0.8378674223188967
四時爲歲已中半,三月三日天氣新,0.8232188283752377
四時爲歲已中半,百年秋已半,0.8253143660869522
四時爲歲已中半,今秋乃淫雨,0.8349442076284097
四時爲歲已中半,春秋二時歸至尊,0.8150391989875062
四時爲歲已中半,君來必十月,0.8109076139327784
四時爲歲已中半,今已十月後,0.8228433765442473
四時爲歲已中半,一秋常苦雨,0.8445599836902633
四時爲歲已中半,閏八月初吉,0.8348913695819017
四時爲歲已中半,一旬半雷雨,0.8154689855239163
四時爲歲已中半,七月六日苦炎蒸,0.8007262570216316
四時爲歲已中半,春苗九月交,0.8073667932635278
四時爲歲已中半,百年已過半,0.8481562283378756
四時爲歲已中半,二月已破三月來,0.8317530905908616
四時爲歲已中半,人生幾何春已夏,0.8191327080122894
四時爲歲已中半,四月五月偏號呼,0.8143965473413125
四時爲歲已中半,卽今倏忽已五十,0.8032246279842089
四時爲歲已中半,長番歲時久,0.8422144017578976
四時爲歲已中半,自卯將及酉,0.8100157658335794
四時爲歲已中半,元年建巳月,0.8031278280854004
四時爲歲已中半,元年建巳月,0.8031278280854004
四時爲歲已中半,三歲清秋至,0.8243689758196342
四時爲歲已中半,百餘年間未災變,0.81419570600579
四時爲歲已中半,冬至至後日初長,0.8194717577527522
四時爲歲已中半,與兄行年校一歲,0.8155937864744984
四時爲歲已中半,已度立春時,0.8119034182590794
四時爲歲已中半,兩旬不甲拆,0.8099269695768805
四時爲歲已中半,忽已歲時遷,0.8167985819115743
四時爲歲已中半,開元已來數八分,0.8143176003726282
四時爲歲已中半,年過半百不稱意,0.8170383421109145
四時爲歲已中半,逆行值吉日,0.8201474545011971
日永清風摇麈尾,秋日亂清暉,0.8055133675189904
日永清風摇麈尾,氣酣日落西風來,0.8037670197769797
日永清風摇麈尾,天清風卷幔,0.8007501563954069
日永清風摇麈尾,幕府秋風日夜清,0.8020017076947676
日永清風摇麈尾,清風獨杖藜,0.8049284474724221
日永清風摇麈尾,曳月揚微風,0.8042718398336943
夜闌飛雹落棋枰,燈前細雨簷花落,0.8153875968716182
兩廳未覺過從數,相看過半百,0.8017826044387708
兩廳未覺過從數,數日不可更禁當,0.8083434062563434
兩廳未覺過從數,三伏適已過,0.8210742870526343
兩廳未覺過從數,年過半百不稱意,0.8002927659552104
政以頑疏累友生,謀拙愧諸昆,0.8102906826505154
政以頑疏累友生,况乃疏頑臨事拙,0.8681621972525149
政以頑疏累友生,疏懶爲名誤,0.801916085058767
政以頑疏累友生,儒生老無成,0.8075197713152956
政以頑疏累友生,政術甘疏誕,0.8379684888312063
政以頑疏累友生,吾知拙養尊,0.8185324972089855
君家玉女從小見,女壻近乘龍,0.8141239898107395
君家玉女從小見,自有兩兒郎,0.808387030359383
君家玉女從小見,近時郭家獅子花,0.8042875671038929
君家玉女從小見,别家長兒女,0.8436776576995026
君家玉女從小見,先帝侍女八千人,0.8055006854788249
聞道如今畫不成,今之畫圖無乃是,0.8557036574212011
聞道如今畫不成,畫工如山貌不同,0.830592212461577
聞道如今畫不成,古人成敗子如何,0.800450295325321
聞道如今畫不成,欲辨不成書,0.8222195463732378
翦裁似借天工手,篙工密逞巧,0.8227092895003174
