황정견,두보,코사인 유사도
龐翁跡頗親,阿翁懶惰久,0.8147531948542603
龐翁跡頗親,但訝鹿皮翁,0.8043406767207919
龐翁跡頗親,少壯跡頗疏,0.8206799591728703
龐翁跡頗親,若訪衰翁語,0.810717527820217
龐翁跡頗親,惠愛南翁悦,0.8045603967195372
黄蘖門屢欵,始聞叩柴荆,0.8016160112573865
黄蘖門屢欵,重肯款柴扉,0.8001570999558947
黄蘖門屢欵,黄昏始扣主人門,0.8043815224769617
齋餘佛飯香,但使殘年飽喫飯,0.8235188347556903
齋餘佛飯香,軟炊香飯緣老翁,0.832306978142364
齋餘佛飯香,竹齋燒藥竈,0.8276254996874668
齋餘佛飯香,佛香時入院,0.8094266586348833
齋餘佛飯香,僧飯屢過門,0.8241590490803183
齋餘佛飯香,空餘見佛尊,0.8140368862368648
齋餘佛飯香,粗飯依他日,0.8157263851191032
齋餘佛飯香,敕廚惟一味,0.8079625615877557
齋餘佛飯香,飯糲添香味,0.8711492993587693
齋餘佛飯香,諸僧但乞齋時飯,0.8864950214214546
齋餘佛飯香,巾拂香餘搗藥塵,0.8056300983378962
茶沸甘露滿,仙醴來浮蟻,0.8158591131279251
茶沸甘露滿,香芹碧澗羹,0.8362084412598662
茶沸甘露滿,犀筯厭飫久未下,0.8010116224956475
茶沸甘露滿,瓜嚼水精寒,0.8109364525492095
茶沸甘露滿,味如甘露漿,0.8809304397257829
茶沸甘露滿,玉觴淡無味,0.8124515684727485
茶沸甘露滿,風吹春井芹,0.8060066274103455
茶沸甘露滿,碧酒隨玉粒,0.8227843385896427
茶沸甘露滿,春雨餘甘蔗,0.8208699936309148
茶沸甘露滿,秋蔬擁霜露,0.8077370974993401
茶沸甘露滿,白露黄粱熟,0.8189413072912439
茶沸甘露滿,丹橘露應嘗,0.8161040098134109
茶沸甘露滿,茗飲蔗漿攜所有,0.8215427315041635
茶沸甘露滿,蔗漿歸廚金碗凍,0.8707401512280939
茶沸甘露滿,山瓶乳酒下青雲,0.8124216563584734
茶沸甘露滿,竹裏行廚洗玉盤,0.8111878732422066
茶沸甘露滿,赤梨蒲萄寒露成,0.8026637157541958
茶沸甘露滿,崖蜜松花熟,0.8032220778898289
茶沸甘露滿,香飯兼苞蘆,0.8146004065147826
茶沸甘露滿,白露團甘子,0.8239869957145984
茶沸甘露滿,羹煑秋蓴滑,0.8521709888730191
茶沸甘露滿,滑憶雕胡飯,0.807855859273692
逢人問進退,逢人問孔融,0.8452816911748902
逢人問進退,道旁過者問行人,0.8242938221312535
逢人問進退,客至從嗔不出迎,0.8012563144802114
逢人問進退,逢人問幾賢,0.8798757602502787
逢人問進退,逢人問公卿,0.8569705007360116
逢人問進退,如知進退情,0.8276864463867737
仲父挾高才,先生有才過屈宋,0.8432106689794052
仲父挾高才,主將收才子,0.8138938592756877
仲父挾高才,鄭氏才振古,0.8223028203707814
仲父挾高才,今人重高勳,0.8052727855845669
仲父挾高才,英賢遇轗軻,0.8193922485119289
仲父挾高才,令姪才俊茂,0.855154138128175
仲父挾高才,經濟實藉英雄姿,0.8008638449021326
仲父挾高才,李舟名父子,0.8009353053239379
仲父挾高才,才大今詩伯,0.8214686430778155
仲父挾高才,有子賢與愚,0.8007477064909121
仲父挾高才,如公盡雄俊,0.8140583141135355
仲父挾高才,當代論才子,0.8528921758457566
仲父挾高才,尚愛卓文君,0.8138916180075579
仲父挾高才,激烈傷雄才,0.8263481995168173
仲父挾高才,有才繼騷雅,0.8227100322782575
仲父挾高才,郭薛俱才賢,0.8389634825232104
仲父挾高才,憶爾才名叔,0.8211147742079087
仲父挾高才,子負經濟才,0.829632875282057
仲父挾高才,才高處士名,0.8067873153073175
仲父挾高才,高義邁等倫,0.8112936409522844
仲父挾高才,若道士無英俊才,0.8052276131676845
仲父挾高才,公才或守雌,0.8118720910547448
仲父挾高才,俊才得之子,0.8389263886227449
仲父挾高才,丈夫多英雄,0.8102389777085439
仲父挾高才,賦有冠古才,0.8104435964978204
仲父挾高才,王今叔父尊,0.831146560375766
仲父挾高才,文雅見天倫,0.8020076816739957
仲父挾高才,才名賈傅多,0.801757765072101
仲父挾高才,子建文章壯,0.804377591616771
仲父挾高才,叔父朱門貴,0.8224236290719814
仲父挾高才,吾賢富才術,0.8237909880940765
仲父挾高才,皆登屈宋才,0.829837523545317
仲父挾高才,顔氏之子才孤標,0.837951490136203
仲父挾高才,素聞趙公節,0.8250849119742113
仲父挾高才,賈傅才未有,0.8049928363714024
仲父挾高才,丈人藉才地,0.8273144375113962
仲父挾高才,之子俊才稀,0.8668940763867627
仲父挾高才,世賢張子房,0.832147578909209
仲父挾高才,風流吾賢紹,0.8008507241423797
甘爲溝中斷,秋水通溝洫,0.8034809150935761
甘爲溝中斷,焉知餓死填溝壑,0.8210588066780111
甘爲溝中斷,血作陳陶澤中水,0.801544394033734
甘爲溝中斷,五年委溝溪,0.810220933714699
甘爲溝中斷,豈免溝壑常漂漂,0.8023408409549926
薦廟配瑚璉,鄭公瑚璉器,0.8298144592885344
薦廟配瑚璉,嶷嶷瑚璉器,0.8265146000634658
薦廟配瑚璉,宗臣則廟食,0.8172215323442797
季父有逸興,亦有梁宋遊,0.805983108737284
季父有逸興,父老四五人,0.808644027734722
季父有逸興,故人有孫宰,0.8030312287691683
季父有逸興,韋侯别我有所適,0.8046297541368661
季父有逸興,少保有古風,0.8036098772091587
季父有逸興,俊才得之子,0.8059953779888063
季父有逸興,王今叔父尊,0.8029904007901595
季父有逸興,昔有佳人公孫氏,0.8234265566811656
季父有逸興,蘇氏今有之,0.8039689894012647
季父有逸興,始兼逸邁興,0.8118556514828599
季父有逸興,世賢張子房,0.804822834415163
未嘗入都輦,二年客東都,0.8215384013487528
未嘗入都輦,十年出幕府,0.8125618221721556
未嘗入都輦,春城赴上都,0.8118349965825055
未嘗入都輦,近聞下詔喧都邑,0.8088274423475412
未嘗入都輦,近侍歸京邑,0.8349860676512808
未嘗入都輦,出入暗金闕,0.8049995839871494
未嘗入都輦,未曾入州府,0.8890421466334559
未嘗入都輦,西京安穩未,0.8106299622261055
未嘗入都輦,復道收京邑,0.8063845143711357
未嘗入都輦,憶昔巡幸新豐宫,0.81587475767593
未嘗入都輦,歸來潛京輦,0.8381694682643803
未嘗入都輦,京都不再火,0.8136743423533386
臨流呼釣船,漁人網集澄潭下,0.8105800507768777
臨流呼釣船,進舟泛迴溪,0.8387353642480214
臨流呼釣船,漁人漾舟沉大網,0.8129278697317501
臨流呼釣船,數能同釣船,0.8134225458756493
臨流呼釣船,涪江醉泛船,0.8097851799398201
臨流呼釣船,花溪得釣綸,0.8055815087078468
臨流呼釣船,漁舟上急水,0.8317106580188506
臨流呼釣船,百丈誰家上瀨船,0.8015374139442148
臨流呼釣船,時觀錦水釣,0.8063656909617921
臨流呼釣船,漁父濯滄浪,0.8059253241208489
臨流呼釣船,兼泛滄浪學釣翁,0.8152732173415742
臨流呼釣船,碧溪摇艇闊,0.8037948862354689
臨流呼釣船,村船逆上溪,0.8157144902591529
臨流呼釣船,我能泛中流,0.8115088732329521
臨流呼釣船,兒扶立釣磯,0.8115462157733646
雍容從朋交,交朋列友于,0.8328307281523366
雍容從朋交,良友昔相於,0.8090215568313606
林下追游衍,花月窮遊宴,0.828529892832161
林下追游衍,誦詩渾遊衍,0.8014274377340176
林下追游衍,優游謝康樂,0.830619979433219
林下追游衍,真隨惠遠遊,0.800999072054738
林下追游衍,吾與誰游衍,0.8126167387199031
田園雖足樂,家纔足稻粱,0.8339582679290785
田園雖足樂,田園須暫往,0.8467932085818384
田園雖足樂,園廬但蒿藜,0.8001470950124128
田園雖足樂,耕田秋雨足,0.8066522885507004
田園雖足樂,稻粱求未足,0.8053421880432403
田園雖足樂,亦知故鄉樂,0.8155740833316758
田園雖足樂,隨事有田園,0.861865989980763
田園雖足樂,自古稻粱多不足,0.8279797560825968
田園雖足樂,無富貧亦足,0.8537869290369484
及時思還返,念子何當歸,0.8302807316352707
及時思還返,不見遊子還,0.8029998454937324
及時思還返,歡罷念歸旋,0.8220047721855677
及時思還返,春歸客未還,0.8203982801073323
陰寒木鳴條,陰壑生虚籟,0.8023795503764289
陰寒木鳴條,森木亂鳴蟬,0.8915560542667398
陰寒木鳴條,千章夏木清,0.8148027949145542
陰寒木鳴條,葉密鳴蟬稠,0.835235490554318
陰寒木鳴條,長林何蕭蕭,0.8001271553658094
陰寒木鳴條,蕭摵寒籜聚,0.8431303385936744
陰寒木鳴條,颼颼林響交,0.8395325580431792
陰寒木鳴條,季冬樹木蒼,0.8167124993988891
陰寒木鳴條,寒事颯高秋,0.8119663917022137
陰寒木鳴條,高風下木葉,0.8007280856711354
陰寒木鳴條,秋風動哀壑,0.8106321773532701
陰寒木鳴條,衆壑生寒早,0.8147701119581094
陰寒木鳴條,喬木易高風,0.8113070715176162
陰寒木鳴條,寒風疏草木,0.8335428514608401
陰寒木鳴條,時聽嚴風折喬木,0.8080513692735889
陰寒木鳴條,寒蟬碧樹秋,0.815039429212144
望損倚門眼,却望懷青關,0.8069079454545975
望損倚門眼,倚門固有望,0.8542704425245862
南枝喜鳴鵲,枝驚夜鵲棲,0.8698150754217921
南枝喜鳴鵲,郢樹發南枝,0.8002948502663711
南枝喜鳴鵲,烏鵲滿樛枝,0.8630908270518508
南枝喜鳴鵲,南飛覺有安巢鳥,0.8357217528214352
南枝喜鳴鵲,宿鳥戀本枝,0.8279980741221385
南枝喜鳴鵲,鷦鷯在一枝,0.8246432544557821
南枝喜鳴鵲,禪枝宿衆鳥,0.8147695087510255
南枝喜鳴鵲,囀枝黄鳥近,0.840291886293518
南枝喜鳴鵲,啅雀争枝墜,0.8402934820424037
南枝喜鳴鵲,樹枝有鳥亂鳴時,0.8528318558682124
南枝喜鳴鵲,今朝烏鵲喜,0.8098133532983639
南枝喜鳴鵲,棲枝把翠梧,0.8080215237884448
南枝喜鳴鵲,南飛有烏鵲,0.8372466330555086
南枝喜鳴鵲,鳥雀聚枝深,0.8099518795661034
南枝喜鳴鵲,飛鳴還接翅,0.8002506308928765
尺素託黄犬,耒陽馳尺素,0.8280711254869801
又以窀穸留,嗚呼就窀穸,0.8505623178924167
又以窀穸留,胡爲淹此留,0.8002908727266789
寄聲問僧護,問法看詩妄,0.8217360506013163
兒髮可以綰,妻子衣百結,0.818200039769729
兒髮可以綰,結髮爲妻子,0.8356007409498203
妙言對賓客,座對賢人酒,0.8112863049669086
妙言對賓客,親賓縱談謔,0.8534192124433182
妙言對賓客,來書語絶妙,0.8030560099760504
妙言對賓客,賓客滿堂上,0.8197748214585358
妙言對賓客,强將笑語供主人,0.800310515990444
妙言對賓客,四座賓客色不動,0.8301113818221505
妙言對賓客,滿堂賓客皆嘆息,0.8074721282709592
妙言對賓客,我公會賓客,0.8471550607016306
妙言對賓客,賓客引調同,0.8074274021878654
妙言對賓客,主客多歡娱,0.8135765589593067
妙言對賓客,況乃主客間,0.8004908911135897
妙言對賓客,甫也諸侯老賓客,0.8072457863962749
妙言對賓客,賦詩賓客間,0.8516867027619237
妙言對賓客,清談見滋味,0.8010158683513134
妙言對賓客,引爲賓客敬頗久,0.8064760463146043
妙言對賓客,兼盡賓主歡,0.8210328927856251
妙言對賓客,高談隨羽觴,0.8004488305694819
稱渠萬金産,家無儋石輸百萬,0.8125888704977742
稱渠萬金産,千金裝馬鞭,0.8145066323906502
稱渠萬金産,百金裝刀頭,0.8369749338508352
稱渠萬金産,王孫善保千金軀,0.813070214543264
稱渠萬金産,價重百車渠,0.8086991155217829
稱渠萬金産,布地有黄金,0.802115945877635
稱渠萬金産,皆聞黄金多,0.8342330480053712
稱渠萬金産,豈聞一絹直萬錢,0.8050008665506232
稱渠萬金産,漢二千石真分憂,0.8027394988458771
稱渠萬金産,汝貴玉爲琛,0.8028708875223873
爾來弄筆硯,下筆如有神,0.8123601828658709
爾來弄筆硯,戲拈秃筆掃驊騮,0.82075469054069
爾來弄筆硯,請公放筆爲直幹,0.8028715384762166
爾來弄筆硯,淒涼憐筆勢,0.8015369039014264
爾來弄筆硯,縱使盧王操翰墨,0.8189350582958014
爾來弄筆硯,觀我落筆中書堂,0.8375028568350029
爾來弄筆硯,長嘯得石硯,0.8204017845239107
爾來弄筆硯,臨池真盡墨,0.8107910218023388
爾來弄筆硯,呼兒具紙筆,0.8359324307009304
爾來弄筆硯,賦詩猶落筆,0.8148496195974566
爾來弄筆硯,詩家筆勢君不嫌,0.8147459275447385
爾來弄筆硯,筆力破餘地,0.8143731697606245
墨水惡翻建,其滑乃波濤,0.8044738379739015
大字如栖鴉,大字猶在牓,0.8336928061726865
已不作肥軟,衣馬不復能輕肥,0.8248626742143382
已不作肥軟,食蕨不願餘,0.8090780923168939
已不作肥軟,苦飢始得食一蟲,0.8002584402535573
已不作肥軟,衣馬自肥輕,0.8087306456127565
已不作肥軟,奔走苦不暖,0.8023332703494761
魯論未徹章,始與捶楚辭,0.8131722298404754
魯論未徹章,每語見許文章伯,0.8170923473335852
魯論未徹章,問答未及已,0.8121151939138704
魯論未徹章,論文或不愧,0.8501098813710672
魯論未徹章,除道哂要章,0.8096083437370629
正苦諸叔懶,謀拙愧諸昆,0.8069382681261255
正苦諸叔懶,老來苦便静,0.8050374236432123
正苦諸叔懶,阿翁懶惰久,0.8357180605453627
正苦諸叔懶,小來習性懶,0.823438881467039
正苦諸叔懶,舊諳疏懶叔,0.8185989260190771
正苦諸叔懶,諸生困一經,0.8003560796512703
正苦諸叔懶,我衰更懶拙,0.818091835322712
正苦諸叔懶,平生懶拙意,0.8091881793983332
正苦諸叔懶,懶惰無心作解嘲,0.8054572031475549
正苦諸叔懶,疏懶意何長,0.8034903315296198
正苦諸叔懶,失學從兒懶,0.8288810082088265
正苦諸叔懶,吾老抱疾病,0.8021795402894394
正苦諸叔懶,爾之生也甚正直,0.81480595160099
正苦諸叔懶,老病客殊方,0.8111741418377069
正苦諸叔懶,慣習元從衆,0.8009894134596651
正苦諸叔懶,失學從愚子,0.8008318733756095
正苦諸叔懶,乃知苦苣輩,0.8060452248367574
正苦諸叔懶,病多猶是客,0.8038231605249464
正苦諸叔懶,魯鈍仍多病,0.8036319052120049
正苦諸叔懶,我甘多病老,0.8018612708581982
新詩開累紙,幾歲寄我空中書,0.806468988187552
新詩開累紙,猥誦佳句新,0.8093373295260475
新詩開累紙,早寄從軍詩,0.806767193915028
新詩開累紙,新詩日又多,0.8173225524608323
新詩開累紙,岑生多新詩,0.8007075582654575
新詩開累紙,詩書遂牆壁,0.8191372025743392
新詩開累紙,題詩得秀句,0.8323395733065042
新詩開累紙,老去新詩誰與傳,0.8032189036463637
新詩開累紙,巴牋染翰光,0.8135832084884413
新詩開累紙,書枉滿懷牋,0.8454098791180158
新詩開累紙,嚴詩賦幾篇,0.817905564829786
新詩開累紙,老妻書數紙,0.8216134363735303
新詩開累紙,漫卷詩書喜欲狂,0.8059209319625371
新詩開累紙,題詩須一行,0.8249524404387909
新詩開累紙,因題零雨詩,0.8170546874877593
新詩開累紙,賦詩新句穩,0.8162784641872549
新詩開累紙,示我百篇文,0.802866456920377
新詩開累紙,新詩亦俱往,0.800576367062452
新詩開累紙,數篇今見古人詩,0.8178792686161327
新詩開累紙,呼兒覓紙一題詩,0.8126928607275424
新詩開累紙,開卷得佳句,0.8066460124193422
新詩開累紙,賦詩猶落筆,0.8152920204856886
新詩開累紙,念我能書數字至,0.8219397013492067
新詩開累紙,新詩錦不如,0.8009964858342635
新詩開累紙,新詩昨寄將,0.8743335963925545
新詩開累紙,開緘書札光,0.8080242633281346
欲罷不能卷,詩罷能吟不復聽,0.839884373501138
欲罷不能卷,未足臨書卷,0.8085167741940089
欲罷不能卷,欲罷不能忘,0.91422795552873
欲罷不能卷,我病書不成,0.8031352353351207
遠懷託孤高,松林駐遠情,0.8018447804327271
遠懷託孤高,雅量涵高遠,0.8147769629164365
别思盈繾綣,寸長堪繾綣,0.8554577876476559
别思盈繾綣,别意終感激,0.8015335911774218
别思盈繾綣,慰我深相憶,0.8090258077833101
别思盈繾綣,沉思情延佇,0.816312163360712
别思盈繾綣,别離憂怛怛,0.8232228740262628
别思盈繾綣,無論再繾綣,0.8428674475651386
秋月明夜潮,中天懸明月,0.8122412869188466
秋月明夜潮,今夜鄜州月,0.8168792311283585
秋月明夜潮,寒月照白骨,0.8028707213220772
秋月明夜潮,月照白水山,0.8290735682080415
秋月明夜潮,不夜月臨關,0.828230000501065
秋月明夜潮,老吟秋月下,0.8178030169582899
秋月明夜潮,昨夜月同行,0.8220071383102929
秋月明夜潮,夜深露氣清,0.8080283159790032
秋月明夜潮,江月滿江城,0.809871860675009
秋月明夜潮,滄江夜來雨,0.8314239661777312
秋月明夜潮,落月去清波,0.8067259935994929
秋月明夜潮,泊船秋夜經春草,0.8075861960255519
秋月明夜潮,中夜江山静,0.8150243530888363
秋月明夜潮,江月光於水,0.8091775290194199
秋月明夜潮,殘夜水明樓,0.8015038066147502
秋月明夜潮,夜久落江邊,0.8041275102860492
秋月明夜潮,巫山秋夜螢火飛,0.810871627421439
秋月明夜潮,秋月仍圓夜,0.8682650853122574
秋月明夜潮,明月照我膝,0.8168222993754625
秋月明夜潮,昨夜月清圓,0.848063722763062
秋月明夜潮,江湖墮清月,0.8309425532745145
秋月明夜潮,秋天昨夜涼,0.8532195118399064
秋月明夜潮,烈火發中夜,0.8002078465803686
柘漿凍金椀,春酒杯濃琥珀薄,0.8017625290867647
柘漿凍金椀,冰漿碗碧瑪瑙寒,0.8503401442978922
柘漿凍金椀,霜橙壓香橘,0.8217296523726358
柘漿凍金椀,味如甘露漿,0.820307165840283
柘漿凍金椀,碧酒隨玉粒,0.8627285625929997
柘漿凍金椀,夷歌捧玉盤,0.8091751001363754
柘漿凍金椀,瓷甖無謝玉爲缸,0.8224800279622694
柘漿凍金椀,蔗漿歸廚金碗凍,0.8831743631275267
柘漿凍金椀,山瓶乳酒下青雲,0.8217505641757156
柘漿凍金椀,鱠飛金盤白雪高,0.8153005206761665
柘漿凍金椀,星宫之君醉瓊漿,0.8208973666172323
柘漿凍金椀,翠瓜碧李沉玉甃,0.8298288401537489
柘漿凍金椀,赤梨蒲萄寒露成,0.831693608296143
柘漿凍金椀,鐫錯碧甖鸊鵜膏,0.8015427168473416
柘漿凍金椀,掌中琥珀鍾,0.800071733724539
疏杵韻寒砧,森木亂鳴蟬,0.8122011276017298
疏杵韻寒砧,落景聞寒杵,0.8942711597128001
疏杵韻寒砧,雨聲颼颼催早寒,0.8073856877342543
疏杵韻寒砧,抱葉寒蟬静,0.809320422185242
疏杵韻寒砧,秋至拭清砧,0.8186101032550374
疏杵韻寒砧,颼颼林響交,0.8279570179262861
疏杵韻寒砧,冷猿秋雁不勝悲,0.8073734676593103
疏杵韻寒砧,清聞樹杪磬,0.8059162521731666
疏杵韻寒砧,寒砧昨夜聲,0.8818735225292905
疏杵韻寒砧,金吼霜鐘徹,0.8162473097577813
疏杵韻寒砧,蕭蕭掛冷枝,0.8094455656166115
疏杵韻寒砧,蕭疏聽晚蟬,0.8438435462325631
疏杵韻寒砧,砧響家家發,0.8401054883143617
疏杵韻寒砧,秋山響易哀,0.8006419867973409
疏杵韻寒砧,蕭瑟浸寒空,0.8003785948775838
疏杵韻寒砧,秋砧醒却聞,0.842810925406615
疏杵韻寒砧,寒風疏草木,0.8032642694042875
疏杵韻寒砧,嘹唳吟笳發,0.807251133876688
疏杵韻寒砧,誰家搗練風淒淒,0.8167853459316656
疏杵韻寒砧,南国調寒杵,0.8220870142532208
疏杵韻寒砧,寒蟬碧樹秋,0.8379321957387575
幽泉流翠筧,暗水流花徑,0.8228251459052571
幽泉流翠筧,滋蔓匝清池,0.8025059185931895
幽泉流翠筧,噴薄漲巖幽,0.8519761062954421
幽泉流翠筧,悲泉共幽咽,0.8003567829763651
幽泉流翠筧,藍水遠從千澗落,0.8002938724771278
幽泉流翠筧,出山泉水濁,0.8005632648756698
幽泉流翠筧,映竹水穿沙,0.8053771109439309
幽泉流翠筧,侵籬澗水懸,0.8204471342983388
幽泉流翠筧,山稠隘石泉,0.8389400490460985
幽泉流翠筧,遠川曲通流,0.8115838785745413
幽泉流翠筧,嵌竇潛洩瀨,0.838734501153358
幽泉流翠筧,細水曲通池,0.814993165310125
幽泉流翠筧,竹細野池幽,0.8104603551518073
幽泉流翠筧,梯逕繞幽深,0.8092371803945493
幽泉流翠筧,竹竿裊裊細泉分,0.8055218165202468
幽泉流翠筧,北有澗水通青苗,0.8053311298878078
幽泉流翠筧,潺潺石間溜,0.8535711786244606
幽泉流翠筧,萍流仍汲引,0.8021100846640994
幽泉流翠筧,潏水帶寒淤,0.8129103676232423
幽泉流翠筧,竹竿接嵌竇,0.8367640235622112
幽泉流翠筧,千畦碧泉亂,0.8498492466652656
幽泉流翠筧,野蔬暗泉石,0.8398374669792534
幽泉流翠筧,秋蔬影澗瀍,0.8488375451869117
幽泉流翠筧,通竹溜涓涓,0.8609682691794456
幽泉流翠筧,石泉流暗壁,0.8898890914487352
幽泉流翠筧,晨溪響虚駃,0.802770953060584
幽泉流翠筧,凍泉依細石,0.8548072498442416
幽泉流翠筧,泉源泠泠雜猿狖,0.8137188974345272
幽泉流翠筧,溪行水奔注,0.810483762236702
幽泉流翠筧,野屋流寒水,0.8280418770796354
幽泉流翠筧,奔泉濺水珠,0.8362875730320828
幽泉流翠筧,野圃泉自注,0.8252321686479303
吟哦口垂涎,呻吟更流血,0.8510212157886061
吟哦口垂涎,脣焦口燥呼不得,0.8026754045974307
吟哦口垂涎,作詩呻吟内,0.8095713336721868
吟哦口垂涎,口雖吟咏心中哀,0.8478532882093892
吟哦口垂涎,玄猿口噤不能嘯,0.8112486803779471
嚼味有餘雋,味如甘露漿,0.8123169194465238
嚼味有餘雋,濁醪有妙理,0.805659298884992
嚼味有餘雋,玉觴淡無味,0.8398423896810459
嚼味有餘雋,醍醐長發性,0.808955802233797
嚼味有餘雋,清觴異味情屢極,0.8190256364848189
嚼味有餘雋,茗飲蔗漿攜所有,0.8134622944690199
嚼味有餘雋,氣味濃香幸見分,0.8499598108765712
嚼味有餘雋,肉味不足登鼎俎,0.8058173342529091
嚼味有餘雋,當令美味入吾脣,0.8039883569036632
嚼味有餘雋,温温昔風味,0.8075596498762299
嚼味有餘雋,病身虚俊味,0.8212082001073675
嚼味有餘雋,此味亦時須,0.8075319808531221
嚼味有餘雋,敕廚惟一味,0.8040600539024847
嚼味有餘雋,清談見滋味,0.86520088220771
嚼味有餘雋,飯糲添香味,0.8431461388272818
嚼味有餘雋,遠傳冬筍味,0.802762449878917
傳示同好人,故獨寫真傳世人,0.8041244213152983
傳示同好人,付與後世傳,0.8159388128756924
我家東牀坦,我居巷南子巷北,0.8050569317294097
我家東牀坦,垂頭傍我牀,0.8193070344230549
我家東牀坦,席不煖君牀,0.8153430653929519
我家東牀坦,禁臠去東牀,0.8330152525391932
風煙意氣生,天意颯風飇,0.8279441723592544
風煙意氣生,遠林暑氣薄,0.8070034763970739
風煙意氣生,孤雲隨殺氣,0.807910822048411
風煙意氣生,人生意氣豁,0.8481663551670764
風煙意氣生,物色兼生意,0.8022803766633055
風煙意氣生,慘澹凌風烟,0.8161778514784184
風煙意氣生,由來意氣合,0.8179670920711862
風煙意氣生,人生意氣合,0.8361629928587049
風煙意氣生,谷虚雲氣薄,0.806100215613698
風煙意氣生,春氣晚更生,0.8206778727378897
風煙意氣生,秋興坐氤氲,0.811024810131181
風煙意氣生,江風借夕涼,0.8053061781566393
風煙意氣生,平生感意氣,0.8296932911414272
風煙意氣生,北風隨爽氣,0.8412544189319133
揮毫寫藤蠒,揮毫落紙如雲烟,0.8738408351511783
揮毫寫藤蠒,詩成珠玉在揮毫,0.8514272589766547
揮毫寫藤蠒,巴牋染翰光,0.8190056443308971
揮毫寫藤蠒,戲拈秃筆掃驊騮,0.8230092150421173
揮毫寫藤蠒,灑翰銀鈎連,0.8092263875759453
揮毫寫藤蠒,朱崖著毫髮,0.8270877972772274
揮毫寫藤蠒,佳句染華箋,0.8027297636432185
揮毫寫藤蠒,纖毫欲自矜,0.8113290534000095
揮毫寫藤蠒,直欲數秋毫,0.822529047283113
揮毫寫藤蠒,賦詩猶落筆,0.8124990935720715
揮毫寫藤蠒,走索背秋毫,0.8184445415186627
獵山窮鶉鴽,看射猛虎終殘年,0.8108692679295642
獵山窮鶉鴽,旁制山賊起,0.8015969021231562
獵山窮鶉鴽,野鼠拱亂穴,0.8171805665040226
獵山窮鶉鴽,欲出畏虎狼,0.8086250272925357
獵山窮鶉鴽,斬木火井窮猿呼,0.8304553882101612
獵山窮鶉鴽,獸猶畏虞羅,0.8086526662643261
獵山窮鶉鴽,獵火著高林,0.8093176947668206
獵山窮鶉鴽,恒山猶突騎,0.8049333778091332
獵山窮鶉鴽,冬獵青丘旁,0.8181515157966477
獵山窮鶉鴽,貙虎噉豺狼,0.8053534235620415
獵山窮鶉鴽,漁陽突騎獵青丘,0.800738084816074
獵山窮鶉鴽,熊羆咆空林,0.8033556309903215
獵山窮鶉鴽,岸上空村盡豺虎,0.8106337212905649
獵山窮鶉鴽,虎狼窺中原,0.8162118326128417
罩海極蝦蜆,坡陀金蝦蟆,0.8114884162466294
罩海極蝦蜆,魴魚鱍鱍色勝銀,0.8072192455774161
罩海極蝦蜆,江渾魚掉頭,0.8028003443722499
銀鉤亂眼膜,藤梢刺眼新,0.8174696085610147
銀鉤亂眼膜,應手看捶鈎,0.804163252458806
銀鉤亂眼膜,洗魚磨刀魚眼紅,0.8098829022868914
銀鉤亂眼膜,新愁眼欲穿,0.810252098829606
銀鉤亂眼膜,金篦刮眼膜,0.8573403757328621
銀鉤亂眼膜,眼前列杻械,0.815879585572915
銀鉤亂眼膜,金篦空刮眼,0.814248578659626
嘉句濯肺脘,猥誦佳句新,0.8042058671771696
嘉句濯肺脘,煖湯濯我足,0.8183421502918825
朋友必推挽,忘形向友朋,0.8115111853335542
朋友必推挽,親友相追攀,0.8499431738283687
朋友必推挽,親朋日暮迴,0.8190993622576521
朋友必推挽,艱難懷友朋,0.8231223111333354
朋友必推挽,天下朋友皆膠漆,0.8208221419463411
朋友必推挽,交朋列友于,0.8466716696598391
朋友必推挽,亂離朋友盡,0.8089672139459234
朋友必推挽,良友昔相於,0.8166346494337114
朋友必推挽,一論朋友難,0.8627566126042316
朋友必推挽,朋知限流寓,0.8352843439855812
朋友必推挽,久客多枉友朋書,0.8085656286062541
朋友必推挽,徐庶高交友,0.80957695210563
五泰列清廟,筵秩宴北林,0.8013162804459972
五泰列清廟,守祧嚴具禮,0.8118123156524114
五泰列清廟,清廟肅惟馨,0.8546356125192509
五泰列清廟,世祖修高廟,0.8136512625024908
五泰列清廟,禮若奉至尊,0.8070822749016059
五泰列清廟,修文廟算正,0.8091745326854596
五泰列清廟,昔在堯四岳,0.8136735773068572
五泰列清廟,肅宗登寶位,0.8503093882955155
五泰列清廟,先帝嚴靈寢,0.8106619494430212
五泰列清廟,前春禮郊廟,0.8001466141213226
五泰列清廟,宗臣遺像肅清高,0.8308576664724592
五泰列清廟,太后當朝肅,0.8120645281636165
五泰列清廟,肅宗昔在靈武城,0.8127823020694285
五泰列清廟,秩禮自百王,0.827912987507668
五泰列清廟,肅肅秩初筵,0.8227654205277033
聖緒今皇纘,永懷清典常,0.8076249029048126
聖緒今皇纘,天人夙德升,0.8212189115956878
聖緒今皇纘,聖情常有眷,0.8074274262309278
聖緒今皇纘,道德付今王,0.8337476040275336
聖緒今皇纘,一物但荷皇天慈,0.8075333887809019
聖緒今皇纘,先生有道出羲皇,0.8051922935781846
聖緒今皇纘,智謀垂睿想,0.8012178992320216
聖緒今皇纘,皇華吾善處,0.8394568947885477
聖緒今皇纘,高帝子孫盡隆準,0.8016068296123293
聖緒今皇纘,皇帝二載秋,0.816247366350796
聖緒今皇纘,皇綱未宜絶,0.8025558133294126
聖緒今皇纘,宣光果明哲,0.8818495788655321
聖緒今皇纘,天屬尊堯典,0.8308984825653505
聖緒今皇纘,神功協禹謨,0.8120690951387984
聖緒今皇纘,丕承戢武威,0.8586905490972339
聖緒今皇纘,聖圖天廣大,0.8544382252546421
聖緒今皇纘,文思憶帝堯,0.8339670652654063
聖緒今皇纘,聖朝新孝理,0.8533306095447533
聖緒今皇纘,後漢今周喜再昌,0.8359190102716703
聖緒今皇纘,迥繼先父祖,0.8141986398920169
聖緒今皇纘,唐堯真自聖,0.8413605726264806
聖緒今皇纘,帝力收三統,0.8327980401783119
聖緒今皇纘,世祖修高廟,0.8338446329383375
聖緒今皇纘,三皇五帝前,0.8408955301201173
聖緒今皇纘,後王尚柔遠,0.8007267133374802
聖緒今皇纘,惟昔武皇后,0.8539788647058513
聖緒今皇纘,至今勞聖主,0.8168090762453135
聖緒今皇纘,豈惟高祖聖,0.809203279445706
聖緒今皇纘,高皇亦明主,0.8380570553609492
聖緒今皇纘,今王德教淳,0.8715744967092784
聖緒今皇纘,周宣中興望我皇,0.8634463113314312
聖緒今皇纘,一德興王後,0.8579913796433893
聖緒今皇纘,聖賢古法則,0.8140408831487252
聖緒今皇纘,皇皇使臣體,0.8686161383663487
聖緒今皇纘,皇天德澤降,0.8592379959254565
聖緒今皇纘,王今叔父尊,0.8010366821193082
聖緒今皇纘,近時馮紹正,0.8010639560113314
聖緒今皇纘,只在忠臣翊聖朝,0.8057606831970543
聖緒今皇纘,聖聰矧多仁,0.8754590249308034
聖緒今皇纘,先帝嚴靈寢,0.8240769644878585
聖緒今皇纘,祀事親聖躬,0.8416930662233268
聖緒今皇纘,聖哲體仁恕,0.8541935723468603
聖緒今皇纘,先帝正好武,0.8272313459279156
聖緒今皇纘,漢道盛於斯,0.8257558348075913
聖緒今皇纘,羲和流德澤,0.8173003856568629
聖緒今皇纘,周宣漢武今王是,0.8441508799985897
聖緒今皇纘,神靈漢代中興主,0.8143615796225339
聖緒今皇纘,翊戴歸先主,0.8010774674365106
聖緒今皇纘,天王日儉德,0.8508441538470153
聖緒今皇纘,致君唐虞際,0.8316078702242085
聖緒今皇纘,兼存翊贊功,0.8358813816487919
聖緒今皇纘,堯有四岳明至理,0.8241134674216881
聖緒今皇纘,古者三皇前,0.8562408264916446
聖緒今皇纘,崇大王法度,0.8252065669055253
聖緒今皇纘,武德開元際,0.8364765830355865
聖緒今皇纘,玄元皇帝聖雲孫,0.8611877984930616
聖緒今皇纘,聖朝光御極,0.8177954087854713
聖緒今皇纘,聖哲垂彖繫,0.8722057419093192
聖緒今皇纘,曷以贊我皇,0.8146443650685049
聖緒今皇纘,宗枝神堯後,0.8433867924993095
聖緒今皇纘,爾祖未顯時,0.8046344838097124
聖緒今皇纘,皇天實照臨,0.8454311151265812
真儒運斗樞,配極玄都閟,0.8014355691520895
真儒運斗樞,氣衝星象表,0.8036768743200765
真儒運斗樞,宸極妖星動,0.8220089746531951
真儒運斗樞,三移斗柄春,0.8140323083682268
真儒運斗樞,掌握有權柄,0.806446916204858
真儒運斗樞,夜臺當北斗,0.8005880549975013
真儒運斗樞,學貫天人際,0.814776038033884
真儒運斗樞,玄朔迴天步,0.8045643988406166
真儒運斗樞,南極一星朝北斗,0.8185904059163249
真儒運斗樞,星拆台衡地,0.8011078363038224
真儒運斗樞,星辰北斗深,0.8144906813851083
真儒運斗樞,真宜法斗魁,0.8441926582107888
真儒運斗樞,南斗避文星,0.8107255344134213
真儒運斗樞,籌運神功操,0.8035234280608592
道化迪天顯,造化鍾神秀,0.8511633388190726
道化迪天顯,含弘知四大,0.8180211992533366
道化迪天顯,天人夙德升,0.8194449830292008
道化迪天顯,配極玄都閟,0.8086096376994854
道化迪天顯,道德付今王,0.8164625271292228
道化迪天顯,一物但荷皇天慈,0.8037839734236613
道化迪天顯,方知象教力,0.8121366419950473
道化迪天顯,契合動昭融,0.8459510502400053
道化迪天顯,廟堂知至理,0.8143547548703038
道化迪天顯,神凝推道經,0.8425304542765588
道化迪天顯,天地有順逆,0.8125604019229287
道化迪天顯,宣光果明哲,0.8188943998137148
道化迪天顯,神功協禹謨,0.8054255354721278
道化迪天顯,聖圖天廣大,0.8455029225824462
道化迪天顯,聖朝新孝理,0.8015111463962075
道化迪天顯,此道昔歸順,0.8003096885854568
道化迪天顯,德業天機秉,0.8741272632615431
道化迪天顯,神物有顯晦,0.8727646546721738
道化迪天顯,惟天有設險,0.8086895197672435
道化迪天顯,静求元精理,0.8096700514916015
道化迪天顯,祚永固有開,0.8057452993906613
道化迪天顯,聖賢古法則,0.8002870929400103
道化迪天顯,秉心識本源,0.8071242230909679
道化迪天顯,皇天德澤降,0.8183608370080062
道化迪天顯,正直元因造化功,0.8214242937780425
道化迪天顯,聖聰矧多仁,0.8280431296220456
道化迪天顯,情窮造化理,0.8053433003042192
道化迪天顯,學貫天人際,0.8275798017709147
道化迪天顯,聖哲體仁恕,0.840209107613493
道化迪天顯,歷代各清規,0.8048512091066211
道化迪天顯,太陽信深仁,0.8427250382632998
道化迪天顯,禹功翊造化,0.8454180900248673
道化迪天顯,天王日儉德,0.8094884322634446
道化迪天顯,堯有四岳明至理,0.8323301250062154
道化迪天顯,崇大王法度,0.8204632356826029
道化迪天顯,用爲羲和天爲成,0.8032598217891567
道化迪天顯,武德開元際,0.8108805601023454
道化迪天顯,天機自明斷,0.818669928400775
朝論惜才難,當代論才子,0.8141179966272136
朝論惜才難,敢論才見忌,0.8211271892269236
朝論惜才難,直詞才不世,0.8173413115110877
朝論惜才難,不才名位晚,0.8143105247898481
朝論惜才難,小臣議論絶,0.8345032900057678
朝論惜才難,時危始識不世才,0.8123755604651886
逸民大蒐獮,忽思格猛獸,0.8061591741054441
逸民大蒐獮,黎元疾苦駢,0.801138555076087
豈聞任方物,外物慕張邴,0.8067891889217456
豈聞任方物,龐公任本性,0.8027196354111374
豈聞任方物,乃聞風土質,0.8010506228267815
包貢遺羽簳,遺穗及衆多,0.8164965626198334
高意恐難轉,舟楫恐失墜,0.8028446924090606
高意恐難轉,才高心不展,0.8041458026076419
高意恐難轉,高興潛有激,0.804767977059978
高意恐難轉,天意高難問,0.8378256691512171
長篇題遠筒,幾歲寄我空中書,0.8121428512764157
長篇題遠筒,猥誦佳句新,0.8246117379007992
長篇題遠筒,詩書遂牆壁,0.8011878420182987
長篇題遠筒,題詩得秀句,0.8282896013097343
長篇題遠筒,投詩贈汨羅,0.8015594456633932
長篇題遠筒,書枉滿懷牋,0.8141931906444443
長篇題遠筒,嚴詩賦幾篇,0.8471089761631894
長篇題遠筒,數篇吟可老,0.8025480955281616
長篇題遠筒,高詠寶劍篇,0.8251093743371058
長篇題遠筒,得之陝郊篇,0.8240532850386285
長篇題遠筒,題詩須一行,0.8247711029427328
長篇題遠筒,有情且賦詩,0.8070559523140837
長篇題遠筒,賦詩新句穩,0.8072856403124333
長篇題遠筒,示我百篇文,0.8358744176395634
長篇題遠筒,謝朓每篇堪諷誦,0.8100590226237605
長篇題遠筒,諷詠詩家流,0.8241805583749289
長篇題遠筒,朗詠六公篇,0.8336949018931739
長篇題遠筒,數篇今見古人詩,0.8038550751551692
長篇題遠筒,新詩改罷自長吟,0.814604248205631
長篇題遠筒,念我能書數字至,0.8111963698283359
長篇題遠筒,情在强詩篇,0.8288387828952957
長篇題遠筒,新詩昨寄將,0.8391074518482209
封寄淚空澘,涕淚受拾遺,0.807330642703961
封寄淚空澘,垂淚方投筆,0.8089657288454692
封寄淚空澘,封書寄與淚潺湲,0.8544205029080649
封寄淚空澘,猶有淚成河,0.8081495971360009
封寄淚空澘,不寄一行書,0.8056293811649848
封寄淚空澘,書枉滿懷牋,0.8235080956567231
封寄淚空澘,故憑錦水將雙淚,0.8176262896462667
封寄淚空澘,天涯涕淚一身遥,0.81316290015556
封寄淚空澘,已墮峴山淚,0.80468618635593
封寄淚空澘,封書兩行淚,0.8585244339234174
封寄淚空澘,故老淚萬行,0.813604356063828
封寄淚空澘,緘之篋笥久,0.8041218101436498
遥知雲際開,始知五嶽外,0.800314227555833
遥知雲際開,開林出遠山,0.8045795605243764
灰飛黄鍾管,吹葭六琯動飛灰,0.8407773265421014
學省困齏鹽,學業醇儒富,0.8039488983330099
學省困齏鹽,家貧苦宦卑,0.8155203238377764
學省困齏鹽,自愧無鮭菜,0.8072876348146769
學省困齏鹽,業學尸鄉多養雞,0.8037099464072737
人材任尊奬,崇重力難勝,0.8002426410323784
人材任尊奬,地分清切任才賢,0.8158838816899666
人材任尊奬,才傑俱登用,0.8240651196397935
人材任尊奬,主將位益崇,0.8082931585664124
人材任尊奬,材力爾精靈,0.8125094501448477
人材任尊奬,多秉輔佐權,0.8340039433177293
人材任尊奬,用才復擇誰,0.8029457795552868
人材任尊奬,古來材大難爲用,0.806364874697903
人材任尊奬,賢臣官則尊,0.82932389783662
人材任尊奬,尊榮邁等倫,0.8248395241340535
人材任尊奬,俊傑思自致,0.8077766094550222
人材任尊奬,高賢迫形勢,0.8039940726373727
人材任尊奬,微才謝所欽,0.8230727498028941
小大器罌旊,大邑燒瓷輕且堅,0.8288026703867892
諸生厭晚成,謀拙愧諸昆,0.8172576148637574
諸生厭晚成,况乃疏頑臨事拙,0.8059713883003207
諸生厭晚成,諸生困一經,0.8348448516225133
諸生厭晚成,儒生老無成,0.852727631286645
躐學要儈駔,嫉邪嘗力争,0.8216133112383412
躐學要儈駔,失學從愚子,0.813668286580208
躐學要儈駔,困學違從衆,0.8266801229524465
躐學要儈駔,澧卒用矜少,0.805731312413463
摹書説偏旁,説尹終在口,0.8116607567258829
摹書説偏旁,念我能書數字至,0.8065177374325496
破義析名象,政化錯迕失大體,0.818900134617162
破義析名象,義無棄禮法,0.8227449533380924
破義析名象,問罪富形勢,0.8076113000418146
九鼎奏簫韶,調和鼎鼐新,0.801767578932937
九鼎奏簫韶,翠管銀罌下九霄,0.8067243237462084
九鼎奏簫韶,吹簫間笙簧,0.8064617155572884
九鼎奏簫韶,豈獨聽簫韶,0.8108011368359098
九鼎奏簫韶,元聽舜日舊簫韶,0.8645372896478563
九鼎奏簫韶,鸞鳳夾吹簫,0.8100787927412654
青衿少到門,出門復入門,0.8100844531793256
庭除晝閑敞,門庭悶掃除,0.8488169648159303
竹風交槐陰,慈竹春陰覆,0.833910474814171
竹風交槐陰,高蘿成帷幄,0.8083716460433213
竹風交槐陰,窗虚交茂林,0.8132571837036227
竹風交槐陰,緑竹半含籜,0.8024707945963969
三見秋氣爽,高秋爽氣澄,0.8965231303327756
三見秋氣爽,曲江蕭條秋氣高,0.8233456301523426
三見秋氣爽,三月三日天氣新,0.8182397337992918
三見秋氣爽,遠林暑氣薄,0.8194482497890239
三見秋氣爽,客意已驚秋,0.8037437345641056
三見秋氣爽,肅肅春增華,0.8114890736874985
三見秋氣爽,南陽氣已新,0.8066749978506831
三見秋氣爽,秋色正蕭灑,0.8254795268393775
三見秋氣爽,颯爽動秋骨,0.8469405259483929
三見秋氣爽,稍待秋風涼冷後,0.8154194746096677
三見秋氣爽,高秋爽氣相鮮新,0.8514251494361667
三見秋氣爽,爽氣不可致,0.82597170679895
三見秋氣爽,秋風已颯然,0.8100535446115984
三見秋氣爽,天氣如涼秋,0.8633393803229124
三見秋氣爽,涼氣曉蕭蕭,0.8119406990354086
三見秋氣爽,爽氣金天豁,0.8105814136070066
三見秋氣爽,秋夏忽泛溢,0.8157542239930657
三見秋氣爽,夜深露氣清,0.8231038300417695
三見秋氣爽,千崖秋氣高,0.8162065144813242
三見秋氣爽,江風颯長夏,0.8032426371268169
三見秋氣爽,爽氣春淅瀝,0.8117415561544828
三見秋氣爽,況乃氣精爽,0.8343533610105769
三見秋氣爽,鑑湖五月涼,0.8008927251141407
三見秋氣爽,秋氣動衰顔,0.8266993334847651
三見秋氣爽,春氣晚更生,0.835415115551263
三見秋氣爽,蕭颯灑秋色,0.8029718536327424
三見秋氣爽,秋來尚鬱蒸,0.8061659281780194
三見秋氣爽,高秋蘇肺氣,0.810321140163792
三見秋氣爽,江上亦秋色,0.8182995319514734
三見秋氣爽,山庭嵐氣侵,0.8029710506305239
三見秋氣爽,秋興坐氤氲,0.8035845801536263
三見秋氣爽,秀氣豁煩襟,0.8017513184898887
三見秋氣爽,北風隨爽氣,0.8175117490923547
三見秋氣爽,秋天昨夜涼,0.8155658305591358
三見秋氣爽,秋晚嶽增翠,0.8074077757666447
時賴解事人,間道暫時人,0.8177107433836834
時賴解事人,時危異人至,0.8007580541508768
時賴解事人,小兒强解事,0.8121257170789675
時賴解事人,天機近人事,0.8079736020482773
時賴解事人,獨醒時所嫉,0.8062452088847796
時賴解事人,時時用抵戲,0.8255626321817187
時賴解事人,時危人事急,0.82350216173109
時賴解事人,卽防遠客雖多事,0.8116197545701456
時賴解事人,何事獨罕有,0.8162990975970467
時賴解事人,古時喪亂皆可知,0.8048124492209471
載酒直心賞,邀我嘗春酒,0.8005476151166266
吴郎楚國材,吴生遠擅場,0.8202392590857875
吴郎楚國材,王國稱多士,0.8286050983004848
吴郎楚國材,郭薛俱才賢,0.8024762853221212
吴郎楚國材,全蜀多名士,0.8033490726888631
吴郎楚國材,才名舊楚將,0.832146039879446
吴郎楚國材,臺郎選才俊,0.8205331211352859
吴郎楚國材,楚材擇杞梓,0.8207915419842682
吴郎楚國材,秦王學士時難羡,0.815410294761327
吴郎楚國材,豈食楚江萍,0.8061993443859976
吴郎楚國材,吳楚守王度,0.8147591578757436
吴郎楚國材,風流漢署郎,0.8067156209965637
吴郎楚國材,入幕知孫楚,0.8019912808604908
幽蘭秀榛莽,時菊碎榛叢,0.8507777224390236
幽蘭秀榛莽,裴李春蘭馨,0.8034960953176269
幽蘭秀榛莽,荆扉深蔓草,0.8169092954897792
幽蘭秀榛莽,復來薙榛蕪,0.8223782060163025
幽蘭秀榛莽,幽色幸秀發,0.8296139042534181
幽蘭秀榛莽,但使芝蘭秀,0.8291517116151681
幽蘭秀榛莽,結愛獨荆榛,0.8268808476483773
幽蘭秀榛莽,靈芝冠衆芳,0.8146783973246798
幽蘭秀榛莽,衆多盛荆杞,0.8228111720628786
幽蘭秀榛莽,剡溪藴秀異,0.8083658482125557
幽蘭秀榛莽,碧蕙捐微芳,0.8109667628401174
幽蘭秀榛莽,芝蘭疊璵璠,0.8146300582147386
幽蘭秀榛莽,秋花靄菲菲,0.8137247571758045
彦國吐嘉言,獻納紆皇眷,0.8214161942564722
彦國吐嘉言,顯慶年中越王作,0.8023623007474434
彦國吐嘉言,語及君臣際,0.8002436984200081
子將喜標榜,令姪才俊茂,0.8008396291272719
子將喜標榜,俊才得之子,0.802181423078616
子將喜標榜,況子已高位,0.8026577412600198
子將喜標榜,令子各清標,0.8141808678728097
子將喜標榜,早年見標格,0.8267065604986348
子將喜標榜,茂宰得才新,0.8099906145247562
平生欽豪俊,俊逸鮑參軍,0.8100236271098298
平生欽豪俊,有美生人傑,0.8152749256234186
平生欽豪俊,吴生遠擅場,0.8127938055261615
平生欽豪俊,先生有才過屈宋,0.8416734968591841
平生欽豪俊,才傑俱登用,0.8005448789641999
平生欽豪俊,豈知英雄主,0.8001173011461322
平生欽豪俊,愛客滿堂盡豪傑,0.8096877958954019
平生欽豪俊,英賢遇轗軻,0.8570229951477781
平生欽豪俊,令姪才俊茂,0.8447469207604984
平生欽豪俊,經濟實藉英雄姿,0.8272459843927422
平生欽豪俊,老夫生平好奇古,0.8172482454869218
平生欽豪俊,二三豪俊爲時出,0.822328866555339
平生欽豪俊,昔時賢俊人,0.8657325626249117
平生欽豪俊,英雄徒自强,0.82978289595385
平生欽豪俊,如公盡雄俊,0.8646372074167012
平生欽豪俊,先生藝絶倫,0.8099580320803239
平生欽豪俊,處士禰衡俊,0.8414070106339502
平生欽豪俊,至今英雄人,0.8164849649982848
平生欽豪俊,當代論才子,0.8114214604743701
平生欽豪俊,戚聯豪貴躭文儒,0.8048746032057169
平生欽豪俊,梓中豪俊大者誰,0.8061664058995697
平生欽豪俊,有才繼騷雅,0.8113789806607706
平生欽豪俊,同遊英俊人,0.8406011924553487
平生欽豪俊,豪俊初未遇,0.8564983039775886
平生欽豪俊,郭薛俱才賢,0.8317717658514806
平生欽豪俊,高賢意不暇,0.8097823318944324
平生欽豪俊,豪俊何人在,0.8259134048155479
平生欽豪俊,臺郎選才俊,0.8121379253062899
平生欽豪俊,若道士無英俊才,0.8413701155841619
平生欽豪俊,渴賢高選宜,0.8117326086233075
平生欽豪俊,俊才得之子,0.8672653240039621
平生欽豪俊,丈夫多英雄,0.8475132602288082
平生欽豪俊,豪俊貴勳業,0.8505464738418833
平生欽豪俊,平昔濫推奬,0.8206206337412383
平生欽豪俊,駕馭英雄材,0.8058946358987011
平生欽豪俊,亂世想賢才,0.8251923071247599
平生欽豪俊,古來傑出士,0.8152939477263974
平生欽豪俊,平生躭勝事,0.8001219185478057
平生欽豪俊,欻見俊哲情,0.811247936050546
平生欽豪俊,才名賈傅多,0.8071157280679762
平生欽豪俊,自古聖賢多薄命,0.8021596316144157
平生欽豪俊,時危可仗真豪俊,0.8302307793871868
平生欽豪俊,吾賢富才術,0.871294010363315
平生欽豪俊,皆登屈宋才,0.8248458525932009
平生欽豪俊,俊傑思自致,0.8496212790533912
平生欽豪俊,平生感意氣,0.8125440838735323
平生欽豪俊,後生血氣豪,0.8318101732713927
平生欽豪俊,賈傅才未有,0.8097922431958116
平生欽豪俊,丈人藉才地,0.823492923110222
平生欽豪俊,之子俊才稀,0.8653285096119262
平生欽豪俊,濟世宜引英俊人,0.8524243670513356
平生欽豪俊,我丈特英特,0.8121739592213837
平生欽豪俊,賢豪贊經綸,0.8158544430410735
平生欽豪俊,宜與英俊厚,0.8579252363745844
平生欽豪俊,徐庶高交友,0.8035687970247065
平生欽豪俊,風流吾賢紹,0.8116070433510123
久客慕鄉黨,客子念故宅,0.8015892714059837
久客慕鄉黨,雖傷旅寓遠,0.8270182099562748
久客慕鄉黨,遠客驚深眷,0.8048635152313748
久客慕鄉黨,客情投異縣,0.8168323695736703
久客慕鄉黨,久客惜人情,0.8091465803428274
久客慕鄉黨,乃知久行客,0.8175540579499715
久客慕鄉黨,貧病他鄉老,0.8194577569327508
久客慕鄉黨,久客羡歸秦,0.8165491949279964
久客慕鄉黨,孤魂久客間,0.8018980548626615
久客慕鄉黨,况乃懷舊丘,0.805283510618959
久客慕鄉黨,孤陋忝末親,0.8008294269916229
久客慕鄉黨,客遊雖云久,0.8182293641914324
久客慕鄉黨,坐深鄉黨敬,0.814273241214954
久客慕鄉黨,客居愧遷次,0.8094573760094779
久客慕鄉黨,久嗟三峽客,0.8080774136078137
久客慕鄉黨,久客慎所觸,0.8247388889752125
久客慕鄉黨,況乃懷故鄉,0.8353539418785502
久客慕鄉黨,旅茲殊俗遠,0.8085274723876088
久客慕鄉黨,引爲賓客敬頗久,0.800189260631855
久客慕鄉黨,鄉黨羡吾廬,0.8119596826658313
久客慕鄉黨,久客多枉友朋書,0.8231256329338571
虚齋延灑掃,興移無灑掃,0.8590828316214296
虚齋延灑掃,高齋坐林杪,0.8092399206521148
虚齋延灑掃,開軒納微涼,0.807486925620807
虚齋延灑掃,披豁對吾真,0.8056990964945028
虚齋延灑掃,獨繞虚齋徑,0.8298769191613871
虚齋延灑掃,高齋常見野,0.828291334917231
虚齋延灑掃,茅齋慰遠遊,0.8184329858706205
虚齋延灑掃,開襟野堂豁,0.8285079524671617
虚齋延灑掃,秋風灑静便,0.8161374401964292
虚齋延灑掃,門庭悶掃除,0.830614388247615
薄飯薦腒鮝,香芹碧澗羹,0.8294235692560027
薄飯薦腒鮝,脆添生菜美,0.8011906382309548
薄飯薦腒鮝,霜橙壓香橘,0.8057658619674384
薄飯薦腒鮝,味如甘露漿,0.8022621919596726
薄飯薦腒鮝,野果充糇糧,0.8131938645575274
薄飯薦腒鮝,歸及薦櫻桃,0.8040661850220168
薄飯薦腒鮝,飯煑青泥坊底芹,0.8033285095783331
薄飯薦腒鮝,軟炊香飯緣老翁,0.8133497281540498
薄飯薦腒鮝,新炊間黄粱,0.8129301714935212
薄飯薦腒鮝,香美勝牛乳,0.8152029431341034
薄飯薦腒鮝,充腸多薯蕷,0.8063566914749569
薄飯薦腒鮝,濁醪自初熟,0.8063779810580631
薄飯薦腒鮝,盤飧市遠無兼味,0.8070054391559236
薄飯薦腒鮝,蔗漿歸廚金碗凍,0.8520223192040184
薄飯薦腒鮝,肉味不足登鼎俎,0.8072987081570976
薄飯薦腒鮝,稻米流脂粟米白,0.8161357227467471
薄飯薦腒鮝,野露及新嘗,0.8031383575518831
薄飯薦腒鮝,清晨飯其腹,0.805119109561423
薄飯薦腒鮝,香飯兼苞蘆,0.8450661421960208
薄飯薦腒鮝,玉粒足晨炊,0.8242731830642319
薄飯薦腒鮝,佇聞粳稻香,0.8127948784291281
薄飯薦腒鮝,冬菁飯之半,0.8165031812333103
薄飯薦腒鮝,嘉蔬既不一,0.800544459626443
薄飯薦腒鮝,敕廚惟一味,0.8070441172649931
薄飯薦腒鮝,野食待魚ㅇ,0.8060000151366465
薄飯薦腒鮝,羹煑秋蓴滑,0.8540505065561546
薄飯薦腒鮝,盤飧老夫食,0.8139191011485574
薄飯薦腒鮝,秔稻熟天風,0.8018832813655642
薄飯薦腒鮝,飯糲添香味,0.8615431836176131
薄飯薦腒鮝,野飯射麋新,0.8156738248425259
薄飯薦腒鮝,稻米炊能白,0.8297921109519124
薄飯薦腒鮝,秋葵煑復新,0.8115380898174296
薄飯薦腒鮝,登俎黄甘重,0.8010995318281093
薄飯薦腒鮝,焦糖幸一柈,0.8348736523270766
薄飯薦腒鮝,嘗稻雪翻匙,0.8305097185983292
薄飯薦腒鮝,半濕搗香粳,0.8065762255260646
薄飯薦腒鮝,盤飧詎糝藜,0.8461332573159088
薄飯薦腒鮝,常餐占野蔬,0.8159107162207075
薄飯薦腒鮝,濁醪粗飯任吾年,0.8137014861901886
薄飯薦腒鮝,滑憶雕胡飯,0.8035222656634158
薄飯薦腒鮝,溜匙兼煖腹,0.8112677292652347
薄飯薦腒鮝,强飯蓴添滑,0.849570175831567
詩句唾成珠,汝身已見唾成珠,0.8252088309172236
詩句唾成珠,題詩得秀句,0.8260489969943376
詩句唾成珠,新詩句句好,0.8286909740307242
詩句唾成珠,詩成覺有神,0.8093792389146197
詩句唾成珠,詩成珠玉在揮毫,0.8946403450034099
詩句唾成珠,清詞麗句必爲隣,0.8036553550154029
詩句唾成珠,詩成吟咏轉淒涼,0.8007049626449209
詩句唾成珠,賦詩新句穩,0.8237002450889335
詩句唾成珠,詞人取佳句,0.8338554143965362
詩句唾成珠,清詩句句盡堪傳,0.8318447756649257
詩句唾成珠,佳句染華箋,0.8128636108103617
詩句唾成珠,賦詩猶落筆,0.807657672988576
詩句唾成珠,詩家秀句傳,0.8145846068713054
詩句唾成珠,花枝照眼句還成,0.8542778487137275
春夏頻謝除,今夏草木長,0.8058610699920625
春夏頻謝除,仲夏苦夜短,0.8008401246522654
春夏頻謝除,季冬日已長,0.8093371306803274
春夏頻謝除,秋夏忽泛溢,0.8039096899565823
春夏頻謝除,徂暑終衰歇,0.8100927759333674
春夏頻謝除,冒暑初有適,0.8030791725885877
春夏頻謝除,春熱西日暮,0.8007814102775047
曾未厭來往,未曾入州府,0.800820468267285
曾未厭來往,還往莫辭勞,0.809586498137375
曾未厭來往,往還二十載,0.805972831932912
曾未厭來往,往往雖相見,0.8048649102600587
曾未厭來往,往在西京日,0.8072466299924869
歸雁多喜聲,邊秋一雁聲,0.8282965203925037
歸雁多喜聲,君聽鴻雁響,0.8304595566077702
歸雁多喜聲,歸雁喜青天,0.8357048084278238
歸雁多喜聲,書成無過雁,0.8029040158708323
歸雁多喜聲,一聲何處送書雁,0.8393323870799463
歸雁多喜聲,北書不至雁無情,0.8052178117534514
歸雁多喜聲,春雁同歸必見猜,0.8181550418200079
歸雁多喜聲,北雁塞聲微,0.851319527060808
歸雁多喜聲,急急能鳴雁,0.8032951466702571
歸雁多喜聲,過雁歸鴉錯迴首,0.8110523753356924
歸雁多喜聲,塞雁一行鳴,0.8298074103517805
歸雁多喜聲,相憶無南雁,0.8054918993977913
歸雁多喜聲,塞雁與時集,0.8125337181218402
寒蟬停哀響,森木亂鳴蟬,0.8504537606808064
寒蟬停哀響,落景聞寒杵,0.8379251248318491
寒蟬停哀響,哀鳴何所投,0.8101752493371235
寒蟬停哀響,清心聽鳴鏑,0.8095894231336132
寒蟬停哀響,葉密鳴蟬稠,0.8102388186878673
寒蟬停哀響,悲笳數聲動,0.825821207015155
寒蟬停哀響,哀猿啼一聲,0.8221869660251668
寒蟬停哀響,玄蟬無停號,0.8632822885145115
寒蟬停哀響,哀笳曙幽咽,0.8657823367504199
寒蟬停哀響,抱葉寒蟬静,0.8263278360936044
寒蟬停哀響,哀哀失木狖,0.8247753773885607
寒蟬停哀響,颼颼林響交,0.8362795701248396
寒蟬停哀響,哀猿透却墜,0.8344091821455499
寒蟬停哀響,五月髣髴聞寒蟬,0.8145297058376664
寒蟬停哀響,君聽鴻雁響,0.8007391608034296
寒蟬停哀響,哀鳴翔其外,0.830757218226524
寒蟬停哀響,笛聲憤怨哀中流,0.8028057918866436
寒蟬停哀響,寒砧昨夜聲,0.8029561009016133
寒蟬停哀響,哀哀叫其間,0.8224288146237713
寒蟬停哀響,鳴弦不虚發,0.8109175272897058
寒蟬停哀響,鏘鏘鳴玉動,0.8018795999913961
寒蟬停哀響,秋風動哀壑,0.8077061413804487
寒蟬停哀響,清文動哀玉,0.8041840552980742
寒蟬停哀響,哀猿更起坐,0.8005376984111898
寒蟬停哀響,秋山響易哀,0.8257977787039437
寒蟬停哀響,風急天高猿嘯哀,0.8013300383410107
寒蟬停哀響,落樹有驚蟬,0.8287084638872617
寒蟬停哀響,晨溪響虚駃,0.8143438178340401
寒蟬停哀響,嘹唳吟笳發,0.8365496661459415
寒蟬停哀響,笳簫咽暮蟬,0.8252116646828375
寒蟬停哀響,寒蟬碧樹秋,0.8234791522944133
