황정견,두보,코사인 유사도
陳力則已病,蔡子勇成癖,0.8082356311871357
陳力則已病,力强不可制,0.8046323104259787
陳力則已病,老嫗力雖衰,0.8259966527767173
陳力則已病,宿昔齒疾瘳,0.830842835103484
陳力則已病,三年猶瘧疾,0.8051860681274563
陳力則已病,力疾坐清曉,0.8019458313688277
陳力則已病,卧病荒郊遠,0.8029312573513044
陳力則已病,江邊老病雖無力,0.8036138803673653
陳力則已病,衰病已成翁,0.8147953981444805
陳力則已病,筋力豈能及,0.8003097568876519
陳力則已病,吾老抱疾病,0.8140842111784483
陳力則已病,節爽病微瘳,0.8006528951461875
陳力則已病,禮甘衰力就,0.822962427026771
陳力則已病,卧愁病脚廢,0.8211428704453031
陳力則已病,欲起慚筋力,0.8114481809541095
陳力則已病,多慚病無力,0.8361093264474531
陳力則已病,餘熱亦已末,0.8217366524125123
陳力則已病,我今衰老才力薄,0.8089519163834815
陳力則已病,衰老自成病,0.8099039975440732
陳力則已病,余病不能起,0.8232906596869545
陳力則已病,通籍恨多病,0.8033659409902655
陳力則已病,未憂筋力弱,0.8096721439077326
陳力則已病,多病久加飯,0.8092851677124522
陳力則已病,余病汝知之,0.8052752182216648
陳力則已病,秋風病欲蘇,0.8036570738960671
陳力則已病,已衰病方入,0.8569866244108457
征財又室貧,貧窶有倉卒,0.8475614066980782
征財又室貧,家貧苦宦卑,0.8018669406152124
征財又室貧,長貧任婦愁,0.8311131686819779
征財又室貧,將老憂貧窶,0.8188368609510313
征財又室貧,兵久食恐貧,0.8341065391156397
征財又室貧,此去苦家貧,0.8228541675744389
征財又室貧,貧窮老瘦家賣屩,0.8058315762806161
征財又室貧,家貧無供給,0.8122070197832948
征財又室貧,監河受貸粟,0.8124762479938004
古來支離疏,郭相謀深古來少,0.8037737327088497
粟帛王所仁,聖人筐篚恩,0.8043293057086625
粟帛王所仁,所重王者瑞,0.8187064298487707
粟帛王所仁,公私倉廩俱豐實,0.8290226127535156
粟帛王所仁,窮谷無粟帛,0.8054121107821557
粟帛王所仁,國馬竭粟豆,0.8127659373669006
葅寒知園秋,已近苦寒月,0.8071659714791599
葅寒知園秋,祁寒爲之暄,0.815163076499597
葅寒知園秋,秋至轉飢寒,0.8316916199104973
葅寒知園秋,荒林寒可迴,0.8108479698444722
葅寒知園秋,寒事颯高秋,0.8183108950266076
葅寒知園秋,能令朱夏寒,0.8238026896273895
葅寒知園秋,天寒奈九秋,0.8133222945069323
葅寒知園秋,園甘長成時,0.822249777697455
飯白問米賤,常擬報一飯,0.8124130842895235
飯白問米賤,日糴太倉五升米,0.8277534082209534
飯白問米賤,淘米少汲水,0.8226442586119704
飯白問米賤,城中斗米换衾裯,0.8004941862745141
飯白問米賤,軟炊香飯緣老翁,0.81628764257093
飯白問米賤,新炊間黄粱,0.8007272920694284
飯白問米賤,故人供禄米,0.817111770469206
飯白問米賤,欲須供給家無粟,0.8014341184666723
飯白問米賤,稻米流脂粟米白,0.8683613043515044
飯白問米賤,國馬竭粟豆,0.8223041842101216
飯白問米賤,官雞輸稻粱,0.803605304602212
飯白問米賤,爲問淮南米貴賤,0.8214093163663301
飯白問米賤,濁醪與脱粟,0.8075740359783403
飯白問米賤,玉粒足晨炊,0.8048591908232459
飯白問米賤,妻兒待米且歸去,0.8037901794839079
飯白問米賤,稻米炊能白,0.859116885875949
飯白問米賤,多病久加飯,0.8010267557252408
飯白問米賤,日給還脱粟,0.8041982390388327
飯白問米賤,脱粟朝未餐,0.8061315362441118
飯白問米賤,强飯蓴添滑,0.8005431769132987
婦孫勸甘旨,唤婦出房親自饌,0.8184401932936937
婦孫勸甘旨,誰家且養願終惠,0.8004111667347245
婦孫勸甘旨,肥男有母送,0.8212287936790903
婦孫勸甘旨,有孫母未去,0.8070287238034417
婦孫勸甘旨,密奉聖旨恩宜殊,0.8028161889120901
婦孫勸甘旨,妻子寄他食,0.8159096018678489
婦孫勸甘旨,女拜弟妻男拜弟,0.8114387765807436
婦孫勸甘旨,恩始夫婦恭,0.8048297233729861
婦孫勸甘旨,何幸飫兒童,0.8057175077232821
婦孫勸甘旨,妻兒待米且歸去,0.8101365442594302
婦孫勸甘旨,士子甘旨闕,0.82490227534542
黄花不舉酒,沽酒不復疑,0.8041827880201133
黄花不舉酒,開花無數黄金錢,0.832051090599708
黄花不舉酒,對酒不能喫,0.8218477315649761
黄花不舉酒,十觴亦不醉,0.8107078180736057
黄花不舉酒,誰能載酒開金盞,0.8305659991606549
黄花不舉酒,爲君酤酒滿眼酤,0.8326308002050886
黄花不舉酒,伊昔黄花酒,0.8113127227926789
黄花不舉酒,籬外黄花菊對誰,0.8055612743386467
黄花不舉酒,把臂開樽飲我酒,0.8062913331281589
黄花不舉酒,勸酒欲無辭,0.832889782978715
黄花不舉酒,酒憶郫筒不用酤,0.811378210670481
黄花不舉酒,沽酒攜胡蘆,0.8052366313103952
黄花不舉酒,纔傾一盞卽醺人,0.8022627783353158
黄花不舉酒,春花不愁不爛熳,0.8004859310757637
黄花不舉酒,無錢對菊花,0.8243098240693181
黄花不舉酒,傳杯不放杯,0.8151509235176242
黄花不舉酒,瓮餘不盡酒,0.8442016721846191
黄花不舉酒,衢尊不重飲,0.8024841645281215
佳句餘嫪戀,猥誦佳句新,0.8294324836418597
佳句餘嫪戀,題詩得秀句,0.8173059712711485
佳句餘嫪戀,新詩句句好,0.8113468002287028
佳句餘嫪戀,故人得佳句,0.8190830725013852
佳句餘嫪戀,當公賦佳句,0.8003807203903415
佳句餘嫪戀,詞人取佳句,0.8143028001584217
佳句餘嫪戀,佳句染華箋,0.812808761395339
佳句餘嫪戀,佳句莫頻頻,0.803498616961779
經行宴坐堂,周行獨坐榮,0.8303181504310237
經行宴坐堂,遂空所坐堂,0.8049021499850104
經行宴坐堂,經旬出飲獨空牀,0.8093042528138947
經行宴坐堂,並坐石堂下,0.8639037614235209
經行宴坐堂,夜深坐南軒,0.8058597426441555
經行宴坐堂,接宴身兼杖,0.802331763402681
鼠跡書几硯,詩書遂牆壁,0.8007978585370368
鼠跡書几硯,案頭乾死讀書螢,0.8130234697998848
鼠跡書几硯,汝書猶在壁,0.8052824117534492
桃李一春期,已度立春時,0.8182700019379685
桃李一春期,再與暮春期,0.8301458899487222
桃李一春期,江縣紅梅已放春,0.81093798512612
松栢千歲永,漱壑松柏秃,0.8027911147012634
松栢千歲永,千秋萬歲名,0.8477738433958396
松栢千歲永,豈知千年根,0.804806904932883
松栢千歲永,此堂豈千年,0.8085057644063744
松栢千歲永,中有松柏參天長,0.8065864031310077
松栢千歲永,歸號故松柏,0.8308410702020707
松栢千歲永,古廟杉松巢水鶴,0.8014928956042652
松栢千歲永,寒松竟後凋,0.8279819299147277
松栢千歲永,滿歲如松碧,0.8429119094521393
松栢千歲永,初聞伐松柏,0.8001589096746916
經玄事寂寞,寂寞向山河,0.8029266238862477
經玄事寂寞,寂寞書齋裏,0.8129873096185477
經玄事寂寞,寂寞身後事,0.8312553466938406
經玄事寂寞,索居尤寂寞,0.8481503719545157
經玄事寂寞,西伯今寂寞,0.8225979745073106
經玄事寂寞,松根胡僧憇寂寞,0.8105398105748156
經玄事寂寞,寂寂春將晚,0.8057496617014399
經玄事寂寞,寂寞養殘生,0.8169517634071094
經玄事寂寞,雲門青寂寂,0.8243378276099262
經玄事寂寞,寂寞向時人,0.8027036098095173
經玄事寂寞,寂寞春山路,0.8029308327162789
經玄事寂寞,真龍竟寂寞,0.8307639591087475
經玄事寂寞,文園終寂寞,0.8155357350193768
經玄事寂寞,寂寞驪山道,0.8064489726148796
經玄事寂寞,斯人已寂寥,0.8353783995675671
經玄事寂寞,雲臺使寂寥,0.8048798583648024
經玄事寂寞,窮老真無事,0.8016019012866269
經玄事寂寞,遠遊雖寂寞,0.8396281308071571
經玄事寂寞,聖賢兩寂寞,0.8475038903729187
經玄事寂寞,蒼生轉寂寥,0.8057581705147431
髮白官閑冷,白髮好禁春,0.8225884583475719
髮白官閑冷,能添白髮明,0.8331779033408849
髮白官閑冷,白益毛髮古,0.8044013838749358
髮白官閑冷,頭白恐風寒,0.8301964031456507
髮白官閑冷,如今白髮翁,0.8141334421681827
髮白官閑冷,苦遭白髮不相放,0.8071360144060211
髮白官閑冷,何須白髮侵,0.8184905821989545
髮白官閑冷,髮少何勞白,0.8199480684316568
髮白官閑冷,竹冷髮堪梳,0.8243096303173519
髮白官閑冷,清秋鶴髮翁,0.8040227067231873
髮白官閑冷,馮唐毛髮白,0.8021529054914636
髮白官閑冷,白髮寐常早,0.8301289707388547
髮白官閑冷,白髮自能梳,0.8066609088748213
髮白官閑冷,客間頭最白,0.8008702790594999
髮白官閑冷,白蘋愁殺白頭翁,0.8177314478819011
髮白官閑冷,白閒生黑絲,0.8121000345037821
草緑艾如張,沙上草閣柳新闇,0.8163415544454788
波清𧌒司影,却過清渭影,0.8029984260182255
東里與無趾,北上惟土山,0.820182818688348
東里與無趾,東西南北百里間,0.8153391252913773
東里與無趾,東偏若面勢,0.8078698429448364
渠有幸不幸,惡名幸脱免,0.803091025544507
渠有幸不幸,斯人亦何幸,0.8129491789079832
渠有幸不幸,久客幸脱免,0.8152712435835008
病餘兒廢鋤,縱有健婦把鋤犁,0.8488689882412668
病餘兒廢鋤,失學從兒懶,0.8014165543102483
病餘兒廢鋤,蕪蔓少耘鋤,0.8060775410840317
病餘兒廢鋤,種藥扶衰病,0.8041628726500416
病餘兒廢鋤,荷鋤先童稚,0.8492240402409991
病餘兒廢鋤,卧愁病脚廢,0.8100585340593472
病餘兒廢鋤,山家藥正鋤,0.8178032821934288
病餘兒廢鋤,余病不能起,0.8166190022968671
病餘兒廢鋤,農力廢耕桑,0.8365095551818762
病餘兒廢鋤,葵荒欲自鋤,0.8063409333399443
病餘兒廢鋤,畬田費火耕,0.8010271676084273
病餘兒廢鋤,巡圃念攜鋤,0.8206531835807612
病餘兒廢鋤,舟子廢寢食,0.8033453588556947
門巷草芊ㅇ,烟綿碧草萋萋長,0.8623915633397672
門巷草芊ㅇ,城春草木深,0.8327232756510601
門巷草芊ㅇ,碧秀牆隅草,0.8030409645712868
門巷草芊ㅇ,門前百草長,0.875745578692809
門巷草芊ㅇ,宫莎軟勝綿,0.8036014542221817
門巷草芊ㅇ,草深迷市井,0.815855671835483
門巷草芊ㅇ,芳菲緣岸圃,0.8055536056831338
門巷草芊ㅇ,荆扉深蔓草,0.831150507650986
門巷草芊ㅇ,門逕從榛草,0.826323848907982
門巷草芊ㅇ,草碧水連池,0.8024741762355097
門巷草芊ㅇ,肯藉荒庭春草色,0.8052903170133443
門巷草芊ㅇ,短畦帶碧草,0.8043103729873323
門巷草芊ㅇ,荒階蔓草茅,0.8116977654647788
門巷草芊ㅇ,階前短草泥不亂,0.8103154260711245
門巷草芊ㅇ,四郊多白楊,0.811621359267747
門巷草芊ㅇ,沙上草閣柳新闇,0.8295501737165849
門巷草芊ㅇ,幾地肅芊芊,0.8398958381660788
門巷草芊ㅇ,年深荒草徑,0.801267316283151
門巷草芊ㅇ,青草萋萋盡枯死,0.8113006831343014
門巷草芊ㅇ,湖外草新青,0.8017073799191681
來者何所聞,所貴者聖賢,0.8076576520758527
來者何所聞,使者來相因,0.8154118072411487
來者何所聞,中間作者絶不聞,0.8161335991767392
來者何所聞,駕馭何所益,0.8027339244297169
來者何所聞,老夫不知其所往,0.8096541317041253
披草足跫然,尋我草逕微,0.8034534064000856
披草足跫然,披榛得微路,0.8032586129685012
封侯謝骨相,封侯意疏闊,0.8171040461454017
封侯謝骨相,封侯不計年,0.8131684041470375
封侯謝骨相,諸侯非棄擲,0.8164821286520569
封侯謝骨相,韋侯韋侯數相見,0.8072771810241351
封侯謝骨相,骨鯁絶代無,0.8090624638726702
封侯謝骨相,諸侯春不貢,0.8216001165191815
封侯謝骨相,蘇侯據鞍喜,0.8001717055490905
封侯謝骨相,諸侯舊上計,0.8068554750640282
封侯謝骨相,談笑覓封侯,0.8193164130276585
封侯謝骨相,尚爲諸侯客,0.8035164584798338
使鬼無金錢,河魚不取錢,0.8243947464792118
使鬼無金錢,開花無數黄金錢,0.8297582703566009
使鬼無金錢,黄金傾有無,0.80443674529007
使鬼無金錢,普天無吏横索錢,0.8027088758444627
使鬼無金錢,無錢從滯客,0.8048495827125711
使鬼無金錢,往日用錢捉私鑄,0.8011406037473655
夢作白鷗去,昔如水上鷗,0.8059270159210081
夢作白鷗去,鷗鳥鏡裏來,0.8036079198401287
夢作白鷗去,飛來雙白鶴,0.8377472937279316
夢作白鷗去,飛來雙白鶴,0.8377472937279316
夢作白鷗去,化爲白鳧似老翁,0.8377756896777578
江湖水黏天,春光潭沱秦東亭,0.8075504366241298
江湖水黏天,滄浪水深青溟闊,0.8488313832568433
江湖水黏天,江湖多風波,0.8192402159121848
江湖水黏天,江湖秋水多,0.8597073195746631
江湖水黏天,遠水兼天淨,0.8090992359991387
江湖水黏天,青冥寒江渡,0.8221240424535796
江湖水黏天,湛湛長江去,0.8082942589963127
江湖水黏天,赤岸水與銀河通,0.8019183112539572
江湖水黏天,澄江平少岸,0.8061550144227899
江湖水黏天,天生江水向東流,0.8588098976155196
江湖水黏天,綿州江水之東津,0.829133252049591
江湖水黏天,青天江海流,0.8759315991917653
江湖水黏天,東津江欲平,0.8123688855366327
江湖水黏天,江水長流地,0.836092145176353
江湖水黏天,草碧水連池,0.8196550421962304
江湖水黏天,漰口江如練,0.8037461232375096
江湖水黏天,江碧鳥逾白,0.8102011835852759
江湖水黏天,遠逗錦江波,0.8030645672854475
江湖水黏天,江寒出水長,0.8006919576649397
江湖水黏天,雨含長江白,0.8108438465119869
江湖水黏天,山泉落滄江,0.8160625309343789
江湖水黏天,江間波浪兼天湧,0.8194262381279396
江湖水黏天,蜀江如線針如水,0.8054231670878046
江湖水黏天,青草洞庭湖,0.810001234213829
江湖水黏天,碧海闊逾澄,0.8060111392008127
江湖水黏天,洞庭揚波江漢迴,0.8397923257949543
江湖水黏天,江湖深更白,0.8223488400814178
江湖水黏天,江湖春欲暮,0.81733859313602
江湖水黏天,天地西江遠,0.8262051627016449
江湖水黏天,大水淼茫炎海接,0.8149399739577339
江湖水黏天,江湖墮清月,0.8069832336462532
江湖水黏天,天寒沙水清,0.8044288041180523
江湖水黏天,湖闊兼雲霧,0.8045493836457785
江湖水黏天,江湖天闊足風濤,0.8409614366542257
江湖水黏天,江湖渺霽天,0.8463683415893921
江湖水黏天,風神蕩江湖,0.8029458668277338
江湖水黏天,湖光與天遠,0.8137619530924916
民生自煎熬,膏以明自煎,0.857136058545358
民生自煎熬,哀哀自煎熬,0.8431069318952517
民生自煎熬,黎元疾苦駢,0.8068898330564676
煮豆以萁爨,野果充糇糧,0.8060266702201262
煮豆以萁爨,軟炊香飯緣老翁,0.8130339864113165
煮豆以萁爨,肉味不足登鼎俎,0.8102922775803663
煮豆以萁爨,苣兮蔬之常,0.8029637928001216
煮豆以萁爨,俎豆腐羶肉,0.8002125547547505
煮豆以萁爨,香飯兼苞蘆,0.806202629280058
煮豆以萁爨,玉粒足晨炊,0.8172143249828256
煮豆以萁爨,稻米炊能白,0.807044022873864
居然忘本根,尚謂求無形,0.800988686889472
居然忘本根,身猶縳禪寂,0.8199896570124134
居然忘本根,蓬生非無根,0.8143903438211484
居然忘本根,自適固其常,0.8015140400014181
居然忘本根,貧知静者性,0.8245060462945737
居然忘本根,應接非本性,0.8332102791105986
居然忘本根,物理固自然,0.8192724767808094
居然忘本根,根斷泉源豈天意,0.8048149821280497
居然忘本根,使人不疑見本根,0.8024835880536743
居然忘本根,褊性合幽棲,0.8014046540641899
居然忘本根,我生無根蒂,0.8432618355080677
居然忘本根,出處遂何心,0.8160224418090372
居然忘本根,受性本幽獨,0.8285072144280481
居然忘本根,秉心識本源,0.8372696116671343
居然忘本根,得士契無隣,0.8023847179157975
居然忘本根,龐公任本性,0.8229937235859531
居然忘本根,萬物附本性,0.8151086320895045
居然忘本根,安爲動主理信然,0.8229621627350868
居然忘本根,終然契真如,0.8523176244986088
藏山夜半失,楚山經月火,0.8056057873155635
藏山夜半失,半夜有行舟,0.8053451629038513
烏合歸星散,歸軍星散營,0.80664324332207
烏合歸星散,異獸如飛星宿落,0.8080588106434192
烏合歸星散,行雲星隱見,0.8001469844740802
烏合歸星散,日没衆星嘒,0.8002266579632986
因病見不生,不見李生久,0.8021505831554886
因病見不生,坐見悔吝生,0.8377024933832042
因病見不生,病中吾見弟,0.8094191788658491
因病見不生,此病蓋有因,0.8256428236458562
因病見不生,予見亂離不得已,0.8231174535533998
因病見不生,客病留因藥,0.8146140399446967
因病見不生,病身終不動,0.8049464952758383
因病見不生,我病書不成,0.8380194224372637
因病見不生,余病汝知之,0.8079797693242037
因病見不生,入朝病見妨,0.8213963398866923
達人果大觀,丈人視要處,0.8005040302271322
達人果大觀,未必能達道,0.8158846697980592
達人果大觀,學貫天人際,0.8281061567419296
達人果大觀,洞達寰區開,0.8004116959710644
達人果大觀,達者得升堂,0.8198593881103766
達人果大觀,聰明達所爲,0.8134272614714495
開田種白玉,歸山買薄田,0.8039289054045545
開田種白玉,得種菜與麻,0.8120297138294015
開田種白玉,下有良田疇,0.8043097946954497
開田種白玉,有田種穀今流血,0.8094451907416358
開田種白玉,園蔬抱金玉,0.8094192354477883
開田種白玉,深耕種數畝,0.82134298853369
開田種白玉,山田飯有沙,0.8080018276043426
開田種白玉,白種陸池蓮,0.8457336345166917
開田種白玉,畬田費火耕,0.8147802484490816
飽牛事耕犂,縱有健婦把鋤犁,0.8131386032185535
飽牛事耕犂,舍人退食收封事,0.8238550287477238
飽牛事耕犂,且耕今未賒,0.8261319001483277
飽牛事耕犂,黍地無人耕,0.8188953432597428
飽牛事耕犂,耕田秋雨足,0.831168746950939
飽牛事耕犂,勸耕自官曹,0.8205089563525041
飽牛事耕犂,男耕女桑不相失,0.8306764474061863
飽牛事耕犂,雜耕心未已,0.8184043475522544
飽牛事耕犂,土著還力農,0.811068510192329
飽牛事耕犂,蓐收困用事,0.807865851483692
飽牛事耕犂,農力廢耕桑,0.8751025337927116
飽牛事耕犂,耕鑿安時論,0.8043594993964892
飽牛事耕犂,家須農事歸,0.8404454832560584
飽牛事耕犂,耕稼學山村,0.8203617532584813
飽牛事耕犂,治生且耕鑿,0.8132090146575262
飽牛事耕犂,畬田費火耕,0.851113987349845
飽牛事耕犂,舟子廢寢食,0.8032827208249507
飽牛事耕犂,一寸荒田牛得耕,0.8536668289156326
飽牛事耕犂,牛盡耕,0.8989591592945949
雨露非無澤,恩傾雨露辰,0.8403607308730976
雨露非無澤,恩承雨露低,0.8309735437990105
雨露非無澤,衣霑春雨時,0.8170174341887042
雨露非無澤,况蒙霈澤垂,0.8283923190264979
雨露非無澤,皇天久不雨,0.8077666320697611
雨露非無澤,雨露之所濡,0.8686682248930422
雨露非無澤,草露亦多濕,0.8182933070593243
雨露非無澤,雨降不濡物,0.8577017138294376
雨露非無澤,榮枯雨露偏,0.8232260495550167
雨露非無澤,桑麻深雨露,0.8031519992231495
雨露非無澤,空慚雨露私,0.8487487828351751
雨露非無澤,南國旱無雨,0.8042691062848164
雨露非無澤,浸潤無天旱,0.838486936895267
雨露非無澤,雨露洗春蕪,0.8040271815025704
雨露非無澤,澤國雖勤雨,0.8217811448173775
得秋常苦遲,今秋乃淫雨,0.8143705991923189
得秋常苦遲,一秋常苦雨,0.8701207812653391
得秋常苦遲,況乃秋後轉多蠅,0.8006888421495231
得秋常苦遲,已近苦寒月,0.8080696972338739
得秋常苦遲,山深苦多風,0.8110725255731913
得秋常苦遲,季冬日已長,0.8112739562871399
得秋常苦遲,秋至轉飢寒,0.8367318134964588
得秋常苦遲,春來常早起,0.8302781044017413
得秋常苦遲,老去願春遲,0.8173549513549934
得秋常苦遲,冬來只薄寒,0.8313651791692155
得秋常苦遲,冬至至後日初長,0.8037501016349797
得秋常苦遲,暄寒早早分,0.8201605016488087
得秋常苦遲,爲冬亦不難,0.8207075167496218
得秋常苦遲,不爾苦寒何太酷,0.8039659738518852
得秋常苦遲,春寒花較遲,0.8336163930736562
得秋常苦遲,長大常苦饑,0.8063649014582281
得秋常苦遲,入舟雖苦熱,0.8249915091096415
猛虎擅文章,猛氣猶思戰場利,0.8122419046141602
猛虎擅文章,貔虎數尤多,0.8088676568189226
猛虎擅文章,英雄徒自强,0.8067346081759083
猛虎擅文章,如公盡雄俊,0.8075487878207219
猛虎擅文章,戚聯豪貴躭文儒,0.800229725101266
猛虎擅文章,激烈傷雄才,0.8080339279754443
猛虎擅文章,文章亦不盡,0.8257846642102641
猛虎擅文章,雄筆映千古,0.8038263175310987
猛虎擅文章,名豈文章著,0.8487075864291236
猛虎擅文章,文章一小技,0.821754547231691
猛虎擅文章,賦有冠古才,0.8020195303283657
猛虎擅文章,文章日自負,0.8245858491942223
猛虎擅文章,用才文章境,0.8496807971900586
猛虎擅文章,斯文崔魏徒,0.8177799201444845
猛虎擅文章,文武衣冠異昔時,0.8109065049429585
猛虎擅文章,修文偃武不無人,0.8108968119589677
猛虎擅文章,文章並我先,0.8084156008079927
猛虎擅文章,由來貔虎士,0.8035947873612468
猛虎擅文章,子建文章壯,0.8360979196986082
猛虎擅文章,時見文章士,0.8075667879480406
猛虎擅文章,已似愛文章,0.8139568145676147
猛虎擅文章,文章敢自誣,0.815626318770521
斑斑被諸兒,斑白居上列,0.8084915941285618
長松抱勁節,漱壑松柏秃,0.8357767486663908
長松抱勁節,長鑱長鑱白木柄,0.8186306394989236
長松抱勁節,知子松根長茯苓,0.8103859157919597
長松抱勁節,直訝松杉冷,0.8052142093456649
長松抱勁節,異骨降松喬,0.8035570538137841
長松抱勁節,寒松竟後凋,0.8288769058935725
長松抱勁節,青松寒不落,0.8044158596404005
長松抱勁節,倚天松骨見來枯,0.8201056637762014
唯有歲寒知,歲寒守舊柯,0.8090746311126094
謝公蒔蘭苕,裴李春蘭馨,0.8103321184415
謝公蒔蘭苕,但使芝蘭秀,0.810087293564112
真意付此物,豈知異物同精氣,0.8132156969149182
真意付此物,至性有此不,0.8526510121624943
真意付此物,深意實在此,0.8419435238350064
真意付此物,愚意會所適,0.8110020292312556
真意付此物,此物在風塵,0.8036440364871364
真意付此物,物理固自然,0.822387742050595
真意付此物,萬事盡付形骸外,0.8353149630683829
真意付此物,物色兼生意,0.8086419217975316
真意付此物,直取性情真,0.8049265241431486
真意付此物,此生隨萬物,0.8366487575634178
真意付此物,眼前所寄選何物,0.8025245952568415
真意付此物,一物休盡取,0.8014017359891226
真意付此物,生意從此活,0.8144148566941158
真意付此物,本是池中物,0.8019053225327517
真意付此物,此物神俱王,0.810503730358068
真意付此物,萬物附本性,0.8256676717525792
真意付此物,得盡所歷妙,0.8096226816677231
真意付此物,皆因此人手,0.8071331095618232
惠然風肯來,天意颯風飇,0.8205491270702827
惠然風肯來,溪風爲颯然,0.8317256958503477
惠然風肯來,東南飄風動地至,0.8064586886321797
惠然風肯來,風生一任飄,0.8012265821573524
惠然風肯來,飄風過無時,0.8136380375223218
香爲一披拂,紛披爲誰秀,0.8045199952061343
香爲一披拂,還思霧一披,0.837538333145987
黽勉向朱紱,明公各勉旃,0.809998654599273
搘筇橘柚黄,霜橙壓香橘,0.8237171698864173
搘筇橘柚黄,黄知橘柚來,0.8201154002235069
搘筇橘柚黄,荒庭垂橘柚,0.8276692363843698
搘筇橘柚黄,傾筐蒲鴿青,0.8084566031380166
搘筇橘柚黄,天寒橘柚垂,0.8227503204935536
僧屋對像佛,空餘見佛尊,0.8267436492872622
僧屋對像佛,野寺根石壁,0.8032833029561441
身病心輕安,焉用身獨完,0.80915558776567
身病心輕安,客子鬭身强,0.814302576738794
身病心輕安,多病也身輕,0.8573692668581057
身病心輕安,見賊惟多身始輕,0.8076546067701121
身病心輕安,將老病纏身,0.8051350657550369
身病心輕安,幽棲身懶動,0.8254354935443954
身病心輕安,身病不能拜,0.8087153347564403
身病心輕安,憂世心力弱,0.8284349961175177
身病心輕安,羈絆心常折,0.8198446534723227
身病心輕安,棲遲病卽痊,0.8094574136096928
身病心輕安,清羸任體孱,0.818715524959604
身病心輕安,病身終不動,0.8273234313410249
身病心輕安,病渴身何去,0.8408488116775634
身病心輕安,身病戎馬後,0.8067016177014722
身病心輕安,百慮視安危,0.8126884556423135
道肥體癯瘦,鋒稜瘦骨成,0.8138513119900045
道肥體癯瘦,士苦形骸黑,0.808975191573827
道肥體癯瘦,肉瘦怯豺狼,0.8278908303329118
道肥體癯瘦,信甘孱懦嬰,0.8029735527991549
道肥體癯瘦,知君苦思緣詩瘦,0.8045830493020996
道肥體癯瘦,衣馬自肥輕,0.8292430480669357
道肥體癯瘦,書貴瘦硬方通神,0.8111244524849064
道肥體癯瘦,惠子白駒瘦,0.8043081171148219
道肥體癯瘦,清羸任體孱,0.8865609998695574
道肥體癯瘦,鍊骨調情性,0.808815017396608
道肥體癯瘦,貧窮老瘦家賣屩,0.8074649417089874
道肥體癯瘦,北來肌骨苦寒侵,0.8011319462274398
道肥體癯瘦,骨大却生筋,0.8347236497343156
道肥體癯瘦,鏤骨抱酸辛,0.8019186997619588
好懷當告誰,長懷報明主,0.8043955009795065
好懷當告誰,天意難告訴,0.8002278956997608
四墻棗紅皺,紅稠屋角花,0.8332859308315981
四墻棗紅皺,山梨結小紅,0.8063629984366993
四墻棗紅皺,嬪嬙左右如花紅,0.8266588351757619
四墻棗紅皺,紅入桃花嫩,0.8039975304644755
四墻棗紅皺,新梢纔出牆,0.8054992292906281
四墻棗紅皺,城邊野池蓮欲紅,0.8045778956885573
四墻棗紅皺,點注桃花舒小紅,0.8098736117501132
四墻棗紅皺,樝梨纔綴碧,0.8105931473105543
負暄不可獻,負暄候樵牧,0.8117021124792418
捫虱坐清晝,沉吟坐西軒,0.8042435138969848
捫虱坐清晝,高齋坐林杪,0.8167212884024492
捫虱坐清晝,力疾坐清曉,0.8113000698826476
捫虱坐清晝,並坐石堂下,0.8010811576311416
捫虱坐清晝,高枕虚眠晝,0.8055242465979451
捫虱坐清晝,夜深坐南軒,0.8296180373345876
端有真富貴,富貴何如草頭露,0.8124047671126191
端有真富貴,衆人貴苟得,0.8032645925996782
端有真富貴,此輩少爲貴,0.806448351220701
端有真富貴,榮貴如糞土,0.8155474316313968
端有真富貴,如何此貴重,0.8054872225345653
端有真富貴,富貴於我如浮雲,0.8349534532682721
端有真富貴,實以驕貴盈,0.8095128549918423
端有真富貴,處貴如白屋,0.8242272169665771
端有真富貴,富貴任生涯,0.8300702039147461
端有真富貴,五陵豪貴反顛倒,0.8329802761625493
端有真富貴,一生富貴傾邦國,0.820082674210802
端有真富貴,無貴賤不悲,0.812290758677171
端有真富貴,中外貴賤殊,0.8453129829179318
端有真富貴,富貴當如此,0.8717239541924646
端有真富貴,富貴功名焉足圖,0.8196225877992571
端有真富貴,梁公富貴於身疏,0.833611088477292
千秋萬年後,萬歲千秋奉明主,0.8758712399746209
千秋萬年後,死亦垂千年,0.8250529271633444
千秋萬年後,千秋萬歲名,0.9475645801888379
千秋萬年後,豈知千年根,0.8086460439757062
千秋萬年後,轉見千秋萬古情,0.842632557476244
千秋萬年後,此堂豈千年,0.8559139442612402
千秋萬年後,不知百載後,0.8339795070675866
千秋萬年後,勿矜千載後,0.8062611523362333
千秋萬年後,丈夫垂名動萬年,0.8192907946856909
千秋萬年後,千秋汾晉間,0.8107562637271545
千秋萬年後,自罷千秋節,0.8159562143756343
去年君渡河,秋期猶渡河,0.8096335643315133
去年君渡河,去年潼關破,0.8164676802072608
去年君渡河,京口渡江航,0.8020942880522702
去年君渡河,去年今日侍龍顔,0.8207940612899742
去年君渡河,前年避賊過金牛,0.8105756490402545
去年君渡河,生得渡河歸,0.8301776693510903
去年君渡河,牛女年年渡,0.8061414244903722
去年君渡河,今君度砂磧,0.8119245653423734
去年君渡河,東津觀魚已再來,0.8034608268747199
去年君渡河,去年南行討狂賊,0.8217204950742176
去年君渡河,我行入東川,0.8005761041406455
去年君渡河,去年登高郪縣北,0.8282992968522035
去年君渡河,今日重在涪江濱,0.8092510783352121
去年君渡河,我來入蜀門,0.8229206944756418
去年君渡河,汝去幾時來,0.8020949435438289
去年君渡河,今年思我來嘉州,0.8454040827359164
去年君渡河,瀘水復西來,0.8058463563777143
去年君渡河,明年下春水,0.8387026740812067
去年君渡河,君今復入舟,0.8307719660205637
去年君渡河,西江使船至,0.8156561755131333
去年君渡河,來歲如今歸未歸,0.8058796292707473
去年君渡河,去年白帝雪在山,0.8162070926236493
去年君渡河,西候别君初,0.8047398482584724
去年君渡河,别我舟檝去,0.8122910226711494
去年君渡河,今年又北歸,0.8373659942592591
棗下實離離,别離經死地,0.8334193055990692
今年君渡河,今欲東入海,0.8050384494411258
今年君渡河,且如今年冬,0.8213479369890964
今年君渡河,今日西京掾,0.8162081007842753
今年君渡河,今日潘懷縣,0.807396749904345
今年君渡河,君來必十月,0.8081814887780527
今年君渡河,秋期猶渡河,0.8136809025219116
今年君渡河,去年今日侍龍顔,0.8240191786928349
今年君渡河,前年避賊過金牛,0.8067860806007625
今年君渡河,昔别君未婚,0.8017508450958732
今年君渡河,至今大河北,0.803349834485561
今年君渡河,生得渡河歸,0.8214263338289185
今年君渡河,今君度砂磧,0.8392159648767246
今年君渡河,今年大作社,0.8147772011251695
今年君渡河,東津觀魚已再來,0.8135859521540507
今年君渡河,我行入東川,0.8079127705955783
今年君渡河,去年登高郪縣北,0.808556179063263
今年君渡河,今日重在涪江濱,0.8452931081433561
今年君渡河,我來入蜀門,0.8183543596438667
今年君渡河,京師今晏朝,0.8266892116207782
今年君渡河,昨夜秋風入漢關,0.8006252901573266
今年君渡河,今朝江出雲,0.8139614289143042
今年君渡河,今年思我來嘉州,0.8718373845044209
今年君渡河,今年開州殺刺史,0.8203782356562123
今年君渡河,往在西京日,0.8038243129576332
今年君渡河,明年下春水,0.8391111521103041
今年君渡河,君今復入舟,0.8398304733860115
今年君渡河,西江使船至,0.815718249072056
今年君渡河,今年白帝雪在地,0.8171075080369401
今年君渡河,今年强作歸,0.8224197722638924
今年君渡河,西候别君初,0.8151864095427184
今年君渡河,明年此日知何處,0.805102427688844
今年君渡河,今年又北歸,0.8516384575233295
剥棗詠豳詩,可以賦新詩,0.8083496568233104
剥棗詠豳詩,詩罷聞吴詠,0.8023155754516085
剥棗詠豳詩,嚴詩賦幾篇,0.8158483959931607
剥棗詠豳詩,諷詠詩家流,0.8071380878295953
剥棗詠豳詩,朗詠六公篇,0.8106501151767868
剥棗詠豳詩,頌椒添諷詠,0.8168844409631535
直緣恩義重,流離主恩厚,0.8131887656729444
直緣恩義重,高義薄曾雲,0.8014662602562723
直緣恩義重,此輩感恩至,0.8056567490969182
直緣恩義重,骨肉恩書重,0.8322810595675567
直緣恩義重,禮厚愧無才,0.8008445995447517
直緣恩義重,密奉聖旨恩宜殊,0.8091019184876294
直緣恩義重,義忝上官通,0.8132092034234315
直緣恩義重,恐懼禄位高,0.8021466198829819
直緣恩義重,主恩視遇頻,0.8081182449747484
直緣恩義重,匡衡抗疏功名薄,0.8133895427481516
直緣恩義重,恩榮錯與權,0.805952994099535
直緣恩義重,衞幕銜恩重,0.8062651658888906
直緣恩義重,殊恩再直廬,0.8224609786751216
直緣恩義重,感恩義不小,0.847888486173207
不憚鞍馬疲,暮隨肥馬塵,0.8123754983296854
不憚鞍馬疲,走馬脱轡頭,0.8267191937560654
不憚鞍馬疲,高生跨鞍馬,0.8006485054302384
不憚鞍馬疲,未惜馬蹄遥,0.8589650430266684
不憚鞍馬疲,後來鞍馬何逡巡,0.8057363565809461
不憚鞍馬疲,歸馬散霜蹄,0.8102263539665457
不憚鞍馬疲,骨肉不得同馳驅,0.8150340289582342
不憚鞍馬疲,衣馬不復能輕肥,0.8172756993753684
不憚鞍馬疲,驅馬一萬匹,0.8194364371344598
不憚鞍馬疲,東郊瘦馬使我傷,0.8120079453602098
不憚鞍馬疲,驊騮不慣不得將,0.833953426201383
不憚鞍馬疲,人馬同疲勞,0.8578145112997627
不憚鞍馬疲,漫勞車馬駐江干,0.809080152938186
不憚鞍馬疲,空煩卸馬鞍,0.8423957003070277
不憚鞍馬疲,無心待馬蹄,0.806521800772523
不憚鞍馬疲,馬嘶未敢動,0.8472403194670881
不憚鞍馬疲,遥知簇鞍馬,0.8086640741811906
不憚鞍馬疲,萬里不以力,0.8004078625792281
不憚鞍馬疲,匹馬向王畿,0.8027114584818283
不憚鞍馬疲,出入並鞍馬,0.8176417725249322
不憚鞍馬疲,歸來散馬蹄,0.823582072348032
不憚鞍馬疲,躍馬意何長,0.8049271145519454
不憚鞍馬疲,牧馬不敢侵臨洮,0.8172348577045077
不憚鞍馬疲,筋力不辭煩,0.8088035675107401
不憚鞍馬疲,疾禁千里馬,0.8241976663555569
不憚鞍馬疲,戎馬不如歸馬逸,0.839752569523656
不憚鞍馬疲,戎馬日衰息,0.807466931608733
不憚鞍馬疲,上馬不用扶,0.8039902051413648
不憚鞍馬疲,清晨散馬蹄,0.8215365315407719
不憚鞍馬疲,爲客羸瘵成,0.8068416476545968
不憚鞍馬疲,歎爾疲駑駘,0.821770359851705
不憚鞍馬疲,身病戎馬後,0.8015511340264894
不憚鞍馬疲,疲苶苟懷策,0.8091234182703798
詩書半行李,詩書遂牆壁,0.8366511615683305
詩書半行李,不寄一行書,0.8058925783463924
詩書半行李,讀書難字過,0.8173940349768833
詩書半行李,題詩須一行,0.8389316393285267
詩書半行李,數篇今見古人詩,0.8011863992181498
詩書半行李,封書兩行淚,0.8198176032747799
詩書半行李,念我能書數字至,0.8117608778541263
道路費歲時,艱險路更跼,0.8088802524138281
道路費歲時,苦道來不易,0.8193848109842372
道路費歲時,長番歲時久,0.8457501600362305
道路費歲時,經時冒險艱,0.8345718378339186
道路費歲時,來時道路長,0.8583724162628035
道路費歲時,辛苦在道路,0.8372698837480776
道路費歲時,道路時通塞,0.8188487195112262
道路費歲時,方丈涉海費時節,0.8292275241718339
親交歎存亡,交情何尚新,0.8048061607469101
親交歎存亡,親故傷老醜,0.8234082736989439
親交歎存亡,久念與存亡,0.83680262852234
親交歎存亡,交情老更親,0.8076815055617207
親交歎存亡,存亡不重見,0.816362470737984
學問訪闕遺,從容詢舊學,0.8272184051317184
學問訪闕遺,乍問緒業餘,0.8103024193054453
我多後時悔,每愁悔吝作,0.8193110264935942
我多後時悔,先後無醜好,0.8133190853582313
我多後時悔,不覺前賢畏後生,0.8060964703859534
我多後時悔,從人雖獲多,0.8138407117953848
我多後時悔,豈獨勸後世,0.8001647784017007
我多後時悔,反爲後輩褻,0.8487248891107528
我多後時悔,太后當朝多巧詆,0.8336517617471249
我多後時悔,前聖畏後生,0.822436265045527
我多後時悔,李也疑丞曠前後,0.8152722007067189
我多後時悔,爾祖未顯時,0.8009474966151705
君亦見事遲,致君時已晚,0.807314631306053
君亦見事遲,見日敢辭遲,0.8308348706025857
君亦見事遲,君行雖不遠,0.8000039445370952
君亦見事遲,公侯來未遲,0.8140074587738506
即此有真意,藴真愜所遇,0.839766647577782
即此有真意,以茲悟生理,0.8134419674071937
即此有真意,至性有此不,0.8808180791067494
即此有真意,深意實在此,0.8323019535972785
即此有真意,愚意會所適,0.8163123677445898
即此有真意,乃知畫師妙,0.8047771683861628
即此有真意,福地語真傳,0.8008364215851727
即此有真意,應接非本性,0.8191590296272264
即此有真意,真如會法堂,0.8337764917378934
即此有真意,直取性情真,0.821629133296088
即此有真意,燋卷有生意,0.8164995529551466
即此有真意,自非得神仙,0.8132910207199767
即此有真意,此病蓋有因,0.8014433589467942
即此有真意,嗜酒不失真,0.8108111993028502
即此有真意,終然契真如,0.82134360883048
即此有真意,得盡所歷妙,0.8207801812035107
即此有真意,皆因此人手,0.8124167318895188
定非兒女知,聖朝亦知賤士醜,0.8053772145373015
定非兒女知,反是生女好,0.8003483570890244
定非兒女知,遥憐小兒女,0.8244242564539741
定非兒女知,悲憐子女號,0.8015465188801862
定非兒女知,自恐二男兒,0.8070011302897375
定非兒女知,男兒性命絶可憐,0.8049024152271147
定非兒女知,自嗟貧家女,0.8056449297240439
定非兒女知,應門亦有兒,0.8095733565866702
定非兒女知,衆雛還識機,0.8001132877995603
定非兒女知,癡兒不知父子禮,0.8057999939233222
定非兒女知,只應與兒子,0.8083114372205471
定非兒女知,妻子亦何人,0.8079542139394249
定非兒女知,得辭兒女醜,0.8082521691363111
虚名無用處,何用浮名絆此身,0.8066947453882475
虚名無用處,虚空不離禪,0.8128359735907165
虚名無用處,於身色有用,0.8212653828396468
虚名無用處,虚空不住天,0.8037521987143663
虚名無用處,義取無虚歲,0.8018479643699298
北斗與南箕,北斗司喉舌,0.8364978819884186
北斗與南箕,秦城迴北斗,0.8550571517844532
北斗與南箕,北極捧星辰,0.802094315416622
北斗與南箕,挂席上南斗,0.8334367517562209
北斗與南箕,三移斗柄春,0.8050689780969921
北斗與南箕,夜臺當北斗,0.8878641989125267
北斗與南箕,秦城北斗邊,0.8603594397806977
北斗與南箕,秦城近斗杓,0.842334157233958
北斗與南箕,北辰當宇宙,0.8001722566526391
北斗與南箕,故園當北斗,0.8498931118555145
北斗與南箕,南極一星朝北斗,0.8657199219165094
北斗與南箕,風來北斗昏,0.8404144706036676
北斗與南箕,傍見北斗向江低,0.8462645804639101
北斗與南箕,北斗故臨秦,0.8823569243019794
北斗與南箕,南北東西拱至尊,0.8233244930343128
北斗與南箕,北斗三更席,0.832404427829839
北斗與南箕,星拆台衡地,0.8013455081227623
北斗與南箕,星辰北斗深,0.8711888300514308
北斗與南箕,真宜法斗魁,0.8155164069481667
北斗與南箕,南斗避文星,0.8576996033870997
北斗與南箕,於今向南斗,0.8625976634743873
北斗與南箕,秀氣衝星斗,0.8113825861694323
北斗與南箕,南瞻按百越,0.8052411188626256
北斗與南箕,北拱戴霄漢,0.81797849641623
北斗與南箕,干戈北斗深,0.8451819858862288
燕趙游俠子,亦有梁宋遊,0.8033859084779924
燕趙游俠子,漁陽豪俠地,0.8213166214177674
燕趙游俠子,燕王買駿骨,0.8061520545048506
燕趙游俠子,將帥接燕薊,0.8000887225878603
燕趙游俠子,二州豪俠場,0.8477166880908125
燕趙游俠子,子尚客荆州,0.8000164593112908
燕趙游俠子,燕趙休矜出佳麗,0.804889404988312
燕趙游俠子,久遊巴子國,0.8057638910003837
燕趙游俠子,久遊巴子國,0.8057638910003837
燕趙游俠子,酆城客子王季友,0.8411874884461537
燕趙游俠子,遠遊長兒子,0.8048261547785407
長安輕薄兒,長安壯兒不敢騎,0.8520447511524174
長安輕薄兒,平生所嬌兒,0.8220514827052268
長安輕薄兒,夫壻輕薄兒,0.8738220415661191
長安輕薄兒,長安卿相多少年,0.8077436546628494
長安輕薄兒,遠遊長兒子,0.8048538455827586
狂掉三寸舌,奮舌動天意,0.8017947022448173
狂掉三寸舌,折尾能一掉,0.8294029105487046
狂掉三寸舌,脣焦口燥呼不得,0.8008852030715564
狂掉三寸舌,却假蘇張舌,0.8139615575906358
躐登九級墀,軒墀曾寵鶴,0.8087965064064216
躐登九級墀,禮闈曾擢桂,0.8100239307010083
躐登九級墀,扈聖登黄閣,0.8033345409849848
躐登九級墀,睿想丹墀近,0.8058277324800158
躐登九級墀,聯步趨丹陛,0.8103088340803792
躐登九級墀,軒墀曾不重,0.805491003341142
躐登九級墀,登階捧玉册,0.8429165947355719
覆手雲雨翻,翻手作雲覆手雨,0.9341308834663001
覆手雲雨翻,王母晝下雲旗翻,0.8230560369725708
覆手雲雨翻,地軸爲之翻,0.8003393897407469
覆手雲雨翻,歘翻盤渦坼,0.8135607642818583
覆手雲雨翻,反懼江海覆,0.816049417197797
覆手雲雨翻,莫作翻雲鶻,0.8262171296153521
覆手雲雨翻,江翻石走流雲氣,0.8018376336390083
覆手雲雨翻,閃閃浪花翻,0.8135334956420008
覆手雲雨翻,欲作魚梁雲覆湍,0.8376443915067375
覆手雲雨翻,蒼濤鬱飛翻,0.8226535869776432
覆手雲雨翻,何看駭浪翻,0.8068461961518153
覆手雲雨翻,向來雲濤盤,0.8058576153588816
指天出肝脾,豁達露心肝,0.8203436045826691
指天出肝脾,我能剖心血,0.8031845235255952
指天出肝脾,上貴見肝膽,0.8010298071802904
從來國器重,由來積德門,0.8031151246399035
從來國器重,也霑新國用輕刑,0.804204488301089
從來國器重,古來君臣合,0.8075821830745457
從來國器重,重鎮還須濟世才,0.801217573281242
從來國器重,古來材大難爲用,0.8045067702772304
從來國器重,比來相國兼安蜀,0.812832050598391
從來國器重,邦人不足重,0.8041305539559509
從來國器重,於時國用富,0.8166601494825302
從來國器重,從容仰廟謀,0.8043550834321092
從來國器重,名器重雙全,0.8155658375908685
從來國器重,從來原憲貧,0.8414553459979518
見謂骨相奇,自是君身有仙骨,0.8005741152777213
見謂骨相奇,自謂頗挺出,0.8093551060809685
見謂骨相奇,骨鯁絶代無,0.823151810788447
見謂骨相奇,皆與此圖筋骨同,0.8119217573480603
見謂骨相奇,復見秀骨清,0.8282023027210377
見謂骨相奇,書貴瘦硬方通神,0.8018367635549
見謂骨相奇,衆中見毛骨,0.8120980969867059
獵渭非熊螭,畋獵舊非熊,0.9002816670482338
獵渭非熊螭,熊羆咆我東,0.834946606019106
獵渭非熊螭,蛟龍亦狼狽,0.8262383969540301
獵渭非熊螭,渭老得熊羆,0.8794389212388645
獵渭非熊螭,熊羆覺自肥,0.8122302091274567
獵渭非熊螭,熊虎亘阡陌,0.8197610739013919
獵渭非熊螭,號怒怪熊羆,0.8056314987970937
獵渭非熊螭,空荒咆熊羆,0.822992426646941
獵渭非熊螭,熊羆載吕望,0.8184078908363688
獵渭非熊螭,熊羆咆空林,0.829315918434713
獵渭非熊螭,熊羆欲蟄龍蛇深,0.805984800504796
獵渭非熊螭,豺虎正縱横,0.8085869452783107
百工改繩墨,鵝費羲之墨,0.8126437346996594
百工改繩墨,篙工密逞巧,0.8037563503019403
一世擅文詞,詞華傾後輩,0.8223562874089676
一世擅文詞,詞場繼國風,0.8787037862575463
一世擅文詞,文章實致身,0.8038503999479509
一世擅文詞,儒術大名齊,0.8082705671361923
一世擅文詞,名聲國中老,0.8010291357853404
一世擅文詞,名因賦頌雄,0.8020255630888521
一世擅文詞,經濟實藉英雄姿,0.8018699570373058
一世擅文詞,文物多師古,0.8238823270744585
一世擅文詞,才大今詩伯,0.8004441720609656
一世擅文詞,當代論才子,0.8298330786443862
一世擅文詞,直詞才不世,0.8277105777937397
一世擅文詞,有才繼騷雅,0.8325877016091916
一世擅文詞,文章亦不盡,0.805373869175873
一世擅文詞,文采風流今尚存,0.8259134351583036
一世擅文詞,雄筆映千古,0.801092358945972
一世擅文詞,名豈文章著,0.8624105955051087
一世擅文詞,文章一小技,0.8285740331363669
一世擅文詞,賦有冠古才,0.8044001133176377
一世擅文詞,豪俊貴勳業,0.8002459264631236
一世擅文詞,昔觀文苑傳,0.8111596934889704
一世擅文詞,文雅見天倫,0.827739445835374
一世擅文詞,文包舊史善,0.8005864840987855
一世擅文詞,用才文章境,0.8362118292951438
一世擅文詞,亂世想賢才,0.8006134021435914
一世擅文詞,文章千古事,0.8195156548652819
一世擅文詞,文章並我先,0.8493239719689608
一世擅文詞,才名賈傅多,0.8006625258372798
一世擅文詞,子建文章壯,0.801173399428462
一世擅文詞,文雅涉風騷,0.8012189733595468
一世擅文詞,已似愛文章,0.8006379875943173
一世擅文詞,海内文章伯,0.8097452880036955
一世擅文詞,世亂跼文場,0.8055562905968504
一世擅文詞,一代風流盡,0.8342159111589562
一世擅文詞,少小愛文詞,0.8102251000446876
一世擅文詞,風流後代希,0.8098870970930141
一世擅文詞,濟世宜引英俊人,0.8149236997597912
一世擅文詞,盛才冠巖廊,0.8249269998665607
一世擅文詞,美名光史臣,0.8088694316658421
全人脰肩肩,偏袒右肩露雙脚,0.8288277086547702
全人脰肩肩,哲匠不比肩,0.8423015115299276
全人脰肩肩,等級敢比肩,0.8228756394461016
全人脰肩肩,肩輿强老翁,0.8107221391235548
全人脰肩肩,人肩四根已,0.8205463458391259
全人脰肩肩,豈無平肩輿,0.8024805113233868
全人脰肩肩,夫人常肩輿,0.8594956026328334
大槐陰黄庭,青青高槐葉,0.8021686070132823
昭陽兩兄弟,憐君如弟兄,0.8565685821758562
昭陽兩兄弟,孟冬十郡良家子,0.8163929395935868
昭陽兩兄弟,近聞韋氏妹,0.8066257327345722
昭陽兩兄弟,有弟有弟在遠方,0.8140853800150842
昭陽兩兄弟,故鄉有弟妹,0.8243941543243218
昭陽兩兄弟,中原有兄弟,0.8461419994438842
昭陽兩兄弟,不是無兄弟,0.800366917157525
昭陽兩兄弟,兩弟亦山東,0.8192674161552792
昭陽兩兄弟,賢者是兄愚者弟,0.8133264753976128
昭陽兩兄弟,王今叔父尊,0.8067122132040676
昭陽兩兄弟,孟氏好兄弟,0.8766709948386617
昭陽兩兄弟,梁公曾孫我姨弟,0.844094514800408
昭陽兩兄弟,今者兄弟一百人,0.8259924411497515
昭陽兩兄弟,弟子四五人,0.841921866454117
昭陽兩兄弟,實維親弟昆,0.8345546168903923
昭陽兩兄弟,酆城客子王季友,0.8122942630572446
昭陽兩兄弟,介立實吾弟,0.8135134056722204
昭陽兩兄弟,顔氏之子才孤標,0.8066825011345224
還自妬娥眉,燕姬翠黛愁,0.8069928217094987
還自妬娥眉,想像顰青蛾,0.827124186398308
還自妬娥眉,鏡奩换粉黛,0.8074188093328336
還自妬娥眉,燭滅翠眉顰,0.8172838751045524
工顰又宜笑,含笑看吴鈎,0.8026786071881509
工顰又宜笑,篙工密逞巧,0.8114434791959519
班姬輕鴻毛,齊紈魯縞車班班,0.8489844433021208
班姬輕鴻毛,鳳雛無凡毛,0.8328231692457808
