황정견,두보,코사인 유사도
李侯爲我來,公子過我遊,0.8057027173517501
李侯爲我來,劉侯歡我攜客來,0.8379880797952277
李侯爲我來,韋侯别我有所適,0.8030156419554388
李侯爲我來,今我送舅氏,0.8220289280158033
李侯爲我來,大官喜我來,0.8101462794925539
李侯爲我來,爲我謝賈公,0.8686119023149776
李侯爲我來,今年思我來嘉州,0.8021415150151999
李侯爲我來,爲我問故人,0.8024935499038786
李侯爲我來,從來王謝郎,0.8010248751049465
李侯爲我來,公侯來未遲,0.807231288010829
遽以歸期請,歸期未敢論,0.8203349951747025
遽以歸期請,歸期願早知,0.8305015585055258
青衿廢詩書,讀書破萬卷,0.8087394175489369
青衿廢詩書,編簡爲誰青,0.8031033031299705
青衿廢詩書,詩書遂牆壁,0.8228641732482436
青衿廢詩書,詩書自討論,0.8105751258503945
青衿廢詩書,讀書難字過,0.8001636729617649
青衿廢詩書,但見書畫傳,0.8084075455742126
青衿廢詩書,青史字不泯,0.8205167795688115
青衿廢詩書,閲書百氏盡,0.8032699598525805
青衿廢詩書,經書滿腹中,0.8079559260354741
青衿廢詩書,青簡爲誰編,0.809783599093364
青衿廢詩書,群書萬卷常暗誦,0.8115129645984931
白髮違定省,已見白頭翁,0.8141834614219223
白髮違定省,白首甘契闊,0.8124999221873819
白髮違定省,何須白髮侵,0.8231921071747617
白髮違定省,髮少何勞白,0.8021910515035549
白髮違定省,白髮少新洗,0.8265935552106276
白髮違定省,頭白免短促,0.8119873253960379
白髮違定省,新梳白髮微,0.8126373964378736
白髮違定省,白髮寐常早,0.8592477049454538
白髮違定省,遭亂髮盡白,0.8035165862961399
白髮違定省,相知成白首,0.8183001498632322
白髮違定省,相見各頭白,0.817985221191325
荒畦當鉏灌,南山豆苗早荒穢,0.816378833907112
荒畦當鉏灌,春畦亂水間,0.833357700601013
荒畦當鉏灌,日暮還灌畦,0.8434615522645322
荒畦當鉏灌,餘潤通藥圃,0.8026551624535335
荒畦當鉏灌,幾道泉澆圃,0.8301368627821275
荒畦當鉏灌,畦蔬繞舍秋,0.8724067183090265
荒畦當鉏灌,下有良田疇,0.8071231971973092
荒畦當鉏灌,自鋤稀菜甲,0.8436121075728487
荒畦當鉏灌,霜中登故畦,0.8441495254750988
荒畦當鉏灌,連筒灌小園,0.8317719255168285
荒畦當鉏灌,近根開藥圃,0.8141938350097709
荒畦當鉏灌,日併園蔬課,0.8094468608589259
荒畦當鉏灌,蕪蔓少耘鋤,0.8801038039110087
荒畦當鉏灌,復來薙榛蕪,0.8051926484576626
荒畦當鉏灌,自爲摘嘉蔬,0.8022898330727632
荒畦當鉏灌,疏頑惑町畦,0.8273740504786924
荒畦當鉏灌,藩籬生野徑,0.8192946255519156
荒畦當鉏灌,荒林無徑入,0.807392927345135
荒畦當鉏灌,雨後過畦潤,0.8215550546519922
荒畦當鉏灌,短畦帶碧草,0.8553401779440503
荒畦當鉏灌,荒階蔓草茅,0.8164766911834711
荒畦當鉏灌,東屯稻畦一百頃,0.8383949639977282
荒畦當鉏灌,堂下可以畦,0.8168112369816278
荒畦當鉏灌,山家藥正鋤,0.820888631229184
荒畦當鉏灌,風俗當園蔬,0.8173070434982022
荒畦當鉏灌,山田麥無隴,0.803797434250318
荒畦當鉏灌,畦蔬繞茅屋,0.8640362802492279
荒畦當鉏灌,畦丁負籠至,0.8106475637394212
荒畦當鉏灌,千畦碧泉亂,0.8121963321787822
荒畦當鉏灌,引溜加溉灌,0.8491269623563444
荒畦當鉏灌,田家戒其荒,0.8169004511601741
荒畦當鉏灌,荒榛農復秋,0.8209158063285931
荒畦當鉏灌,野蔬暗泉石,0.8139606383031188
荒畦當鉏灌,深耕種數畝,0.8280781531222072
荒畦當鉏灌,葵荒欲自鋤,0.8406209710259911
荒畦當鉏灌,荒鉏淨果林,0.8106983877129263
荒畦當鉏灌,胡牀面夕畦,0.805049870886104
荒畦當鉏灌,圃畦新雨潤,0.8482780071597449
荒畦當鉏灌,疏籬野蔓懸,0.8058296028756721
荒畦當鉏灌,畬田費火耕,0.8031465264060803
荒畦當鉏灌,巡圃念攜鋤,0.8403949245758675
荒畦當鉏灌,荒蕪已荷鋤,0.8504524415647696
荒畦當鉏灌,常餐占野蔬,0.8066801350650901
荒畦當鉏灌,野圃泉自注,0.8354491932604583
荒畦當鉏灌,一寸荒田牛得耕,0.8047976719623282
挽衣不可留,挽弓當挽强,0.8116328310143284
挽衣不可留,可望不可攀,0.8144127227031785
挽衣不可留,軍動不可留,0.8142655709368367
挽衣不可留,短衣數挽不掩脛,0.836109239037101
挽衣不可留,東逝不可要,0.809426089457028
挽衣不可留,先鞭不滯留,0.8351323289372763
决去事幽屏,脱身事幽討,0.860355123567057
决去事幽屏,復接塵事屏,0.804608502582998
天恢獵德網,聖圖天廣大,0.810181324255954
天恢獵德網,孰云網恢恢,0.8447081940251162
天恢獵德網,天文北照秦,0.8037755316186801
天恢獵德網,祝網但恢恢,0.8702494059840267
天恢獵德網,前王作網罟,0.8137319776377845
此士落江湖,傷哉文儒士,0.8053108381198999
此士落江湖,張公一生江海客,0.8008648331770707
此士落江湖,江湖秋水多,0.8008117506290577
此士落江湖,江湖後摇落,0.8338384369152018
此士落江湖,江月滿江城,0.805060917754019
此士落江湖,全蜀多名士,0.8072060661037214
此士落江湖,古來賢達士,0.8014058853689197
此士落江湖,平生江海興,0.8022433938179889
此士落江湖,君看磊落士,0.8070507185422624
此士落江湖,他日訪江樓,0.8102819119825543
此士落江湖,攲枕江湖客,0.8056807725155138
此士落江湖,終爲江海人,0.8059842998206979
此士落江湖,牢落西江外,0.8191047498616297
此士落江湖,十載江湖客,0.8345330206258659
此士落江湖,摇落任江潭,0.8180061163051193
此士落江湖,自古江湖客,0.8577636170907772
此士落江湖,江湖墮清月,0.8111523719321251
熟思令人癭,思君令人瘦,0.8238818502934869
熟思令人癭,令人幾悲吒,0.8086906709778583
膜外榮辱境,寧受外物牽,0.8117283327265687
膜外榮辱境,物微世競棄,0.8129548203569752
膜外榮辱境,忘情任榮辱,0.8354301696972981
膜外榮辱境,榮名忽中人,0.8274311792261906
膜外榮辱境,中外貴賤殊,0.8121584159092612
人生要當學,學母無不爲,0.8144081291348088
人生要當學,生理焉得説,0.8130794942497328
人生要當學,丈人視要處,0.8159260082806135
人生要當學,未必能達道,0.8010719200745298
人生要當學,人生亦有初,0.8283755398329187
人生要當學,畫師不是無心學,0.8053229236806461
人生要當學,學書初學衞夫人,0.8045377728914904
人生要當學,艱難昧生理,0.8078634985098779
人生要當學,生理不得論,0.808554724746124
人生要當學,學貫天人際,0.8118488410280437
人生要當學,子知出處必須經,0.8350248046998747
人生要當學,書生道固殊,0.8051827358768477
人生要當學,人生貴是男,0.8150790050782644
安宴不徹警,不寢聽金鑰,0.8201115922431609
安宴不徹警,中夜尚未安,0.8194569456516989
安宴不徹警,骨清慮不喧,0.803828462499339
古來惟深地,古來無人境,0.8038217753849879
古來惟深地,致于丹青地,0.80537661813192
相待汲脩綆,童兒汲井華,0.8183974227155453
相待汲脩綆,暗汲石底井,0.8194344349746769
相待汲脩綆,汲引歲月古,0.8261857652760205
相待汲脩綆,井渫泉誰汲,0.8133494410816307
相待汲脩綆,老夫自汲澗,0.8216676221051802
太史瑣窗雲雨垂,黑入太陰雷雨垂,0.80666083453507
太史瑣窗雲雨垂,筆架霑窗雨,0.8107997420714599
試開三馬拂蛛絲,當軒下馬入錦茵,0.8033851107150554
試開三馬拂蛛絲,細軟青絲履,0.8274651445212065
試開三馬拂蛛絲,快馬金纏轡,0.8098637307445118
試開三馬拂蛛絲,花邊立馬簇金鞍,0.8024384047273045
試開三馬拂蛛絲,細馬時鳴金騕褭,0.8181704132335361
試開三馬拂蛛絲,喜見朱絲直,0.8175793542586987
試開三馬拂蛛絲,酒酣並轡金鞭垂,0.8012241069726672
李侯寫影幹翰墨,李侯有佳句,0.8476703522353151
李侯寫影幹翰墨,揮毫落紙如雲烟,0.8110639914317059
李侯寫影幹翰墨,計疏疑翰墨,0.8227010669738055
李侯寫影幹翰墨,筆跡遠過楊契丹,0.8130748424929818
李侯寫影幹翰墨,詩成珠玉在揮毫,0.8148013929195697
李侯寫影幹翰墨,巴牋染翰光,0.8025077800133922
李侯寫影幹翰墨,縱使盧王操翰墨,0.853510932108781
李侯寫影幹翰墨,此鷹寫真在左綿,0.8012437703542538
李侯寫影幹翰墨,豈惟粉墨新,0.8107984924192502
李侯寫影幹翰墨,觀我落筆中書堂,0.8087686401963834
李侯寫影幹翰墨,臨池真盡墨,0.8087274276430078
李侯寫影幹翰墨,粉墨形似間,0.8071439240133403
李侯寫影幹翰墨,詞人取佳句,0.8034273062701666
李侯寫影幹翰墨,直筆在史臣,0.8031936879015471
李侯寫影幹翰墨,聲華當健筆,0.8000072406915992
李侯寫影幹翰墨,波濤良史筆,0.8002146382285703
李侯寫影幹翰墨,鄭公粉繪隨長夜,0.8012845674093478
李侯寫影幹翰墨,佳句染華箋,0.8008572997901315
李侯寫影幹翰墨,雕章五色筆,0.8182260687560146
李侯寫影幹翰墨,鵝費羲之墨,0.8147801736208881
李侯寫影幹翰墨,詞翰兩如神,0.8137546076316033
李侯寫影幹翰墨,賦詩猶落筆,0.8438088200104105
李侯寫影幹翰墨,詩家筆勢君不嫌,0.8132720029047236
李侯寫影幹翰墨,宋公放逐曾題壁,0.8003977496909552
李侯寫影幹翰墨,昭州詞翰與招魂,0.8071589966626626
自有筆如沙畫錐,下筆如有神,0.810160725939798
自有筆如沙畫錐,詩成珠玉在揮毫,0.8156235827815206
自有筆如沙畫錐,幹惟畫肉不畫骨,0.8227581482104355
自有筆如沙畫錐,詞翰兩如神,0.8041739876817551
自有筆如沙畫錐,詩家筆勢君不嫌,0.8379952880400148
絶塵超日精爽緊,氣得神仙迥,0.8118420113930707
絶塵超日精爽緊,魏侯骨聳精爽緊,0.8288114113424928
絶塵超日精爽緊,颯爽動秋骨,0.8045275049177019
絶塵超日精爽緊,骨鯁絶代無,0.8018458604078785
絶塵超日精爽緊,況乃氣精爽,0.8231126622123596
馬官不語臂指揮,不敢長語臨交衢,0.8090805491051655
馬官不語臂指揮,叫怒索飯啼門東,0.8014514755155568
馬官不語臂指揮,馬驚折左臂,0.8111256285791326
馬官不語臂指揮,馬嘶未敢動,0.8011065602169009
馬官不語臂指揮,談笑行殺戮,0.8015803806679669
馬官不語臂指揮,出兵整肅不可當,0.8015325746410582
馬官不語臂指揮,高馬勿捶面,0.820529550482504
馬官不語臂指揮,畏虎不得語,0.8036420946690263
馬官不語臂指揮,自説二女齧臂時,0.8029104158150043
馬官不語臂指揮,婁公不語宋公語,0.8021619705438523
馬官不語臂指揮,他日更僕語不淺,0.8118895627069898
吾嘗覽觀在坰馬,憶觀崑崙圖,0.8121624226680624
吾嘗覽觀在坰馬,觀圖憶古人,0.8082402525087172
駑駘成列無權奇,自矜胡騮奇絶代,0.8191424451237588
駑駘成列無權奇,態與駑駘異,0.8431120044185278
駑駘成列無權奇,可憐九馬争神駿,0.8009618899783746
駑駘成列無權奇,駑駘怕錦幪,0.8271408191908496
緬懷胡沙英妙質,寫此神俊姿,0.8133196037657981
緬懷胡沙英妙質,緬思雲沙際,0.8219325028975257
緬懷胡沙英妙質,若道士無英俊才,0.8219527633962299
緬懷胡沙英妙質,賦有冠古才,0.8000473926557539
緬懷胡沙英妙質,雅望與英姿,0.8248431020643754
緬懷胡沙英妙質,永懷江左逸,0.8168966837952454
緬懷胡沙英妙質,乃聞風土質,0.8221988583315194
緬懷胡沙英妙質,俊傑思自致,0.8124499648874596
緬懷胡沙英妙質,我丈特英特,0.8023224965515047
緬懷胡沙英妙質,虚思黄金遺,0.801284085851274
一雄可將十萬雌,筆陣獨掃千人軍,0.8094528461318833
一雄可將十萬雌,四萬義軍同日死,0.813880514248305
一雄可將十萬雌,手畫三軍勢,0.8122521468516171
一雄可將十萬雌,羣雄問獨夫,0.818761634758671
一雄可將十萬雌,由來萬匹强,0.8207728014774354
一雄可將十萬雌,將軍膽氣雄,0.8371144552751899
一雄可將十萬雌,凡今誰是出群雄,0.80769000647317
一雄可將十萬雌,豈無蜀兵三千人,0.8076523022279446
一雄可將十萬雌,截江一擁數百鱗,0.809811912233122
一雄可將十萬雌,此皆戰騎一敵萬,0.8560479377228696
一雄可將十萬雌,騰驤磊落三萬匹,0.8097541318385254
一雄可將十萬雌,殿前兵馬雖驍雄,0.8068717345444141
一雄可將十萬雌,氣敵萬人將,0.8279166588238287
一雄可將十萬雌,百萬攻一城,0.8325852349098701
一雄可將十萬雌,將軍勇鋭與之敵,0.8415604004414057
一雄可將十萬雌,姦雄惡少皆封侯,0.8101171569425437
一雄可將十萬雌,争權將帥誅,0.8133966505567434
决非皁櫪所成就,國家成敗吾豈敢,0.8032528986258354
天驥生駒人得之,天馬老能行,0.8061695099294917
天驥生駒人得之,老馬爲駒信不虚,0.8183674117531099
天驥生駒人得之,别養驥子憐神駿,0.8040796250141533
天驥生駒人得之,天厩真龍此其亞,0.8149455078055743
天驥生駒人得之,能騎生馬駒,0.8112640590271953
天驥生駒人得之,騄驥皆良馬,0.8320811538096601
天驥生駒人得之,天馬跛足隨氂牛,0.8078521828482972
天驥生駒人得之,彼蒼迴斡人得知,0.8127732748863843
天驥生駒人得之,騄驥人得有,0.8676439418754542
千金市骨今何有,古來白骨無人收,0.8006988937981226
千金市骨今何有,此道今人棄如土,0.8093924273947142
千金市骨今何有,名垂萬古知何用,0.8158969579189168
千金市骨今何有,未覺千金滿高價,0.8058563799672808
千金市骨今何有,混一車書棄金玉,0.8013010729706187
千金市骨今何有,燕王買駿骨,0.8174041692148313
千金市骨今何有,有能市駿骨,0.8511253037507076
士或不價五羖皮,奇毛或賜鷹,0.8042526887709989
士或不價五羖皮,河魚不取錢,0.8048297483901705
士或不價五羖皮,食之豪健西域無,0.8053754533711677
士或不價五羖皮,街頭酒價常苦貴,0.8012305500070306
士或不價五羖皮,高價越璵璠,0.8031774130795226
士或不價五羖皮,可以貸不毛,0.8019465092443973
士或不價五羖皮,幹惟畫肉不畫骨,0.8040896001213045
士或不價五羖皮,豈聞一絹直萬錢,0.8211918621755971
士或不價五羖皮,賤夫美一睡,0.8018120258303674
士或不價五羖皮,肉食三十萬,0.8039669708968661
士或不價五羖皮,有能市駿骨,0.800128953836885
士或不價五羖皮,大食寶刀聊可比,0.8103622643882997
士或不價五羖皮,朱橘不論錢,0.8016405982350154
李侯畫隱百僚底,李侯金閨彦,0.8257970879505958
李侯畫隱百僚底,李侯有佳句,0.8343098667207806
李侯畫隱百僚底,蔡侯静者意有餘,0.8201278848705648
李侯畫隱百僚底,梓中豪俊大者誰,0.8066556969914538
李侯畫隱百僚底,郭薛俱才賢,0.8056310421564719
李侯畫隱百僚底,公侯出異人,0.8027457118811681
李侯畫隱百僚底,王侯第宅皆新主,0.8032723977235654
李侯畫隱百僚底,名家莫出杜陵人,0.8132274818362326
初不自期人誤知,人實不易知,0.8298224403915289
初不自期人誤知,應無見汝期,0.8029632487437338
戲弄丹青聊卒歲,用爾爲丹青,0.801427790902665
亦如閲世老禪師,醉中往往愛逃禪,0.8183977879294022
亦如閲世老禪師,身猶縳禪寂,0.8086621868393575
亦如閲世老禪師,酒後常稱老畫師,0.8171937593618015
亦如閲世老禪師,禪龕只宴如,0.8135503154360492
看雲不受絡頭絲,青絲絡頭爲君老,0.8561079755563159
看雲不受絡頭絲,梳頭滿面絲,0.8249066321838846
看雲不受絡頭絲,憶爾腰下鐵絲箭,0.8008332809856615
看雲不受絡頭絲,蛛絲罥鬢長,0.8042326530841581
西河驄作蒲萄錦,御史新驄馬,0.8111178009023094
西河驄作蒲萄錦,初得花驄大宛種,0.82310285689645
西河驄作蒲萄錦,西得諸侯棹錦水,0.8065881734346972
雙瞳夾鏡耳卓錐,眼有紫焰雙瞳方,0.8412191496624359
雙瞳夾鏡耳卓錐,隅目青熒夾鏡懸,0.8166358950481121
雙瞳夾鏡耳卓錐,洗魚磨刀魚眼紅,0.8141931818568822
雙瞳夾鏡耳卓錐,芒刺在我眼,0.8058278802334748
長楸落日試天步,迴鞭却走見天子,0.8073431855440429
長楸落日試天步,霜蹄蹴踏長楸間,0.8125216859441329
知有四極無由馳,下歸無極終南黑,0.8191330092499712
知有四極無由馳,玉几由來天北極,0.8230795511635147
知有四極無由馳,何時有終極,0.8122720427332868
知有四極無由馳,舉意八極周,0.825273934499344
知有四極無由馳,乃知東極臨,0.8189669084284175
知有四極無由馳,安得自西極,0.8234002719258489
知有四極無由馳,放神八極外,0.8037017883857892
電行山立氣深穩,枝撑已在脚,0.800067451407874
電行山立氣深穩,神傷山行深,0.8165017262961931
電行山立氣深穩,山行落日下絶壁,0.8084588635353339
可耐珠韉白玉羈,軟裘快馬當冰雪,0.8103258083906499
可耐珠韉白玉羈,銀鞍却覆香羅帕,0.8004471736128987
可耐珠韉白玉羈,白馬嚼齧黄金勒,0.8167671348249974
可耐珠韉白玉羈,快馬金纏轡,0.8192661081848285
可耐珠韉白玉羈,丈人駿馬名胡騮,0.8159679904242461
可耐珠韉白玉羈,雪没錦鞍韉,0.8345082633214083
可耐珠韉白玉羈,麒麟受玉鞭,0.8106815419429585
可耐珠韉白玉羈,纏結青驄馬,0.8134478813285633
可耐珠韉白玉羈,空煩卸馬鞍,0.8052458908930606
可耐珠韉白玉羈,花邊立馬簇金鞍,0.8215383315691347
可耐珠韉白玉羈,興在驪駒白玉珂,0.8025844772649071
可耐珠韉白玉羈,白馬金盤陀,0.8026904848304189
可耐珠韉白玉羈,御鞍金騕褭,0.8117308064774625
可耐珠韉白玉羈,尚書玉腕騮,0.835154032248252
可耐珠韉白玉羈,朱汗驂驔猶噴玉,0.8098596845863009
可耐珠韉白玉羈,實少銀鞍傍險行,0.8141613741733185
可耐珠韉白玉羈,拖玉腰金報主身,0.8102209263420064
可耐珠韉白玉羈,拖玉豈吾身,0.8007273720199884
可耐珠韉白玉羈,金羈白雪毛,0.8372704747136132
李侯一顧歎絶足,誰能久不顧,0.8056485871040471
李侯一顧歎絶足,感嘆向絶跡,0.8142255616358894
李侯一顧歎絶足,自顧亦已極,0.8016094260985561
李侯一顧歎絶足,惜哉李蔡不復得,0.816861059436419
領略古法生新奇,老夫生平好奇古,0.8071378562523112
領略古法生新奇,自古雖有厭勝法,0.8255194065414727
領略古法生新奇,得盡所歷妙,0.8084605114715889
一日真龍入圖畫,天陰對圖畫,0.8003303527764047
一日真龍入圖畫,五日畫一石,0.8037415601222029
一日真龍入圖畫,畫滿地圖雄,0.808232730930355
一日真龍入圖畫,圖畫在雲臺,0.8177995104270379
一日真龍入圖畫,明公出此圖,0.8115602106123134
一日真龍入圖畫,昔獻書畫圖,0.8068618629503557
一日真龍入圖畫,飛閣卷簾圖畫裏,0.8194442343427486
一日真龍入圖畫,松門似畫圖,0.8052367219218298
一日真龍入圖畫,先披古畫圖,0.8209625041296851
一日真龍入圖畫,龍媒真種在帝都,0.8075913691985712
在坰群雄望風雌,羣雄問獨夫,0.8266110583766275
在坰群雄望風雌,威定虎狼都,0.8090647068440837
在坰群雄望風雌,代北有豪鷹,0.8070587594071195
在坰群雄望風雌,奇兵不在衆,0.8037534406291116
在坰群雄望風雌,貔虎數尤多,0.8017467389861923
在坰群雄望風雌,如公盡雄俊,0.8008971934238133
在坰群雄望風雌,將軍膽氣雄,0.8022663982820739
在坰群雄望風雌,凡今誰是出群雄,0.8116336389667178
在坰群雄望風雌,群盗尚縱横,0.828247457651796
在坰群雄望風雌,羣盗相隨劇虎狼,0.8034357294100603
在坰群雄望風雌,殿前兵馬雖驍雄,0.8213847797091013
在坰群雄望風雌,羣盗亂豺虎,0.8108212738924532
在坰群雄望風雌,中原君臣豺虎邊,0.8044798062919241
在坰群雄望風雌,雄者左翮垂,0.8059949532762009
在坰群雄望風雌,豺虎亂雄猜,0.8106298902835821
在坰群雄望風雌,豺虎正縱横,0.8097803633180927
在坰群雄望風雌,黄羆在樹顛,0.8046300556740065
在坰群雄望風雌,正爲羣虎守,0.8100002274927574
曹霸弟子沙苑丞,宋公舊池館,0.8041374973379785
曹霸弟子沙苑丞,李侯金閨彦,0.8347561021336926
曹霸弟子沙苑丞,赤縣官曹擁才傑,0.8223865510395632
曹霸弟子沙苑丞,王國稱多士,0.804220884743613
曹霸弟子沙苑丞,韋賢初相漢,0.8128375854993167
曹霸弟子沙苑丞,王有虎臣司苑門,0.8519186728337217
曹霸弟子沙苑丞,我本良家子,0.8131797470047202
曹霸弟子沙苑丞,孟冬十郡良家子,0.8518092093980645
曹霸弟子沙苑丞,府中韋使君,0.8015005390077206
曹霸弟子沙苑丞,故人有孫宰,0.8216183728859792
曹霸弟子沙苑丞,李舟名父子,0.8183923027458867
曹霸弟子沙苑丞,關中既留蕭丞相,0.8222608442347632
曹霸弟子沙苑丞,夫子嵇阮流,0.8150426947080325
曹霸弟子沙苑丞,中原有兄弟,0.8111998349615354
曹霸弟子沙苑丞,苦憶荆州醉司馬,0.8033393834573885
曹霸弟子沙苑丞,官有王司直,0.802008189722621
曹霸弟子沙苑丞,諸孫賢至今,0.8046303116350519
曹霸弟子沙苑丞,籍甚黄丞相,0.8391020942335712
曹霸弟子沙苑丞,郭薛俱才賢,0.8491090260184981
曹霸弟子沙苑丞,邑中上客有柱史,0.8139288481837281
曹霸弟子沙苑丞,坐逢楊子鎮東州,0.815116117217243
曹霸弟子沙苑丞,憶爾才名叔,0.8176855675659549
曹霸弟子沙苑丞,高官皆武臣,0.8090074444020938
曹霸弟子沙苑丞,將軍魏武之子孫,0.8367494755496545
曹霸弟子沙苑丞,弟子韓幹早入室,0.8070612227731031
曹霸弟子沙苑丞,前年渝州殺刺史,0.8020791067974034
曹霸弟子沙苑丞,平公今詩伯,0.8259996724160298
曹霸弟子沙苑丞,臺郎選才俊,0.8273328525622955
曹霸弟子沙苑丞,俊才得之子,0.8139908919606886
曹霸弟子沙苑丞,老蒙台州掾,0.8323398179891994
曹霸弟子沙苑丞,曹劉不待薛郎中,0.8220773663895207
曹霸弟子沙苑丞,不見高人王右丞,0.8133114233502493
曹霸弟子沙苑丞,秦有李斯漢蔡邕,0.8085521336655321
曹霸弟子沙苑丞,騎曹蔡有鄰,0.8120825715161375
曹霸弟子沙苑丞,吳郡張顛誇草書,0.8028813864704581
曹霸弟子沙苑丞,丞相中郎丈人行,0.8215878909342629
曹霸弟子沙苑丞,荆南芮公得將軍,0.8308607763827428
曹霸弟子沙苑丞,荆州遇薛孟,0.8361456656151154
曹霸弟子沙苑丞,荆州鄭薛寄詩近,0.8155375813623293
曹霸弟子沙苑丞,吾孫騎曹不記馬,0.8423690209810673
曹霸弟子沙苑丞,子尚客荆州,0.809022374331272
曹霸弟子沙苑丞,城中賢府主,0.8045950335593763
曹霸弟子沙苑丞,孟氏好兄弟,0.8064518746363646
曹霸弟子沙苑丞,吾宗老孫子,0.8139224938248597
曹霸弟子沙苑丞,梁公曾孫我姨弟,0.8683946102524294
曹霸弟子沙苑丞,自平中官吕太一,0.809071261111893
曹霸弟子沙苑丞,昔有佳人公孫氏,0.8271544220184351
曹霸弟子沙苑丞,公孫劍器初第一,0.8100411754900865
曹霸弟子沙苑丞,河東女兒身姓柳,0.808821711803567
曹霸弟子沙苑丞,酆城客子王季友,0.8708126409426511
曹霸弟子沙苑丞,豫章太守高帝孫,0.8284325961009948
曹霸弟子沙苑丞,君不見夔子之國杜陵翁,0.81451259821573
曹霸弟子沙苑丞,不見江東弟,0.8013471522368313
曹霸弟子沙苑丞,卿家兄弟功名震,0.8328042332167764
曹霸弟子沙苑丞,之官宅相賢,0.8211966704196222
曹霸弟子沙苑丞,顔氏之子才孤標,0.8073781597905657
曹霸弟子沙苑丞,中郎石經後,0.800714228347181
曹霸弟子沙苑丞,子干東諸侯,0.8096618958818139
曹霸弟子沙苑丞,曹公屈壯圖,0.831652491508627
曹霸弟子沙苑丞,鄭公四葉孫,0.8143313221203363
曹霸弟子沙苑丞,世賢張子房,0.819581333789656
曹霸弟子沙苑丞,宗英李端公,0.8142445568818084
喜作肥馬人笑之,王生怪我顔色惡,0.8028465766829113
喜作肥馬人笑之,不比俗馬空多肉,0.8021826306823083
喜作肥馬人笑之,天馬跛足隨氂牛,0.803123024980716
李侯論幹獨不爾,李侯金閨彦,0.8023670840824779
李侯論幹獨不爾,李侯有佳句,0.8103921978365113
李侯論幹獨不爾,誰能與公子,0.8190180995298104
李侯論幹獨不爾,蔡子勇成癖,0.8008152442187886
李侯論幹獨不爾,鄧公馬癖人共知,0.80266994962337
李侯論幹獨不爾,不獨卿相尊,0.8370083145063152
李侯論幹獨不爾,尚愛卓文君,0.8057910052305238
李侯論幹獨不爾,君不見徐卿二子生絶奇,0.8068056074776194
李侯論幹獨不爾,李侯重有此節度,0.8280035741434508
李侯論幹獨不爾,論文或不愧,0.8307096007770378
李侯論幹獨不爾,郭薛俱才賢,0.8182932893671099
李侯論幹獨不爾,姚公美政誰與儔,0.8132931825170127
李侯論幹獨不爾,孰曰非周才,0.8208423096139013
李侯論幹獨不爾,焉知李廣未封侯,0.8148065934434459
李侯論幹獨不爾,將軍魏武之子孫,0.8155114111297459
李侯論幹獨不爾,弟子韓幹早入室,0.8022747770440892
李侯論幹獨不爾,顧我非公卿,0.8036058628036369
李侯論幹獨不爾,小臣魯鈍無所能,0.8006242863979289
李侯論幹獨不爾,平公今詩伯,0.8062508663411379
李侯論幹獨不爾,公才或守雌,0.8131476230717241
李侯論幹獨不爾,公侯出異人,0.8153017319931102
李侯論幹獨不爾,用才復擇誰,0.8008133921607018
李侯論幹獨不爾,斯文崔魏徒,0.8127825301133288
李侯論幹獨不爾,恐是漢代韓張良,0.8102870844293997
李侯論幹獨不爾,李陵蘇武是吾師,0.8094852690785288
李侯論幹獨不爾,孟子論文更不疑,0.824505750657395
李侯論幹獨不爾,秦有李斯漢蔡邕,0.8105457774304394
李侯論幹獨不爾,惜哉李蔡不復得,0.8452869342003405
李侯論幹獨不爾,婁公不語宋公語,0.8111956446274387
李侯論幹獨不爾,吾孫騎曹不記馬,0.806828389468731
李侯論幹獨不爾,子建文章壯,0.812050202131743
李侯論幹獨不爾,君不見夔子之國杜陵翁,0.8284079778847958
李侯論幹獨不爾,公侯終必復,0.8228313721862515
李侯論幹獨不爾,顔氏之子才孤標,0.8053488747539648
李侯論幹獨不爾,子干東諸侯,0.8528842619799741
李侯論幹獨不爾,衞侯不易得,0.8332741307478427
李侯論幹獨不爾,曹公屈壯圖,0.812043065616513
李侯論幹獨不爾,劉裴首建議,0.8006637013965265
妙畫骨相遺毛皮,鋒稜瘦骨成,0.8395480953122394
妙畫骨相遺毛皮,魏侯骨聳精爽緊,0.8189875250822752
妙畫骨相遺毛皮,愛畫入骨髓,0.8681891751514486
妙畫骨相遺毛皮,身上無有完肌膚,0.8263858792726926
妙畫骨相遺毛皮,其人骨已朽,0.8311213571031625
妙畫骨相遺毛皮,寫此神俊姿,0.80178038607777
妙畫骨相遺毛皮,毛骨豈殊衆,0.8252215343295016
妙畫骨相遺毛皮,壁色立精鐵,0.8139932900859757
妙畫骨相遺毛皮,其皮割剥甚,0.8097164807839736
妙畫骨相遺毛皮,骨鯁絶代無,0.8044919224856204
妙畫骨相遺毛皮,蒼稜白皮十抱文,0.8061587329117664
妙畫骨相遺毛皮,法令如牛毛,0.8055835915391979
妙畫骨相遺毛皮,斬根削皮如紫玉,0.8133963993089224
妙畫骨相遺毛皮,畫工如山貌不同,0.8033110466118195
妙畫骨相遺毛皮,幹惟畫肉不畫骨,0.8475718094310716
妙畫骨相遺毛皮,皆與此圖筋骨同,0.8060725754059845
妙畫骨相遺毛皮,尚思未朽骨,0.8054006490932353
妙畫骨相遺毛皮,書貴瘦硬方通神,0.8111425795672098
妙畫骨相遺毛皮,妙取筌蹄棄,0.801120667618621
妙畫骨相遺毛皮,崒然眉骨皆爾曹,0.8386922581548562
妙畫骨相遺毛皮,聖者骨已朽,0.8036575856323953
妙畫骨相遺毛皮,衆中見毛骨,0.8413177729418151
翰林評書乃如此,今之畫圖無乃是,0.8011255799157173
翰林評書乃如此,故獨寫真傳世人,0.8050954997632318
翰林評書乃如此,詩書遂牆壁,0.8116042692709068
翰林評書乃如此,觀其著詩集,0.8195768913651992
翰林評書乃如此,詩書自討論,0.8023630615814521
翰林評書乃如此,尚愛卓文君,0.8046059237753584
翰林評書乃如此,但見書畫傳,0.8250730245688938
翰林評書乃如此,觀我落筆中書堂,0.8280241324090697
翰林評書乃如此,葛亮貴和書有篇,0.8093475702586527
翰林評書乃如此,荆州鄭薛寄詩近,0.8087618523248434
翰林評書乃如此,詞翰兩如神,0.8054425435085814
翰林評書乃如此,翰林名有素,0.8398414764648089
賤肥貴瘦渠未知,聖朝亦知賤士醜,0.8260977420897979
賤肥貴瘦渠未知,素知賤子甘貧賤,0.8643036605543861
賤肥貴瘦渠未知,乃知貧賤别更苦,0.8550948985096833
賤肥貴瘦渠未知,身貴不足論,0.8061603499248111
賤肥貴瘦渠未知,衣馬不復能輕肥,0.8074810121663374
賤肥貴瘦渠未知,街頭酒價常苦貴,0.8120933747804616
賤肥貴瘦渠未知,不恨我衰子貴時,0.8061477720062377
賤肥貴瘦渠未知,富貴應須致身早,0.8137504279404185
賤肥貴瘦渠未知,魴魚肥美知第一,0.8037683567740871
賤肥貴瘦渠未知,固知貧病人須棄,0.831330857166813
賤肥貴瘦渠未知,君有長才不貧賤,0.8231564928612214
賤肥貴瘦渠未知,世上未有如公貧,0.8344673182578323
賤肥貴瘦渠未知,衣馬自肥輕,0.8220567429629444
賤肥貴瘦渠未知,貞質未爲賤,0.8147929979836096
賤肥貴瘦渠未知,賤夫美一睡,0.8198476657463836
賤肥貴瘦渠未知,丈夫貴知己,0.8109853234109446
賤肥貴瘦渠未知,爲問淮南米貴賤,0.846300490135153
賤肥貴瘦渠未知,蟲雞於人何厚薄,0.8012443104287068
賤肥貴瘦渠未知,貧賤固其常,0.8213071163736569
賤肥貴瘦渠未知,未肯羡輕肥,0.8016653694971699
賤肥貴瘦渠未知,無貴賤不悲,0.8393319893126472
賤肥貴瘦渠未知,中外貴賤殊,0.8250718296661063
賤肥貴瘦渠未知,貧窮老瘦家賣屩,0.8151888748715042
賤肥貴瘦渠未知,富貴當如此,0.8086580630489658
賤肥貴瘦渠未知,貴人豈不仁,0.8097017356716166
賤肥貴瘦渠未知,梁公富貴於身疏,0.8308942450799114
况我平生賞神駿,别養驥子憐神駿,0.8323621082857393
况我平生賞神駿,生平老耽酒,0.8065646255231659
况我平生賞神駿,老夫生平好奇古,0.8305510993425627
况我平生賞神駿,況我與子非壯年,0.8034812222369287
况我平生賞神駿,惜哉形勝地,0.8068945861383039
况我平生賞神駿,俊才得之子,0.8045730788267971
况我平生賞神駿,吾子得神仙,0.8144817019600225
况我平生賞神駿,裘馬頗清狂,0.8130612755491332
况我平生賞神駿,平生意有餘,0.8065222419799887
况我平生賞神駿,平生躭勝事,0.8255081914230309
况我平生賞神駿,不惜奇毛恣遠遊,0.8039021924970844
况我平生賞神駿,唯君最愛清狂客,0.830908700185242
况我平生賞神駿,才士得神秀,0.8203704711457629
僧中云是道林師,自是君身有仙骨,0.803333748380977
僧中云是道林師,畫師不是無心學,0.8083115264630715
僧中云是道林師,遠謁雲端僧,0.8203022764622874
僧中云是道林師,詩是吾家事,0.8032828433299668
僧中云是道林師,法自儒家有,0.8181218213634929
僧中云是道林師,雲林得爾曹,0.8057268399659302
有身猶縛律,見賊惟多身始輕,0.8064861761740487
有身猶縛律,防身動如律,0.8438015728123285
有身猶縛律,無家任老身,0.8005516244713411
有身猶縛律,病身終不動,0.8199331506815506
無夢到行雲,無夢寄歸魂,0.8365700596260146
俗裏光塵合,百里風塵昏,0.8052453811327904
俗裏光塵合,風塵豈駐顔,0.8121855772293523
俗裏光塵合,孔丘盗跖俱塵埃,0.8030582829982624
俗裏光塵合,此物在風塵,0.8012157489211802
俗裏光塵合,錦里烟塵外,0.8092615931534364
俗裏光塵合,從容静塞塵,0.8024389491304709
俗裏光塵合,出塵閟軌躅,0.8160103946123887
俗裏光塵合,行蓋出風塵,0.8187283969511205
俗裏光塵合,狼狽風塵裏,0.8039754911892669
俗裏光塵合,直苦風塵暗,0.8244063585008645
俗裏光塵合,世尊亦塵埃,0.8396325774068867
俗裏光塵合,風塵暗不開,0.8051302954134913
俗裏光塵合,志已清風塵,0.8011316996728342
俗裏光塵合,衰邁久風塵,0.8002313302192499
俗裏光塵合,亦未雜風塵,0.8114984909750014
俗裏光塵合,風塵相澒洞,0.8178479608929853
俗裏光塵合,萬里鞦韆習俗同,0.8017328422009764
俗裏光塵合,井竈任塵埃,0.805426469590892
俗裏光塵合,壯觀已塵埃,0.8051956178587742
胸中涇渭分,涇渭不可求,0.8000497829899809
胸中涇渭分,濁涇清渭何當分,0.846253810106103
胸中涇渭分,北轅就涇渭,0.8025739471416112
胸中涇渭分,涇水中蕩潏,0.8211583292576461
胸中涇渭分,帳殿涇渭闢,0.836387753074917
胸中涇渭分,渭水流關内,0.8151356364760253
胸中涇渭分,休辯渭與涇,0.8074861994788114
我搴江南秀,維南有崇山,0.8101142085497578
我搴江南秀,吾憐滎陽秀,0.8336012928885701
一見空馬群,一洗萬古凡馬空,0.8329672441363676
夸士慕鍾鼎,郭薛俱才賢,0.8024990612067081
夸士慕鍾鼎,俊才得之子,0.808306715913129
夸士慕鍾鼎,豪俊貴勳業,0.8286261099853018
夸士慕鍾鼎,秦王學士時難羡,0.8099310396747545
夸士慕鍾鼎,安石名高晉,0.8027262884993436
夸士慕鍾鼎,吾賢富才術,0.8007657570029709
夸士慕鍾鼎,皆登屈宋才,0.8036287133132862
夸士慕鍾鼎,俊傑思自致,0.8134305314400339
夸士慕鍾鼎,高誇周宋鐔,0.8119066703082907
寒儒守典墳,守祧嚴具禮,0.8091840296193733
寒儒守典墳,有儒愁餓死,0.820616149126545
寒儒守典墳,焉能守舊丘,0.806210949093068
寒儒守典墳,宗廟尚爲灰,0.8129427964113272
寒儒守典墳,饑寒傍濟州,0.8062721796154122
寒儒守典墳,居守付宗臣,0.8032679574408017
寒儒守典墳,舊俗存祠廟,0.8213316008538596
吾欲超萬古,萬古用一夫,0.8137378131858963
趺坐對爐芬,禪龕只宴如,0.812463336259329
赤壁歸來入紫清,中間謁紫宸,0.8132909486571414
赤壁歸來入紫清,當時上紫殿,0.8010956342599571
赤壁歸來入紫清,把詔紫微天,0.8076945391629153
赤壁歸來入紫清,赤霄玄圃須往來,0.8345657857258906
赤壁歸來入紫清,草奏何時入帝鄉,0.8194310068210003
赤壁歸來入紫清,鳴玉朝來散紫宸,0.8039835330145535
赤壁歸來入紫清,紫極出入黄金印,0.8191290202675743
赤壁歸來入紫清,亦上赤霄行,0.8190919146271778
赤壁歸來入紫清,斧鉞下青冥,0.8110330774260202
堂堂心在鬢彫零,堂上書生空白頭,0.8032128160022409
江沙踏破青鞋底,青鞋布襪從此始,0.8369091410869776
江沙踏破青鞋底,安得赤脚踏層冰,0.8255484420866191
江沙踏破青鞋底,江邊踏青罷,0.8300885878100228
江沙踏破青鞋底,烏帽拂塵青騾粟,0.8095682403694271
江沙踏破青鞋底,霜蹄蹴踏長楸間,0.8121822603126956
江沙踏破青鞋底,踏藕野泥中,0.8118897207727662
江沙踏破青鞋底,草見踏青心,0.8063802236544075
江沙踏破青鞋底,騎馬入青苔,0.8010794331642148
江沙踏破青鞋底,黄帽青鞋歸去來,0.807380434780847
江沙踏破青鞋底,殿脚插入赤沙湖,0.8198785714188568
却結絲絇侍禁庭,紫誥仍兼綰,0.8401792042826202
却結絲絇侍禁庭,長懷禁掖垣,0.8398269858265734
却結絲絇侍禁庭,中間謁紫宸,0.8243982658637228
却結絲絇侍禁庭,宫女開函捧御筵,0.8125618660166594
却結絲絇侍禁庭,曉漏追趨青瑣闥,0.8306036338176821
却結絲絇侍禁庭,憶昔霓旌下南苑,0.8133888476154552
却結絲絇侍禁庭,同輦隨君侍君側,0.8031623665953977
却結絲絇侍禁庭,二毛趨帳殿,0.805087389986199
却結絲絇侍禁庭,一命侍鸞輿,0.8005521000749725
却結絲絇侍禁庭,憲府屢乘驄,0.8108679076307459
却結絲絇侍禁庭,當時侍金輿,0.8187675417053814
却結絲絇侍禁庭,歸家初散紫宸朝,0.8304322828421152
却結絲絇侍禁庭,玉階仙仗擁千官,0.8180116119973833
却結絲絇侍禁庭,侍臣緩步歸青瑣,0.8342715227088243
却結絲絇侍禁庭,詔從三殿去,0.8083558958585354
却結絲絇侍禁庭,聯步趨丹陛,0.8169629238064705
却結絲絇侍禁庭,詔許辭中禁,0.8377111801881766
却結絲絇侍禁庭,憶昨逍遥供奉班,0.8318091312146132
却結絲絇侍禁庭,紫禁正耐烟花繞,0.8026709406154009
却結絲絇侍禁庭,鶴駕通宵鳳輦備,0.8124229695505158
却結絲絇侍禁庭,奉詔發金微,0.8010511917975895
却結絲絇侍禁庭,官忝趨棲鳳,0.8067061111916336
却結絲絇侍禁庭,憶昨趨行殿,0.8215548442578553
却結絲絇侍禁庭,侍臣諳入仗,0.8397949593442187
却結絲絇侍禁庭,禁掖朋從改,0.8332760229346045
却結絲絇侍禁庭,綵服日向庭闈趨,0.8245974836214608
却結絲絇侍禁庭,奉引濫騎沙苑馬,0.8065054602729209
却結絲絇侍禁庭,憶昨賜霑門下省,0.8033510696176965
却結絲絇侍禁庭,並向殊庭謁,0.8155925883892612
却結絲絇侍禁庭,卑宫制詔遥,0.8294794440510693
却結絲絇侍禁庭,衣冠却扈從,0.8010306069094091
却結絲絇侍禁庭,我昔近侍叨奉引,0.809306775302525
却結絲絇侍禁庭,奉詔許牽裾,0.8401467613055689
却結絲絇侍禁庭,獨當省署開文苑,0.8002380846538866
却結絲絇侍禁庭,叨陪幕府要,0.8052342449896819
却結絲絇侍禁庭,同舍晨趨侍,0.8078804470288503
却結絲絇侍禁庭,宫禁經綸密,0.8436465265057751
却結絲絇侍禁庭,鳴玉朝來散紫宸,0.8088866095900866
却結絲絇侍禁庭,衣冠拜紫宸,0.8185905154542209
却結絲絇侍禁庭,簪裾紫蓋邊,0.8143419740785518
却結絲絇侍禁庭,瑶墀侍臣已冥寞,0.8050047687602155
却結絲絇侍禁庭,來簪御府筆,0.8339725978326844
却結絲絇侍禁庭,叨陪錦帳坐,0.8226687991406412
胸蟠萬卷夜光寒,龍蛇動篋蟠銀鈎,0.8023275898580561
筆倒三江硯滴乾,硯寒金井水,0.8190901435920959
筆倒三江硯滴乾,詞源倒流三峽水,0.8078227779074522
筆倒三江硯滴乾,江翻石走流雲氣,0.8074899235992252
筆倒三江硯滴乾,壯筆過飛泉,0.8200097291741193
筆倒三江硯滴乾,看松露滴身,0.8042280999913821
筆倒三江硯滴乾,禹鑿寒江正穩流,0.8010852320873971
大似不蒙稽古力,易力何深嚌,0.8003825743668604
大似不蒙稽古力,稽留篙師怒,0.8002267491102475
只今猶着侍臣冠,朝廷半老儒,0.8084304511049434
只今猶着侍臣冠,朝朝染翰侍君王,0.8028571713687483
只今猶着侍臣冠,侍臣諳入仗,0.8089940628563649
只今猶着侍臣冠,余時忝諍臣,0.8039466889596196
只今猶着侍臣冠,何須不著鵕䴊冠,0.8132856100423433
只今猶着侍臣冠,衣冠却扈從,0.8119780664465097
只今猶着侍臣冠,猶多老大臣,0.825734544246777
只今猶着侍臣冠,老儒不用尚書郎,0.8156700861279393
只今猶着侍臣冠,再濕漢臣衣,0.8436570471174354
只今猶着侍臣冠,總戎皆插侍中貂,0.8206580363391645
只今猶着侍臣冠,廷諍守御牀,0.8041447574777105
只今猶着侍臣冠,未使吳兵著白袍,0.8015815291810136
只今猶着侍臣冠,衣冠拜紫宸,0.8091598437286882
只今猶着侍臣冠,卿到朝廷説老翁,0.8022703829074356
只今猶着侍臣冠,曳裾終日盛文儒,0.8037628616984849
只今猶着侍臣冠,侍臣雙宋玉,0.8048426210086397
只今猶着侍臣冠,不愧史臣詞,0.8031695464870683
只今猶着侍臣冠,分日侍諸王,0.8066575333406825
只今猶着侍臣冠,臺迎獬豸威,0.8033749649474557
只今猶着侍臣冠,遠愧尚方曾賜履,0.8019540672640701
對掌絲綸罷記言,經綸皆新語,0.8133954568014048
對掌絲綸罷記言,欲知世掌絲綸美,0.8092270154764125
對掌絲綸罷記言,自昔有經綸,0.814823867648748
對掌絲綸罷記言,絲綸實具載,0.8048020979652875
對掌絲綸罷記言,經綸亦俱有,0.802349649108874
鴈行飛上猶回首,君看隨陽雁,0.8014014564366718
鴈行飛上猶回首,回首白雲多,0.8120420237159238
鴈行飛上猶回首,胡雁翅濕高飛難,0.8210763399575712
鴈行飛上猶回首,回首向風飇,0.8175555418334584
鴈行飛上猶回首,回首鳳翔縣,0.800987074057501
鴈行飛上猶回首,天上多鴻雁,0.8302124311981472
鴈行飛上猶回首,仰看雲中雁,0.8076798840186061
鴈行飛上猶回首,鴻雁幾時到,0.8147435532800655
鴈行飛上猶回首,回首白雲間,0.8034025662867771
鴈行飛上猶回首,歸雁喜青天,0.825847076203847
鴈行飛上猶回首,秦嶺愁回首,0.8070648360141719
鴈行飛上猶回首,一行白鷺上青天,0.8001437511267128
鴈行飛上猶回首,南雁意在北,0.8180269571738966
鴈行飛上猶回首,回首周南客,0.830494011400481
鴈行飛上猶回首,北書不至雁無情,0.807824516440915
鴈行飛上猶回首,回首淚縱横,0.8139542152211532
鴈行飛上猶回首,落雁失飛騰,0.8434858820129927
鴈行飛上猶回首,北雁塞聲微,0.817983886885066
鴈行飛上猶回首,舊國霜前白雁來,0.8040607636680572
鴈行飛上猶回首,西江首獨迴,0.8161356656628377
鴈行飛上猶回首,遠山回白首,0.8055259437853635
鴈行飛上猶回首,白首望霜天,0.8038702443075264
鴈行飛上猶回首,衡陽雁影徂,0.8022470616879032
鴈行飛上猶回首,過雁歸鴉錯迴首,0.8934005999270067
鴈行飛上猶回首,塞雁一行鳴,0.8409376842120571
鴈行飛上猶回首,旅雁上雲歸紫塞,0.8213142473279647
鴈行飛上猶回首,相憶無南雁,0.8267485147565607
鴈行飛上猶回首,雖無南過雁,0.8032102075898768
鴈行飛上猶回首,風逆雁無行,0.8059180560879688
不受青雲富貴吞,富貴何如草頭露,0.8089214832309249
不受青雲富貴吞,富貴於我如浮雲,0.8359412168398901
不受青雲富貴吞,兄將富貴等浮雲,0.8561618949965649
不受青雲富貴吞,浮雲不負青春色,0.8344951125324063
不受青雲富貴吞,富貴任生涯,0.8180304114112102
不受青雲富貴吞,五陵豪貴反顛倒,0.8104759467195248
不受青雲富貴吞,一生富貴傾邦國,0.8141348979722216
不受青雲富貴吞,富貴當如此,0.8032247510232707
不受青雲富貴吞,富貴功名焉足圖,0.8051419144302132
却是初無富貴心,不是愛微軀,0.8110146168652487
却是初無富貴心,富貴應須致身早,0.8239568149574357
却是初無富貴心,本是池中物,0.8037636676796246
却是初無富貴心,一生富貴傾邦國,0.8030130254354222
却是初無富貴心,無貴賤不悲,0.8146757123920771
却是初無富貴心,富貴當如此,0.828453864742619
却是初無富貴心,人生貴是男,0.8167863516762465
却是初無富貴心,梁公富貴於身疏,0.8129763553211281
我知造物愛公深,公豈忘精誠,0.8136437093934374
我知造物愛公深,貧知静者性,0.8047937014644844
我知造物愛公深,物微意不淺,0.811810608483521
我知造物愛公深,愛其謹潔極,0.8011247213638442
我知造物愛公深,情窮造化理,0.8025417573228943
我知造物愛公深,吾知拙養尊,0.8006509973007602
隆儒殿閣對横經,經傳拱漢皇,0.8077584818904653
隆儒殿閣對横經,伏柱聞周史,0.8173444442939831
隆儒殿閣對横經,名參漢望苑,0.8036185041086014
隆儒殿閣對横經,講殿闢書帷,0.8042501517113896
隆儒殿閣對横經,獨當省署開文苑,0.8159234354841879
隆儒殿閣對横經,早聞黄閣畫麒麟,0.8017665776295249
隆儒殿閣對横經,幾人卓絶秉周禮,0.8065982634052102
隆儒殿閣對横經,烏臺俯麟閣,0.8074518071890531
隆儒殿閣對横經,晉史坼中台,0.8054723898326303
隆儒殿閣對横經,史閣行人在,0.804642190560444
隆儒殿閣對横經,臺閣黄圖裏,0.8060876007942501
咫尺清都雨露零,恩傾雨露辰,0.8235817212013512
咫尺清都雨露零,獻納司存雨露邊,0.807701836837242
咫尺清都雨露零,恩承雨露低,0.8244364955902161
咫尺清都雨露零,霜露一霑凝,0.8249979290291001
咫尺清都雨露零,雨露洗春蕪,0.8165617595707912
見説文星環北極,經傳拱漢皇,0.8049946281309986
見説文星環北極,七星在北户,0.8075643032911228
見説文星環北極,氣衝星象表,0.8151815094485234
見説文星環北極,秦城迴北斗,0.8138597300571726
見説文星環北極,宸極妖星動,0.8636989082189743
見説文星環北極,仙仗離丹極,0.8002371816814005
見説文星環北極,冠冕通南極,0.8116697922212319
見説文星環北極,風連西極動,0.8128855461857937
見説文星環北極,含星動雙闕,0.8259233439404761
見説文星環北極,川合東西瞻使節,0.8204528360281498
見説文星環北極,劍閣星橋北,0.8085142069338495
見説文星環北極,北極捧星辰,0.8961811470601238
見説文星環北極,天文北照秦,0.8091247082171582
見説文星環北極,宫闕通羣帝,0.8011371883288987
見説文星環北極,北極朝廷終不改,0.8223668800471982
見説文星環北極,夜臺當北斗,0.8100400306480426
見説文星環北極,妖星下直廬,0.8070698503477173
見説文星環北極,銀漢遥應接鳳城,0.8029532010452527
見説文星環北極,每依北斗望京華,0.8160410127593524
見説文星環北極,蓬萊高闕對南山,0.8072444215824099
見説文星環北極,蓬萊高闕對南山,0.8072444215824099
見説文星環北極,玉京群帝集北斗,0.8194589297422445
見説文星環北極,秦城北斗邊,0.8044832548642988
見説文星環北極,秦城近斗杓,0.8183465483184484
見説文星環北極,南極青山衆,0.8187241685505854
見説文星環北極,銀河倒列星,0.8357288897323178
見説文星環北極,南極一星朝北斗,0.9115840557308572
見説文星環北極,銀漢會雙星,0.8445228366946127
見説文星環北極,南極老人自有星,0.804417579606729
見説文星環北極,傍見北斗向江低,0.8060743423219399
見説文星環北極,北斗故臨秦,0.8018775193391368
見説文星環北極,南北東西拱至尊,0.8279901818015167
見説文星環北極,今夜文星動,0.8119195986365535
見説文星環北極,星拆台衡地,0.8235329123807238
見説文星環北極,星辰北斗深,0.856879559067339
見説文星環北極,南斗避文星,0.8672984741880307
見説文星環北極,皇輿三極北,0.804648540933116
見説文星環北極,北拱戴霄漢,0.8314897323378334
風欞倒影日光寒,月林散清影,0.8247144705404234
風欞倒影日光寒,魚跳日映山,0.8009491298647439
風欞倒影日光寒,倒懸瑶池影,0.8508218477643616
風欞倒影日光寒,人間月影清,0.8198104535898221
風欞倒影日光寒,縈窗素月垂秋練,0.8074193634744138
風欞倒影日光寒,松門耿疏影,0.8129716016390616
風欞倒影日光寒,朱甍半光炯,0.8145458334962477
風欞倒影日光寒,倒影垂澹濧,0.8307748693895024
風欞倒影日光寒,清見光炯碎,0.8159415428872607
風欞倒影日光寒,鳥影度寒塘,0.8185115251091718
風欞倒影日光寒,簷影微微落,0.8223243715275782
風欞倒影日光寒,江色映疏簾,0.8058104285669135
風欞倒影日光寒,竹光團野色,0.8105080940717698
風欞倒影日光寒,舍影漾江流,0.8385059028192463
風欞倒影日光寒,入簾殘月影,0.8025504177971134
風欞倒影日光寒,東林竹影薄,0.8172248865383411
風欞倒影日光寒,石影銜珠閣,0.8145668664398491
風欞倒影日光寒,水深雲光廓,0.8030040449925024
風欞倒影日光寒,返照斜初徹,0.8000673790359321
風欞倒影日光寒,江月光於水,0.8107686999646813
風欞倒影日光寒,影動倒景摇瀟湘,0.8544231658835417
風欞倒影日光寒,迴風滔日孤光動,0.8276999888485133
風欞倒影日光寒,波亂日華遲,0.8014769412949595
風欞倒影日光寒,光射潛虬動,0.8241730967177607
風欞倒影日光寒,半扉開燭影,0.8103413886371233
風欞倒影日光寒,寒房燭影微,0.8255702562892064
風欞倒影日光寒,落杵光輝白,0.8210697336986349
風欞倒影日光寒,落日初霞閃餘映,0.8062665526217048
風欞倒影日光寒,疊浪月光芒,0.8204831598649256
風欞倒影日光寒,漾舟清光旁,0.8036696542640581
風欞倒影日光寒,丹鷁排風影,0.8035958878644044
堯日當中露正乾,汝陽三斗始朝天,0.8136871843431264
堯日當中露正乾,恩傾雨露辰,0.8034656368260575
殿上給扶鳴漢履,經傳拱漢皇,0.8046690868406038
殿上給扶鳴漢履,中間謁紫宸,0.8089748497463034
殿上給扶鳴漢履,曉漏追趨青瑣闥,0.8116751791689074
殿上給扶鳴漢履,聽履上星辰,0.8279109842344013
殿上給扶鳴漢履,奉辭還杖策,0.8231589522617639
殿上給扶鳴漢履,二毛趨帳殿,0.8159151903901076
殿上給扶鳴漢履,詔書引上殿,0.8300615215994569
殿上給扶鳴漢履,歸家初散紫宸朝,0.8079586304952266
殿上給扶鳴漢履,劍佩聲隨玉墀步,0.8238273428430212
殿上給扶鳴漢履,玉階仙仗擁千官,0.8233919322533361
殿上給扶鳴漢履,侍臣緩步歸青瑣,0.8202968354054958
殿上給扶鳴漢履,詔從三殿去,0.8268591224772742
殿上給扶鳴漢履,聯步趨丹陛,0.8216525413478946
殿上給扶鳴漢履,曉隨天仗入,0.8164985079914544
殿上給扶鳴漢履,侍臣諳入仗,0.8137274473634393
殿上給扶鳴漢履,當時上紫殿,0.8150423598344327
殿上給扶鳴漢履,奉引濫騎沙苑馬,0.8183460841202503
殿上給扶鳴漢履,退朝擎出大明宫,0.8069100985666176
殿上給扶鳴漢履,並向殊庭謁,0.8080644224523581
殿上給扶鳴漢履,早發雲臺仗,0.8034810146539098
殿上給扶鳴漢履,正殿引朱衣,0.8313471694048805
殿上給扶鳴漢履,上帝高居絳節朝,0.8240245770249497
殿上給扶鳴漢履,承恩數上南薰殿,0.8330897751560771
殿上給扶鳴漢履,扈蹕上元初,0.8079736525024197
殿上給扶鳴漢履,奉詔許牽裾,0.8007997725366558
殿上給扶鳴漢履,台星入朝謁,0.8123857944058565
殿上給扶鳴漢履,漢朝頻選將,0.8051032798253885
殿上給扶鳴漢履,台階翊戴全,0.8004568401384968
殿上給扶鳴漢履,蓬萊殿前諸主將,0.8041215365957801
殿上給扶鳴漢履,鳴玉朝來散紫宸,0.8166748680985851
螭頭簪筆見秦冠,良相頭上進賢冠,0.8233439566939462
螭頭簪筆見秦冠,綵筆昔曾干氣象,0.813422103147301
螭頭簪筆見秦冠,簪裾紫蓋邊,0.8015298988995669
螭頭簪筆見秦冠,臺迎獬豸威,0.8134466872373032
螭頭簪筆見秦冠,來簪御府筆,0.8202527892223874
萬國歸心天不言,萬國奉君心,0.8343090866912695
萬國歸心天不言,萬國尚同心,0.8379986959178286
諸儒争席異臨軒,相門清議衆,0.801224420283587
諸儒争席異臨軒,豈憶當殿群臣趨,0.8209755321027477
諸儒争席異臨軒,曾爲掾吏趨三輔,0.8100035424064325
諸儒争席異臨軒,迥出諸侯先,0.8036392796300031
諸儒争席異臨軒,羣公會軒裳,0.809918918576194
諸儒争席異臨軒,蕭曹拱御筵,0.8028391782193143
諸儒争席異臨軒,諸儒引服虔,0.8059655407755943
諸儒争席異臨軒,諸將角榮華,0.806189245170488
聖功典學形歌頌,謳歌德義豐,0.8659275837863101
聖功典學形歌頌,道德付今王,0.8474535517853423
聖功典學形歌頌,詞感帝王尊,0.8042679392540393
聖功典學形歌頌,德尊一代常坎軻,0.8094476014836929
聖功典學形歌頌,宣光果明哲,0.8051921581154137
聖功典學形歌頌,天屬尊堯典,0.8348458922050082
聖功典學形歌頌,神功協禹謨,0.8651706460850619
聖功典學形歌頌,聖朝新孝理,0.8250136328020599
聖功典學形歌頌,唐堯真自聖,0.8013833005408924
聖功典學形歌頌,斯人尚典型,0.8071076110086702
聖功典學形歌頌,元勳溢鼎銘,0.802439807873383
聖功典學形歌頌,世祖修高廟,0.8475482966430563
聖功典學形歌頌,先王作法皆正道,0.801876759073259
聖功典學形歌頌,顯慶年中越王作,0.8151701505797215
聖功典學形歌頌,聞道收宗廟,0.8115251164839931
聖功典學形歌頌,今王德教淳,0.8511229773750316
聖功典學形歌頌,職述景題輿,0.8167712262956157
聖功典學形歌頌,一德興王後,0.8524610242385928
聖功典學形歌頌,聖賢古法則,0.8217958527377566
聖功典學形歌頌,修文廟算正,0.8248432176394986
聖功典學形歌頌,異王册崇勳,0.8183727462104491
聖功典學形歌頌,十載考墳典,0.8030009431893594
聖功典學形歌頌,祀事親聖躬,0.828481839860727
聖功典學形歌頌,聖哲體仁恕,0.8149237502908917
聖功典學形歌頌,紀德名標五,0.8481074892479309
聖功典學形歌頌,後賢兼舊制,0.8047436213480841
聖功典學形歌頌,作歌挹盛事,0.8415209610140646
聖功典學形歌頌,禹功翊造化,0.8181986280264592
聖功典學形歌頌,天王日儉德,0.8152917975617583
聖功典學形歌頌,業成陳始王,0.8306292788842501
聖功典學形歌頌,兼存翊贊功,0.8612538185965548
聖功典學形歌頌,九農成德業,0.8316675543529608
聖功典學形歌頌,道國繼德業,0.8150770325717023
聖功典學形歌頌,崇大王法度,0.8405089289243854
聖功典學形歌頌,聖哲垂彖繫,0.8254315734710278
聖功典學形歌頌,舊德朝中屬望勞,0.8148866751060333
聖功典學形歌頌,秩禮自百王,0.823079751843175
聖功典學形歌頌,邦家用祀典,0.8227070092509847
聖功典學形歌頌,宗枝神堯後,0.8081502132523957
聖功典學形歌頌,服食劉安德業尊,0.8074516121015165
聖功典學形歌頌,首唱恢大義,0.8122309465784427
聖功典學形歌頌,述作異陳琳,0.8039727965845872
更覺曹劉不足吞,不通姓氏粗豪甚,0.8021517930763367
更覺曹劉不足吞,犬戎何足吞,0.8165708064529857
更覺曹劉不足吞,曹劉不待薛郎中,0.8162220664316735
