황정견,두보,코사인 유사도
大去河伯民,大旱則斯舉,0.8044301992874568
鼎司費萬錢,家無儋石輸百萬,0.8333281985282093
鼎司費萬錢,左相日興費萬錢,0.8876570746276493
鼎司費萬錢,河魚不取錢,0.814890173143601
鼎司費萬錢,日糴太倉五升米,0.8143597187241827
鼎司費萬錢,家書抵萬金,0.8134227196397672
鼎司費萬錢,恰有三百青銅錢,0.8024499587189827
鼎司費萬錢,欲須供給家無粟,0.8006749209784341
鼎司費萬錢,豈聞一絹直萬錢,0.8237857202541419
鼎司費萬錢,賣薪得錢應供給,0.8374526484592772
鼎司費萬錢,難拒供給費,0.8042145419856908
鼎司費萬錢,天下軍儲不自供,0.817304410217812
鼎司費萬錢,官免供給費,0.8318979077081374
鼎司費萬錢,長安米萬錢,0.8694199809319768
鼎司費萬錢,八分一字直百金,0.8134384178287196
鼎司費萬錢,憑將百錢卜,0.8055406796887482
鼎司費萬錢,往日用錢捉私鑄,0.8024779799049806
鼎司費萬錢,鬻市輸官曹,0.8052383476215613
鼎司費萬錢,俸錢時散士子盡,0.8331543034456513
玉食羅常珍,由來席上珍,0.8153828266012819
玉食羅常珍,東山高頂羅珍羞,0.806955010308786
玉食羅常珍,肉味不足登鼎俎,0.8114808732983422
玉食羅常珍,光輝參席珍,0.8035516718088574
玉食羅常珍,分明饌玉恩,0.8009637227658686
吾評楊州貢,雖從本州役,0.8057022086461485
吾評楊州貢,爲郡得固辭,0.8037015374351384
吾評楊州貢,例及吾家詩,0.8185048929439404
吾評楊州貢,老蒙台州掾,0.8107544329155414
吾評楊州貢,杭州定越州,0.8016632302564037
吾評楊州貢,爲問淮南米貴賤,0.8079319799563717
吾評楊州貢,荆州遇薛孟,0.8091957029376937
吾評楊州貢,荆州鄭薛寄詩近,0.8322748423090642
吾評楊州貢,爾過江陵府,0.8012859137024528
此物真絶倫,有美生人傑,0.8058884328440943
此物真絶倫,異才應間出,0.8179597824287134
此物真絶倫,爽氣必殊倫,0.8464172673577071
此物真絶倫,絶境興誰同,0.8181747145684035
此物真絶倫,傳經固絶倫,0.8731552252259898
此物真絶倫,逸羣絶足信殊傑,0.8490576000582417
此物真絶倫,龍種自與常人殊,0.8079560750704744
此物真絶倫,寫此神俊姿,0.8133870722895893
此物真絶倫,摧鋒皆絶倫,0.8070070952673336
此物真絶倫,自矜胡騮奇絶代,0.8206617729222647
此物真絶倫,人物世不數,0.8228502621147145
此物真絶倫,毛骨豈殊衆,0.8074593178128073
此物真絶倫,此物在風塵,0.8034504423465274
此物真絶倫,先生藝絶倫,0.8409137572183463
此物真絶倫,流傳必絶倫,0.8725548259258485
此物真絶倫,妙絶與誰論,0.815964807911318
此物真絶倫,既稱絶世無,0.802952777702544
此物真絶倫,亦能畫馬窮殊相,0.8071131731210481
此物真絶倫,其餘七匹亦殊絶,0.8228003551962819
此物真絶倫,寧詮品命殊,0.8012721292313963
此物真絶倫,異狀君獨見,0.80164323740055
此物真絶倫,高義邁等倫,0.8094616869494734
此物真絶倫,異才復間出,0.813818253365783
此物真絶倫,若道士無英俊才,0.8006636652080529
此物真絶倫,文雅見天倫,0.8097947230658136
此物真絶倫,異俗吁可怪,0.8031252365937586
此物真絶倫,秀色固異狀,0.8175964563027003
此物真絶倫,褚公書絶倫,0.8428535473358355
此物真絶倫,妙選異高標,0.8221649964873701
此物真絶倫,許公人倫表,0.8073625678101681
趍死尚能鳴,有儒愁餓死,0.8040819495336977
趍死尚能鳴,健兒寧鬭死,0.8079581849663602
趍死尚能鳴,嵇康不得死,0.8102341015198851
趍死尚能鳴,盗賊爾猶存,0.8021886860814404
趍死尚能鳴,汝啼吾手戰,0.8035358567115187
説以雕俎樂,肉味不足登鼎俎,0.8020273812632431
甘言果非誠,晤語契深心,0.8122585829494398
甘言果非誠,公豈忘精誠,0.8502585766033146
甘言果非誠,此語亦足爲愚蒙,0.8134191697332511
甘言果非誠,讜論果冰釋,0.8063755574924057
生無千金轡,高生跨鞍馬,0.805774129563795
生無千金轡,如今豈無騕褭與驊騮,0.8095658065246569
生無千金轡,千金裝馬鞭,0.9050290745209215
生無千金轡,百金裝刀頭,0.8353248440515455
生無千金轡,王孫善保千金軀,0.8335312445526557
生無千金轡,家書抵萬金,0.8041965493387198
生無千金轡,快馬金纏轡,0.844946998459005
生無千金轡,丈人駿馬名胡騮,0.8298189360489888
生無千金轡,纏結青驄馬,0.8153260169924066
生無千金轡,能騎生馬駒,0.8170986774652066
生無千金轡,萬里須十金,0.8346662438288459
生無千金轡,行李千金贈,0.8203169151958956
生無千金轡,人間不解重驊騮,0.8016266877722222
生無千金轡,必脱黄金轡,0.8542458864770479
死得五鼎烹,苦飢始得食一蟲,0.8000592457598872
死得五鼎烹,執熱乃沸鼎,0.8137531741768785
死得五鼎烹,肉味不足登鼎俎,0.8138713672578415
死得五鼎烹,飢有易子食,0.8105298525516795
禍胎無腸胃,亡命嬰禍羅,0.8002687157929462
禍胎無腸胃,沉痛迫中腸,0.8175104432811413
禍胎無腸胃,炎蒸毒我腸,0.8012974306076317
禍胎無腸胃,充腸多薯蕷,0.8004453505030045
禍胎無腸胃,氣暍腸胃融,0.8072028162164712
禍胎無腸胃,嫉惡懷剛腸,0.8156386343935665
禍胎無腸胃,骨出熱中腸,0.8264677734690489
禍胎無腸胃,探腸有禍胎,0.8838710538103856
殺身和椒橙,霜橙壓香橘,0.8096974129207091
春風都門道,鶯囀皇州春色闌,0.8028275911296912
春風都門道,送客東郊道,0.8017270539141181
春風都門道,客行新安道,0.8149366062434704
春風都門道,聞道花門將,0.8004566474813115
貫魚百十并,轉致斛六千,0.8207486145620364
貫魚百十并,截江一擁數百鱗,0.8117564462246274
貫魚百十并,禽獸已斃十七八,0.8034833603959065
貫魚百十并,貫穿百萬衆,0.8361661882354186
貫魚百十并,肉食三十萬,0.8080727121223859
貫魚百十并,八分一字直百金,0.8155981909221373
騎奴吹一吷,騎突劍吹毛,0.8069470621482144
騎奴吹一吷,强梳白髮提胡盧,0.8151862999977388
駔駿不敢争,袒跣不肯成梟盧,0.8204841341069019
駔駿不敢争,不謂矜餘力,0.8131810655936453
駔駿不敢争,長安壯兒不敢騎,0.8018891680207224
駔駿不敢争,匈奴氣不驕,0.8092065011429979
駔駿不敢争,先鋒孰敢争,0.8396179113994304
駔駿不敢争,不與八駿俱先鳴,0.8473227697373824
駔駿不敢争,邊人不敢議,0.8024500889349825
駔駿不敢争,泥滑不敢騎朝天,0.8041688065873998
駔駿不敢争,驊騮不慣不得將,0.8173545849375705
駔駿不敢争,丈人駿馬名胡騮,0.8072057942124694
駔駿不敢争,後來未識猶駿奔,0.8090160731599494
駔駿不敢争,馬嘶未敢動,0.8141873994142479
駔駿不敢争,可憐九馬争神駿,0.8172581224815465
駔駿不敢争,百鳥不敢嗔,0.8381659998884128
駔駿不敢争,牧馬不敢侵臨洮,0.8141439469992804
駔駿不敢争,不暇陪八駿,0.8149372220420158
駔駿不敢争,有能市駿骨,0.8258527120806365
駔駿不敢争,巧僞莫敢親,0.8047953071054748
駔駿不敢争,冗長吾敢取,0.8018027631015432
駔駿不敢争,争奪至徒步,0.8017378461558708
物材苟當用,衆人貴苟得,0.8296252558091057
物材苟當用,時俗造次那得致,0.8022761031756191
物材苟當用,物性固難奪,0.848623389693723
物材苟當用,身貴不足論,0.814841032158222
物材苟當用,取用及吾身,0.8049692056823287
物材苟當用,細推物理須行樂,0.8056081604625196
物材苟當用,力强不可制,0.801084603193266
物材苟當用,焉用身獨完,0.8196257643968969
物材苟當用,人物世不數,0.8158500080859901
物材苟當用,隱忍用此物,0.8065897923118763
物材苟當用,性命苟不存,0.8411284267486703
物材苟當用,材力爾精靈,0.8334308007055586
物材苟當用,生事不自謀,0.8187742478184632
物材苟當用,物理固自然,0.8521427501316561
物材苟當用,時危安得真致此,0.802251641755273
物材苟當用,計大豈輕論,0.8166525313801262
物材苟當用,方知不材者,0.8061899514886317
物材苟當用,於身色有用,0.8065927603285825
物材苟當用,則知潤物功,0.8178433150378028
物材苟當用,衆魚常才盡却棄,0.804131455811237
物材苟當用,可以物理推,0.8207384918464207
物材苟當用,庶官務割剥,0.8002461849226552
物材苟當用,名利苟可取,0.8156199816749956
物材苟當用,生理不得論,0.8176928190759588
物材苟當用,當時無凡材,0.8106199293611414
物材苟當用,用才復擇誰,0.8081597488173706
物材苟當用,古來材大難爲用,0.837758719615071
物材苟當用,全生或用奇,0.8206260630074491
物材苟當用,用之不高亦不庳,0.8010848176973802
物材苟當用,用心未甚臧,0.8059056291990568
物材苟當用,於時國用富,0.8420589607164011
物材苟當用,治國用輕刑,0.8289139381197375
物材苟當用,時危始識不世才,0.8043925025484406
物材苟當用,事貴當匹敵,0.8018945164780946
物材苟當用,物理直難齊,0.8322619684746511
物材苟當用,衆力亦不細,0.8156626718047048
物材苟當用,理亂豈恒數,0.8279779255698954
物材苟當用,寬猛性所將,0.81385102133598
物材苟當用,神器資强幹,0.8086849681925888
何必渥洼生,龍媒昔是渥洼生,0.861867120309357
何必渥洼生,渥洼騏驥兒,0.8143526470577509
何必渥洼生,君看渥洼種,0.8151491526197695
何必渥洼生,來自渥洼池,0.8220207305199814
何必渥洼生,何必秋遂逢,0.8028155266225407
何必渥洼生,渥洼汗血種,0.8128741614026589
忽思麒麟楦,功名圖麒麟,0.806303835471698
忽思麒麟楦,今代麒麟閣,0.8804407038713589
忽思麒麟楦,麒麟不動爐烟上,0.8238450600862257
忽思麒麟楦,麒麟受玉鞭,0.8202582787080808
忽思麒麟楦,斯文起獲麟,0.8166254446993879
忽思麒麟楦,並是天上麒麟兒,0.8047777049982026
忽思麒麟楦,瑞錦送麒麟,0.8395485277551595
忽思麒麟楦,鳳凰麒麟安在哉,0.8234718116995317
忽思麒麟楦,休作畫麒麟,0.8453895914823972
忽思麒麟楦,上又回翠麟,0.8240514983782272
忽思麒麟楦,麒麟織成罽,0.8073883938260482
忽思麒麟楦,丹青宛轉麒麟裏,0.8193968046376783
忽思麒麟楦,早聞黄閣畫麒麟,0.8549847691425319
忽思麒麟楦,志在麒麟閣,0.862139945680114
忽思麒麟楦,身許麒麟畫,0.8409852669959877
忽思麒麟楦,今日翔麟馬,0.8203376546335257
忽思麒麟楦,雙美畫麒麟,0.8194434247981442
忽思麒麟楦,天上麒麟兒,0.8557337753883858
忽思麒麟楦,麒麟圖畫鴻雁行,0.8120939349810061
忽思麒麟楦,烏臺俯麟閣,0.8222161174810777
忽思麒麟楦,猶是麒麟兒,0.8413478691166529
突兀使人驚,兀兀遂至今,0.8252830040946515
突兀使人驚,夜深殿突兀,0.8089561027865518
突兀使人驚,何得立突兀,0.8431133385050608
突兀使人驚,突兀猶趁人,0.855579874560618
突兀使人驚,轉石驚魑魅,0.8105576077240958
嘗聞馬南郡,客從南縣來,0.8024739301718267
嘗聞馬南郡,近聞韋氏妹,0.801656905107921
嘗聞馬南郡,近聞昆戎徒,0.8341783452637206
嘗聞馬南郡,緬通淮湖税,0.8013292948942335
嘗聞馬南郡,南望馬邑州,0.8207105630699146
嘗聞馬南郡,人説南州路,0.8194805762593746
嘗聞馬南郡,聞道并州鎮,0.8505477197689598
嘗聞馬南郡,君不見益州城西門,0.8107731702424877
嘗聞馬南郡,憶昔南海使,0.8274739528958257
嘗聞馬南郡,坐逢楊子鎮東州,0.8040982950491294
嘗聞馬南郡,聞説初東幸,0.8256219438071857
嘗聞馬南郡,五載客蜀郡,0.8201578951012976
嘗聞馬南郡,遠聞房太尉,0.8279632682850886
嘗聞馬南郡,宛彼漢中郡,0.8173799763276404
嘗聞馬南郡,昔罷河西尉,0.8270416911890675
嘗聞馬南郡,聞説荆南馬,0.8617417821748516
嘗聞馬南郡,爾過江陵府,0.8060909992114325
嘗聞馬南郡,重聞西方止觀經,0.8169844361328719
嘗聞馬南郡,東郡時題壁,0.8097416722402476
嘗聞馬南郡,聞説江陵府,0.8580947360296811
嘗聞馬南郡,素聞趙公節,0.8022567419391151
嘗聞馬南郡,師老荒京都,0.8113585313874139
少有拔俗韻,自謂頗挺出,0.820257672615996
少有拔俗韻,再使風俗淳,0.8196145384808928
少有拔俗韻,薄俗難具論,0.8074444178888834
少有拔俗韻,逸羣絶足信殊傑,0.8115589390638364
少有拔俗韻,時俗造次那得致,0.8012437825935758
少有拔俗韻,喜見淳樸俗,0.802294213437008
少有拔俗韻,少保有古風,0.8159532192701728
少有拔俗韻,逸氣感清識,0.8199706099779303
少有拔俗韻,穎鋭物不隔,0.8094817521933948
少有拔俗韻,小敵信所怯,0.8079316672362284
少有拔俗韻,志士惜妄動,0.8191713488415993
少有拔俗韻,氣合無險僻,0.8086605812498308
少有拔俗韻,未與俗人操,0.8112778076463791
少有拔俗韻,烈士惡苟得,0.8117296337771989
少有拔俗韻,俊傑思自致,0.809576862549443
少有拔俗韻,瑣細隘俗務,0.8053245109261449
寒灰幾見溺,心死著寒灰,0.8277192586948028
寒灰幾見溺,青林一灰燼,0.8089547019777352
寒灰幾見溺,寇盗復幾許,0.8063312372488083
寒灰幾見溺,哭廟灰燼中,0.8237328819792326
寒灰幾見溺,階除灰死燒丹火,0.8210305256997956
寒灰幾見溺,龍池塹劫灰,0.8306571471322487
鎩翮常思奮,風翮九霄鵬,0.8188220287133108
鎩翮常思奮,鷙鳥舉翮連青雲,0.8208695239237536
鎩翮常思奮,威鳳高其翔,0.8102375731563647
鎩翮常思奮,念君惜羽翮,0.8208584793578146
鎩翮常思奮,何當有翅翎,0.825788124965593
鎩翮常思奮,絢練新羽翮,0.8094725381126253
鎩翮常思奮,斯須領健鶻,0.8045546063309548
鎩翮常思奮,長翮如刀劍,0.806964381774425
鎩翮常思奮,羽蟲亦飛揚,0.8007137897819518
鎩翮常思奮,鎩翮再聯翩,0.8698398430986056
鎩翮常思奮,歸鳥盡斂翼,0.81861359975743
鎩翮常思奮,矯矯避弓翮,0.840511150079506
鎩翮常思奮,坐看綵翮長,0.8169397228297457
鎩翮常思奮,短翮惟願巢深叢,0.8279165638347163
鎩翮常思奮,安得如鳥有羽翅,0.8066049094242072
鎩翮常思奮,南圖迴羽翮,0.8411816683514369
鎩翮常思奮,整翮豈多身,0.8654497956541318
鎩翮常思奮,投林羽翮輕,0.8710243545246898
鎩翮常思奮,無慚困翮垂,0.8009715558582143
鎩翮常思奮,童稚刷勁翮,0.833259729573919
鎩翮常思奮,翻然紫塞翮,0.8136915336285443
鎩翮常思奮,羽翮困低昂,0.8403671191620223
鎩翮常思奮,身欲奮飛病在牀,0.8043238964199964
鎩翮常思奮,慎莫遠奮飛,0.8060169384229396
鎩翮常思奮,舉翮唳孤亭,0.8157628014632838
鎩翮常思奮,羽翼商山起,0.8085029838065139
鎩翮常思奮,每欲孤飛去,0.8001388908040861
鎩翮常思奮,歸翼會高風,0.8442391005146666
鎩翮常思奮,飛鳴還接翅,0.8117909085511041
鎩翮常思奮,鸞鳳有鎩翮,0.8596135718859645
鎩翮常思奮,秋鷹整翮當雲霄,0.8273853691856783
鎩翮常思奮,鵬圖仍矯翼,0.8433378979097859
桐薪鳴竈間,匡牀竹火爐,0.8133113353376427
劍氣吐吴分,劍門天下壯,0.8314100618932712
劍氣吐吴分,將軍膽氣雄,0.8013717560407769
劍氣吐吴分,山連越嶲蟠三蜀,0.8112912779703871
劍氣吐吴分,佩刀成氣象,0.809301807721508
劍氣吐吴分,遺恨失吞吴,0.8082709593813608
劍氣吐吴分,吳吞水府寬,0.8281615783737633
劍氣吐吴分,雄劍鳴開匣,0.8214112427451937
劍氣吐吴分,氣衝看劍匣,0.8683205436611325
劍氣吐吴分,意氣逐吳鈎,0.8352011734182057
劍氣吐吴分,秀氣衝星斗,0.8192295328739901
劍氣吐吴分,匣裏雌雄劍,0.8019468189296646
多言世益嗤,杜陵野客人更嗤,0.8001352406134962
多言世益嗤,世儒多汩没,0.8207682322037838
多言世益嗤,勿受外嫌猜,0.8155944639173258
多言世益嗤,世亂憐渠小,0.8020912366790294
多言世益嗤,益歎身世拙,0.8253080857942673
多言世益嗤,多爲才名誤,0.8103472818371718
多言世益嗤,俗態猶猜忌,0.8212683552479692
多言世益嗤,永爲高人嗤,0.8097979978171964
多言世益嗤,語多雖雜亂,0.8151276678517588
多言世益嗤,恐貽識者嗤,0.8503159884674272
多言世益嗤,多術怪仙公,0.8079157105778125
多言世益嗤,世人憐復損,0.8187274475327031
多言世益嗤,恥爲達人誚,0.8295682845067225
當律心自隱,防身動如律,0.8067512100465016
家雖四立壁,汝書猶在壁,0.8048216619060162
家雖四立壁,入門依舊四壁空,0.8148700808416753
會將漁父意,獨能無意向漁樵,0.8094689899377214
往就莊生問,往與惠詢輩,0.8042348735153535
老農年饑望人腹,老雁春忍饑,0.8128652832668319
老農年饑望人腹,恒飢稚子色淒涼,0.8003628483635508
老農年饑望人腹,念子忍朝饑,0.8056390068990276
老農年饑望人腹,農人望歲稔,0.8288249032860893
老農年饑望人腹,飢有易子食,0.8122514241844654
老農年饑望人腹,憂國願年豐,0.8000297273321297
老農年饑望人腹,今年米賤太傷農,0.8301256388359028
想見四溟森雨足,天威總四溟,0.8024243201006617
豈聞烹兒翁不哭,君不聞,0.8004202394271063
豈聞烹兒翁不哭,健兒寧鬭死,0.8171047675699925
豈聞烹兒翁不哭,癡女饑咬我,0.8229034007780726
豈聞烹兒翁不哭,老妻卧路啼,0.8019409245205279
豈聞烹兒翁不哭,小兒成老翁,0.8046085274798824
豈聞烹兒翁不哭,南村羣童欺我老無力,0.8050065520263028
豈聞烹兒翁不哭,癡兒不知父子禮,0.8696573558938072
豈聞烹兒翁不哭,嗚呼古人已糞土,0.8008767115339126
豈聞烹兒翁不哭,豈惟長兒童,0.8228016978650244
豈聞烹兒翁不哭,飢有易子食,0.8004819984966297
豈聞烹兒翁不哭,男啼女哭莫我知,0.8553360734070948
豈聞烹兒翁不哭,食人更肯留妻子,0.8212331119122
豈聞烹兒翁不哭,不知雞賣還遭烹,0.8072842124398236
豈聞烹兒翁不哭,何幸飫兒童,0.8178122332854393
豈聞烹兒翁不哭,吾孫騎曹不記馬,0.806250454687737
豈聞烹兒翁不哭,呼兒間煮魚,0.8120382125209185
豈聞烹兒翁不哭,子實不得喫,0.8236949623363866
豈聞烹兒翁不哭,無食無兒一婦人,0.8016094310918009
豈聞烹兒翁不哭,田翁號鹿皮,0.8002728176966597
未論萬户無炊煙,不爨井晨凍,0.8125195797671185
未論萬户無炊煙,欲須供給家無粟,0.8165675279570089
未論萬户無炊煙,玉粒足晨炊,0.8010818652145808
蛛絲蝸涎經杼軸,蛛絲仍未收,0.8435774216928524
蛛絲蝸涎經杼軸,書籤藥裹封蛛網,0.82382747571614
蛛絲蝸涎經杼軸,蛛絲小人態,0.8046868748260341
蛛絲蝸涎經杼軸,蟲蛇穿畫壁,0.8047216877804035
蛛絲蝸涎經杼軸,蛛絲罥鬢長,0.824367091613666
使君閔雪無肉味,酷見凍餒不足恥,0.81245488179518
使君閔雪無肉味,使我不能餐,0.8023925876125899
使君閔雪無肉味,救汝寒凛慄,0.8023445922419279
使君閔雪無肉味,君家白碗勝霜雪,0.8147421403272772
使君閔雪無肉味,使君寒贈袍,0.8053995392018747
使君閔雪無肉味,當令美味入吾脣,0.8009148938305535
使君閔雪無肉味,肉食哂菜色,0.8073259293866807
使君閔雪無肉味,誰謂荼苦甘如薺,0.8221363580130021
使君閔雪無肉味,肺枯渴太甚,0.8022653019926183
煮餅青蒿下鹽菽,香芹碧澗羹,0.8250307055249962
煮餅青蒿下鹽菽,得種菜與麻,0.8264796097951502
煮餅青蒿下鹽菽,飯煑青泥坊底芹,0.8678440618782146
煮餅青蒿下鹽菽,軟炊香飯緣老翁,0.8192098840713726
煮餅青蒿下鹽菽,新炊間黄粱,0.8018206336407644
煮餅青蒿下鹽菽,烏麻蒸續曬,0.8107771546993254
煮餅青蒿下鹽菽,煑鹽烟在川,0.8319569402787788
煮餅青蒿下鹽菽,蔗漿歸廚金碗凍,0.8101536137177996
煮餅青蒿下鹽菽,與奴白飯馬青芻,0.8277039606077077
煮餅青蒿下鹽菽,山瓶乳酒下青雲,0.821564557549979
煮餅青蒿下鹽菽,催蓴煮白魚,0.84431771926669
煮餅青蒿下鹽菽,黄雀飽野粟,0.828237500358157
煮餅青蒿下鹽菽,愧客茹藜羹,0.813616545778997
煮餅青蒿下鹽菽,稻米流脂粟米白,0.8533674318511801
煮餅青蒿下鹽菽,赤甲白鹽俱刺天,0.8018597393192832
煮餅青蒿下鹽菽,苣兮蔬之常,0.8023148710183774
煮餅青蒿下鹽菽,脂膏兼飼犬,0.8011118075200891
煮餅青蒿下鹽菽,肉食哂菜色,0.8038590998822632
煮餅青蒿下鹽菽,香飯兼苞蘆,0.8354889490896801
煮餅青蒿下鹽菽,秋菰成黑米,0.8055840576679523
煮餅青蒿下鹽菽,冬菁飯之半,0.8303793854943015
煮餅青蒿下鹽菽,山田飯有沙,0.8178810026739327
煮餅青蒿下鹽菽,煮井爲鹽速,0.8138018616322803
煮餅青蒿下鹽菽,羹煑秋蓴滑,0.8432658903192056
煮餅青蒿下鹽菽,飯糲添香味,0.8163328969136777
煮餅青蒿下鹽菽,野飯射麋新,0.8234514490075784
煮餅青蒿下鹽菽,稻米炊能白,0.8368709187318448
煮餅青蒿下鹽菽,秋葵煑復新,0.8038842483861313
煮餅青蒿下鹽菽,焦糖幸一柈,0.8091129233599055
煮餅青蒿下鹽菽,嘗稻雪翻匙,0.8128526650629322
煮餅青蒿下鹽菽,盤飧詎糝藜,0.8323232774001268
煮餅青蒿下鹽菽,濁醪粗飯任吾年,0.8018126691676917
煮餅青蒿下鹽菽,橘洲田土仍膏腴,0.8098790353017591
煮餅青蒿下鹽菽,鳥雀苦肥秋粟菽,0.8392955659129233
煮餅青蒿下鹽菽,强飯蓴添滑,0.819841912750148
豈云剪爪宜侵肌,莫受二毛侵,0.8023771385812017
豈云剪爪宜侵肌,有骨已刴觜春葱,0.8003133450143189
豈云剪爪宜侵肌,再騁肌膚如素練,0.8163747772390548
豈云剪爪宜侵肌,咂膚倦撲滅,0.8002188048259211
豈云剪爪宜侵肌,北來肌骨苦寒侵,0.8050078974042202
豈云剪爪宜侵肌,寒刮肌膚北風利,0.8413090358976811
豈云剪爪宜侵肌,吹毛任選將,0.8070173534348035
霜不殺草仍故緑,萱草秋已死,0.8140573863768149
霜不殺草仍故緑,竹枝霜不蕃,0.8243772797975255
霜不殺草仍故緑,雨中百草秋爛死,0.8335535691210569
霜不殺草仍故緑,豐草青青寒不死,0.8442954064564374
霜不殺草仍故緑,侵陵雪色還萱草,0.8130585989087089
霜不殺草仍故緑,士卒何草草,0.8015342389958651
霜不殺草仍故緑,秋草萋更碧,0.8063604661179054
霜不殺草仍故緑,草蔓已多露,0.8082002216620322
霜不殺草仍故緑,草木未黄落,0.8001833143959778
霜不殺草仍故緑,鹵中草木白,0.8286833792215385
霜不殺草仍故緑,黄獨無苗山雪盛,0.8147282934976918
霜不殺草仍故緑,季冬樹木蒼,0.8080154709296528
霜不殺草仍故緑,霜露在草根,0.8111501816192771
霜不殺草仍故緑,楓丹不爲霜,0.8225243129378488
霜不殺草仍故緑,階前短草泥不亂,0.8002513297021652
霜不殺草仍故緑,青楓葉赤天雨霜,0.8100278479828861
霜不殺草仍故緑,清秋草木黄,0.8050464648392313
幽靈奰贔西山霧,深山大澤龍蛇遠,0.8073930984098815
幽靈奰贔西山霧,雲霧晦冥方降精,0.8033516298967851
幽靈奰贔西山霧,崑崙月窟東嶄巖,0.8016505530943145
幽靈奰贔西山霧,幽靈斯可怪,0.8053411710132694
幽靈奰贔西山霧,幽薊餘蛇豕,0.8042456093695862
幽靈奰贔西山霧,風塵澒洞兮豺虎咬人,0.8012920012993976
幽靈奰贔西山霧,南有龍湫北虎溪,0.8011699416782638
牲肥酒香神未瀆,春酒杯濃琥珀薄,0.8128281921430262
牲肥酒香神未瀆,冰漿碗碧瑪瑙寒,0.8220792857049735
牲肥酒香神未瀆,瓜嚼水精寒,0.8039506961953897
牲肥酒香神未瀆,味如甘露漿,0.813090089181316
牲肥酒香神未瀆,碧酒隨玉粒,0.8029502388981098
牲肥酒香神未瀆,黄羊飫不羶,0.8085356935492183
牲肥酒香神未瀆,香美勝牛乳,0.8238702080650061
牲肥酒香神未瀆,血以當醴泉,0.8025433922452043
牲肥酒香神未瀆,濁醪自初熟,0.8172632153951052
牲肥酒香神未瀆,蔗漿歸廚金碗凍,0.8524837128060457
牲肥酒香神未瀆,山瓶乳酒下青雲,0.80441768506998
牲肥酒香神未瀆,射洪春酒寒仍緑,0.823413124433825
牲肥酒香神未瀆,肥肉大酒徒相要,0.8020847997093963
牲肥酒香神未瀆,蟻浮仍臘味,0.804195933048348
牲肥酒香神未瀆,色難腥腐餐楓香,0.8104832973975717
牲肥酒香神未瀆,割愛酒如澠,0.8062671057141486
得微往從董父飡,後有韋諷前支遁,0.8028408946891397
得微往從董父飡,失學從愚子,0.8027215465505113
得微往從董父飡,更討衡陽董鍊師,0.8134009512740404
得微往從董父飡,附書與裴因示蘇,0.8094203150445024
寧當罪繫葛陂淵,葛洪尸定解,0.8004934840734332
卜擇祠官齊博士,嗚呼先博士,0.8147979583974175
卜擇祠官齊博士,義忝上官通,0.801996273797765
暴露致告蒼崖顛,擘石摧林丘,0.8078965724522114
暴露致告蒼崖顛,摧頽蒼松根,0.810556275191386
暴露致告蒼崖顛,蒼崖吼時裂,0.8199139379954667
暴露致告蒼崖顛,陰崖却承霜雪幹,0.8217588714251836
暴露致告蒼崖顛,陰崖二蒼鷹,0.8056690209463147
暴露致告蒼崖顛,徑摩穹蒼蟠,0.814151331591836
暴露致告蒼崖顛,似欲上訴於蒼穹,0.8217929315495307
暴露致告蒼崖顛,蕭然暴露依山阿,0.8088792870375705
請天行澤不汲汲,淘米少汲水,0.8018052457649957
請天行澤不汲汲,下請安井田,0.8225485932407866
爾亦枯魚過河泣,驟雨落河魚,0.8191446750106516
爾亦枯魚過河泣,河凍味魚不易得,0.8051819642228484
生鵝斬頸血未乾,奇毛或賜鷹,0.8019810476943442
生鵝斬頸血未乾,肉黄皮皺命如線,0.808545496365787
生鵝斬頸血未乾,赤汗微生白雪毛,0.8029581167087358
生鵝斬頸血未乾,鋒先衣染血,0.8078403610477645
生鵝斬頸血未乾,洗魚磨刀魚眼紅,0.8020544479451909
生鵝斬頸血未乾,口乾垂血轉迫促,0.8100532916045489
生鵝斬頸血未乾,子璋髑髏血模糊,0.8148132325088396
生鵝斬頸血未乾,斬根削皮如紫玉,0.8022923069813498
生鵝斬頸血未乾,陰山驕子汗血馬,0.8015171163632135
生鵝斬頸血未乾,泣血迸空回白頭,0.8042480575418434
生鵝斬頸血未乾,汗溝血不赤,0.8361109845230623
生鵝斬頸血未乾,白鵠翅垂眼流血,0.8190743181214575
風馬雲車坐相及,雲車紛少留,0.8044143743812865
風馬雲車坐相及,高車駟馬帶傾覆,0.8381293877120111
百里旌旗灑玉花,旌旆盡飛揚,0.8238590733401198
百里旌旗灑玉花,白日雷霆夾城仗,0.8263008535230294
百里旌旗灑玉花,高風卷旆旌,0.8134991903775686
百里旌旗灑玉花,旌旂日暖龍蛇動,0.8176356521116577
百里旌旗灑玉花,玉階仙仗擁千官,0.8019834507423793
百里旌旗灑玉花,春殿晴曛赤羽旗,0.8209240062987169
百里旌旗灑玉花,春旗簇仗齊,0.8060282733407448
百里旌旗灑玉花,入幕旌旗動,0.8221253821988963
百里旌旗灑玉花,曙漏拂千旗,0.8031030846563645
百里旌旗灑玉花,千騎擁霓旌,0.8529926111360819
百里旌旗灑玉花,駊騀揚旗旌,0.803657915473333
百里旌旗灑玉花,武帝旌旗在眼中,0.8046993596973575
百里旌旗灑玉花,萬㝢插軍麾,0.800478640230879
百里旌旗灑玉花,白帝寒城駐錦袍,0.8023293997232406
百里旌旗灑玉花,風花白帝城,0.8026810215703704
百里旌旗灑玉花,朱旗散廣川,0.8125152514428059
使君義動龍蛇蟄,深山大澤龍蛇遠,0.8129745043149503
使君義動龍蛇蟄,仰穿龍蛇窟,0.8123057833539079
使君義動龍蛇蟄,義動修蛇蟄,0.9214603137798705
使君義動龍蛇蟄,龍怒拔老湫,0.8564269946227876
使君義動龍蛇蟄,旌旂日暖龍蛇動,0.8113384256470293
使君義動龍蛇蟄,使我潛動魄,0.8499204970444689
使君義動龍蛇蟄,翻動龍蛇窟,0.8814897693300172
使君義動龍蛇蟄,無使蛟龍得,0.8440148498437017
使君義動龍蛇蟄,木葉黄落龍正蟄,0.8129711005772762
使君義動龍蛇蟄,旂尾蛟龍會,0.808523546190999
使君義動龍蛇蟄,龍文虎脊皆君馭,0.8136793709892085
使君義動龍蛇蟄,潛龍無聲老蛟怒,0.8391773114311729
使君義動龍蛇蟄,風送蛟龍匣,0.8274271116167102
使君義動龍蛇蟄,峽坼雲霾龍虎卧,0.811419493473946
使君義動龍蛇蟄,龍蛇只自深,0.8095340404874517
使君義動龍蛇蟄,蛟龍鬭不開,0.8436503237290527
使君義動龍蛇蟄,魚龍迴夜水,0.8077619346488725
使君義動龍蛇蟄,石鯨鱗甲動秋風,0.8071148542770991
使君義動龍蛇蟄,風雷搜百靈,0.8052090326336213
使君義動龍蛇蟄,潛龍故起雲,0.8161121431942358
使君義動龍蛇蟄,龍蛇不成蟄,0.8609832741365652
使君義動龍蛇蟄,龍蛇動篋蟠銀鈎,0.8127131630158383
使君義動龍蛇蟄,北極轉愁龍虎氣,0.8042612816091577
使君義動龍蛇蟄,熊羆欲蟄龍蛇深,0.8657162053222968
使君義動龍蛇蟄,熊掛玄蛇吼,0.8251799873325409
使君義動龍蛇蟄,萬里魚龍伏,0.8084735973897041
使君義動龍蛇蟄,蛟龍欲蟄寒沙水,0.8379963284646664
使君義動龍蛇蟄,龍虎一吟吼,0.8200606000832981
老農歡喜有春事,諸生頗盡新知樂,0.8041427647807264
老農歡喜有春事,前日放營農,0.8076197585017586
老農歡喜有春事,老農何有罄交歡,0.8237745726723816
老農歡喜有春事,農事都已休,0.817473740774422
老農歡喜有春事,今朝臘月春意動,0.8062438084888267
老農歡喜有春事,老夫轉不樂,0.8159452840544952
老農歡喜有春事,家須農事歸,0.8009525505387383
老農歡喜有春事,暮年且喜經行近,0.8107878527857537
呼兒飯牛理蓑笠,縱有健婦把鋤犁,0.8316478475555406
呼兒飯牛理蓑笠,軟炊香飯緣老翁,0.82148394272111
呼兒飯牛理蓑笠,呼兒正葛巾,0.8253582605768723
呼兒飯牛理蓑笠,稚子敲針作釣鈎,0.8056935346205536
呼兒飯牛理蓑笠,晝引老妻乘小艇,0.813839078888153
呼兒飯牛理蓑笠,荷鋤先童稚,0.8071875105019013
呼兒飯牛理蓑笠,杖藜强起依僮僕,0.8150066869642705
呼兒飯牛理蓑笠,呼兒間煮魚,0.8405996356495177
呼兒飯牛理蓑笠,妻兒待米且歸去,0.8263517463782672
呼兒飯牛理蓑笠,呼兒具紙筆,0.8022191314986624
博士勿歎從公疲,役夫敢伸恨,0.8117000927396973
博士勿歎從公疲,復令識者久嘆嗟,0.8266936882386473
博士勿歎從公疲,識者安肯哂,0.8041265534079853
博士勿歎從公疲,子壯顧我傷,0.8059007170635982
博士勿歎從公疲,勿云聽者疲,0.844022839423397
博士勿歎從公疲,愧子廢鉏來,0.8239523691986368
博士勿歎從公疲,休爲貧士歎,0.8358654186883849
博士勿歎從公疲,從公伏事久,0.8067412657164159
明年麥飯滑流匙,香芹碧澗羹,0.8170323951448821
明年麥飯滑流匙,淘米少汲水,0.808209324203774
明年麥飯滑流匙,勸客駝蹄羹,0.8165045574665866
明年麥飯滑流匙,煖湯濯我足,0.8069856768719994
明年麥飯滑流匙,飯煑青泥坊底芹,0.8735046621959013
明年麥飯滑流匙,偏勸腹腴愧年少,0.8017566349106031
明年麥飯滑流匙,軟炊香飯緣老翁,0.8123393453379977
明年麥飯滑流匙,新炊間黄粱,0.8145863808128028
明年麥飯滑流匙,正想滑流匙,0.8267664817802781
明年麥飯滑流匙,蔗漿歸廚金碗凍,0.8155373239254196
明年麥飯滑流匙,稻米流脂粟米白,0.8292488240309686
明年麥飯滑流匙,雨後過畦潤,0.8049433642874426
明年麥飯滑流匙,春日春盤細生菜,0.8270020194599961
明年麥飯滑流匙,呼兒間煮魚,0.8002161705073843
明年麥飯滑流匙,引溜加溉灌,0.824489759907955
明年麥飯滑流匙,玉粒足晨炊,0.8191007130805386
明年麥飯滑流匙,羹煑秋蓴滑,0.8326428469431507
明年麥飯滑流匙,飯糲添香味,0.8141438997161801
明年麥飯滑流匙,嘗稻雪翻匙,0.8512155301392013
明年麥飯滑流匙,溜匙兼煖腹,0.853645415729853
明年麥飯滑流匙,强飯蓴添滑,0.8396097420938935
薄酒可與忘憂,縱酒欲謀良夜醉,0.800139102269735
薄酒可與忘憂,對食暫餐還不能,0.8033457886210362
薄酒可與忘憂,清樽幸不空,0.8023309908868064
薄酒可與忘憂,無忘酒共持,0.8771311853758598
薄酒可與忘憂,把臂開樽飲我酒,0.8014017966887536
薄酒可與忘憂,愁與醉無醒,0.8020721014395485
薄酒可與忘憂,濁醪與脱粟,0.8011767875940783
薄酒可與忘憂,對月那無酒,0.8166252121680971
薄酒可與忘憂,瓮餘不盡酒,0.8082668863506339
醜婦可與白頭,嫁女與征夫,0.8117050208685544
醜婦可與白頭,男兒生無所成頭皓白,0.8152670039197103
醜婦可與白頭,與子俱白頭,0.816758752841305
徐行不必駟馬,後來鞍馬何逡巡,0.8011276388103098
徐行不必駟馬,天馬老能行,0.8082404169831024
徐行不必駟馬,去馬來牛不復辨,0.8050699868513942
徐行不必駟馬,不合用騏驥,0.8043853725866617
徐行不必駟馬,驊騮不慣不得將,0.8247485513749752
徐行不必駟馬,欲别上馬身無力,0.800468511176829
徐行不必駟馬,要我下馬行,0.8445832263839866
徐行不必駟馬,有客騎驄馬,0.810930961904093
徐行不必駟馬,能騎生馬駒,0.8158389774312521
徐行不必駟馬,僕夫行不進,0.805543443582718
徐行不必駟馬,戎馬不如歸馬逸,0.8099501672308099
徐行不必駟馬,白馬休横行,0.8010342965546094
徐行不必駟馬,徒步客徐兗,0.8002103163380766
徐行不必駟馬,騄驥皆良馬,0.8003679706756679
徐行不必駟馬,上馬不用扶,0.8266580024004453
徐行不必駟馬,聞道南行市駿馬,0.8155414987898162
徐行不必駟馬,自下所騎馬,0.838168293008944
稱身不必狐裘,煖客貂鼠裘,0.8055483693969719
稱身不必狐裘,狐狸不足論,0.8119902792461922
稱身不必狐裘,狐狸何足道,0.8051776869275824
無禍不必受福,躋險不自安,0.8034362507677397
無禍不必受福,不忍殺無辜,0.8067303370184975
無禍不必受福,未必不爲福,0.8792272226636997
無禍不必受福,爾寧要謗讟,0.8079167056734653
無禍不必受福,得無順逆辨,0.8013222182516917
無禍不必受福,必絶祲沴根,0.8144517827160846
無禍不必受福,禄山作逆降天誅,0.8158568451192596
無禍不必受福,不是無膏火,0.8021522393231497
無禍不必受福,得罪永泰末,0.8051003397139213
無禍不必受福,設法害生成,0.8077568998919495
無禍不必受福,福善理顛倒,0.8019811941152846
無禍不必受福,凡百慎失墜,0.8039936298057235
甘餐不必食肉,蔬食常不飽,0.8686482693166067
甘餐不必食肉,饑鷹未飽肉,0.8403111235065372
甘餐不必食肉,但使殘年飽喫飯,0.8164295899574362
甘餐不必食肉,亦不爲盤飧,0.8149341466548451
甘餐不必食肉,未試囊中餐玉法,0.8199044595759737
甘餐不必食肉,味如甘露漿,0.8400955943796569
甘餐不必食肉,黄羊飫不羶,0.8482048013526193
甘餐不必食肉,野果充糇糧,0.8188244421677432
甘餐不必食肉,對食暫餐還不能,0.864362163029432
甘餐不必食肉,同心不減骨肉親,0.8040256126173108
甘餐不必食肉,對食不能餐,0.8764911970934115
甘餐不必食肉,不得收骨肉,0.8029418535563898
甘餐不必食肉,盡力潔餐晨,0.8070725819207392
甘餐不必食肉,食蕨不願餘,0.8630112289823719
甘餐不必食肉,飢飽豈可逃,0.8100394667404309
甘餐不必食肉,百年粗糲腐儒餐,0.8347895464212454
甘餐不必食肉,苦飢始得食一蟲,0.8299150667748125
甘餐不必食肉,盤飧市遠無兼味,0.8147195869054272
甘餐不必食肉,蔗漿歸廚金碗凍,0.8064460418015211
甘餐不必食肉,肥肉大酒徒相要,0.8227564563539782
甘餐不必食肉,肉味不足登鼎俎,0.8744794807813572
甘餐不必食肉,食薇不敢餘,0.8306678119025044
甘餐不必食肉,吾徒且加餐,0.8069976891983067
甘餐不必食肉,愧客茹藜羹,0.8116472409623938
甘餐不必食肉,飢有易子食,0.8113661871971849
甘餐不必食肉,此足代加餐,0.815401175027124
甘餐不必食肉,兵久食恐貧,0.8093651732148429
甘餐不必食肉,汝性不茹葷,0.8158129495900833
甘餐不必食肉,俎豆腐羶肉,0.8142257617533699
甘餐不必食肉,肉食三十萬,0.8216813960973859
甘餐不必食肉,臨餐吐更食,0.8221832644652276
甘餐不必食肉,不敢恨庖厨,0.8114018450089222
甘餐不必食肉,脂膏兼飼犬,0.8130985531390659
甘餐不必食肉,肉食哂菜色,0.844902757576407
甘餐不必食肉,一請甘饑寒,0.8055277637510769
甘餐不必食肉,清晨飯其腹,0.8028548479031582
甘餐不必食肉,玉粒足晨炊,0.8256266711420894
甘餐不必食肉,飽食亦何心,0.8475440615255443
甘餐不必食肉,富家厨肉臭,0.8278915167458596
甘餐不必食肉,試問甘藜藿,0.8054427321550217
甘餐不必食肉,子實不得喫,0.801454755455951
甘餐不必食肉,嘉蔬既不一,0.8083855398493424
甘餐不必食肉,盤飧老夫食,0.8551898663611381
甘餐不必食肉,飯糲添香味,0.805631796555353
甘餐不必食肉,豈惟數盤餐,0.8014931143234334
甘餐不必食肉,盤飧詎糝藜,0.8282332063698163
甘餐不必食肉,常餐占野蔬,0.8037383987370018
甘餐不必食肉,脱粟朝未餐,0.8208353070412855
甘餐不必食肉,鱗介腥膻素不食,0.8206678970293184
甘餐不必食肉,應過數粒食,0.8019199655398261
富貴於我如浮雲,貴賤俱物役,0.8145907568576181
富貴於我如浮雲,富貴何如草頭露,0.8193818207138998
富貴於我如浮雲,人生五馬貴,0.8070135169418484
富貴於我如浮雲,榮貴如糞土,0.8381734779729471
富貴於我如浮雲,是身如浮雲,0.8829494321797574
富貴於我如浮雲,如何此貴重,0.8007755882826998
富貴於我如浮雲,富貴於我如浮雲,1.0
富貴於我如浮雲,兄將富貴等浮雲,0.8967812791870625
富貴於我如浮雲,人生在世間,0.8040141026301274
富貴於我如浮雲,處貴如白屋,0.8535204784729208
富貴於我如浮雲,富貴任生涯,0.8380576797460213
富貴於我如浮雲,中外貴賤殊,0.8114167260811225
富貴於我如浮雲,富貴當如此,0.8899015596926281
富貴於我如浮雲,浮名安在哉,0.8044005617523124
富貴於我如浮雲,富貴功名焉足圖,0.8224176800138439
富貴於我如浮雲,梁公富貴於身疏,0.8647998056881732
小者譴訶大戮辱,不勞吏怒瞋,0.8429632661475068
小者譴訶大戮辱,剽刦吏所羞,0.8269983644619283
小者譴訶大戮辱,殺戮到鷄狗,0.8025037139897376
小者譴訶大戮辱,吏呼一何怒,0.8105978494990169
小者譴訶大戮辱,兄弟遭殺戮,0.8173569682101673
小者譴訶大戮辱,蚩尤終戮辱,0.8404920554467454
小者譴訶大戮辱,小臣魯鈍無所能,0.8084713238066052
小者譴訶大戮辱,黠吏因封己,0.8182430062285815
小者譴訶大戮辱,暴尪或前聞,0.8058643994514885
小者譴訶大戮辱,爾寧要謗讟,0.8187878275408269
小者譴訶大戮辱,嫉邪嘗力争,0.8006925070140696
小者譴訶大戮辱,不虞一蹶終損傷,0.8071722186601369
小者譴訶大戮辱,宗臣忌諱災,0.821453316432136
小者譴訶大戮辱,群公紛戮力,0.8097526419786985
小者譴訶大戮辱,讒毁竟自取,0.8140621229960582
小者譴訶大戮辱,奈何黠吏徒,0.8007811667566169
小者譴訶大戮辱,問罪富形勢,0.8038881209346431
門多賓客飽僮僕,野老來看客,0.8216749663661913
門多賓客飽僮僕,僧飯屢過門,0.8148253160353596
門多賓客飽僮僕,慣看賓客兒童喜,0.8751212040655383
門多賓客飽僮僕,賓客滿堂上,0.8173677238801456
門多賓客飽僮僕,童僕來城市,0.8132215238486484
門多賓客飽僮僕,客至從嗔不出迎,0.8330725574406896
門多賓客飽僮僕,四座賓客色不動,0.8057985081746779
門多賓客飽僮僕,休怪兒童延俗客,0.8260434311445182
門多賓客飽僮僕,開門野鼠走,0.8014184472470557
門多賓客飽僮僕,主客多歡娱,0.8093859558560818
門多賓客飽僮僕,客居課童僕,0.8707981891340232
門多賓客飽僮僕,奴僕何知禮,0.8065735392691755
門多賓客飽僮僕,朋來坐馬韉,0.8136803221883935
門多賓客飽僮僕,還聞賓客過,0.8192262890881268
門多賓客飽僮僕,牛羊識僮僕,0.8327825231820843
門多賓客飽僮僕,門庭畏客頻,0.8392331780719104
門多賓客飽僮僕,引爲賓客敬頗久,0.8386948319511404
門多賓客飽僮僕,擁滯僮僕慵,0.8014749967598451
門多賓客飽僮僕,客子庖厨薄,0.8030879759001035
美物必甚惡,性亦嗜醇酎,0.8099825277138749
美物必甚惡,好手不可遇,0.8044324963358895
美物必甚惡,更被時俗惡,0.8197910236733931
美物必甚惡,毛骨豈殊衆,0.8010178425136166
美物必甚惡,美利戒止足,0.831876624721931
美物必甚惡,此物頗豐熟,0.8230927167913549
美物必甚惡,異俗吁可怪,0.8111311057687598
美物必甚惡,烈士惡苟得,0.8113957272682528
美物必甚惡,衆力亦不細,0.807085851738909
美物必甚惡,秀色固異狀,0.8204664875503019
厚味生五兵,味暖併無憂,0.8085948870926893
匹夫懷璧死,紈袴不餓死,0.8060467208910594
百鬼瞰高明,空堂魑魅走,0.8008066033752603
醜婦千秋萬歲同室,萬歲千秋奉明主,0.8206959736450323
醜婦千秋萬歲同室,自爾無寧歲,0.8007832759016746
醜婦千秋萬歲同室,千秋萬歲名,0.8586147890819453
醜婦千秋萬歲同室,同憂歲不寧,0.8087659867005526
醜婦千秋萬歲同室,私泣百歲翁,0.802043361125893
萬金良藥不如無疾,王孫善保千金軀,0.816614915536567
薄酒一談一笑勝茶,指點銀瓶索酒嘗,0.8010397618076193
薄酒一談一笑勝茶,共給酒一斛,0.8144007075699314
薄酒一談一笑勝茶,一談一笑俗相看,0.8445454950490063
萬里封侯不如還家,不如早還鄉,0.822405564051979
萬里封侯不如還家,封侯不計年,0.8326643182033662
薄酒終勝飲茶,春酒杯濃琥珀薄,0.8129766416350397
薄酒終勝飲茶,况挹酒如澠,0.8106199628853026
薄酒終勝飲茶,密沽斗酒諧終宴,0.8290663320385754
薄酒終勝飲茶,客醉揮金碗,0.8092825740753855
薄酒終勝飲茶,終日困香醪,0.8469595258140841
薄酒終勝飲茶,香醪懶再沽,0.8201526509144337
薄酒終勝飲茶,耽酒須微禄,0.8244460264228872
薄酒終勝飲茶,玉觴淡無味,0.8032404078926618
薄酒終勝飲茶,蘆酒多還醉,0.8325089469691564
薄酒終勝飲茶,愁多任酒醺,0.818647985134278
薄酒終勝飲茶,莫辭酒味薄,0.8463974118297717
薄酒終勝飲茶,縱酒欲謀良夜醉,0.8324414588417195
薄酒終勝飲茶,對酒不能喫,0.8324162906059381
薄酒終勝飲茶,香美勝牛乳,0.800521164314958
薄酒終勝飲茶,濁醪自初熟,0.8332006336554907
薄酒終勝飲茶,不放香醪如蜜甜,0.802707201443267
薄酒終勝飲茶,瓶中得酒還,0.8146314775339272
薄酒終勝飲茶,茗飲蔗漿攜所有,0.8327369890197729
薄酒終勝飲茶,邀我嘗春酒,0.8285874259884722
薄酒終勝飲茶,蜀酒濃無敵,0.8135185384410241
薄酒終勝飲茶,把臂開樽飲我酒,0.8046622960246832
薄酒終勝飲茶,酒憶郫筒不用酤,0.8344345797214805
薄酒終勝飲茶,洗杓斟新醖,0.8027537962434788
薄酒終勝飲茶,酒渴愛江清,0.8267796814965978
薄酒終勝飲茶,把酒宜深酌,0.8110585417755574
薄酒終勝飲茶,斗酒新詩終自疏,0.8166222147811566
薄酒終勝飲茶,濁醪與脱粟,0.8050111536276096
薄酒終勝飲茶,割愛酒如澠,0.8123421204338075
薄酒終勝飲茶,自覺酒須賒,0.8151039848231018
薄酒終勝飲茶,瓮餘不盡酒,0.801163617183969
薄酒終勝飲茶,濁醪粗飯任吾年,0.8391095496919729
薄酒終勝飲茶,佳辰强飲食猶寒,0.8233341048970928
醜婦不是無家,反是生女好,0.8403664990975064
醜婦不是無家,家家惱殺人,0.8034571512392266
醜婦不是無家,婦女終在家,0.8253284089203143
醜婦不是無家,羌婦語還笑,0.8016631772039142
醜婦不是無家,不是無兄弟,0.8231517123471929
醜婦不是無家,婦女多在官軍中,0.8073708163120561
醜婦不是無家,不是無膏火,0.8005427312680508
醜婦不是無家,無食無兒一婦人,0.8269160407948384
醇醪養牛等刀鋸,兼求畜豪且割鮮,0.8226000588428141
醇醪養牛等刀鋸,黄羊飫不羶,0.8109486299751274
醇醪養牛等刀鋸,濁醪自初熟,0.8250576673385088
醇醪養牛等刀鋸,不放香醪如蜜甜,0.8095842190697413
醇醪養牛等刀鋸,肥肉大酒徒相要,0.8284864533008287
醇醪養牛等刀鋸,官雞輸稻粱,0.8028236141196017
醇醪養牛等刀鋸,大食寶刀聊可比,0.8016419765389535
醇醪養牛等刀鋸,濁醪與脱粟,0.8267176524393391
醇醪養牛等刀鋸,濁醪粗飯任吾年,0.8389416277427614
深山大澤生龍蛇,蛟螭乘九皋,0.8019641956919755
深山大澤生龍蛇,深山大澤龍蛇遠,0.9575216224522389
深山大澤生龍蛇,仰穿龍蛇窟,0.8376888011901978
深山大澤生龍蛇,恐泥竄蛟龍,0.8414056312558713
深山大澤生龍蛇,慘澹鬭龍蛇,0.8184714765249488
深山大澤生龍蛇,義動修蛇蟄,0.8337299451672675
深山大澤生龍蛇,龍怒拔老湫,0.8549599416796245
深山大澤生龍蛇,蛟龍得雲雨,0.8230552965556316
深山大澤生龍蛇,翻動龍蛇窟,0.8543152905311564
深山大澤生龍蛇,蝮蛇長如樹,0.8207785173693334
深山大澤生龍蛇,蟄龍三冬卧,0.812131770827458
深山大澤生龍蛇,長淮浪高蛟龍怒,0.8237256802314028
深山大澤生龍蛇,南有龍兮在山湫,0.8381206055227182
深山大澤生龍蛇,木葉黄落龍正蟄,0.8150963829306739
深山大澤生龍蛇,龍依積水蟠,0.8069544108811006
深山大澤生龍蛇,虎倒龍顛委榛棘,0.8225110989425287
深山大澤生龍蛇,旂尾蛟龍會,0.8056919105592871
深山大澤生龍蛇,潛龍無聲老蛟怒,0.8526031637269395
深山大澤生龍蛇,日暮蛟龍改窟穴,0.8290782015733174
深山大澤生龍蛇,山根鱣鮪隨雲雷,0.8433282639490318
深山大澤生龍蛇,泥沙困老龍,0.8092907864578456
深山大澤生龍蛇,蛟龍無定窟,0.829315801726296
深山大澤生龍蛇,前有毒蛇後猛虎,0.8299277968661904
深山大澤生龍蛇,青溪先有蛟龍窟,0.8369284197196449
深山大澤生龍蛇,古屋畫龍蛇,0.8394259451720604
深山大澤生龍蛇,峽坼雲霾龍虎卧,0.8323543922504681
深山大澤生龍蛇,龍蛇只自深,0.8505837040757509
深山大澤生龍蛇,野水失蛟螭,0.8242676164542508
深山大澤生龍蛇,舊俗燒蛟龍,0.8201900858573888
深山大澤生龍蛇,腥至焦長蛇,0.863143795524901
深山大澤生龍蛇,久陰蛟螭出,0.8393472437499561
深山大澤生龍蛇,蛟龍鬭不開,0.8241061580429032
深山大澤生龍蛇,枯木半龍鱗,0.8334372421779594
深山大澤生龍蛇,魚龍迴夜水,0.8067648962749248
深山大澤生龍蛇,一斛舊水藏蛟龍,0.8340132074289128
深山大澤生龍蛇,蛟龍窟宅尊,0.8067600061563703
深山大澤生龍蛇,兔藏三窟莫深憂,0.8103831672359176
深山大澤生龍蛇,南有龍湫北虎溪,0.82307400209724
深山大澤生龍蛇,大江蟠嵌根,0.8246829406962615
深山大澤生龍蛇,衆水爲長蛇,0.818120853493146
深山大澤生龍蛇,潛龍故起雲,0.8128288839409763
深山大澤生龍蛇,龍蛇不成蟄,0.8765537124736502
深山大澤生龍蛇,龍蛇動篋蟠銀鈎,0.8417031294069126
深山大澤生龍蛇,蛟螭出無痕,0.8217518295962538
深山大澤生龍蛇,凍埋蛟龍南浦縮,0.8667673946262849
深山大澤生龍蛇,雲雪埋山蒼兕吼,0.8508109491586457
深山大澤生龍蛇,蛟螭深作横,0.8290002456686247
深山大澤生龍蛇,熊羆欲蟄龍蛇深,0.8805058901786053
深山大澤生龍蛇,蛟龍欲蟄寒沙水,0.8556160937358637
深山大澤生龍蛇,龍堆隱白沙,0.8129914014802708
秦時東陵千户食,延州秦北户,0.8239005820856226
秦時東陵千户食,城中十萬户,0.8403950327166785
秦時東陵千户食,去年米貴闕軍食,0.8156677637895978
何如青門五色瓜,束比青芻色,0.8021669506896041
傳呼鼓吹擁部曲,馮夷擊鼓羣龍趨,0.8469004540101304
傳呼鼓吹擁部曲,擊鼓吹笙竽,0.8365414211270252
傳呼鼓吹擁部曲,喧呼聞點兵,0.828482053477594
傳呼鼓吹擁部曲,召令習鼓鞞,0.858832286177708
傳呼鼓吹擁部曲,戍鼓猶長擊,0.8095538165123358
傳呼鼓吹擁部曲,遂有馮夷來擊鼓,0.8082845399892629
傳呼鼓吹擁部曲,峽中喧擊鼓,0.8280074616043838
傳呼鼓吹擁部曲,暝傳戍鼓長雲間,0.8084122221242906
傳呼鼓吹擁部曲,法歌聲變轉,0.8043773967659229
傳呼鼓吹擁部曲,鄰家遞歌哭,0.8225395343175061
傳呼鼓吹擁部曲,傾壺簫管動白髮,0.8004291560509128
性剛太傅促和藥,但見元氣常調和,0.8117256753537059
性剛太傅促和藥,爾之生也甚正直,0.8015542671732263
性剛太傅促和藥,性豪業嗜酒,0.800449213212586
性剛太傅促和藥,鍊骨調情性,0.8461061481059498
性剛太傅促和藥,才淑隨厮養,0.8133955141315912
性剛太傅促和藥,干請傷直性,0.8015519496633264
綺席象床琱玉枕,露井凍銀牀,0.8304498767718804
綺席象床琱玉枕,象牀玉手亂殷紅,0.8259972173580086
綺席象床琱玉枕,玉杯錦席高雲涼,0.8557933990753719
綺席象床琱玉枕,支牀錦石圓,0.8286699396930403
重門夜皷不停撾,東城多鼓鼙,0.8022734051870943
重門夜皷不停撾,漏鼓還思晝,0.8186996142254228
重門夜皷不停撾,船舷不重扣,0.8082047939872029
重門夜皷不停撾,椎鼓鳴鐘天下聞,0.8326493780925985
重門夜皷不停撾,峽中喧擊鼓,0.8091879516527327
重門夜皷不停撾,嚴城疊鼓鼙,0.8256577646182472
重門夜皷不停撾,城上擊柝復烏啼,0.8175531690062587
重門夜皷不停撾,北城擊柝復欲罷,0.8244707844169934
滿船明月卧蘆花,卧向巴山落月時,0.8027407170395089
滿船明月卧蘆花,江月滿江城,0.800889431604958
吾聞食人之肉,食之豪健西域無,0.8070248224679364
吾聞食人之肉,黄羊飫不羶,0.8187185721571196
吾聞食人之肉,食蕨不願餘,0.8233304001187558
吾聞食人之肉,況我飢愚人,0.8130500805909981
吾聞食人之肉,苦飢始得食一蟲,0.8043247021993476
吾聞食人之肉,肥肉大酒徒相要,0.8030150268464791
吾聞食人之肉,食薇不敢餘,0.8044691926325155
吾聞食人之肉,飢有易子食,0.8235812565900607
吾聞食人之肉,汝性不茹葷,0.8011621829638395
吾聞食人之肉,肉食三十萬,0.8078193631671284
吾聞食人之肉,脂膏兼飼犬,0.8095177958624771
吾聞食人之肉,肉食哂菜色,0.8145920953504969
吾聞食人之肉,乳獸待人肉,0.8382140246281418
吾聞食人之肉,飽食亦何心,0.8064193826915236
吾聞食人之肉,富家厨肉臭,0.8085379213925147
吾聞食人之肉,虎之饑,0.830077823325676
吾聞食人之肉,無食無兒一婦人,0.8176604346206351
吾聞食人之肉,鱗介腥膻素不食,0.803125612626332
可隨以鞭朴之戮,鞭撻其夫家,0.8112443605343904
可隨以鞭朴之戮,羸俘何足操,0.8043133661706859
乘人之車,我車已載脂,0.8051285908188368
乘人之車,能騎生馬駒,0.8033373082113052
乘人之車,如馬戒舟航,0.8060680189493917
乘人之車,車駕既云還,0.8135529042702629
乘人之車,或驂鸞騰天,0.8122984225854485
可加以鈇鉞之誅,出兵整肅不可當,0.8101727733629946
可加以鈇鉞之誅,禄山作逆降天誅,0.8097939275898045
可加以鈇鉞之誅,勸其死王命,0.8060578481946729
可加以鈇鉞之誅,伐叛必全懲,0.8121576111538131
不如薄酒醉眠牛背上,醉眠秋共被,0.8006491899320093
不如薄酒醉眠牛背上,醉則騎馬歸,0.8233710682764185
不如薄酒醉眠牛背上,愁多任酒醺,0.8002798565151011
不如薄酒醉眠牛背上,對酒不能喫,0.8133469487236616
不如薄酒醉眠牛背上,方外酒徒稀醉眠,0.8063059294048773
不如薄酒醉眠牛背上,酒酣懶舞誰相拽,0.8049176815586908
不如薄酒醉眠牛背上,扶汝醉初醒,0.8093003968297767
不如薄酒醉眠牛背上,歸來省醉眠,0.8034249510820675
不如薄酒醉眠牛背上,迴船罷酒上馬歸,0.8201164555268892
不如薄酒醉眠牛背上,先𢬵一飲醉如泥,0.8224623834304142
不如薄酒醉眠牛背上,冷石醉眠醒,0.810880930877899
不如薄酒醉眠牛背上,樓頭喫酒樓下卧,0.8349352975889299
不如薄酒醉眠牛背上,何如穩醉眠,0.8346221167420036
不如薄酒醉眠牛背上,夜醉長沙酒,0.8149936092724493
不如薄酒醉眠牛背上,醉酒或連朝,0.8019070229286372
醜婦自能搔背痒,癡女頭自櫛,0.8037661991542682
醜婦自能搔背痒,令兒快搔背,0.8335239897268676
李髯家徒立四壁,五年起家列霜戟,0.8257573676961694
李髯家徒立四壁,弟子韓幹早入室,0.8011479697822914
李髯家徒立四壁,昔有佳人公孫氏,0.8011345186326587
李髯家徒立四壁,顔氏之子才孤標,0.8175906108920666
李髯家徒立四壁,子干東諸侯,0.8021048360450445
李髯家徒立四壁,蘇氏今有之,0.8056807851546599
未嘗一飯能留客,茶瓜留客遲,0.8176101174578884
未嘗一飯能留客,常擬報一飯,0.8134009700162507
未嘗一飯能留客,但使殘年飽喫飯,0.8538450238288278
未嘗一飯能留客,未試囊中餐玉法,0.839095523639245
未嘗一飯能留客,對食暫餐還不能,0.8272597021284036
未嘗一飯能留客,對食不能餐,0.8125220856927012
未嘗一飯能留客,僧飯屢過門,0.827164927820576
未嘗一飯能留客,百年粗糲腐儒餐,0.8043031319274316
未嘗一飯能留客,粗飯依他日,0.8205704466763679
未嘗一飯能留客,食人更肯留妻子,0.8101840903809944
未嘗一飯能留客,一飯未曾留俗客,0.9470014735655414
未嘗一飯能留客,敕廚惟一味,0.8014756879617679
未嘗一飯能留客,玉粒未吾慳,0.8176812612117069
未嘗一飯能留客,諸僧但乞齋時飯,0.8552486285715744
未嘗一飯能留客,濁醪粗飯任吾年,0.8293631637558687
