황정견,두보,코사인 유사도
爲君試講古學,學書初學衞夫人,0.8046978965048153
爲君試講古學,續兒誦文選,0.8002268858179334
爲君試講古學,小兒學問止論語,0.8090985190183975
爲君試講古學,看君妙爲政,0.8097487426442402
爲君試講古學,勸郎勤六經,0.8161164569014284
爲君試講古學,文學與我游,0.8021394635269508
君看花梢朝露,仰看垂露姿,0.8120748847859592
何如松上霜風,直訝松杉冷,0.8009925543519094
何如松上霜風,何當清霜飛,0.8089217201148957
何如松上霜風,吹笛秋山風月清,0.8109733565452247
何如松上霜風,松林蘭若秋風晚,0.8057300703406101
何如松上霜風,獨坐飛風霜,0.8153644817327732
崇山更用憂何,胡羯仍構患,0.8015103363874732
且喜龔鄒冠豸,滎陽冠衆儒,0.8160013637042898
且喜龔鄒冠豸,臺迎獬豸威,0.8107291567703419
又聞張董上坡,伊昔太僕張景順,0.8076038814722514
又聞張董上坡,願見北地傅介子,0.8063837236628606
又聞張董上坡,初傳發閬州,0.802749598049123
又聞張董上坡,聞説江陵府,0.8016531742317192
又聞張董上坡,君不見西漢杜陵老,0.831356226709459
又聞張董上坡,昨見狄相孫,0.8135363208914739
看着莊周枯槁,看我形容已枯槁,0.8339277411027214
化爲胡蝶翾輕,俱飛蛺蝶元相逐,0.8091933080215646
化爲胡蝶翾輕,飛飛蜂蝶多,0.8092187276295857
化爲胡蝶翾輕,風輕粉蝶喜,0.8165418695089379
化爲胡蝶翾輕,輕輕柳絮點人衣,0.8037876134567764
化爲胡蝶翾輕,輕輕不下鷗,0.815138489158952
化爲胡蝶翾輕,輕輕花絮飛,0.8253683676585999
人見穿花入柳,穿花蛺蝶深深見,0.8312095424965475
人見穿花入柳,春知催柳别,0.800421903145834
誰知有體無情,尚謂求無形,0.8009436250001434
誰知有體無情,那得易爲情,0.8060598231923517
誰知有體無情,那知根無鬼神會,0.8008201570783828
誰知有體無情,意度不無神,0.8090559935987087
欲行水遶山圍,山危一徑盡,0.8044822183915831
欲行水遶山圍,溪行盡日無村塢,0.8055219298294838
欲行水遶山圍,塹北行椒却背村,0.8014217185218991
但聞鯤化鵬飛,風翮九霄鵬,0.8055082199068354
但聞鯤化鵬飛,鷙鳥舉翮連青雲,0.8028326812848658
但聞鯤化鵬飛,欲化北溟鯤,0.8574480949224679
但聞鯤化鵬飛,仰看西飛翼,0.8015862853543978
但聞鯤化鵬飛,丹極上鯤鵬,0.838468631613808
但聞鯤化鵬飛,變化有鵾鵬,0.8682016846460046
但聞鯤化鵬飛,有志乘鯨鼇,0.8126954696876019
但聞鯤化鵬飛,鵬圖仍矯翼,0.8224194378032872
但聞鯤化鵬飛,鵬路觀翱翔,0.8305275279834332
女憂鬢髮盡白,數莖白髮那抛得,0.8138903775398298
女憂鬢髮盡白,白髮好禁春,0.8035524457724315
女憂鬢髮盡白,被褐短窄鬢如絲,0.8225614595312574
女憂鬢髮盡白,已見白頭翁,0.8356802403837644
女憂鬢髮盡白,休看白髮生,0.8490956921711945
女憂鬢髮盡白,頭白眼暗坐有胝,0.8363034305542502
女憂鬢髮盡白,白頭搔更短,0.8162714586370806
女憂鬢髮盡白,白髮千莖雪,0.846591880019333
女憂鬢髮盡白,能添白髮明,0.8605277212753885
女憂鬢髮盡白,顔色白勝雪,0.8001028388739123
女憂鬢髮盡白,白髮悲花落,0.8335663272091478
女憂鬢髮盡白,老夫清晨梳白頭,0.8114957526919961
女憂鬢髮盡白,生子毛盡赤,0.8121221637044777
女憂鬢髮盡白,羡君齒髮新,0.8134157269200122
女憂鬢髮盡白,樂極傷頭白,0.816435115784957
女憂鬢髮盡白,鬢髮各已蒼,0.8878487334689305
女憂鬢髮盡白,白益毛髮古,0.8595407616825284
女憂鬢髮盡白,眼暗髮垂素,0.8377454620266622
女憂鬢髮盡白,休鑷鬢毛斑,0.8251971912138942
女憂鬢髮盡白,别來頭併白,0.8293358178296111
女憂鬢髮盡白,白髮竟誰憐,0.8462561340344261
女憂鬢髮盡白,惆悵頭更白,0.8188441741232237
女憂鬢髮盡白,白頭亂髮垂過耳,0.8621259025880046
女憂鬢髮盡白,毛衣慘黑貌憔悴,0.8078727365666174
女憂鬢髮盡白,鬢髮還應雪滿頭,0.8702256730307276
女憂鬢髮盡白,頭白恐風寒,0.8209566955659906
女憂鬢髮盡白,未肯鬢毛衰,0.8099668811202911
女憂鬢髮盡白,如今白髮翁,0.8685815764428908
女憂鬢髮盡白,百年雙白鬢,0.8218173135839112
女憂鬢髮盡白,更益鬢毛斑,0.8044709554045972
女憂鬢髮盡白,春日鬢俱蒼,0.8312949121639643
女憂鬢髮盡白,似惱鬢毛蒼,0.838383827584017
女憂鬢髮盡白,苦遭白髮不相放,0.8335707795475606
女憂鬢髮盡白,鬢髮自成絲,0.8637587899566226
女憂鬢髮盡白,何須白髮侵,0.8617678651887284
女憂鬢髮盡白,悲歌鬢髮白,0.8815426919874564
女憂鬢髮盡白,鬢毛元自白,0.8470575377740114
女憂鬢髮盡白,會面嗟黧黑,0.8158020831406902
女憂鬢髮盡白,髮少何勞白,0.8567588841152969
女憂鬢髮盡白,相視髮皓白,0.8615636973268999
女憂鬢髮盡白,男兒生無所成頭皓白,0.8429773451847687
女憂鬢髮盡白,白髮少新洗,0.8217220882548643
女憂鬢髮盡白,頭白免短促,0.8346306081770551
女憂鬢髮盡白,夔州處女髮半華,0.8090733776451847
女憂鬢髮盡白,已作白頭翁,0.8080643402790404
女憂鬢髮盡白,其如鑷白休,0.8135380347048732
女憂鬢髮盡白,新梳白髮微,0.8090992314633395
女憂鬢髮盡白,馮唐毛髮白,0.8643441795127811
女憂鬢髮盡白,子何面黧黑,0.8044922348374552
女憂鬢髮盡白,知吾斑鬢總如銀,0.822527695533166
女憂鬢髮盡白,白髮寐常早,0.8248530653179486
女憂鬢髮盡白,滄江白髮愁看汝,0.8074172975163357
女憂鬢髮盡白,我嘆黑頭白,0.8745470742701051
女憂鬢髮盡白,遭亂髮盡白,0.8832348694294461
女憂鬢髮盡白,白髮自能梳,0.8261457217135575
女憂鬢髮盡白,卽今蓬鬢改,0.8039724652125959
女憂鬢髮盡白,雖悲髮鬒變,0.8417713162965592
女憂鬢髮盡白,鬢毛垂領白,0.866030957420195
女憂鬢髮盡白,客間頭最白,0.8120993125933669
女憂鬢髮盡白,白髮甘凋喪,0.8513818478011665
女憂鬢髮盡白,哭君餘白頭,0.806076527320766
女憂鬢髮盡白,白蘋愁殺白頭翁,0.8083297082625941
女憂鬢髮盡白,白髮絲難理,0.8282774604201648
女憂鬢髮盡白,素髮乾垂領,0.8083452258959927
女憂鬢髮盡白,相見各頭白,0.8326902764363486
女憂鬢髮盡白,入怪鬢髮空,0.8602040038800947
兄歎江舩未歸,江頭且繫船,0.8114553901200008
兄歎江舩未歸,黄草峽西船不歸,0.8169474512927057
兄歎江舩未歸,杜陵老翁秋繫船,0.8082795080983936
肩輿欲到岑公洞,遠謁雲端僧,0.801120140555748
正怯衝泥傍險行,徑滑衣又寒,0.8060600428558896
正怯衝泥傍險行,馬寒防失道,0.8354029409163028
正怯衝泥傍險行,行步欹危實怕春,0.876520629983252
正怯衝泥傍險行,溪行衣自濕,0.8000727427987013
正怯衝泥傍險行,直愁騎馬滑,0.8064501098739992
正怯衝泥傍險行,行路徙欹危,0.8477812728621346
正怯衝泥傍險行,下食遭泥去,0.8021980528062735
正怯衝泥傍險行,虚疑皓首衝泥怯,0.8071708900161624
正怯衝泥傍險行,實少銀鞍傍險行,0.8583882871745814
正怯衝泥傍險行,扶行幾屐穿,0.8037519952898353
正怯衝泥傍險行,泥多仍徑曲,0.8025142107662195
正怯衝泥傍險行,路危行木杪,0.8140723278707931
正怯衝泥傍險行,危沙折花當,0.8099669614546559
定是岑公閟清境,自是君身有仙骨,0.8362317715110499
定是岑公閟清境,氣得神仙迥,0.8048751524167226
定是岑公閟清境,疑是崆峒來,0.8016433552554785
定是岑公閟清境,偶坐似是商山翁,0.8009412412709485
定是岑公閟清境,福地語真傳,0.8078730315360771
定是岑公閟清境,豈異神仙宅,0.8067472662674728
定是岑公閟清境,赤霄有真骨,0.800134578277655
定是岑公閟清境,仙遊終一閟,0.8270221780224996
定是岑公閟清境,曾是順幽獨,0.8026302758725457
春江一夜雨連明,一旬半雷雨,0.8057490414277209
春江一夜雨連明,江雨夜聞多,0.801866514013623
春江一夜雨連明,二月六夜春水生,0.8367442946060808
春江一夜雨連明,蜀天常夜雨,0.823771526398532
春江一夜雨連明,宿雨南江漲,0.8186806739364776
春江一夜雨連明,滄江夜來雨,0.8387793393251668
春江一夜雨連明,昨屬愁春雨,0.8024500505390904
春江一夜雨連明,因驚四月雨聲寒,0.8036931140224017
春江一夜雨連明,長安秋雨十日泥,0.8028875902940189
春江一夜雨連明,泊船秋夜經春草,0.8127388771998397
春江一夜雨連明,江鳴夜雨懸,0.804863027980117
春江一夜雨連明,雨含長江白,0.8242189615237737
春江一夜雨連明,暮春三月巫峽長,0.8044587478610488
春江一夜雨連明,春雨闇闇塞峽中,0.8024170025620705
春江一夜雨連明,江上今朝寒雨歇,0.8142020779850507
春江一夜雨連明,驟雨清秋夜,0.8064623406614793
春江一夜雨連明,北風昨夜雨,0.8082408900024892
蓬窗高卧雨如繩,閉户人高卧,0.8051759685961093
蓬窗高卧雨如繩,筆架霑窗雨,0.8259787725455894
今日岑公不能飲,使我不能餐,0.8088951915014018
今日岑公不能飲,對酒不能喫,0.8427346091527614
今日岑公不能飲,先𢬵一飲醉如泥,0.8009094152069914
今日岑公不能飲,暇日從時飲,0.8066447255210261
吾儕聞健且頻傾,攲傾煩注眼,0.8080844289922019
空巖静發鍾磬響,陰壑生虚籟,0.8387620483632497
空巖静發鍾磬響,泉聲聞復息,0.802148667830852
空巖静發鍾磬響,梵放時出寺,0.8215960092467112
空巖静發鍾磬響,萬籟真笙竽,0.8030156222298006
空巖静發鍾磬響,有時自發鐘磬響,0.90829246313612
空巖静發鍾磬響,颼颼林響交,0.8222131743762918
空巖静發鍾磬響,蟬聲集古寺,0.8087114853639261
空巖静發鍾磬響,僧來不語自鳴鐘,0.8496845008628049
空巖静發鍾磬響,夜鐘清萬户,0.8375353345605017
空巖静發鍾磬響,清聞樹杪磬,0.863535357839746
空巖静發鍾磬響,虚閣自松聲,0.8437572030635289
空巖静發鍾磬響,寂無斤斧響,0.8222439349283739
空巖静發鍾磬響,金吼霜鐘徹,0.8271080941320524
空巖静發鍾磬響,山虚風落石,0.8170847589307231
空巖静發鍾磬響,響下清虚裏,0.82149736102744
空巖静發鍾磬響,空峽夜多聞,0.8150851001454695
空巖静發鍾磬響,林昏罷幽磬,0.8559715962730378
空巖静發鍾磬響,晨溪響虚駃,0.8509909309789645
古木倒掛藤蘿昏,崩石欹山樹,0.802958124511858
古木倒掛藤蘿昏,藤蔓曲藏蛇,0.8062423997604163
古木倒掛藤蘿昏,絺衣掛蘿薜,0.8275267669454611
古木倒掛藤蘿昏,能添老樹巔崖裏,0.802656662333147
古木倒掛藤蘿昏,漱壑松柏秃,0.8374575731477187
古木倒掛藤蘿昏,摧頽蒼松根,0.8121588304103184
古木倒掛藤蘿昏,南望青松架短壑,0.8404830843325515
古木倒掛藤蘿昏,古木巃嵸枝相樛,0.8253359297252902
古木倒掛藤蘿昏,萬壑欹疏林,0.8541974912322057
古木倒掛藤蘿昏,高者掛罥長林梢,0.8120701542763927
古木倒掛藤蘿昏,野寺隱喬木,0.8211208169018364
古木倒掛藤蘿昏,諸天合在藤蘿外,0.8034668707722794
古木倒掛藤蘿昏,橘刺藤梢咫尺迷,0.8033346249223492
古木倒掛藤蘿昏,石根青楓林,0.8298135483393261
古木倒掛藤蘿昏,高蘿垂飲猿,0.8430387471144524
古木倒掛藤蘿昏,落落羣松直,0.8083612639599048
古木倒掛藤蘿昏,翠木蒼藤日月昏,0.8697347468718679
古木倒掛藤蘿昏,請看石上藤蘿月,0.8219288273082392
古木倒掛藤蘿昏,古廟杉松巢水鶴,0.804331599170353
古木倒掛藤蘿昏,古城疏落木,0.8132374700120626
古木倒掛藤蘿昏,巖排古樹圓,0.8103262051619629
古木倒掛藤蘿昏,倒石賴藤纏,0.8257001241284603
古木倒掛藤蘿昏,疏籬野蔓懸,0.8288544402711218
古木倒掛藤蘿昏,鎖石藤梢元自落,0.8135519485324146
古木倒掛藤蘿昏,暗樹依巖落,0.805035128435839
古木倒掛藤蘿昏,攀援懸根木,0.8197478562294737
古木倒掛藤蘿昏,嶠穿蘿蔦冪,0.8088355870005773
古木倒掛藤蘿昏,護堤盤古木,0.8172006698253271
莫道蒼崖鎖靈骨,路有凍死骨,0.8052163840696343
莫道蒼崖鎖靈骨,兩株慘裂苔蘚皮,0.8043981468467978
莫道蒼崖鎖靈骨,赤霄有真骨,0.8161120537903215
莫道蒼崖鎖靈骨,真骨老崖嶂,0.8659299784945071
莫道蒼崖鎖靈骨,巫山終可怪,0.806987015645122
莫道蒼崖鎖靈骨,空靈霞石峻,0.80420876393208
時將持鉢到諸村,他日杖藜來細聽,0.8064055454748247
時將持鉢到諸村,諸僧但乞齋時飯,0.8333513490200496
寺古松楠老,能添老樹巔崖裏,0.8391613107557876
寺古松楠老,漱壑松柏秃,0.8533487251013794
寺古松楠老,意鍾老柏青,0.8126796829932512
寺古松楠老,苔蘚山門古,0.8158673995016309
寺古松楠老,古寺僧牢落,0.8424607000977848
寺古松楠老,霜埋翠竹根,0.8004480504379252
寺古松楠老,野寺隱喬木,0.819824478624443
寺古松楠老,野寺根石壁,0.8117154730995044
寺古松楠老,直訝松杉冷,0.8253449784115002
寺古松楠老,真骨老崖嶂,0.811443862079186
寺古松楠老,古廟杉松巢水鶴,0.9136957779522452
寺古松楠老,松柏邙山路,0.8048978121622448
寺古松楠老,老身古寺風泠泠,0.803275238804315
寺古松楠老,鎖石藤梢元自落,0.8137770600691328
寺古松楠老,木雜古今樹,0.802142255846134
巖虚塔廟開,金銀佛寺開,0.8200847487068548
巖虚塔廟開,嵌空太始雪,0.8056407603882583
巖虚塔廟開,龍宫塔廟湧,0.8566701116039614
巖虚塔廟開,山虚風落石,0.8077142589143017
巖虚塔廟開,巖排古樹圓,0.83074200539613
巖虚塔廟開,暗樹依巖落,0.8047860928836819
巖虚塔廟開,霜空萬嶺含,0.8045096164862717
巖虚塔廟開,空靈霞石峻,0.8160388320322971
巖虚塔廟開,寺門高開洞庭野,0.8143464499279611
僧緣蠶麥去,逕轉山田熟,0.8189680087231163
僧緣蠶麥去,僧飯屢過門,0.8236051550351594
僧緣蠶麥去,家須農事歸,0.8185046338314182
官數荔支來,憶過瀘戎摘茘枝,0.8067543054425272
石室無心骨,汝骨在空城,0.8118437978700357
石室無心骨,萬古一骸骨,0.8045868713379893
金鋪稱意苔,隨意坐莓苔,0.8204422096868871
金鋪稱意苔,玉殿莓苔青,0.8249579214419361
金鋪稱意苔,糝徑楊花鋪白氈,0.8004048467122056
金鋪稱意苔,古苔生迮地,0.8161118766006223
若爲劉道者,向非劉顥爲地主,0.8350257100178172
若爲劉道者,爲問馭者誰,0.8112567419215269
若爲劉道者,若道巫山女粗醜,0.8123476863296467
若爲劉道者,恥爲達人誚,0.8110208729187718
往往携家來託宿,攜我遠來遊渼陂,0.8013804593063648
往往携家來託宿,暫往比隣去,0.8016349163818803
往往携家來託宿,偶攜老妻去,0.814941789901348
裙襦參錯佛衣巾,繡羅衣裳照莫春,0.8297624092331422
裙襦參錯佛衣巾,宫衣著更香,0.8079413773784997
裙襦參錯佛衣巾,羅襦不復施,0.8076781431412638
裙襦參錯佛衣巾,腰支賸寶衣,0.8072961107023608
裙襦參錯佛衣巾,山僧衣藍縷,0.8103689402459362
裙襦參錯佛衣巾,幅巾鞶帶不掛身,0.8543598192544737
裙襦參錯佛衣巾,垂實礙衣裳,0.8080035902886402
裙襦參錯佛衣巾,卒伍單衣裳,0.8111659778740731
未嫌滿院油頭臭,溜匙兼煖腹,0.8056563028644981
巴俗深留客,陳留風俗衰,0.8232972314277647
巴俗深留客,巴蜀來多病,0.8366359423442258
巴俗深留客,巴俗自爲隣,0.8403121737768746
巴俗深留客,稽留楚客中,0.8261708823464047
巴俗深留客,峽内淹留客,0.814083677482047
巴俗深留客,塞俗人無井,0.8107267460715215
巴俗深留客,淹留見俗情,0.8209691783186708
吴儂但憶歸,解水乞吴兒,0.8062720693996617
直知難共語,聰慧與誰論,0.8021101457147903
直知難共語,晤語契深心,0.8046189456868766
直知難共語,論文笑自知,0.8121769617467496
不是故相違,暫時相賞莫相違,0.8133217627285587
不是故相違,須汝故相攜,0.8113033174347407
不是故相違,故人相見未從容,0.8020078290888469
不是故相違,不在相逢早,0.8246099566186531
不是故相違,相逢半新故,0.8098425032271492
不是故相違,不是故離羣,0.8736401205803788
不是故相違,相逢故國人,0.813936375253068
不是故相違,相要舊俗非,0.8383970364278586
不是故相違,世故莽相仍,0.8271736061851555
不是故相違,不與故園同,0.8273818021067971
不是故相違,舊俗自相歡,0.8030145021852919
江陵换裌衣,杜陵有布衣,0.852362801862802
江陵换裌衣,宫衣著更香,0.8005711005724101
江陵换裌衣,歲暮衣裳單,0.8159270316261888
江陵换裌衣,時能點客衣,0.8015897874431102
江陵换裌衣,垂老戎衣窄,0.8052215305195303
江陵换裌衣,五陵衣馬自輕肥,0.8049465089581527
江陵换裌衣,江令錦袍鮮,0.8061188518643332
江陵换裌衣,未使吳兵著白袍,0.8012713583723156
江陵换裌衣,下令減征賦,0.8010918816980397
丁寧巫峽雨,卽從巴峽穿巫峽,0.8014866427578723
丁寧巫峽雨,巫峽將之郡,0.8300080557298029
丁寧巫峽雨,朝朝巫峽水,0.8011965929198803
丁寧巫峽雨,巫峽漏司南,0.8542157449661817
丁寧巫峽雨,巫峽長雲雨,0.8523951032802515
丁寧巫峽雨,巫峽日夜多雲雨,0.8132696362888829
丁寧巫峽雨,楚宫臘送荆門水,0.8013568125591553
丁寧巫峽雨,暮春三月巫峽長,0.8442369495602455
丁寧巫峽雨,劍門來巫峽,0.8234916898366931
丁寧巫峽雨,楚江巫峽半雲雨,0.8457591148669965
丁寧巫峽雨,天寒出巫峽,0.823593560687016
丁寧巫峽雨,巫峽蟠江路,0.8089439744677952
丁寧巫峽雨,由來巫峽水,0.8383930118915364
丁寧巫峽雨,巫峽寒都薄,0.810477751499828
丁寧巫峽雨,巫峽中宵動,0.8180365333197388
丁寧巫峽雨,寒空巫峽曙,0.8110102152159452
丁寧巫峽雨,楚江巫峽冰入懷,0.8080895617674073
丁寧巫峽雨,三蟄楚祠雷,0.8075942098633844
丁寧巫峽雨,烟雨封巫峽,0.8114218121033795
陳君今古焉不學,鄭氏才振古,0.8184700890511076
陳君今古焉不學,蔡子勇成癖,0.8023684334797225
陳君今古焉不學,昔何勇鋭今何愚,0.8013475459042303
陳君今古焉不學,論文或不愧,0.8182778906602153
陳君今古焉不學,不減昔時陳太丘,0.8120454281827626
陳君今古焉不學,平公今詩伯,0.8001331894022896
陳君今古焉不學,古人日已遠,0.8072379554343494
陳君今古焉不學,古人不可見,0.8112538828938536
陳君今古焉不學,秦有李斯漢蔡邕,0.8060305910665968
陳君今古焉不學,惜哉李蔡不復得,0.8234155428054077
陳君今古焉不學,禮亦如古昔,0.8169302972269917
陳君今古焉不學,君不見東吳顧文學,0.8114794414308044
陳君今古焉不學,蘇氏今有之,0.8323108742473582
清渭無心映涇濁,秋水清無底,0.8308766011130876
清渭無心映涇濁,涇渭不可求,0.8045767887129864
清渭無心映涇濁,江水清源曲,0.820516265587879
清渭無心映涇濁,濁涇清渭何當分,0.8842585533027084
清渭無心映涇濁,晝洗須騰涇渭深,0.8335377698427938
清渭無心映涇濁,穢濁殊未清,0.8102297081103218
清渭無心映涇濁,清渭東流劍閣深,0.8006763996612728
清渭無心映涇濁,傾榼濁復清,0.8004989496634789
清渭無心映涇濁,沙苑臨清渭,0.8055020098647934
清渭無心映涇濁,清渭無情極,0.8280788605375236
清渭無心映涇濁,豈徒比清流,0.8074216163678964
清渭無心映涇濁,清無沙土痕,0.8113571862221941
清渭無心映涇濁,可照濁水源,0.8535245350906926
清渭無心映涇濁,江清心可瑩,0.8307408241601617
清渭無心映涇濁,涇渭開愁容,0.8042601693816962
清渭無心映涇濁,永與清溪别,0.8005598484854487
清渭無心映涇濁,休辯渭與涇,0.8194216880042371
清渭無心映涇濁,濁河終不污清濟,0.8922447165880396
清渭無心映涇濁,出清泚,0.8181325609432452
清渭無心映涇濁,腸斷秦川流濁涇,0.8178677510269989
漢官舊儀重九鼎,經傳拱漢皇,0.8144562025859261
漢官舊儀重九鼎,朝廷故舊禮數絶,0.8030994357505324
漢官舊儀重九鼎,宜居漢近臣,0.815397179891004
漢官舊儀重九鼎,能事聞重譯,0.8050241805630883
漢官舊儀重九鼎,上公猶寵錫,0.8088539559465138
漢官舊儀重九鼎,後漢更列帝,0.8073414354652445
漢官舊儀重九鼎,遷擢潤朝廷,0.8230091887432633
漢官舊儀重九鼎,舊官寧改漢,0.8207451990491308
漢官舊儀重九鼎,象闕憲章新,0.8589338694787813
漢官舊儀重九鼎,再覩漢官儀,0.8913772210580613
漢官舊儀重九鼎,晉室丹陽尹,0.8062951547492714
漢官舊儀重九鼎,上帝高居絳節朝,0.8018289408442574
漢官舊儀重九鼎,朝廷記識蒙禄秩,0.8205486499097081
漢官舊儀重九鼎,義忝上官通,0.8149124721509617
漢官舊儀重九鼎,跡忝朝廷舊,0.8178505175207944
漢官舊儀重九鼎,朝廷多正臣,0.8221987035434568
漢官舊儀重九鼎,殊錫曾爲大司馬,0.8171607042639719
漢官舊儀重九鼎,肅宗登寶位,0.8152573441519215
漢官舊儀重九鼎,漢儀尚整肅,0.8176403577816067
漢官舊儀重九鼎,歷職漢庭久,0.8394221796619115
漢官舊儀重九鼎,漢朝頻選將,0.8235739884057329
漢官舊儀重九鼎,周宣漢武今王是,0.810745107055491
漢官舊儀重九鼎,神靈漢代中興主,0.8081999929393602
漢官舊儀重九鼎,九重思諫諍,0.800889167608424
漢官舊儀重九鼎,漢官威儀重昭洗,0.8992150073985756
漢官舊儀重九鼎,郎官幸備員,0.8155078778778166
漢官舊儀重九鼎,翟表郎官瑞,0.8093044943272385
漢官舊儀重九鼎,漢庭和異域,0.8108028435844185
漢官舊儀重九鼎,上官督有司,0.8164080681429444
漢官舊儀重九鼎,秩禮自百王,0.8254521611028196
漢官舊儀重九鼎,邦家用祀典,0.8027401376396164
漢官舊儀重九鼎,漢道中興盛,0.8318886744843241
漢官舊儀重九鼎,君行佐紀綱,0.808379284820992
漢官舊儀重九鼎,守職甚昭焕,0.8055751338346719
集賢學士見一角,昔時賢俊人,0.8020349879957689
集賢學士見一角,諸孫賢至今,0.8038284617284661
集賢學士見一角,古來賢達士,0.8125833726550928
集賢學士見一角,高賢世未識,0.8147137840369214
集賢學士見一角,公來練猛士,0.8096178056665991
集賢學士見一角,集賢學士如堵牆,0.8954517061216443
集賢學士見一角,若道士無英俊才,0.8013325754458795
集賢學士見一角,古來傑出士,0.8130622069869188
集賢學士見一角,時見文章士,0.8216294840630041
王侯文采似於菟,如公盡雄俊,0.8199518622068194
王侯文采似於菟,尚愛卓文君,0.8105006448146301
王侯文采似於菟,文雅見天倫,0.8064677812877604
王侯文采似於菟,斯文崔魏徒,0.8472533963924214
王侯文采似於菟,秦有李斯漢蔡邕,0.8045227137249361
王侯文采似於菟,子建文章壯,0.8025529115962096
王侯文采似於菟,已似愛文章,0.8026772294746137
王侯文采似於菟,宗英李端公,0.8060130356359532
王侯文采似於菟,高誇周宋鐔,0.8112659255628782
洪甥人間汗血駒,萬里方看汗流血,0.8184237216886198
洪甥人間汗血駒,驊騮作駒已汗血,0.8389093136510093
洪甥人間汗血駒,京師皆騎汗血馬,0.835060952685192
洪甥人間汗血駒,陰山驕子汗血馬,0.8604701478805901
洪甥人間汗血駒,坡陀青州血,0.8053140995949235
洪甥人間汗血駒,馬來皆汗血,0.8493717867572939
洪甥人間汗血駒,汗溝血不赤,0.8348794664093007
洪甥人間汗血駒,渥洼汗血種,0.8223765178046192
洪甥人間汗血駒,後生血氣豪,0.8048689266849713
洪甥人間汗血駒,倜儻汗血駒,0.843643418807534
相將問道城南隅,欲往城南望城北,0.8195527773184004
相將問道城南隅,近聞西枝西,0.8011355797041981
相將問道城南隅,安得送我置汝傍,0.800726424958161
相將問道城南隅,遣騎安置瀼西頭,0.8209616003291651
相將問道城南隅,相過問兩京,0.800255312384881
相將問道城南隅,與子避地西康州,0.8033754467641032
無屋正借舡官居,尚置官居守,0.8060154924811614
無屋正借舡官居,不可好樓居,0.8067249396420084
無屋正借舡官居,此身那得更無家,0.8001275344192031
無屋正借舡官居,無錢居帝里,0.8225946528809075
無屋正借舡官居,誅茅卜居總爲此,0.8153780147348526
無屋正借舡官居,營葺但草屋,0.8085796164655663
有書萬卷繞四壁,幾歲寄我空中書,0.8521863249734782
有書萬卷繞四壁,讀書破萬卷,0.9256951596670067
有書萬卷繞四壁,牀上書連屋,0.8092434592362776
有書萬卷繞四壁,詩書遂牆壁,0.8373510899159726
有書萬卷繞四壁,汝書猶在壁,0.8068006230298889
有書萬卷繞四壁,郎有焦校書,0.8228687197310924
有書萬卷繞四壁,散亂牀上書,0.8185232961576058
有書萬卷繞四壁,老妻書數紙,0.8249669836615627
有書萬卷繞四壁,陳公讀書堂,0.8121325258524348
有書萬卷繞四壁,但見書畫傳,0.8439980258649056
有書萬卷繞四壁,漫卷詩書喜欲狂,0.8021849098800984
有書萬卷繞四壁,有使卽寄書,0.8049966716079476
有書萬卷繞四壁,觀我落筆中書堂,0.8475317911522802
有書萬卷繞四壁,風牀展書卷,0.8237426421501564
有書萬卷繞四壁,篋中有舊筆,0.8106829169673768
有書萬卷繞四壁,燋卷有生意,0.8109817073089866
有書萬卷繞四壁,楊公拂篋笥,0.8027526084246805
有書萬卷繞四壁,閲書百氏盡,0.8156383699820681
有書萬卷繞四壁,讀書東嶽中,0.8166254588937248
有書萬卷繞四壁,前後百卷文,0.8488874930413612
有書萬卷繞四壁,昔獻書畫圖,0.8085543450987058
有書萬卷繞四壁,讀書秋樹根,0.8108811010209462
有書萬卷繞四壁,經書滿腹中,0.8505775364321064
有書萬卷繞四壁,群書一萬卷,0.9049211325658051
有書萬卷繞四壁,群書萬卷常暗誦,0.9115367359696953
有書萬卷繞四壁,年少今開萬卷餘,0.8317002381517564
有書萬卷繞四壁,攤書解滿牀,0.8257809806139238
有書萬卷繞四壁,闇闇書籍滿,0.8007663461063326
有書萬卷繞四壁,念我能書數字至,0.8299917123684739
有書萬卷繞四壁,中有古刺史,0.8060008280000691
樵蘇不爨談至夕,不爨井晨凍,0.8044411835480322
主人自是文章伯,自稱臣是酒中仙,0.8206879621721566
主人自是文章伯,是何意態雄且傑,0.8015450899825799
主人自是文章伯,始知賢主人,0.8091195888340541
主人自是文章伯,諸翁乃仙伯,0.8207337649013887
主人自是文章伯,每語見許文章伯,0.8057356388741395
主人自是文章伯,人憐漢公主,0.8271604632989397
主人自是文章伯,尚愛卓文君,0.8118889127685142
主人自是文章伯,但見文翁能化俗,0.803026224998454
主人自是文章伯,平公今詩伯,0.8116106675134653
主人自是文章伯,若道士無英俊才,0.8062637580441301
主人自是文章伯,公侯出異人,0.8030312219950266
主人自是文章伯,文翁儒化成,0.8074135789509027
主人自是文章伯,恐是漢代韓張良,0.8207534110165526
主人自是文章伯,時見文章士,0.8093235112821416
主人自是文章伯,主人不世才,0.8483060354503329
主人自是文章伯,已似愛文章,0.8201770698967628
鄰里頗怪有此客,昔年有狂客,0.8050814836817322
鄰里頗怪有此客,邑有佳主人,0.8192036465754385
鄰里頗怪有此客,有客有客字子美,0.8277403330832103
鄰里頗怪有此客,走覓南隣愛酒伴,0.8228275188149985
鄰里頗怪有此客,村中好客稀,0.8107774218949442
鄰里頗怪有此客,未覺村野醜,0.8093011857697857
鄰里頗怪有此客,客裏有所適,0.8280576902882915
鄰里頗怪有此客,鄰里喜我歸,0.8089317154769242
鄰里頗怪有此客,好客見當時,0.8018721147402514
鄰里頗怪有此客,佳客適萬里,0.8064880683041821
鄰里頗怪有此客,況乃主客間,0.8192048704498194
鄰里頗怪有此客,引爲賓客敬頗久,0.8028289746255862
食貧各仕天一方,各有稻粱謀,0.8079953261505644
食貧各仕天一方,各在天一涯,0.8201618631783305
食貧各仕天一方,家貧苦宦卑,0.8021519197195015
食貧各仕天一方,諸弟各異方,0.8027776552892643
食貧各仕天一方,安貧亦士常,0.8289912880312837
食貧各仕天一方,苦飢始得食一蟲,0.8162737961786395
食貧各仕天一方,小兒五歲氣食牛,0.8032148830928602
食貧各仕天一方,兵久食恐貧,0.8069386576543705
食貧各仕天一方,賤夫美一睡,0.8139446019426293
食貧各仕天一方,貧賤固其常,0.823497350540357
食貧各仕天一方,今幸樂國養微軀,0.8172406003929933
佳人可思不可忘,可望不可攀,0.8477442353353394
佳人可思不可忘,若人可數見,0.8038835046570427
佳人可思不可忘,故鄉不可思,0.8271171532617614
佳人可思不可忘,古人不可見,0.8402479528721704
佳人可思不可忘,故園不可見,0.8065284378143244
佳人可思不可忘,斯人不重見,0.8061376304445256
河從天來砥柱立,交河幾蹴曾冰裂,0.8200970092927156
河從天來砥柱立,洪河左瀅濴,0.8116178272470607
河從天來砥柱立,恐觸天柱折,0.8159635775114116
河從天來砥柱立,西極柱亦傾,0.8171865650026318
河從天來砥柱立,赤岸水與銀河通,0.8010754667033466
河從天來砥柱立,江通一柱觀,0.8323289006398106
河從天來砥柱立,洪濤滔天風拔木,0.8072000300462965
河從天來砥柱立,船經一柱觀,0.8092620112382033
河從天來砥柱立,城峻隨天壁,0.8091478674983515
河從天來砥柱立,河漢騰烟柱,0.8428144160813109
河從天來砥柱立,東得平岡出天壁,0.8063472408002565
河從天來砥柱立,天地劃争迴,0.8231970621110083
河從天來砥柱立,壁立石城横塞起,0.8151377464400305
河從天來砥柱立,南紀連銅柱,0.8026229473264148
河從天來砥柱立,雨來銅柱北,0.8031751045568949
愛莫助之涕淋浪,不須聞此意慘愴,0.8090786654240215
愛莫助之涕淋浪,撫事淚浪浪,0.8139869807355449
隨俗易汩没,世儒多汩没,0.8418544545424331
隨俗易汩没,忍爲塵埃没,0.8030548131947112
隨俗易汩没,浮生有蕩汩,0.806595467248497
隨俗易汩没,同惡隨蕩析,0.8014340230663805
隨俗易汩没,乃將汩没同,0.8397775637387908
隨俗易汩没,卽恐岸隨流,0.8166064977500916
隨俗易汩没,汩汩避羣盗,0.8104229453624467
隨俗易汩没,汩没隨漁商,0.8759454828400368
隨俗易汩没,生涯相汩没,0.815991841168648
從公常糾紛,世上兒子徒紛紛,0.8171146320298746
從公常糾紛,坐客醉紛紛,0.8089995101527587
我觀王隆化,君王自神武,0.8044992993193506
我觀王隆化,神堯舊天下,0.8031263521540959
我觀王隆化,今王德教淳,0.8253102533270968
我觀王隆化,周宣中興望我皇,0.8240563081185277
我觀王隆化,皇天德澤降,0.8004086364456988
我觀王隆化,天王日儉德,0.8058122576976785
我觀王隆化,崇大王法度,0.8175634299126155
我觀王隆化,興衰看帝王,0.8126117891120462
入蕕不改薰,薰風行應律,0.8162975954821492
未見蛇起陸,不復見平陸,0.8123427332215756
未見蛇起陸,恐泥竄蛟龍,0.8245162743293328
未見蛇起陸,義動修蛇蟄,0.8292368104096521
未見蛇起陸,龍怒拔老湫,0.8137761375561692
未見蛇起陸,泥沙困老龍,0.8000292681990606
未見蛇起陸,慎勿見水踴躍學變化爲龍,0.8145461252328221
未見蛇起陸,腥至焦長蛇,0.8086767721662375
未見蛇起陸,蛟龍鬭不開,0.8086357833381295
未見蛇起陸,回首怪龍鱗,0.8014705208040711
未見蛇起陸,潛龍故起雲,0.8273820360718867
未見蛇起陸,龍蛇不成蟄,0.8534119082285485
未見蛇起陸,凍埋蛟龍南浦縮,0.8133554347182514
未見蛇起陸,熊羆欲蟄龍蛇深,0.8111299755733854
未見蛇起陸,一起轍中鱗,0.8006300118695224
愛君古人風,有美生人傑,0.8073221747222643
愛君古人風,老夫生平好奇古,0.8087166921820577
愛君古人風,因見古人情,0.8178211961214724
愛君古人風,尚愛卓文君,0.8197406541791484
愛君古人風,爲愛丈人山,0.853104700537641
愛君古人風,不薄今人愛古人,0.8950399878042803
愛君古人風,少保有古風,0.8592549839481021
愛君古人風,嗜酒愛風竹,0.8331283058533872
愛君古人風,古來賢達士,0.808992921925541
愛君古人風,非君愛人客,0.849647604031879
愛君古人風,賢者貴爲德,0.8012996464372505
愛君古人風,諸葛蜀人愛,0.8155621007495195
愛君古人風,好學尚貞烈,0.8118202352960664
愛君古人風,古來傑出士,0.8105285718178507
愛君古人風,唯君最愛清狂客,0.8151677706500144
愛君古人風,質朴古人風,0.8916339568361145
愛君古人風,吾人詩家秀,0.8446389713922546
愛君古人風,主人不世才,0.8196205289676504
愛君古人風,吾賢富才術,0.8083101876710459
愛君古人風,風流吾賢紹,0.8174067147848103
古壺投贈君,投詩贈汨羅,0.815342982775701
古壺投贈君,脱劍主人贈,0.8233174998771357
酌酒時在旁,清夜置酒臨前除,0.8270483571507807
酌酒時在旁,酒酣進庶羞,0.8055539273655268
酌酒時在旁,如今足斟酌,0.8191052072949705
酌酒時在旁,對酒不能喫,0.8108275425696065
酌酒時在旁,十觴亦不醉,0.814818848513722
酌酒時在旁,安得送我置汝傍,0.8126363679357613
酌酒時在旁,開樽獨酌遲,0.8117021794945625
酌酒時在旁,獨酌甘泉歌,0.8040178442753179
酌酒時在旁,邀我嘗春酒,0.8313805922342894
酌酒時在旁,把臂開樽飲我酒,0.8285343739163917
酌酒時在旁,置酒高林下,0.8059451455467663
酌酒時在旁,把酒宜深酌,0.8183779748011353
酌酒時在旁,酒香傾坐側,0.8252219183793543
問君何以報,道甫問訊今何如,0.8203987080043393
問君何以報,請公問主將,0.8057877965014126
問君何以報,借問今何官,0.845826136534999
問君何以報,死去憑誰報,0.8439693681770974
問君何以報,問我來何方,0.819830521679604
問君何以報,欲問平安無使來,0.8185941233448824
問君何以報,何以報皇天,0.8439345141039252
問君何以報,報主爾何遲,0.8677560999179574
問君何以報,客至欲如何,0.8051833728118805
問君何以報,借問苦心愛者誰,0.8009035062740701
問君何以報,諸君何以答升平,0.8435815602022534
問君何以報,報答在斯須,0.8199878459476324
問君何以報,爲報欲論詩,0.8067126049531448
問君何以報,報之以微寒,0.8060027118591432
問君何以報,與余問答既有以,0.8200482656852621
問君何以報,重問子何之,0.8879117951259581
問君何以報,何時有報章,0.8309249898284072
直諒與多聞,干請傷直性,0.8096499568581823
翰墨場中老伏波,波瀾獨老成,0.8050203847818322
翰墨場中老伏波,塵中老盡力,0.8078301210588175
翰墨場中老伏波,縱使盧王操翰墨,0.8098269994735711
翰墨場中老伏波,詞場竟疏闊,0.8054270717793561
翰墨場中老伏波,波濤良史筆,0.8093667553314365
翰墨場中老伏波,出遊翰墨場,0.8461519258655266
近人積水無鷗鷺,河間雙白鷗,0.8070630622430881
近人積水無鷗鷺,水深魚知聚,0.801849231572835
近人積水無鷗鷺,浦鷗防碎首,0.8011666347676697
近人積水無鷗鷺,相親相近水中鷗,0.8057897992414644
近人積水無鷗鷺,白鷗元水宿,0.8184575878206115
近人積水無鷗鷺,宿鷺起圓沙,0.8091114759258972
近人積水無鷗鷺,人遠鳧鴨亂,0.8434741010398477
近人積水無鷗鷺,浴鳧飛鷺晚悠悠,0.8005158439111071
近人積水無鷗鷺,狎鷗輕白浪,0.8355250216126417
近人積水無鷗鷺,遠鷗浮水静,0.856846739133112
近人積水無鷗鷺,鷗邊水葉開,0.8009030015685057
近人積水無鷗鷺,沙頭宿鷺聯拳静,0.8166453368910341
近人積水無鷗鷺,晴浴狎鷗分處處,0.8101658531291736
近人積水無鷗鷺,江浦寒鷗戲,0.8056851583649434
近人積水無鷗鷺,江湖多白鳥,0.8046455229403198
近人積水無鷗鷺,寒空見鴛鷺,0.8027780987237961
近人積水無鷗鷺,沙鷗並一雙,0.8162697562418717
近人積水無鷗鷺,野静白鷗來,0.8425029500689566
近人積水無鷗鷺,江晚白鷗飢,0.8186383961804521
維摩老子五十七,只今年纔十六七,0.8672442112868175
維摩老子五十七,父老四五人,0.8702266810203111
維摩老子五十七,十年過父老,0.812996067081124
維摩老子五十七,憶年十五心尚孩,0.8432655477849251
維摩老子五十七,高者十八九,0.8112862076044373
維摩老子五十七,薛公十一鶴,0.8100261852872549
維摩老子五十七,禽獸已斃十七八,0.8050835696267074
維摩老子五十七,四十五十無夫家,0.8635468729321094
維摩老子五十七,往者十四五,0.8471639609504872
維摩老子五十七,潮也奄有二子成三人,0.8011428959958565
維摩老子五十七,吾宗老孫子,0.8009387545865296
維摩老子五十七,梁公曾孫我姨弟,0.8059228956157042
維摩老子五十七,比看伯叔四十人,0.8405952768397924
維摩老子五十七,弟子四五人,0.8804621514924216
維摩老子五十七,神堯十八子,0.8231450647210397
維摩老子五十七,十七王其門,0.8078439905460639
維摩老子五十七,五十白頭翁,0.8232629208851852
大聖天子初元年,天人夙德升,0.8366340846080877
大聖天子初元年,一物但荷皇天慈,0.8122751843919369
大聖天子初元年,萬歲千秋奉明主,0.8001340629618265
大聖天子初元年,神堯舊天下,0.8441369270968107
大聖天子初元年,喜遇武功天,0.8205525342823232
大聖天子初元年,宣光果明哲,0.8251751822430125
大聖天子初元年,聖圖天廣大,0.8730894163728793
大聖天子初元年,聖朝新孝理,0.833957744958281
大聖天子初元年,乾元元年春,0.8539807176892157
大聖天子初元年,天子正前席,0.8001134665952676
大聖天子初元年,唐堯真自聖,0.8268635647386844
大聖天子初元年,帝力收三統,0.8031628759899363
大聖天子初元年,三皇五帝前,0.8177606451864381
大聖天子初元年,元年建巳月,0.8260852727278813
大聖天子初元年,元年建巳月,0.8260852727278813
大聖天子初元年,經營上元始,0.8189209136064157
大聖天子初元年,漢光得天下,0.8014016278671527
大聖天子初元年,憶昔先皇巡朔方,0.8050738118965005
大聖天子初元年,憶昔開元全盛日,0.8254761701677602
大聖天子初元年,一德興王後,0.8117395915473246
大聖天子初元年,皇皇使臣體,0.8018644721906173
大聖天子初元年,皇天德澤降,0.8256417063094446
大聖天子初元年,往者開元中,0.8222414050540254
大聖天子初元年,聖聰矧多仁,0.8036538260654753
大聖天子初元年,天子惟孝孫,0.8217668989616718
大聖天子初元年,元元歸始終,0.8047118325178414
大聖天子初元年,先帝正好武,0.8060759793852207
大聖天子初元年,歷歷開元事,0.8134152685347635
大聖天子初元年,太陽信深仁,0.8035342333547413
大聖天子初元年,上有明哲君,0.8043963878775875
大聖天子初元年,聖壽宜過一萬春,0.8424561616837635
大聖天子初元年,神靈漢代中興主,0.8109600349188859
大聖天子初元年,天王日儉德,0.8580630533184495
大聖天子初元年,堯有四岳明至理,0.8345097039339062
大聖天子初元年,崇大王法度,0.8133187741340258
大聖天子初元年,武德開元際,0.8732419059346535
大聖天子初元年,玄元皇帝聖雲孫,0.8943016504612978
大聖天子初元年,佐佑卿相乾坤平,0.8058862804266824
大聖天子初元年,昔在開元中,0.8368041194748415
大聖天子初元年,聖主他年貴,0.8057765091088722
大聖天子初元年,宗枝神堯後,0.8198293223215449
大聖天子初元年,武帝元同時,0.8476307642988092
大聖天子初元年,皇天實照臨,0.8337476381086004
傳聞有意用幽仄,看君用幽意,0.8203717874350593
傳聞有意用幽仄,至性有此不,0.80988337092189
傳聞有意用幽仄,深意實在此,0.8035473376941384
傳聞有意用幽仄,愚意會所適,0.813867199486378
傳聞有意用幽仄,静者心多妙,0.8097140218326793
傳聞有意用幽仄,丹梯近幽意,0.8249339663283378
傳聞有意用幽仄,幽棲誠簡略,0.8064025192495231
傳聞有意用幽仄,道術曾留意,0.8164586282195928
傳聞有意用幽仄,草聖秘難得,0.8043196483374491
傳聞有意用幽仄,清絶心有向,0.8066348465580846
傳聞有意用幽仄,引注來鳥道,0.8028296867623879
傳聞有意用幽仄,晚聞多妙教,0.8095789928559323
傳聞有意用幽仄,得盡所歷妙,0.8148299266581291
病着不能朝日邊,肺病幾時朝日邊,0.8772966398011005
病着不能朝日邊,身病不能拜,0.8044813587384585
病着不能朝日邊,余病不能起,0.8007751895688349
病着不能朝日邊,多病馬卿無日起,0.8114522849179706
病着不能朝日邊,病身終不動,0.8004614927202318
病着不能朝日邊,入朝病見妨,0.8069201698571569
仁風義氣徹脩門,廟堂知至理,0.8162731048642016
仁風義氣徹脩門,孝理敦國政,0.8102482450514803
仁風義氣徹脩門,妙譽期元宰,0.8006399171610548
仁風義氣徹脩門,高義動乾坤,0.8181444195420603
仁風義氣徹脩門,修文廟算正,0.8035910940505506
十分整頓乾坤了,整頓乾坤濟時了,0.9325282448327014
十分整頓乾坤了,乾坤醉眼中,0.803269804839532
十分整頓乾坤了,無力正乾坤,0.8135749415030542
十分整頓乾坤了,乾坤雖寬大,0.8070746298500404
十分整頓乾坤了,納納乾坤大,0.8093809556959607
十分整頓乾坤了,乾坤幾反覆,0.812886279625569
復辟歸來道更尊,復道使歸秦,0.8073323573723414
成王小心似文武,君王自神武,0.87074939604599
成王小心似文武,須存武威郡,0.801275785723343
成王小心似文武,成王功大心轉小,0.8743836082827541
成王小心似文武,蘇武元還漢,0.8166191167313244
成王小心似文武,後王尚柔遠,0.8160051088503306
成王小心似文武,將軍魏武之子孫,0.8005458548568818
成王小心似文武,武功少也孤,0.8166796477661005
成王小心似文武,用才文章境,0.8121869767044649
成王小心似文武,恐是漢代韓張良,0.8085041651925188
成王小心似文武,李陵蘇武是吾師,0.8013249379785969
成王小心似文武,周宣漢武今王是,0.8287100368298499
成王小心似文武,修文偃武不無人,0.8099304063677824
成王小心似文武,在汝更用文章爲,0.809858058975992
成王小心似文武,業成陳始王,0.8086333872853917
成王小心似文武,子建文章壯,0.8272302169769767
成王小心似文武,崇大王法度,0.8033535544365693
不須要出我門下,何由却出横門道,0.8469906876643143
不須要出我門下,出門復入門,0.8052911904113988
不須要出我門下,要我下馬行,0.8145378561644576
不須要出我門下,過客徑須愁出入,0.800262190264859
不須要出我門下,男當門户女出入,0.8104344528618286
不須要出我門下,不必取長途,0.8000042421126224
實用人材即至公,才傑俱登用,0.8051557495144486
實用人材即至公,張公歎其材盡下,0.8114193379481818
實用人材即至公,材力爾精靈,0.8327460138883391
實用人材即至公,方知不材者,0.8147024414125379
實用人材即至公,於身色有用,0.8078509577657023
實用人材即至公,用才復擇誰,0.8042750227992199
實用人材即至公,古來材大難爲用,0.8718232823959794
實用人材即至公,安危須仗出羣材,0.8237056624968302
實用人材即至公,於時國用富,0.8191670923270226
實用人材即至公,是以資雅才,0.8077488363661187
司馬丞相昔登庸,漢朝丞相系,0.8256843612177509
司馬丞相昔登庸,赤縣官曹擁才傑,0.8304759138494189
司馬丞相昔登庸,王有虎臣司苑門,0.8526624387221735
司馬丞相昔登庸,藉卿佐元帥,0.8011383219661359
司馬丞相昔登庸,君隨丞相後,0.8392341537419477
司馬丞相昔登庸,關中既留蕭丞相,0.8583241254691949
司馬丞相昔登庸,官有王司直,0.837333761829147
司馬丞相昔登庸,公若登台輔,0.8268781351814823
司馬丞相昔登庸,籍甚黄丞相,0.8450604534306705
司馬丞相昔登庸,郭薛俱才賢,0.8000431403301673
司馬丞相昔登庸,先朝忝從臣,0.8086215531353719
司馬丞相昔登庸,黄閣長司諫,0.8245995818794284
司馬丞相昔登庸,中原將帥憶廉頗,0.8027478244591355
司馬丞相昔登庸,臺郎選才俊,0.8282451798165669
司馬丞相昔登庸,曾爲掾吏趨三輔,0.8402494075599126
司馬丞相昔登庸,殊錫曾爲大司馬,0.837114194444582
司馬丞相昔登庸,肅宗登寶位,0.801618380035146
司馬丞相昔登庸,羣公各典司,0.8282126669967935
司馬丞相昔登庸,不見高人王右丞,0.8290186016572514
司馬丞相昔登庸,北部初高選,0.8102795426971122
司馬丞相昔登庸,丞相中郎丈人行,0.8446303887774284
司馬丞相昔登庸,漢朝頻選將,0.81840143109374
司馬丞相昔登庸,李相將軍擁薊門,0.806385700149596
司馬丞相昔登庸,貪趨相府今晨發,0.8070942260989536
司馬丞相昔登庸,郎官幸備員,0.8040080005290124
司馬丞相昔登庸,郎官列宿應,0.8081863264190619
司馬丞相昔登庸,自平中官吕太一,0.8074495516531301
司馬丞相昔登庸,司直非冗官,0.8027771919102742
司馬丞相昔登庸,之官宅相賢,0.810349073806902
司馬丞相昔登庸,自公多暇延參佐,0.8044251891407446
司馬丞相昔登庸,上官督有司,0.8408927181973167
司馬丞相昔登庸,中丞連帥職,0.8430540826247089
詔用元老超群公,特進羣公表,0.8330688938910664
詔用元老超群公,出入冠諸公,0.8365255223353834
詔用元老超群公,後漢更列帝,0.802693425716041
詔用元老超群公,藉卿佐元帥,0.8058426726887986
詔用元老超群公,明公獨妙年,0.8113293478041901
詔用元老超群公,文公賞從臣,0.8139293095199776
詔用元老超群公,休駕投諸彦,0.8026389638642963
詔用元老超群公,公侯出異人,0.8005278095761501
詔用元老超群公,迥出諸侯先,0.8094038234003746
詔用元老超群公,景從陪羣公,0.8310600207634581
詔用元老超群公,自公多暇延參佐,0.8152468982612131
詔用元老超群公,褚公書絶倫,0.8127390841675814
詔用元老超群公,羣公餞南伯,0.8130070726138058
詔用元老超群公,濟世宜引英俊人,0.8007755661099403
詔用元老超群公,劉毅答詔驚羣臣,0.8150094832000041
詔用元老超群公,宗英李端公,0.8152818047937632
詔用元老超群公,許公人倫表,0.801966349449222
斷碑零落卧秋風,零落依草木,0.8012316549488023
斷碑零落卧秋風,塞門風落木,0.8039325539139663
斷碑零落卧秋風,多病秋風落,0.8171979386580324
斷碑零落卧秋風,落木更高風,0.8039430148281241
斷碑零落卧秋風,卧向巴山落月時,0.8022487667717392
斷碑零落卧秋風,秋風落日斜,0.8048050079706096
斷碑零落卧秋風,零落蛟龍匣,0.8167332450441849
斷碑零落卧秋風,魚龍寂寞秋江冷,0.803624092976225
斷碑零落卧秋風,落日悲江漢,0.8093321299110028
斷碑零落卧秋風,涕淚落秋風,0.8534538733604021
死者已死黄霧中,焉知餓死填溝壑,0.801077254454216
死者已死黄霧中,路有凍死骨,0.8274090862934432
死者已死黄霧中,死亦垂千年,0.8018478976649924
死者已死黄霧中,死者長已矣,0.8468315821200205
死者已死黄霧中,死者爲塵泥,0.8592370823709862
死者已死黄霧中,送者各有死,0.8155627368459243
死者已死黄霧中,白摧朽骨龍虎死,0.8150551162624657
死者已死黄霧中,死者卽已休,0.8315655534868396
死者已死黄霧中,雪嶺日色死,0.8045604134806141
死者已死黄霧中,嗚呼古人已糞土,0.81220122247235
死者已死黄霧中,峽中丈夫絶輕死,0.8040061739341886
死者已死黄霧中,哭廟灰燼中,0.8019231843942505
死者已死黄霧中,聖者骨已朽,0.8299169592234821
三事不數兩蘇公,蘇侯得數過,0.8130678802494642
三事不數兩蘇公,不見旻公三十年,0.8453762427062094
三事不數兩蘇公,黄公豈事秦,0.8008745870747658
三事不數兩蘇公,論文到崔蘇,0.8010915065904052
三事不數兩蘇公,婁公不語宋公語,0.802953348242989
三事不數兩蘇公,必見公侯復,0.8073663084059597
豈謂高才難駕御,駕馭必英雄,0.8190557624986267
豈謂高才難駕御,本無軒冕意,0.8106534632241686
豈謂高才難駕御,才力應難跨數公,0.8078054698201009
豈謂高才難駕御,若道士無英俊才,0.8201566993113816
豈謂高才難駕御,賦有冠古才,0.805538064211567
豈謂高才難駕御,駕馭英雄材,0.8434223603419972
豈謂高才難駕御,文章敢自誣,0.803810942888127
空歸萬里白頭翁,歸來頭白還戍邊,0.8019414327204413
空歸萬里白頭翁,已見白頭翁,0.8445665902427197
空歸萬里白頭翁,休看白髮生,0.8073182687440347
空歸萬里白頭翁,堂上書生空白頭,0.8079703497974762
空歸萬里白頭翁,獨贈白頭翁,0.8450626416584934
空歸萬里白頭翁,征人白骨歸,0.8053813311734022
空歸萬里白頭翁,頭白好歸來,0.8145862529724082
空歸萬里白頭翁,如今白髮翁,0.818402515767769
空歸萬里白頭翁,那免白頭翁,0.8173626369193362
空歸萬里白頭翁,便應黄髮老漁樵,0.809620117314789
空歸萬里白頭翁,清秋鶴髮翁,0.8012652304998669
空歸萬里白頭翁,總作白頭翁,0.8633341998795236
空歸萬里白頭翁,已作白頭翁,0.8670354614517211
空歸萬里白頭翁,抱病江天白首郎,0.8025067875365659
空歸萬里白頭翁,滄江白髮愁看汝,0.8103942189694624
空歸萬里白頭翁,相知成白首,0.809665503388973
空歸萬里白頭翁,白蘋愁殺白頭翁,0.8571679633344316
空歸萬里白頭翁,垂白辭南翁,0.8008563777493898
空歸萬里白頭翁,白首扁舟病獨存,0.8048508435554935
空歸萬里白頭翁,五十白頭翁,0.8053905233798593
