황정견,두보,코사인 유사도
詩窮净欲四壁立,詩書遂牆壁,0.8032867704522126
詩窮净欲四壁立,壁色立精鐵,0.812214886622923
詩窮净欲四壁立,天窄壁面削,0.8001704226319938
詩窮净欲四壁立,畫色久欲盡,0.8135903348789522
詩窮净欲四壁立,長嘯得石硯,0.8086238647082185
詩窮净欲四壁立,問法看詩妄,0.8020411949063286
奈何可當杜武庫,將軍不好武,0.8247692765446101
奈何可當杜武庫,將軍魏武之子孫,0.8121763608764474
奈何可當杜武庫,但恨無過王右軍,0.8009715361787832
奈何可當杜武庫,恐是漢代韓張良,0.8096607689368491
半臂騎驢得佳句,題詩得秀句,0.8120713417077299
半臂騎驢得佳句,新詩句句好,0.8023370213481458
半臂騎驢得佳句,賦詩新句穩,0.8080740865786469
半臂騎驢得佳句,詞人取佳句,0.8055206923795383
濟時之才吾豈敢,不謂矜餘力,0.8156579517044222
濟時之才吾豈敢,經濟實藉英雄姿,0.8039857689022047
濟時之才吾豈敢,不恨我衰子貴時,0.8055623982938419
濟時之才吾豈敢,豈無濟時策,0.8734760290399461
濟時之才吾豈敢,師資謙未達,0.808036009512039
濟時之才吾豈敢,草玄吾豈敢,0.811963109455238
濟時之才吾豈敢,當代論才子,0.8025356242991302
濟時之才吾豈敢,吾意獨憐才,0.8436565844675896
濟時之才吾豈敢,知君才是濟川功,0.8084972278213789
濟時之才吾豈敢,筋力豈能及,0.8072367221770875
濟時之才吾豈敢,艱危深仗濟時才,0.8383683750816088
濟時之才吾豈敢,濟時信良哉,0.8242004404578422
濟時之才吾豈敢,孰曰非周才,0.8298812106161918
濟時之才吾豈敢,濟時敢愛死,0.8749488904372068
濟時之才吾豈敢,小臣魯鈍無所能,0.8054794936280562
濟時之才吾豈敢,時危棄碩儒,0.8144178497804311
濟時之才吾豈敢,子負經濟才,0.848224681166635
濟時之才吾豈敢,主憂豈濟時,0.8120682342645753
濟時之才吾豈敢,若道士無英俊才,0.8117915750474334
濟時之才吾豈敢,俊才得之子,0.8040281099783293
濟時之才吾豈敢,用才復擇誰,0.8398433877779765
濟時之才吾豈敢,此行非不濟,0.8103349523140821
濟時之才吾豈敢,國家成敗吾豈敢,0.8301580318599772
濟時之才吾豈敢,經濟慚長策,0.8040450299697914
濟時之才吾豈敢,敢決豈不與之齊,0.8019711584440873
濟時之才吾豈敢,時危始識不世才,0.8524560266130581
濟時之才吾豈敢,主人不世才,0.820792517552089
濟時之才吾豈敢,濟時肯殺身,0.8265181924169578
濟時之才吾豈敢,吾賢富才術,0.8412976873933281
濟時之才吾豈敢,古來經濟才,0.8099164414919245
濟時之才吾豈敢,貴人豈不仁,0.8030630423749026
濟時之才吾豈敢,賈傅才未有,0.8123862930990606
濟時之才吾豈敢,吾非丈夫特,0.8112345780944743
樗櫟初無廊廟具,當今廊廟具,0.8312418397915592
上車不落强顔耳,高馬勿捶面,0.8231858505555323
伏食官倉等雞鶩,甲第紛紛厭粱肉,0.8029261889627252
伏食官倉等雞鶩,貧窶有倉卒,0.8330819192540515
伏食官倉等雞鶩,殺戮到鷄狗,0.8267514048161675
伏食官倉等雞鶩,鳳翔千官且飽飯,0.8200193062023302
伏食官倉等雞鶩,苦飢始得食一蟲,0.8264932290181658
伏食官倉等雞鶩,黄雀飽野粟,0.8016856964472768
伏食官倉等雞鶩,難分太倉粟,0.8256087524368112
伏食官倉等雞鶩,欲須供給家無粟,0.8213103365764228
伏食官倉等雞鶩,公私倉廩俱豐實,0.8309193526424884
伏食官倉等雞鶩,官免供給費,0.8207787399378672
伏食官倉等雞鶩,衆歸賙給美,0.8053344400982068
伏食官倉等雞鶩,是時倉廩實,0.8018731153444378
伏食官倉等雞鶩,官雞輸稻粱,0.883355752839913
伏食官倉等雞鶩,家中厭雞食蟲蟻,0.8613996060075313
伏食官倉等雞鶩,鬻市輸官曹,0.8080341894811891
伏食官倉等雞鶩,鳥雀苦肥秋粟菽,0.845322611385926
伏食官倉等雞鶩,家貧無供給,0.8008223074658793
只欲苦留公把酒,惜君只欲苦死留,0.8536447379384807
只欲苦留公把酒,爲君酤酒滿眼酤,0.827958695776308
只欲苦留公把酒,未許醉相留,0.8030153261880633
只欲苦留公把酒,勸酒欲無辭,0.8261920900706432
只欲苦留公把酒,他日一杯難强進,0.8144798361311687
都畿千里勤督護,萬里戎王子,0.8043513476760872
都畿千里勤督護,春城赴上都,0.8085527417317431
都畿千里勤督護,萬國盡征戍,0.8141859672362726
都畿千里勤督護,萬里煩供給,0.805934368462841
都畿千里勤督護,萬㝢插軍麾,0.8053861264306479
都畿千里勤督護,天下郡國向萬城,0.8422662422204701
及得歸時穀雨餘,今秋乃淫雨,0.8002109866343887
及得歸時穀雨餘,衣霑春雨時,0.802872136133193
及得歸時穀雨餘,既雨晴亦佳,0.8217462318639105
及得歸時穀雨餘,耕田秋雨足,0.8153878816166668
及得歸時穀雨餘,久雨不妨農,0.8111548038413483
及得歸時穀雨餘,好雨知時節,0.8317133344260201
及得歸時穀雨餘,何日雨晴雲出溪,0.806358305863782
及得歸時穀雨餘,始賀天休雨,0.815378768960237
及得歸時穀雨餘,野露及新嘗,0.8009909096535376
已剪輕衣换袍袴,衣冷欲裝綿,0.8080667977523924
已剪輕衣换袍袴,繡羅衣裳照莫春,0.8006681898857451
已剪輕衣换袍袴,詩成得繡袍,0.8154391398924741
已剪輕衣换袍袴,尚衣方進翠雲裘,0.8180962520061092
已剪輕衣换袍袴,宫衣著更香,0.828213229701816
已剪輕衣换袍袴,久致羅襦裳,0.8084363096355596
已剪輕衣换袍袴,歲暮衣裳單,0.8269751724546757
已剪輕衣换袍袴,獸錦奪袍新,0.830832153495034
已剪輕衣换袍袴,纖絺成緼袍,0.8217507969938734
已剪輕衣换袍袴,紫衣將炙緋衣走,0.8205512269592063
已剪輕衣换袍袴,垂老戎衣窄,0.8098315001766576
已剪輕衣换袍袴,寒衣寬總長,0.8027197003302102
已剪輕衣换袍袴,輕輕柳絮點人衣,0.8009175337111452
已剪輕衣换袍袴,休覓彩衣輕,0.8364090745865767
已剪輕衣换袍袴,寒膩黑貂裘,0.8002292102254447
已剪輕衣换袍袴,衣裳判白露,0.8179737917676829
已剪輕衣换袍袴,衣裳垂素髮,0.8024682781608992
已剪輕衣换袍袴,衰容新授衣,0.8018310693960709
已剪輕衣换袍袴,更覺彩衣春,0.800150070658485
已剪輕衣换袍袴,裁縫雲霧成御衣,0.8041247231464163
已剪輕衣换袍袴,覺君衣裳單,0.8175240046249704
春色衰從一片飛,一片花飛減却春,0.8715574481104955
春色衰從一片飛,洮雲片片黄,0.8007451133702932
春色衰從一片飛,風吹花片片,0.8045565652951493
春色衰從一片飛,去帆春色隨,0.809052743273496
況迺紛紛不知數,紛紛輕薄何須數,0.8591629805373093
況迺紛紛不知數,涼月白紛紛,0.8008762720308202
況迺紛紛不知數,甲第紛紛厭粱肉,0.8051874383085893
況迺紛紛不知數,世上兒子徒紛紛,0.8300603284880927
況迺紛紛不知數,向來江上手紛紛,0.8035361308165225
況迺紛紛不知數,自是衆木亂紛紛,0.8281034340367652
況迺紛紛不知數,灑迥已紛紛,0.8217497482061258
況迺紛紛不知數,萬事糺紛猶絶粒,0.8159937871389686
況迺紛紛不知數,風處急紛紛,0.8218778531306863
況迺紛紛不知數,鳴噪亦紛紛,0.809555792983184
況迺紛紛不知數,坐客醉紛紛,0.8131384396344601
沙頭十日春,陂塘五月秋,0.8053497116272876
沙頭十日春,二月六夜春水生,0.8028160240558317
沙頭十日春,春日清江岸,0.8080232262864427
沙頭十日春,長安秋雨十日泥,0.8659590796372756
沙頭十日春,江上日多雨,0.806797502912393
沙頭十日春,江草日日唤愁生,0.8013626021521691
沙頭十日春,十月江平穩,0.8258786096700197
沙頭十日春,昨日晚晴今日黑,0.807369146511104
沙頭十日春,十日北風風未迴,0.8398812162542514
當日誰手種,手種桃李非無主,0.8024793231172371
風飄香未改,香飄合殿春風轉,0.8210219658143398
雪壓枝自重,卑枝低結子,0.8449755755518598
雪壓枝自重,竹枝霜不蕃,0.8033918368439703
雪壓枝自重,雪重拂廬乾,0.814005621668199
雪壓枝自重,卑枝成屋椽,0.8256090619228449
雪壓枝自重,千朶萬朶壓枝低,0.8327107187289888
雪壓枝自重,亂結枝猶墊,0.8127588284825622
雪壓枝自重,葉蒂辭枝不重蘇,0.8473091541631435
知味少人共,問知人客姓,0.809260733265668
霜降百工休,神其思降祥,0.8015017811874591
把酒約寬縱,縱酒欲謀良夜醉,0.8192947779458941
把酒約寬縱,幾時杯重把,0.8023870968601883
把酒約寬縱,把臂開樽飲我酒,0.8153115284476002
把酒約寬縱,把酒宜深酌,0.8380988399360492
往逢醉許在長安,昔隨劉氏定長安,0.8092381383260736
往逢醉許在長安,至今夢想仍猶左,0.8023955871817892
久不下筆或經年,不下十年餘,0.8153360136971441
一日踏門撼門鈕,走過掣電傾城知,0.8194048110583062
一日踏門撼門鈕,出門復入門,0.8183436946054417
一日踏門撼門鈕,一日過海收風帆,0.8175532605767877
一日踏門撼門鈕,乘陵破山門,0.810879508688906
一日踏門撼門鈕,一夫怒臨關,0.8193158890849576
一日踏門撼門鈕,柴門不正逐江開,0.8349374533605984
一日踏門撼門鈕,叫怒索飯啼門東,0.8343318479702271
一日踏門撼門鈕,長嘯下荆門,0.8137408524847982
一日踏門撼門鈕,干謁走其門,0.8045576660596696
巾帽欹斜猶索酒,酒酣懶舞誰相拽,0.817325750487541
巾帽欹斜猶索酒,有時顛倒著衣裳,0.8164241140752566
巾帽欹斜猶索酒,陶公漉酒巾,0.8377847504783407
巾帽欹斜猶索酒,把酒從衣濕,0.8000617559367028
巾帽欹斜猶索酒,朱紱猶紗帽,0.814238034707641
巾帽欹斜猶索酒,簪稀白帽稜,0.8255295483385845
巾帽欹斜猶索酒,掉頭紗帽側,0.819757872720759
巾帽欹斜猶索酒,葛巾攲側未迴船,0.8689280312733264
巾帽欹斜猶索酒,酒香傾坐側,0.8056919719869919
巾帽欹斜猶索酒,數語攲紗帽,0.853955857892027
巾帽欹斜猶索酒,黄帽待君偏,0.8051951092883642
舉杯意氣欲翻盆,酒闌插劍肝膽露,0.8003453400104987
舉杯意氣欲翻盆,喜心翻倒極,0.8053388216235102
舉杯意氣欲翻盆,放筯未覺金盤空,0.8012312794741894
舉杯意氣欲翻盆,主人罷鱠還傾杯,0.8072832094413185
舉杯意氣欲翻盆,纔傾一盞卽醺人,0.8018582124047817
舉杯意氣欲翻盆,坐接春杯氣,0.815693698903923
舉杯意氣欲翻盆,攲傾煩注眼,0.810122415439158
舉杯意氣欲翻盆,喧呼且覆杯中渌,0.847210822049892
舉杯意氣欲翻盆,傳杯不放杯,0.8251261509109572
舉杯意氣欲翻盆,潦倒新亭濁酒杯,0.8055302684230334
舉杯意氣欲翻盆,氣若酣杯酒,0.8428534941651302
舉杯意氣欲翻盆,誰欲致杯甖,0.8117470984376879
倒卧虚樽將八九,日夜倒芳樽,0.8018856392847008
倒卧虚樽將八九,爛漫倒芳樽,0.8154841555677779
倒卧虚樽將八九,潦倒新亭濁酒杯,0.8013983364421777
倒卧虚樽將八九,殘樽下馬復同傾,0.8122314731090877
醉拈枯筆嘗墨色,下筆如有神,0.8004001247479711
醉拈枯筆嘗墨色,揮毫落紙如雲烟,0.8353295565359413
醉拈枯筆嘗墨色,詩成珠玉在揮毫,0.815304361856591
醉拈枯筆嘗墨色,戲拈秃筆掃驊騮,0.8441645477956482
醉拈枯筆嘗墨色,請公放筆爲直幹,0.8031033735150827
醉拈枯筆嘗墨色,觀我落筆中書堂,0.8231414230166905
醉拈枯筆嘗墨色,臨池真盡墨,0.8154979633193038
醉拈枯筆嘗墨色,壯筆過飛泉,0.8002191846156883
醉拈枯筆嘗墨色,呼兒覓紙一題詩,0.8019009901987536
醉拈枯筆嘗墨色,呼兒具紙筆,0.8177183342962147
醉拈枯筆嘗墨色,墨淡字攲傾,0.8067346157840565
醉拈枯筆嘗墨色,佳句染華箋,0.8057631078632139
醉拈枯筆嘗墨色,賦詩猶落筆,0.8519584228267918
醉拈枯筆嘗墨色,走索背秋毫,0.8108694346090364
勢若山崩不停手,崩石欹山樹,0.8237262476235155
勢若山崩不停手,疾風高岡裂,0.8162428829938584
勢若山崩不停手,地軸爲之翻,0.8080624206153872
勢若山崩不停手,迴斡裂地軸,0.8177285406681326
勢若山崩不停手,舟楫恐失墜,0.8047534460501209
勢若山崩不停手,地用莫如馬,0.8129785031360393
勢若山崩不停手,千巖自崩奔,0.8025726971125399
勢若山崩不停手,崖傾路何難,0.8016473432422176
勢若山崩不停手,勢屈難爲功,0.8153483931964538
勢若山崩不停手,能者操舟疾若風,0.8037756306098967
勢若山崩不停手,不崩亦不騫,0.8594913327458321
勢若山崩不停手,江動將崩未崩石,0.8876585217238528
勢若山崩不停手,去擘山嶽傾,0.8097583346026238
勢若山崩不停手,浪簸船應坼,0.8081974553097184
勢若山崩不停手,來往若崩波,0.8405825112738767
勢若山崩不停手,崩崖欲壓牀,0.8489574549815824
勢若山崩不停手,天險終難立,0.8135203427869402
勢若山崩不停手,江流石不轉,0.8438522189597657
勢若山崩不停手,撇漩捎濆無險阻,0.8263548551858523
勢若山崩不停手,崩凍嵐陰昈,0.8018629100984369
勢若山崩不停手,地與山根裂,0.8136770481133144
勢若山崩不停手,翻風轉日木怒號,0.8103905048762019
勢若山崩不停手,壞舟百板坼,0.8012425433523693
勢若山崩不停手,沙虚岸只摧,0.8000728398513336
數尺江山萬里遥,迢迢萬里餘,0.8419718920437531
數尺江山萬里遥,咫尺雪山路,0.813856909158466
數尺江山萬里遥,蒼山入百里,0.8535457001405515
數尺江山萬里遥,天寒落萬里,0.8115642706002264
數尺江山萬里遥,咫尺應須論萬里,0.8310403788470445
數尺江山萬里遥,南浦清江萬里橋,0.8213740991597335
數尺江山萬里遥,萬里清江上,0.8362495268908333
數尺江山萬里遥,兩鄉千里夢相思,0.8127122411678547
數尺江山萬里遥,相看萬里外,0.8349323256397999
數尺江山萬里遥,迢迢百餘尺,0.8327314161730915
數尺江山萬里遥,關塞三千里,0.8219753697895783
數尺江山萬里遥,烟花一萬重,0.8138465234858465
數尺江山萬里遥,臨川視萬里,0.8125843481253672
數尺江山萬里遥,羇遊萬里闊,0.8218215168240756
數尺江山萬里遥,峽開四千里,0.8022822564882013
數尺江山萬里遥,江月去人只數尺,0.8083040341094639
數尺江山萬里遥,萬里蒼茫外,0.8100792360951456
數尺江山萬里遥,江湖萬里開,0.8352800179812561
數尺江山萬里遥,黛色參天二千尺,0.8009455966356751
數尺江山萬里遥,萬里遥相望,0.8453907116598953
數尺江山萬里遥,萬里黄山北,0.8607689363564817
數尺江山萬里遥,中有萬里之長江,0.8249600696146149
數尺江山萬里遥,萬里巴渝曲,0.8156599956801731
數尺江山萬里遥,沅湘萬里秋,0.8222006924667373
數尺江山萬里遥,萬里故鄉情,0.8077557914840198
數尺江山萬里遥,萬里長江邊,0.8432797256346819
數尺江山萬里遥,西江萬里船,0.8159667622928999
數尺江山萬里遥,江國踰千里,0.8661087502191613
數尺江山萬里遥,千里侵江樹,0.8234598033545866
數尺江山萬里遥,萬里衡陽雁,0.8004796405359031
數尺江山萬里遥,雲白山青萬餘里,0.8198611759272649
滿堂風物冷蕭蕭,蕭然淨客心,0.8014912030533219
滿堂風物冷蕭蕭,大樹日蕭蕭,0.8477490102683181
滿堂風物冷蕭蕭,馬蕭蕭,0.8592808147376041
滿堂風物冷蕭蕭,曲江蕭條秋氣高,0.8249539845150398
滿堂風物冷蕭蕭,歸路翻蕭颯,0.8423914383424298
滿堂風物冷蕭蕭,涼風蕭蕭吹汝急,0.8558943202081488
滿堂風物冷蕭蕭,馬鳴風蕭蕭,0.8469681588391611
滿堂風物冷蕭蕭,蕭索漢水清,0.801441574624504
滿堂風物冷蕭蕭,秋色正蕭灑,0.8854716803724698
滿堂風物冷蕭蕭,蕭蕭北風勁,0.8738534499665545
滿堂風物冷蕭蕭,颯爽動秋骨,0.8158397982323871
滿堂風物冷蕭蕭,原野轉蕭瑟,0.8479620220005567
滿堂風物冷蕭蕭,長林何蕭蕭,0.8328896338457938
滿堂風物冷蕭蕭,蕭蕭古塞冷,0.8545903789397482
滿堂風物冷蕭蕭,車馬何蕭索,0.8206570773268563
滿堂風物冷蕭蕭,秋風已颯然,0.8171035123861348
滿堂風物冷蕭蕭,瓠葉轉蕭疏,0.8209538200027118
滿堂風物冷蕭蕭,隴草蕭蕭白,0.8363563969851169
滿堂風物冷蕭蕭,蕭摵寒籜聚,0.8213755988686027
滿堂風物冷蕭蕭,江永風蕭蕭,0.8549980292975697
滿堂風物冷蕭蕭,風色蕭蕭暮,0.9128580331137015
滿堂風物冷蕭蕭,涼氣曉蕭蕭,0.8935248644736271
滿堂風物冷蕭蕭,蕭蕭半死葉,0.823743347045802
滿堂風物冷蕭蕭,不堪人事日蕭條,0.8178670332701105
滿堂風物冷蕭蕭,江風蕭蕭雲拂地,0.8449914633054525
滿堂風物冷蕭蕭,蕭蕭梁棟秋,0.8385591094212266
滿堂風物冷蕭蕭,淅淅野風秋,0.8122810113235962
滿堂風物冷蕭蕭,蕭蕭夜色淒,0.8795532585840682
滿堂風物冷蕭蕭,隴山蕭瑟秋雲高,0.8207207124073077
滿堂風物冷蕭蕭,蕭蕭紫塞雁,0.8046118960304105
滿堂風物冷蕭蕭,蕭蕭沙中雨,0.836259795326322
滿堂風物冷蕭蕭,蕭蕭荆楚秋,0.8344697827170429
滿堂風物冷蕭蕭,蕭蕭白楊路,0.8175922793554025
滿堂風物冷蕭蕭,蕭蕭白映梳,0.8216555293163792
滿堂風物冷蕭蕭,秋風淅淅吹我衣,0.8093923664760607
滿堂風物冷蕭蕭,清影日蕭蕭,0.8764848740966582
滿堂風物冷蕭蕭,蕭蕭掛冷枝,0.8649091832108782
滿堂風物冷蕭蕭,歸興日蕭蕭,0.8597172485602087
滿堂風物冷蕭蕭,蕭蕭理體淨,0.8175360928077583
滿堂風物冷蕭蕭,蕭颯灑秋色,0.8903029232811597
滿堂風物冷蕭蕭,秋風蕭蕭露泥泥,0.8139127860861344
滿堂風物冷蕭蕭,蕭疏聽晚蟬,0.8208148225684961
滿堂風物冷蕭蕭,蕭瑟浸寒空,0.8516045897783827
滿堂風物冷蕭蕭,風江颯颯亂帆秋,0.8020793731802005
滿堂風物冷蕭蕭,無邊落木蕭蕭下,0.8652929243009206
滿堂風物冷蕭蕭,於今獨蕭索,0.8231198018508442
滿堂風物冷蕭蕭,天雨蕭蕭滯茅屋,0.8343785111550235
滿堂風物冷蕭蕭,俛仰俱蕭瑟,0.8233474978470396
滿堂風物冷蕭蕭,蕭蕭千里足,0.8223659669147634
滿堂風物冷蕭蕭,風濤颯颯寒山陰,0.803684215713902
滿堂風物冷蕭蕭,時物正蕭森,0.8581533118150593
山僧歸寺童子後,貌得山僧及童子,0.8584066166955728
山僧歸寺童子後,梵放時出寺,0.8159780041735126
山僧歸寺童子後,野寺殘僧少,0.8576766902883123
山僧歸寺童子後,僧飯屢過門,0.8186503158849736
山僧歸寺童子後,葉裏松子僧前落,0.8172685186345852
山僧歸寺童子後,隨意宿僧房,0.8111044464522754
山僧歸寺童子後,山僧高下居,0.8026829637133664
山僧歸寺童子後,聞汝依山寺,0.8150026173073592
漁伯欲渡行人招,道旁過者問行人,0.8011999887735719
漁伯欲渡行人招,落日更見渔樵人,0.8255350127925188
漁伯欲渡行人招,漁人縈小楫,0.8199928711946792
漁伯欲渡行人招,舟人漁子入浦溆,0.8276826337958441
漁伯欲渡行人招,漁人漾舟沉大網,0.8131903954226773
漁伯欲渡行人招,信宿漁人還汎汎,0.8219783003565753
漁伯欲渡行人招,夷歌幾處起漁樵,0.8001117044942527
漁伯欲渡行人招,舟人漁子歌回首,0.8368125145064758
漁伯欲渡行人招,借問泛舟人,0.800316362208502
先君笑指溪上宅,誤疑茅堂過江麓,0.8124274439455816
先君笑指溪上宅,應指釣璜溪,0.8176241766731732
先君笑指溪上宅,吹汝江上宅,0.8090884827516291
先君笑指溪上宅,似得廬山路,0.8075350476220868
先君笑指溪上宅,爲問南溪竹,0.8090197283453189
先君笑指溪上宅,浣花溪裏花饒笑,0.8141884713576953
先君笑指溪上宅,時訪武陵溪,0.8064888835122868
鸕鷀白鷺如相識,河間雙白鷗,0.8404456783518146
鸕鷀白鷺如相識,昔如水上鷗,0.8025618457931111
鸕鷀白鷺如相識,鸕鷀窺淺井,0.8039815448243174
鸕鷀白鷺如相識,相親相近水中鷗,0.8045719480141706
鸕鷀白鷺如相識,白鷗元水宿,0.8164378663990235
鸕鷀白鷺如相識,但見羣鷗日日來,0.8078373240145509
鸕鷀白鷺如相識,泛渚白鷗輕,0.8199154789708698
鸕鷀白鷺如相識,鸕鷀鸂鶒莫漫喜,0.8198892037476253
鸕鷀白鷺如相識,浴鳧飛鷺晚悠悠,0.8264745371838857
鸕鷀白鷺如相識,狎鷗輕白浪,0.8410881788523188
鸕鷀白鷺如相識,莫須驚白鷺,0.8087277220355773
鸕鷀白鷺如相識,沙頭宿鷺聯拳静,0.8237909924290083
鸕鷀白鷺如相識,春鷗洗翅呼,0.80282923463239
鸕鷀白鷺如相識,江浦寒鷗戲,0.8001109687900829
鸕鷀白鷺如相識,白鷺群飛太劇乾,0.8326256632527727
鸕鷀白鷺如相識,暮春鴛鷺立洲渚,0.8239447233809074
鸕鷀白鷺如相識,寒空見鴛鷺,0.8241437885873304
鸕鷀白鷺如相識,沙鷗並一雙,0.8552134254559152
鸕鷀白鷺如相識,野静白鷗來,0.8023713571660518
鸕鷀白鷺如相識,江晚白鷗飢,0.8105162430291983
許生再拜謝不能,誰能久不顧,0.8239779767273112
許生再拜謝不能,不見旻公三十年,0.8127171722107116
許生再拜謝不能,故老多再拜,0.8452894522533747
許生再拜謝不能,不見李生久,0.8198814133672926
許生再拜謝不能,我見常再拜,0.8774275423837767
許生再拜謝不能,身病不能拜,0.8459528683644266
許生再拜謝不能,天王拜跪畢,0.8022855670187301
許生再拜謝不能,不復見顔鮑,0.810061844689661
許生再拜謝不能,再拜故人謝佳政,0.8468420082711638
許生再拜謝不能,王生早曾拜顔色,0.8516818041145173
許生再拜謝不能,蒼生起謝安,0.8114667602336411
迺是天機非筆力,非關足無力,0.8398390178671006
迺是天機非筆力,天用莫如龍,0.8160234954664015
迺是天機非筆力,畫師不是無心學,0.8137502042497948
迺是天機非筆力,指揮能事迴天地,0.8040671349836511
迺是天機非筆力,英雄割據非天意,0.805565987369167
迺是天機非筆力,應天才不小,0.8010743282616388
迺是天機非筆力,扶持自是神明力,0.8274063503014284
迺是天機非筆力,出處各天機,0.8021203809214016
迺是天機非筆力,天機自明斷,0.8110649939335282
自陳精力初未衰,何劉沈謝力未工,0.8471563718206843
自陳精力初未衰,力强不可制,0.8063099220775787
自陳精力初未衰,精鋭舊無敵,0.8079184706984184
自陳精力初未衰,老嫗力雖衰,0.8318155127495114
自陳精力初未衰,材力爾精靈,0.8098587140226984
自陳精力初未衰,吾衰未自由,0.8140615151904596
自陳精力初未衰,才力應難跨數公,0.8064289964971587
自陳精力初未衰,自誇足膂力,0.8053172610459856
自陳精力初未衰,筋力豈能及,0.8323194384898263
自陳精力初未衰,禮甘衰力就,0.8088306630390606
自陳精力初未衰,欲起慚筋力,0.808477609007455
自陳精力初未衰,筋力蘇摧折,0.8011978002697204
自陳精力初未衰,我今衰老才力薄,0.838665832655958
自陳精力初未衰,戮力自元昆,0.8110080727144724
自陳精力初未衰,才力老益神,0.8294282188429418
自陳精力初未衰,筋力交彫喪,0.8088545549106414
自陳精力初未衰,未憂筋力弱,0.8318929108874156
自陳精力初未衰,自驚衰謝力,0.8232262859335499
自陳精力初未衰,爾祖未顯時,0.8060250435114977
自陳精力初未衰,已衰病方入,0.8080628582540088
自陳精力初未衰,許靖力難任,0.8082984425056174
蚤師李成最得意,蔡子勇成癖,0.8257967200971769
蚤師李成最得意,吾聞良驥老始成,0.8090784251125975
蚤師李成最得意,乃知畫師妙,0.8088349909508079
蚤師李成最得意,弟子韓幹早入室,0.800385484515828
蚤師李成最得意,今之新圖有二馬,0.804323919061914
蚤師李成最得意,乃知正人意,0.8008370778366332
蚤師李成最得意,李也疑丞曠前後,0.8055263310610229
蚤師李成最得意,郭欽上書見大計,0.8157959878801113
蚤師李成最得意,崔師乞已至,0.8074423502803344
貴人取去棄墻角,榮貴如糞土,0.8139612247441952
貴人取去棄墻角,衆魚常才盡却棄,0.8048995138869941
貴人取去棄墻角,小奴縛雞向市賣,0.8062476815697777
流落幾姓知今誰,名垂萬古知何用,0.8033415224425948
流落幾姓知今誰,百戰今誰在,0.8103281403527434
流落幾姓知今誰,如公復幾人,0.8133065329576099
流落幾姓知今誰,前輩復誰繼,0.824875889903985
流落幾姓知今誰,今日幾人存,0.8412816240088363
大梁畫肆閲水墨,東至集壁西梁洋,0.8174722704121317
大梁畫肆閲水墨,山水之圖張賣時,0.8160105476784401
四圖宛然當物色,苑中萬物生顔色,0.8074167359961212
四圖宛然當物色,形象丹青逼,0.8113106006781416
四圖宛然當物色,會希全物色,0.8018642876483322
四圖宛然當物色,松門似畫圖,0.8083817137750449
四圖宛然當物色,籬中秀色畫屏舒,0.8111960989023691
自言早過許史門,幕府輟諫官,0.8036969132447868
自言早過許史門,幸爲達書賢府主,0.8148322889051107
自言早過許史門,自從獻寶朝河宗,0.8050449537599627
自言早過許史門,曾爲掾吏趨三輔,0.8024186553114752
自言早過許史門,郎官未爲冗,0.8057054610569688
自言早過許史門,峽門自此始,0.8009977424622681
自言早過許史門,自汝到荆府,0.8045100101121687
自言早過許史門,中郎石經後,0.8117846918805525
自言早過許史門,昔在嚴公幕,0.8001023359806891
雨雪涔涔滿寺庭,驟雨落河魚,0.8100920520217207
雨雪涔涔滿寺庭,涔涔塞雨繁,0.8788792197604438
四圖冷落讓丹青,交合丹青地,0.8070780414060554
四圖冷落讓丹青,丹青野殿空,0.8077760186327791
四圖冷落讓丹青,形象丹青逼,0.8107365078068722
四圖冷落讓丹青,丹青照臺閣,0.804109311370909
四圖冷落讓丹青,遺廟丹青落,0.8489944968113441
四圖冷落讓丹青,曹霸丹青已白頭,0.8070610899080544
往來睥睨誰比數,那堪往來戍,0.8095554894769486
客還次第閲春夏,且如今年冬,0.8052679544389321
客還次第閲春夏,春秋二時歸至尊,0.8069435122711481
客還次第閲春夏,君來必十月,0.8447552722002656
客還次第閲春夏,今已十月後,0.8399891350962914
客還次第閲春夏,閏八月初吉,0.8214662192658837
客還次第閲春夏,夏日出東北,0.8104697567869475
客還次第閲春夏,别離已昨日,0.829366092400356
客還次第閲春夏,季冬日已長,0.8265601114836361
客還次第閲春夏,公鎮踰歲月,0.8093289283284429
客還次第閲春夏,百年已過半,0.8061959330386685
客還次第閲春夏,二月已破三月來,0.8338325547398555
客還次第閲春夏,卽今倏忽已五十,0.8174962759595439
客還次第閲春夏,自卯將及酉,0.8162136139848459
客還次第閲春夏,二月頻送客,0.8019805503901356
客還次第閲春夏,初秋别此亭,0.8032637414936306
客還次第閲春夏,三歲清秋至,0.8132775793037021
客還次第閲春夏,歸到忽春華,0.81034906111943
客還次第閲春夏,别來忽三歲,0.8407170890958036
客還次第閲春夏,今春看又過,0.8329719300717829
客還次第閲春夏,冬至至後日初長,0.8474715581799304
客還次第閲春夏,今朝臘月春意動,0.8442151407297753
客還次第閲春夏,已度立春時,0.8066284630571476
客還次第閲春夏,冬至陽生春又來,0.8239202942364242
客還次第閲春夏,三伏適已過,0.8113471366208256
客還次第閲春夏,如今九日至,0.8109425217210688
客還次第閲春夏,昨日晚晴今日黑,0.801704435370324
客還次第閲春夏,西候别君初,0.8236054412154931
客還次第閲春夏,逆行值吉日,0.8093374020954385
坐見歲序寒峥嶸,旅食歲峥嶸,0.8798382732304457
坐見歲序寒峥嶸,乾坤空峥嶸,0.80107430520529
坐見歲序寒峥嶸,歲寒忽無憑,0.8025121006447047
坐見歲序寒峥嶸,客堂序節改,0.8023618906193227
坐見歲序寒峥嶸,碣石歲峥嶸,0.8384412567730847
王丞來觀歎唧唧,啾啾唧唧爲何人,0.8219758039491707
亦如我昔初見日,甫昔少年日,0.850146236251011
亦如我昔初見日,秋來未曾見白日,0.8337710762084298
亦如我昔初見日,公子過我遊,0.8123068510314646
亦如我昔初見日,我經華原來,0.8013429829945755
亦如我昔初見日,憶昨狼狽初,0.822630851760705
亦如我昔初見日,憶昔避賊初,0.8404038982483965
亦如我昔初見日,昔者相過今不得,0.8066366875629624
亦如我昔初見日,況我與子非壯年,0.8153365128532591
亦如我昔初見日,昔在洛陽時,0.8055262058174986
亦如我昔初見日,昔别君未婚,0.8539244178425408
亦如我昔初見日,憶昔少壯日,0.8702643551752395
亦如我昔初見日,見我故人遇,0.8379465164589386
亦如我昔初見日,别離已昨日,0.8378595449643136
亦如我昔初見日,昨憶踰隴坂,0.8042299555493837
亦如我昔初見日,君不見昔日蜀天子,0.8338459572807422
亦如我昔初見日,憶昔南海使,0.8023645323601083
亦如我昔初見日,今年思我來嘉州,0.8079272863682713
亦如我昔初見日,我昔遊錦城,0.8085793674437827
亦如我昔初見日,我見常再拜,0.8188892450510439
亦如我昔初見日,不見故人十年餘,0.8039933628106635
亦如我昔初見日,憶昨離少城,0.8076074701973964
亦如我昔初見日,昔在童子日,0.852918893379842
亦如我昔初見日,伊昔臨淄亭,0.8114148795153304
亦如我昔初見日,昔我遊宋中,0.8290304483083146
亦如我昔初見日,人生忽如昨,0.8077123413913466
亦如我昔初見日,憶昔村野人,0.8081761971172824
亦如我昔初見日,我今遠遊子,0.8206536643613144
亦如我昔初見日,昔我遊山東,0.8198706753618193
亦如我昔初見日,昔歸相識少,0.8123117657063641
亦如我昔初見日,禮亦如古昔,0.8264793353849604
亦如我昔初見日,憶昔初見時,0.9205199176941902
亦如我昔初見日,憶子初尉永嘉去,0.8032263090788805
亦如我昔初見日,昨見狄相孫,0.8007203057049406
新詩雌黄多得實,岑生多新詩,0.8038730175106648
新詩雌黄多得實,題詩得秀句,0.8045311521961331
新詩雌黄多得實,得恡千葉黄,0.8042730972856607
新詩雌黄多得實,新詩錦不如,0.8123415444446371
新詩雌黄多得實,新詩昨寄將,0.8068759854860524
我持此圖二十年,公車留二年,0.8008040022797351
我持此圖二十年,只今年纔十六七,0.8163141696518188
我持此圖二十年,躍馬二十年,0.8037710863032654
我持此圖二十年,不見旻公三十年,0.8350596677743536
我持此圖二十年,況我與子非壯年,0.8124415971451201
我持此圖二十年,焉知二十載,0.8003819234970241
我持此圖二十年,古老相傳二百年,0.8120726541577802
我持此圖二十年,今之新圖有二馬,0.8100851397704343
我持此圖二十年,明公出此圖,0.8288112721775223
我持此圖二十年,獨步四十年,0.8161277412461332
我持此圖二十年,昔獻書畫圖,0.808034811245494
我持此圖二十年,于今四十年,0.8311171683825233
我持此圖二十年,嗚呼已十年,0.8016996245155334
眼見緑髮皆華顛,已見白頭翁,0.8285481272364492
眼見緑髮皆華顛,休看白髮生,0.8497281361436961
眼見緑髮皆華顛,頭白眼暗坐有胝,0.8188636461737133
眼見緑髮皆華顛,及歸盡華髮,0.8118258790417713
眼見緑髮皆華顛,羡君齒髮新,0.8217673249728374
眼見緑髮皆華顛,鬢髮各已蒼,0.8455028312078681
眼見緑髮皆華顛,眼暗髮垂素,0.8472034926585682
眼見緑髮皆華顛,白頭亂髮垂過耳,0.8387964526839315
眼見緑髮皆華顛,鬢髮還應雪滿頭,0.8248571638859002
眼見緑髮皆華顛,如今白髮翁,0.8155194922670332
眼見緑髮皆華顛,春日鬢俱蒼,0.8052399504839247
眼見緑髮皆華顛,悲歌鬢髮白,0.8131411336425107
眼見緑髮皆華顛,會面嗟黧黑,0.8031351185359223
眼見緑髮皆華顛,相視髮皓白,0.8281150538640323
眼見緑髮皆華顛,萬事已黄髮,0.8060275801407955
眼見緑髮皆華顛,白髮少新洗,0.8150840084479329
眼見緑髮皆華顛,新梳白髮微,0.8001361861325811
眼見緑髮皆華顛,遭亂髮盡白,0.8138302239705998
眼見緑髮皆華顛,卽今蓬鬢改,0.8042026823647973
眼見緑髮皆華顛,雖悲髮鬒變,0.8129928773299894
眼見緑髮皆華顛,鬢毛垂領白,0.8292369765858029
眼見緑髮皆華顛,相見各頭白,0.8151035006601494
眼見緑髮皆華顛,余髮喜却變,0.8060306367666512
眼見緑髮皆華顛,入怪鬢髮空,0.8257756967048117
衆史弄筆摩青天,下筆如有神,0.8063153952672277
衆史弄筆摩青天,揮毫落紙如雲烟,0.8325211536222173
衆史弄筆摩青天,健筆凌鸚鵡,0.800680688703722
衆史弄筆摩青天,凌雲健筆意縱横,0.8176105673443472
衆史弄筆摩青天,觀我落筆中書堂,0.8103397968635917
衆史弄筆摩青天,直筆在史臣,0.8163631017725252
衆史弄筆摩青天,呼兒具紙筆,0.8213461791282797
君家枯松出老翟,養子黑柏顛,0.8130325408843593
君家枯松出老翟,獨樹老夫家,0.8209237697773701
君家枯松出老翟,知子松根長茯苓,0.8284961357886773
君家枯松出老翟,孔明廟前有老柏,0.8044817151624964
君家枯松出老翟,歸號故松柏,0.8126899603691107
君家枯松出老翟,似聞昨者赤松子,0.8113936076726737
頗似破屏有骨骼,魏侯骨聳精爽緊,0.8162114191945378
頗似破屏有骨骼,愛畫入骨髓,0.8222844056273377
頗似破屏有骨骼,骨骼硉兀如堵牆,0.8204709132522908
頗似破屏有骨骼,骨鯁絶代無,0.8140026551847261
頗似破屏有骨骼,骨折面如墨,0.8246072629424497
頗似破屏有骨骼,真骨老崖嶂,0.8115619574172135
頗似破屏有骨骼,崒然眉骨皆爾曹,0.8108905046474922
一時所棄願愛惜,惜君只欲苦死留,0.8092831057515544
一時所棄願愛惜,自然棄擲與時異,0.8058105192182263
一時所棄願愛惜,恐懼棄捐忍羇旅,0.8141975586243879
一時所棄願愛惜,每惜河湟棄,0.818903034826518
一時所棄願愛惜,君豈棄此物,0.8249163360723184
一時所棄願愛惜,所遇多被傷,0.8143339794514586
一時所棄願愛惜,委棄非汝能周防,0.8014397709919121
一時所棄願愛惜,隱忍用此物,0.8159602738658023
一時所棄願愛惜,治中實棄捐,0.8242301514017787
一時所棄願愛惜,至死難塞責,0.8007337581158578
一時所棄願愛惜,濟時敢愛死,0.8241406811620824
一時所棄願愛惜,不忍竟舍此,0.8018962835317391
一時所棄願愛惜,一朝自罪己,0.8058283050117507
一時所棄願愛惜,君王無所惜,0.8073298845419198
一時所棄願愛惜,君辱敢愛死,0.8397344545067746
一時所棄願愛惜,周南留滯古所惜,0.8019268027638435
一時所棄願愛惜,人生快意多所辱,0.8022463249385128
一時所棄願愛惜,志士惜妄動,0.8096518946981788
一時所棄願愛惜,久客慎所觸,0.8019464997912757
一時所棄願愛惜,約身不願奢,0.8080175465497922
一時所棄願愛惜,王子自愛惜,0.8361697142427487
一時所棄願愛惜,諸公不相棄,0.8039385461087127
一時所棄願愛惜,一失不足傷,0.8175825451965116
一時所棄願愛惜,感君意氣無所惜,0.8107352381595476
一時所棄願愛惜,讒毁竟自取,0.810433517115428
一時所棄願愛惜,恕己獨在此,0.8014949706737634
不誣方將有人識,甚知丈人真,0.8075031492864537
不誣方將有人識,人實不易知,0.8185448461230891
不誣方將有人識,至性有此不,0.8073047044573806
不誣方將有人識,丈人視要處,0.8200174221636151
不誣方將有人識,有識笑苻堅,0.8054361421773769
不誣方將有人識,方知不材者,0.8251714166317345
不誣方將有人識,使人不疑見本根,0.8263543901101573
不誣方將有人識,世人皆欲殺,0.8163207186092354
不誣方將有人識,時有西域胡僧識,0.8021227274379876
不誣方將有人識,賢人識定分,0.8445932486630879
不誣方將有人識,聞道嬖孽能全生,0.8090094213640694
不誣方將有人識,少有外人知,0.807543724696173
不誣方將有人識,不道諸公無表來,0.8160210332752971
不誣方將有人識,乃知正人意,0.8266074146230298
不誣方將有人識,太守得之更不疑,0.8158393746167374
不誣方將有人識,得喪初難識,0.8053949364229978
不誣方將有人識,故人知善誘,0.8055276132935937
不誣方將有人識,騄驥人得有,0.8085957213662629
不誣方將有人識,古時喪亂皆可知,0.8085988430315083
少時草聖學鍾王,先生有道出羲皇,0.8088553745602497
少時草聖學鍾王,君王自神武,0.8071011666984945
少時草聖學鍾王,明公獨妙年,0.8189149335889634
少時草聖學鍾王,唐堯真自聖,0.8185131881460467
少時草聖學鍾王,豈惟高祖聖,0.8019090633350264
少時草聖學鍾王,學書初學衞夫人,0.8199474258340895
少時草聖學鍾王,秦王學士時難羡,0.8036225728061068
少時草聖學鍾王,賢聖亦同時,0.802037165314085
少時草聖學鍾王,自古聖賢多薄命,0.8017758992003388
意氣欲齊韋與張,平生鄭與蘇,0.8086277696029196
意氣欲齊韋與張,孰與關張並,0.804570074578226
意氣欲齊韋與張,氣蘇君子前,0.811457429278322
家藏古本數十百,家無儋石輸百萬,0.8143541419978078
家藏古本數十百,兵法五十家,0.8076816933992991
家藏古本數十百,深藏數十家,0.8431382359327726
家藏古本數十百,往者十四五,0.8041803349423551
千奇萬怪常搜索,如何有奇怪,0.8234180832060415
千奇萬怪常搜索,詭怪何得參人謀,0.810500787235811
千奇萬怪常搜索,風雷搜百靈,0.8364562623882446
今得君家一卷書,幾歲寄我空中書,0.8230547568203964
今得君家一卷書,讀書破萬卷,0.8594981172480376
今得君家一卷書,自寄一封書,0.8507514157662919
今得君家一卷書,來爲附家書,0.8035004556311356
今得君家一卷書,不寄一行書,0.8138024761037359
今得君家一卷書,未足臨書卷,0.8106239287951845
今得君家一卷書,拾遺曾奏數行書,0.8075984380367818
今得君家一卷書,郎有焦校書,0.8166410222586109
今得君家一卷書,老妻書數紙,0.8403574297994675
今得君家一卷書,陳公讀書堂,0.8281704284432623
今得君家一卷書,從來不奉一行書,0.823998654670794
今得君家一卷書,别家三月一書來,0.8011586346109649
今得君家一卷書,讀書東嶽中,0.8027477634116489
今得君家一卷書,經書滿腹中,0.8046941089349184
今得君家一卷書,群書一萬卷,0.8711229248478594
今得君家一卷書,群書萬卷常暗誦,0.8394405691103207
今得君家一卷書,年少今開萬卷餘,0.8340661855691818
今得君家一卷書,男兒須讀五車書,0.8071163104769125
今得君家一卷書,攤書解滿牀,0.8085259431162112
今得君家一卷書,荆南近得書,0.8015844658032889
今得君家一卷書,念我能書數字至,0.8309768562469564
今得君家一卷書,重得故人書,0.8437879288077088
今得君家一卷書,素書一月凡一束,0.8184027736471944
始覺辛勤總無益,萬事益酸辛,0.8451900242500996
始覺辛勤總無益,更覺良工心獨苦,0.830421828370476
始覺辛勤總無益,辛勤養無益,0.8968111092424875
移燈近前拭眼看,且看欲盡花經眼,0.8116290945843178
移燈近前拭眼看,君看燈燭張,0.8341010992509956
移燈近前拭眼看,庭前把燭嗔兩炬,0.8050811911563942
精神高秀非人力,吾宗固神秀,0.8348777837793189
精神高秀非人力,氣得神仙迥,0.8314318660261514
精神高秀非人力,豈知異物同精氣,0.808628770151125
精神高秀非人力,偶然擢秀非難取,0.8321720785646023
精神高秀非人力,是何意態雄且傑,0.8005228888969433
精神高秀非人力,魏侯骨聳精爽緊,0.8148582033206627
精神高秀非人力,寫此神俊姿,0.8029768930235903
精神高秀非人力,材力爾精靈,0.8760127268224578
精神高秀非人力,短小精悍姿,0.8054076525981355
精神高秀非人力,才力老益神,0.8514096057848553
精神高秀非人力,才士得神秀,0.8524709091330509
精神高秀非人力,俊傑思自致,0.8090191979560541
北風古樹折巔崖,崩石欹山樹,0.8702357857023881
北風古樹折巔崖,風磴吹陰雪,0.8065572912441263
北風古樹折巔崖,疾風高岡裂,0.8415653549226058
北風古樹折巔崖,能添老樹巔崖裏,0.8549853364996598
北風古樹折巔崖,擘石摧林丘,0.8071385401360204
北風古樹折巔崖,忽謂陰崖踣,0.820270771736628
北風古樹折巔崖,漱壑松柏秃,0.8174777579078618
北風古樹折巔崖,迴風吹獨樹,0.8014488833778157
北風古樹折巔崖,摧頽蒼松根,0.8128734311839968
北風古樹折巔崖,蒼崖吼時裂,0.8470997022557969
北風古樹折巔崖,陰崖却承霜雪幹,0.8113585499436543
北風古樹折巔崖,陰崖二蒼鷹,0.8259377764531648
北風古樹折巔崖,南望青松架短壑,0.832277786478933
北風古樹折巔崖,懸崖置屋牢,0.8001619965895628
北風古樹折巔崖,山猿樹樹懸,0.8338016668111636
北風古樹折巔崖,翠乾危棧竹,0.8078577896851938
北風古樹折巔崖,萬壑欹疏林,0.802064827970695
北風古樹折巔崖,山木盡亞洪濤風,0.8008978362969877
北風古樹折巔崖,有柏生崇岡,0.8112657502792022
北風古樹折巔崖,千崖秋氣高,0.8118823636339019
北風古樹折巔崖,蠶崖鐵馬瘦,0.801064584141504
北風古樹折巔崖,崩崖欲壓牀,0.8315264280887984
北風古樹折巔崖,石根青楓林,0.810862747452273
北風古樹折巔崖,老樹飽經霜,0.8082432991869102
北風古樹折巔崖,古廟杉松巢水鶴,0.8099937466062825
北風古樹折巔崖,勁敵兩崖開,0.828907397891549
北風古樹折巔崖,雪崖纔變石,0.810713613182409
北風古樹折巔崖,巖排古樹圓,0.8429157779953985
北風古樹折巔崖,暗樹依巖落,0.8170233243185344
北風古樹折巔崖,時聽嚴風折喬木,0.8160711196669943
北風古樹折巔崖,攀援懸根木,0.8136301124173044
北風古樹折巔崖,江石缺裂青楓摧,0.804058705209774
北風古樹折巔崖,楓栝隱奔峭,0.8059129329381359
北風古樹折巔崖,護堤盤古木,0.8035913933588706
蒼煙寒籐掛絶壁,高標跨蒼穹,0.8090842553499399
蒼煙寒籐掛絶壁,青石漠漠松風寒,0.8354505682288376
蒼煙寒籐掛絶壁,危階根青冥,0.8109029009927105
蒼煙寒籐掛絶壁,漱壑松柏秃,0.8071199366388153
蒼煙寒籐掛絶壁,慟哭蒼烟根,0.8121414138638678
蒼煙寒籐掛絶壁,摧頽蒼松根,0.8147056599221628
蒼煙寒籐掛絶壁,蒼鼠竄古瓦,0.8297286100795995
蒼煙寒籐掛絶壁,遺構絶壁下,0.8287211355085708
蒼煙寒籐掛絶壁,蒼崖吼時裂,0.8520188396027388
蒼煙寒籐掛絶壁,陰崖二蒼鷹,0.8195489906391045
蒼煙寒籐掛絶壁,南望青松架短壑,0.8432118779257636
蒼煙寒籐掛絶壁,徑摩穹蒼蟠,0.8276025666504663
蒼煙寒籐掛絶壁,高壁抵嶔崟,0.8152832795052936
蒼煙寒籐掛絶壁,萬壑欹疏林,0.8146263571171949
蒼煙寒籐掛絶壁,兩株慘裂苔蘚皮,0.8259312626776807
蒼煙寒籐掛絶壁,土銼冷疏烟,0.8055838895704188
蒼煙寒籐掛絶壁,山行落日下絶壁,0.8269892997787176
蒼煙寒籐掛絶壁,含風翠壁孤雲細,0.8066287312490079
蒼煙寒籐掛絶壁,殺聲落日迴蒼穹,0.8052085735103576
蒼煙寒籐掛絶壁,石根青楓林,0.837845786530339
蒼煙寒籐掛絶壁,高蘿垂飲猿,0.8165772600297467
蒼煙寒籐掛絶壁,翠深開斷壁,0.8141280165941197
蒼煙寒籐掛絶壁,天雲浮絶壁,0.8117975218959672
蒼煙寒籐掛絶壁,真骨老崖嶂,0.8029018864921285
蒼煙寒籐掛絶壁,翠木蒼藤日月昏,0.818880486182724
蒼煙寒籐掛絶壁,石壁斷空青,0.8457257687588065
蒼煙寒籐掛絶壁,竦壁攢鏌鋣,0.8066426092235757
蒼煙寒籐掛絶壁,青松寒不落,0.8029635936013972
蒼煙寒籐掛絶壁,疏籬野蔓懸,0.8017390782576186
蒼煙寒籐掛絶壁,深蟠絶壁來,0.8188850268439463
蒼煙寒籐掛絶壁,楓栝隱奔峭,0.8154149949615266
蒼煙寒籐掛絶壁,渴日絶壁出,0.8355663832563909
逸氣峥嶸馳萬馬,角壯翻騰麋鹿遊,0.8138551475319358
逸氣峥嶸馳萬馬,雄姿逸態何崷崒,0.8301278891086838
逸氣峥嶸馳萬馬,氣驕凌上都,0.8263539451095689
逸氣峥嶸馳萬馬,驅馬一萬匹,0.8020384290914384
逸氣峥嶸馳萬馬,興發會能馳駿馬,0.81808070614861
逸氣峥嶸馳萬馬,可憐九馬争神駿,0.8318479384624506
逸氣峥嶸馳萬馬,騰驤磊落三萬匹,0.859552936038
逸氣峥嶸馳萬馬,殿前兵馬雖驍雄,0.8265686268883463
逸氣峥嶸馳萬馬,戎馬不如歸馬逸,0.8217558045169215
逸氣峥嶸馳萬馬,雄豪復遣五陵知,0.8053258214972631
逸氣峥嶸馳萬馬,崩騰戎馬際,0.8338310536657172
逸氣峥嶸馳萬馬,始壓戎馬氣,0.8046746013326989
隻字千金不當價,河魚不取錢,0.8343477869819178
隻字千金不當價,金錢罄一餐,0.8040646873290704
隻字千金不當價,開花無數黄金錢,0.8200991756578193
隻字千金不當價,未覺千金滿高價,0.8933271364928734
隻字千金不當價,千金裝馬鞭,0.8134474853264839
隻字千金不當價,百金裝刀頭,0.8376912859535605
隻字千金不當價,家書抵萬金,0.8294095620527732
隻字千金不當價,街頭酒價常苦貴,0.8149958141780205
隻字千金不當價,恰有三百青銅錢,0.8097295224469581
隻字千金不當價,一字賣堪貧,0.8316662236871974
隻字千金不當價,價重百車渠,0.8241763323436694
隻字千金不當價,萬里須十金,0.8394261503144638
隻字千金不當價,豈聞一絹直萬錢,0.8470298093727644
隻字千金不當價,行李千金贈,0.8299684527746599
隻字千金不當價,不要懸黄金,0.8338432536231789
隻字千金不當價,長安米萬錢,0.8372329167589805
隻字千金不當價,黄金傾有無,0.807266211368135
隻字千金不當價,八分一字直百金,0.8823596987832696
隻字千金不當價,三寸如黄金,0.8169414503342076
隻字千金不當價,朱橘不論錢,0.8332997269334286
毫端已與心機化,應接非本性,0.8005189232936047
毫端已與心機化,静求元精理,0.8058433837281989
毫端已與心機化,萬事盡付形骸外,0.8065088491289474
毫端已與心機化,焉得變危機,0.8030165802261782
毫端已與心機化,正直元因造化功,0.802119141864821
毫端已與心機化,情窮造化理,0.8146418157345559
毫端已與心機化,字體變化如浮雲,0.802381349210515
毫端已與心機化,出處各天機,0.8323881890077167
毫端已與心機化,天機自明斷,0.8073752987077595
主人知是希世奇,世人那得知其故,0.8254233792610521
主人知是希世奇,有美生人傑,0.8126321380576351
主人知是希世奇,甚知丈人真,0.8181124608304724
主人知是希世奇,故獨寫真傳世人,0.8422985221357062
主人知是希世奇,鄧公馬癖人共知,0.8091558644736287
主人知是希世奇,始知賢主人,0.8383303368461563
主人知是希世奇,老夫生平好奇古,0.800825146584059
主人知是希世奇,人憐漢公主,0.8126095484731166
主人知是希世奇,如何有奇怪,0.8011643809887476
主人知是希世奇,邑有佳主人,0.8107742215490491
主人知是希世奇,方知不材者,0.8014298437768917
主人知是希世奇,人道我卿絶世無,0.8569686888150765
主人知是希世奇,既稱絶世無,0.8190731294082678
主人知是希世奇,凡今誰是出群雄,0.8106772311221357
主人知是希世奇,似君須向古人求,0.8049864932055573
主人知是希世奇,聞道嬖孽能全生,0.8124533776160998
主人知是希世奇,高賢世未識,0.8241447628296601
主人知是希世奇,舅氏多人物,0.8023753933046844
主人知是希世奇,世人亦爲爾,0.8235876296860235
主人知是希世奇,諸葛蜀人愛,0.814600161396107
主人知是希世奇,多術怪仙公,0.8178536306443838
主人知是希世奇,人傳世上情,0.8061391813050423
主人知是希世奇,中間作者絶不聞,0.8265208794161379
主人知是希世奇,美芹由來知野人,0.8028067180287382
主人知是希世奇,乃知蓋代手,0.8157423039779628
主人知是希世奇,知有從來天子尊,0.8109520657880813
主人知是希世奇,時危始識不世才,0.806282763779345
主人知是希世奇,不知有主客,0.8010832460843664
主人知是希世奇,昔有佳人公孫氏,0.8009464636161574
主人知是希世奇,主人不世才,0.8722106534011766
主人知是希世奇,濟世宜引英俊人,0.808972682892801
但見姓氏無標題,白水見舅氏,0.8227926246668349
但見姓氏無標題,問之不肯道姓名,0.8174231777179153
但見姓氏無標題,不通姓氏粗豪甚,0.8091778267404169
但見姓氏無標題,但見書畫傳,0.8498350529283623
但見姓氏無標題,不復見顔鮑,0.8194651025396875
但見姓氏無標題,東郡時題壁,0.8003184814432385
自非高閑懷素不能此,虚懷只愛才,0.8388114457695892
自非高閑懷素不能此,自非曠士懷,0.8680529914896282
自非高閑懷素不能此,非君愛人客,0.8141883862459305
何必更辨當年誰,此後更何言,0.8234004321274266
何必更辨當年誰,更爲後會知何地,0.805765988088989
何必更辨當年誰,前佛不復辨,0.8011078241747573
何必更辨當年誰,不復更論文,0.8106069793017394
雁雁隨春風過鄉縣,邊秋一雁聲,0.8025043663926412
雁雁隨春風過鄉縣,去帆春色隨,0.8064481275904001
雁雁隨春風過鄉縣,九秋驚雁序,0.809291736181727
雁雁隨春風過鄉縣,北雁塞聲微,0.8037291765085063
雁雁隨春風過鄉縣,雁度麥城霜,0.8315883709192597
雁雁隨春風過鄉縣,塞雁一行鳴,0.8135468740589024
雁雁隨春風過鄉縣,萬里衡陽雁,0.806752009530405
煙雨昏,蒼茫雲霧浮,0.8315657865206975
煙雨昏,烟霧相徘徊,0.8063496617728707
煙雨昏,昏昏阻雲水,0.8383986303522624
煙雨昏,江山雲霧昏,0.8413611337958622
行不亂,行人但云點行頻,0.8214213193684372
行不亂,行路難行澀如棘,0.8019342341856723
行不亂,遭亂意不歸,0.8018370998903117
行不亂,行斷不堪聞,0.8119003219987369
共憂患,憂端且歲時,0.8093556749151352
共憂患,比聞同罹禍,0.8020999441647336
共憂患,同憂歲不寧,0.8259716084129475
共憂患,所憂盗賊多,0.8038644608690376
共憂患,斯文憂患餘,0.8209215123197484
雲重重,近市浮烟翠且重,0.8176906651519888
雲重重,花雜重重樹,0.8787582958577459
雲重重,烟花山際重,0.8009254924637539
雲重重,重重祇報春,0.8101100251230742
雲重重,烟花一萬重,0.8185279474828756
雲重重,相失萬重雲,0.8207378897475002
雲重重,烟霞嶂幾重,0.8235836369023961
雲重重,烏几重重縳,0.8271533013770616
不相見,之子時相見,0.8393956157163234
不相見,君不見,0.865275860015362
不相見,只願無事長相見,0.8421429736591264
不相見,君不見,0.865275860015362
不相見,不見遊子還,0.8008712987174127
不相見,行子隔手不相見,0.8542798914095298
不相見,人生不相見,0.8873668485368985
不相見,相逢恐恨過,0.8098050684721942
不相見,生别展轉不相見,0.8314170543601942
不相見,相過人不知,0.822496506285997
不相見,天涯喜相見,0.8285255189872247
不相見,江山且相見,0.8125893334068466
不相見,定知相見日,0.8324673688048018
不相見,不在相逢早,0.8407516509561506
不相見,可惜春光不相見,0.8522513379659169
不相見,見酒須相憶,0.8099574453491234
不相見,却向青溪不相見,0.8698374815807381
不相見,亂後今相見,0.8006163299076658
不相見,不見一人來,0.8281490669747329
不相見,九載一相見,0.8106505826446417
不相見,歸朝不相見,0.8761057907851904
不相見,矧此數相見,0.8226446435996071
不相見,離别重相逢,0.8243014277822022
不相見,不得見清時,0.808459130095201
不相見,相見幾回新,0.8050468086941788
不相見,斯人不重見,0.8107660912797833
日昳晡,荒庭日欲晡,0.8193330026682457
下平湖,日脚下平地,0.8028295048970249
下平湖,澄江平少岸,0.8394917250258166
下平湖,平地一川穩,0.8205535245696449
十十五五依黄蘆,便至四十西營田,0.8276409076757872
十十五五依黄蘆,只今年纔十六七,0.8489246632561209
十十五五依黄蘆,恰似十五女兒腰,0.8087917993878758
十十五五依黄蘆,憶年十五心尚孩,0.8029934853560996
十十五五依黄蘆,高者十八九,0.8283494489951073
十十五五依黄蘆,禽獸已斃十七八,0.8030118028080174
十十五五依黄蘆,四十五十無夫家,0.893121492683321
十十五五依黄蘆,十有八九負薪歸,0.8427182646557427
十十五五依黄蘆,往者十四五,0.8353236459997737
十十五五依黄蘆,二十四迴明,0.8417750337294774
十十五五依黄蘆,五十白頭翁,0.8260062545609796
得粒不啄鳴相呼,饑鷹待一呼,0.8357358062476532
得粒不啄鳴相呼,鳳翔千官且飽飯,0.8016324480223561
得粒不啄鳴相呼,日暮不收烏啄瘡,0.8075554933326958
得粒不啄鳴相呼,對食暫餐還不能,0.8132021302117344
得粒不啄鳴相呼,對食不能餐,0.813841514851448
得粒不啄鳴相呼,蒼鷹饑啄泥,0.811871900830234
得粒不啄鳴相呼,山猿飲相唤,0.8068220422517666
得粒不啄鳴相呼,苦飢始得食一蟲,0.8038089451888137
得粒不啄鳴相呼,誰言養雛不自哺,0.8167812693498206
得粒不啄鳴相呼,寄巢生子不自啄,0.8196587618992106
得粒不啄鳴相呼,啾啾黄雀啄,0.8152412221610854
得粒不啄鳴相呼,孤雁不飲啄,0.8531893660209056
得粒不啄鳴相呼,飛鳴聲念羣,0.8028688243866258
得粒不啄鳴相呼,惡鳥飛飛啄金屋,0.8235779297791735
得粒不啄鳴相呼,飛鳥數求食,0.821470493317674
得粒不啄鳴相呼,應過數粒食,0.8082206829193108
新婦見雁懷征夫,主上頃見徵,0.8152530138867152
新婦見雁懷征夫,勞心練征戍,0.8111069315390842
上堂曳袑裾,晚著華堂醉,0.8013904769656035
上堂曳袑裾,低徊入衣裾,0.8294468250704117
上堂曳袑裾,曳裾置醴地,0.8539911284952337
上堂曳袑裾,奉詔許牽裾,0.8032752086152847
上堂曳袑裾,鄒生惜曳裾,0.8291120304052062
上堂曳袑裾,簪裾紫蓋邊,0.8194375742224258
四拜啓阿姑,何以拜姑嫜,0.8220820362442591
四拜啓阿姑,女拜弟妻男拜弟,0.8344885774726536
四拜啓阿姑,我見常再拜,0.8173486961573478
四拜啓阿姑,天王拜跪畢,0.8619233065120704
四拜啓阿姑,再拜故人謝佳政,0.8124400918768413
四拜啓阿姑,拜跪題封賀端午,0.828568810344111
