황정견,두보,코사인 유사도
亦有好事人,殺人亦有限,0.8071596360292388
亦有好事人,故獨寫真傳世人,0.8007513548078846
亦有好事人,好手不可遇,0.803597986824222
亦有好事人,幽事亦可悦,0.8278881928664965
亦有好事人,可憐爲人好心事,0.8300981038695752
亦有好事人,邑有佳主人,0.8434153743113793
亦有好事人,有客有客字子美,0.8176982282352153
亦有好事人,自古雖有厭勝法,0.823064808336327
亦有好事人,所貴者聖賢,0.8007277099820702
亦有好事人,人好烏亦好,0.8238343655366619
亦有好事人,我有浣花竹,0.8057410698377586
亦有好事人,上公有記者,0.8025623922236083
亦有好事人,世人亦爲爾,0.8116452887937564
亦有好事人,中間作者絶不聞,0.8042402995827801
亦有好事人,苔竹素所好,0.8236350995473922
亦有好事人,何事獨罕有,0.8443564101807948
時能載酒過,何時一樽酒,0.8082762868431299
時能載酒過,時時乞酒錢,0.8450782779999682
時能載酒過,每過得酒傾,0.8376430794651875
時能載酒過,陶公漉酒巾,0.8048785495179487
時能載酒過,攜錢過野橋,0.8154881830072289
時能載酒過,常從漉酒生,0.8040194827566506
時能載酒過,瓶中得酒還,0.8023949273698956
時能載酒過,誰能載酒開金盞,0.8281953088086649
時能載酒過,邀我嘗春酒,0.8108250869334548
時能載酒過,策杖時能出,0.8050955412574128
時能載酒過,悶能過小徑,0.848344680901725
時能載酒過,暇日從時飲,0.8115626969154868
無疑舉爾酒,沽酒不復疑,0.8620017470991828
無疑舉爾酒,借問有酒不,0.8146360839309881
無疑舉爾酒,每過得酒傾,0.8010425232529537
無疑舉爾酒,縱酒欲謀良夜醉,0.8087300471768482
無疑舉爾酒,對酒不能喫,0.827938264974597
無疑舉爾酒,寧辭酒盞空,0.8132176845183945
無疑舉爾酒,十觴亦不醉,0.8069248903922682
無疑舉爾酒,對酒滿壺頻,0.8074059193382539
無疑舉爾酒,瓶中得酒還,0.8328400904645068
無疑舉爾酒,濁醪誰造汝,0.8029314386700892
無疑舉爾酒,誰能載酒開金盞,0.8049676467534166
無疑舉爾酒,爲君酤酒滿眼酤,0.8280004577562594
無疑舉爾酒,邀我嘗春酒,0.8142085450998464
無疑舉爾酒,無忘酒共持,0.8237977599225881
無疑舉爾酒,把臂開樽飲我酒,0.8372477382743382
無疑舉爾酒,勸酒欲無辭,0.8369987559630123
無疑舉爾酒,酒憶郫筒不用酤,0.810052914165334
無疑舉爾酒,纔傾一盞卽醺人,0.8242295228137253
無疑舉爾酒,豈無成都酒,0.8077258672449615
無疑舉爾酒,對月那無酒,0.8219211680367724
無疑舉爾酒,瓮餘不盡酒,0.8297886665039922
定知我爲何,問我來何方,0.8030923863171985
定知我爲何,野老復何知,0.8115593960021104
定知我爲何,定知深意苦,0.8017606534577402
定知我爲何,不復知天大,0.8077946667637298
定知我爲何,余病汝知之,0.8045845833318362
江鷗摇蕩荻花秋,江蓮摇白羽,0.8458813776842364
江鷗摇蕩荻花秋,白鷗没浩蕩,0.8329666002967127
江鷗摇蕩荻花秋,浮舟菡萏衰,0.8122673128002276
江鷗摇蕩荻花秋,摇蕩菊花期,0.8058679071467063
江鷗摇蕩荻花秋,渚蒲牙白水荇青,0.8053288536831253
江鷗摇蕩荻花秋,江湖後摇落,0.8184947518093502
江鷗摇蕩荻花秋,輕摇逐浪鷗,0.8453063597747374
江鷗摇蕩荻花秋,泛渚白鷗輕,0.8533065539073679
江鷗摇蕩荻花秋,沙岸風吹葉,0.8028487404631236
江鷗摇蕩荻花秋,江潭隱白蘋,0.8358365503032824
江鷗摇蕩荻花秋,江頭赤葉楓愁客,0.8002671663945254
江鷗摇蕩荻花秋,狎鷗輕白浪,0.8322695426296549
江鷗摇蕩荻花秋,風生洲渚錦帆開,0.8494390672662031
江鷗摇蕩荻花秋,秋天正摇落,0.8158532532318633
江鷗摇蕩荻花秋,鷗邊水葉開,0.8496801868658075
江鷗摇蕩荻花秋,江渚翻鷗戲,0.8616538328281085
江鷗摇蕩荻花秋,泊船秋夜經春草,0.8026699317242492
江鷗摇蕩荻花秋,落月動沙虚,0.8010333964971822
江鷗摇蕩荻花秋,已映洲前蘆荻花,0.8359211367438846
江鷗摇蕩荻花秋,魚龍寂寞秋江冷,0.8172300078919619
江鷗摇蕩荻花秋,江浦寒鷗戲,0.8644660285148023
江鷗摇蕩荻花秋,碧溪摇艇闊,0.8145491483036613
江鷗摇蕩荻花秋,荻岸如秋水,0.8370628657388298
江鷗摇蕩荻花秋,風江颯颯亂帆秋,0.8204487220666187
江鷗摇蕩荻花秋,水花寒落岸,0.8182272063022307
江鷗摇蕩荻花秋,摇落任江潭,0.8337502198668368
江鷗摇蕩荻花秋,江晚白鷗飢,0.8274392150709784
江鷗摇蕩荻花秋,渚拂蒹葭寒,0.8024995304207381
江鷗摇蕩荻花秋,湘潭一葉黄,0.8039350486071997
江鷗摇蕩荻花秋,風神蕩江湖,0.8159539270357997
八十漁翁百不憂,吾知徐公百不憂,0.812044105779611
八十漁翁百不憂,四海十年不解兵,0.8181223005505946
八十漁翁百不憂,四十五十無夫家,0.8389970140487796
八十漁翁百不憂,十有八九負薪歸,0.8051125300611734
八十漁翁百不憂,五十白頭翁,0.8467722540977234
清曉採蓮來盪槳,湖日蕩船明,0.8003619042390864
清曉採蓮來盪槳,采菱寒刺上,0.827325836706688
清曉採蓮來盪槳,采花香泛泛,0.8179223357191217
夕陽收網更横舟,樵爨倚灘舟,0.8100100219021755
夕陽收網更横舟,看弄漁舟移白日,0.8210030179046588
夕陽收網更横舟,漁人漾舟沉大網,0.8368477822713272
夕陽收網更横舟,漁舟上急水,0.8009150898917634
夕陽收網更横舟,釣艇收緡盡,0.8186087524699763
羣兒學漁亦不惡,信知生男惡,0.8025449316501426
羣兒學漁亦不惡,焉能學衆口,0.8021662214125038
羣兒學漁亦不惡,學母無不爲,0.8133916070102709
羣兒學漁亦不惡,小兒强解事,0.8097516566274986
羣兒學漁亦不惡,南村羣童欺我老無力,0.8016929533589574
羣兒學漁亦不惡,癡兒不知父子禮,0.8214845672974522
羣兒學漁亦不惡,學語小兒知姓名,0.80748765704584
羣兒學漁亦不惡,失學從兒懶,0.8179083266839156
羣兒學漁亦不惡,豈惟長兒童,0.8184471335664047
羣兒學漁亦不惡,寡妻羣盗非今日,0.8068583701975064
羣兒學漁亦不惡,小兒學問止論語,0.8169509277924993
羣兒學漁亦不惡,同學少年多不賤,0.8029202127165114
羣兒學漁亦不惡,失學從愚子,0.8153817191514917
羣兒學漁亦不惡,小奴縛雞向市賣,0.810442633188486
老妻白頭從此樂,已見白頭翁,0.8277347222201035
老妻白頭從此樂,生意甘衰白,0.801844554701409
老妻白頭從此樂,獨贈白頭翁,0.814029598657982
老妻白頭從此樂,老夫清晨梳白頭,0.8301202023864949
老妻白頭從此樂,如今白髮翁,0.8289622861275372
老妻白頭從此樂,那免白頭翁,0.8616693673207994
老妻白頭從此樂,歡娱恨白頭,0.815783324001227
老妻白頭從此樂,便應黄髮老漁樵,0.8095814997619009
老妻白頭從此樂,殘生一老翁,0.8065577416521714
老妻白頭從此樂,總作白頭翁,0.842796261578323
老妻白頭從此樂,已作白頭翁,0.8540346105945488
老妻白頭從此樂,君今幸未成老翁,0.8025969242830038
老妻白頭從此樂,與子俱白頭,0.8238978439423481
老妻白頭從此樂,我嘆黑頭白,0.813708785710204
老妻白頭從此樂,客間頭最白,0.8056731883921651
老妻白頭從此樂,哭君餘白頭,0.8146043314438713
老妻白頭從此樂,白蘋愁殺白頭翁,0.8200729114484395
老妻白頭從此樂,五十白頭翁,0.8172771757721085
全家醉著篷底眠,醉眠秋共被,0.8199780319989258
全家醉著篷底眠,歸來省醉眠,0.8059468728518994
全家醉著篷底眠,客睡何曾著,0.8121735401674051
全家醉著篷底眠,冷石醉眠醒,0.8074877820256101
全家醉著篷底眠,樓頭喫酒樓下卧,0.8181767901626867
全家醉著篷底眠,舟中得病移衾枕,0.8123963946045362
全家醉著篷底眠,何如穩醉眠,0.8093539343669627
全家醉著篷底眠,山黑家中已眠卧,0.8234913210000221
全家醉著篷底眠,杖藜不睡誰能那,0.8028589223867706
舟在寒沙夜潮落,落雁浮寒水,0.8255346914125892
舟在寒沙夜潮落,水落魚龍夜,0.8263956764301174
舟在寒沙夜潮落,釣瀨客星懸,0.814877003193878
舟在寒沙夜潮落,獨立見江船,0.8041495636460186
舟在寒沙夜潮落,雪裏江船渡,0.8034832916341731
舟在寒沙夜潮落,扁舟繫纜沙邊久,0.8102593310982826
舟在寒沙夜潮落,漁舟上急水,0.8001471371457491
舟在寒沙夜潮落,危檣獨夜舟,0.8408927598897654
舟在寒沙夜潮落,泊船秋夜經春草,0.8296645562756632
舟在寒沙夜潮落,落月動沙虚,0.8403367123098233
舟在寒沙夜潮落,寒江動夜扉,0.804421653042257
舟在寒沙夜潮落,疏燈自照孤帆宿,0.8123774924462956
舟在寒沙夜潮落,沙晚鶺鴒寒,0.8080258138364891
舟在寒沙夜潮落,魚龍寂寞秋江冷,0.811073923753755
舟在寒沙夜潮落,繫舟今夜遠,0.8119326454261631
舟在寒沙夜潮落,夜久落江邊,0.8367925375573834
舟在寒沙夜潮落,泊舟滄江岸,0.8067426202895825
舟在寒沙夜潮落,半夜有行舟,0.805726258021086
舟在寒沙夜潮落,星落黄姑渚,0.8085372985045338
舟在寒沙夜潮落,水花寒落岸,0.8137325656333829
舟在寒沙夜潮落,危檣逐夜烏,0.8036011716836098
舟在寒沙夜潮落,孤舟泛日斜,0.8203806518416423
舟在寒沙夜潮落,不夜楚帆落,0.8204213937746307
舟在寒沙夜潮落,潮落回鯨魚,0.8268418636489508
鴉舅頗强聒,小兒强解事,0.8034087891696892
鴉舅頗强聒,失學從兒懶,0.8044820627648451
僕姑常勃磎,僕夫問盥櫛,0.8158092087016374
僕姑常勃磎,擁滯僮僕慵,0.8007237842283733
黄鳥懷好音,好鳥不歸山,0.8103345253669216
黄鳥懷好音,好鳥鳴巖扃,0.8181211823535934
黄鳥懷好音,好鳥不妄飛,0.8065005817938096
黄鳥懷好音,隔葉黄鸝空好音,0.8418683003516059
黄鳥懷好音,君看禽鳥情,0.8018230123160537
黄鳥懷好音,好鳥知人歸,0.8259328923173773
黄鳥懷好音,西來有好鳥,0.8423881718551667
黄鳥懷好音,黄鳥喧嘉音,0.8591303794816239
秋菊染春衣,宫衣著更香,0.8066199280658813
秋菊染春衣,秋蔬擁霜露,0.8075687656914965
秋菊染春衣,嫩蕊濃花滿目斑,0.8054318815186288
秋菊染春衣,松菊新霑洗,0.8139640800104495
秋菊染春衣,秋風此日灑衣裳,0.8118613946218266
秋菊染春衣,衣裳判白露,0.8156892572144951
秋菊染春衣,杯凝露菊新,0.8022335013919584
秋菊染春衣,秋色凋春草,0.8251913887929097
秋菊染春衣,秋露接園葵,0.8060530538235187
嚶嚶求朋友,忘形向友朋,0.8011189034350436
嚶嚶求朋友,啾啾棲鳥過,0.803723698101898
嚶嚶求朋友,猿鳥聚儔侣,0.8089339373994187
嚶嚶求朋友,飛鳥數求食,0.8230529467520061
憂患同一枝,憂端齊終南,0.80967736863398
憂患同一枝,同憂歲不寧,0.8312973385713467
提壺要酤我,瓶中得酒還,0.8246795765759991
提壺要酤我,茗飲蔗漿攜所有,0.8109012628290981
提壺要酤我,爲君酤酒滿眼酤,0.8161048231670609
提壺要酤我,邀我嘗春酒,0.8138210923733741
提壺要酤我,主人罷鱠還傾杯,0.8105709497803627
提壺要酤我,沽酒攜胡蘆,0.8254565584730933
提壺要酤我,呼婢取酒壺,0.8183074253416464
提壺要酤我,濁醪與脱粟,0.805376045348154
提壺要酤我,饔醬落提攜,0.8367306766035228
提壺要酤我,市鬻充杯酒,0.8011599349569993
黄鳥在幽谷,好鳥不歸山,0.813176345798136
黄鳥在幽谷,好鳥鳴巖扃,0.8209233436647091
黄鳥在幽谷,幽居在空谷,0.8373195564074876
黄鳥在幽谷,林茂鳥有歸,0.8115018409821111
黄鳥在幽谷,叢卑春鳥疑,0.8110135585792655
黄鳥在幽谷,春鳥異方啼,0.8092989205094367
黄鳥在幽谷,所向盡山谷,0.8150144580068721
黄鳥在幽谷,隔巢黄鳥並,0.8012598614354499
黄鳥在幽谷,擇木知幽鳥,0.8463785347167726
黄鳥在幽谷,深山窮谷不可處,0.8122127692521921
黄鳥在幽谷,山鳥暮過庭,0.8024475619539138
黄鳥在幽谷,幽燕唯鳥去,0.827534144520601
黄鳥在幽谷,黄鳥喧嘉音,0.8034549321822391
韜光養羽儀,南圖迴羽翮,0.8156119430064712
韜光養羽儀,玄成負文彩,0.8330936131895841
韜光養羽儀,三軍晦光彩,0.8366652769874872
韜光養羽儀,朱鳳日威垂,0.8172685662193738
韜光養羽儀,光芒刷羽儀,0.8980563977713455
清風曜桃李,裴李春蘭馨,0.8163043223647659
清風曜桃李,窈窕桃李花,0.8011688711132536
清風曜桃李,紛紛桃李姿,0.8097710009523623
言語自知時,前年學語時,0.8015256740222547
言語自知時,晤語契深心,0.8248263531635602
言語自知時,論文笑自知,0.8333719810281504
言語自知時,僧來不語自鳴鐘,0.8157317397030357
言語自知時,知音兼衆語,0.8756851231618321
言語自知時,語默可端倪,0.809241358044747
先生丘中隱,因悲中林士,0.8184935175330694
先生丘中隱,山中儒生舊相識,0.8061947573839855
喬木見雄雌,古木巃嵸枝相樛,0.8217195057145917
喬木見雄雌,葱青衆木梢,0.8041564992144195
喬木見雄雌,公才或守雌,0.8158484842690554
喬木見雄雌,喬木易高風,0.8210956672319538
相戒防禍機,所歷厭機巧,0.8095829718303641
相戒防禍機,主憂急良籌,0.8128534667194918
相戒防禍機,武定禍亂非公誰,0.809867018364211
相戒防禍機,委棄非汝能周防,0.8051433583045114
相戒防禍機,將恐曾防寇,0.8163831342548387
相戒防禍機,兵家忌間諜,0.8269838490274586
相戒防禍機,防虞此何及,0.8215294782079214
相戒防禍機,修築隄防出衆力,0.8036682051910323
相戒防禍機,高人憂禍胎,0.838935416022758
相戒防禍機,所憂盗賊多,0.8088626968805668
相戒防禍機,禍階初負謗,0.8130390248051245
相戒防禍機,羣兇逆未定,0.8302430366053546
相戒防禍機,寇盗方歸順,0.8066176597163619
相戒防禍機,微聲及禍樞,0.8188907008579116
相戒防禍機,静一資隄防,0.8351530636384266
相戒防禍機,結舌防讒柄,0.8016385430370148
相戒防禍機,主憂急盗賊,0.8342126696476078
陳張怨棄遺,諸侯非棄擲,0.8007708720203732
陳張怨棄遺,競棄魯陽戈,0.8162324480236989
陳張怨棄遺,棄我忽若遺,0.8073273606894762
不如聽黄鳥,好鳥不妄飛,0.8083598245964563
不如聽黄鳥,隔葉黄鸝空好音,0.8051828176691214
永晝客争棋,客至雞鬭争,0.8101331659988049
永晝客争棋,且將棋度日,0.8032763879601723
永晝客争棋,留歡卜夜閒,0.8163063240845061
聞道臺源境,聞道洪河坼,0.8054599092339543
聞道臺源境,復道諸山得銀甕,0.8118156827752105
聞道臺源境,聞説真龍種,0.8093117954425169
聞道臺源境,聞道尋源使,0.9032599581992389
聞道臺源境,傳道東柯谷,0.8549638174939058
聞道臺源境,福地語真傳,0.8014977684842142
聞道臺源境,聞道蓬萊殿,0.8462259036701714
聞道臺源境,聞道河陽近乘勝,0.8293152884936714
聞道臺源境,閣道通丹地,0.8209195315701325
聞道臺源境,聞道巴山裏,0.8289648550012885
聞道臺源境,聞道花門將,0.807681617415033
聞道臺源境,根源皆太古,0.8111231031737036
聞道臺源境,聽説松門峽,0.8024857732530365
聞道臺源境,傳語桃源客,0.8408349730763411
聞道臺源境,聞説江陵府,0.8180804484155806
聞道臺源境,根源舊宫閟,0.8309388475547069
鋤荒三徑通,餘潤通藥圃,0.8008020799732054
鋤荒三徑通,村徑逐門成,0.8143329028517523
鋤荒三徑通,草茅無徑欲教鋤,0.8340821319925855
鋤荒三徑通,只須伐竹開荒徑,0.8432682794739856
鋤荒三徑通,蕪蔓少耘鋤,0.8050375906478082
鋤荒三徑通,小徑曲通村,0.8052280189277008
鋤荒三徑通,藩籬生野徑,0.8195062163525086
鋤荒三徑通,荒林無徑入,0.876654173705317
鋤荒三徑通,荒階蔓草茅,0.800144918868299
鋤荒三徑通,田家戒其荒,0.8054278434924089
鋤荒三徑通,荒榛農復秋,0.8152383532486975
鋤荒三徑通,葵荒欲自鋤,0.8253505737434473
鋤荒三徑通,年深荒草徑,0.8628467626349223
鋤荒三徑通,柴扉掃徑開,0.8042814297607936
鋤荒三徑通,荒蕪已荷鋤,0.8363926735071807
鋤荒三徑通,水烟通徑草,0.8303004508299296
鋤荒三徑通,行路日荒蕪,0.8098461993257404
鋤荒三徑通,荒蕪孟母鄰,0.8236066384502908
人曾夢蟻宂,顧惟螻蟻輩,0.8107339459656
人曾夢蟻宂,我寬螻蟻遭,0.8175011148394321
人曾夢蟻宂,苦心豈免容螻蟻,0.8053224108247824
鶴亦怕雞籠,直作鳥窺籠,0.8009407458179266
萬壑秋聲别,陰壑生虚籟,0.81674965559543
萬壑秋聲别,千章夏木清,0.8168199427164994
萬壑秋聲别,慟哭松聲迴,0.8020118161838963
萬壑秋聲别,蟬聲集古寺,0.8163509877869584
萬壑秋聲别,夜鐘清萬户,0.8171465593751608
萬壑秋聲别,清聞樹杪磬,0.8086517507615865
萬壑秋聲别,萬壑樹聲滿,0.9114242802966367
萬壑秋聲别,千崖秋氣高,0.8264272460674496
萬壑秋聲别,巫峽清秋萬壑哀,0.8891450477386285
萬壑秋聲别,秋風動哀壑,0.8593641265516697
萬壑秋聲别,羣山萬壑赴荆門,0.8170590154282817
萬壑秋聲别,雷聲忽送千峰雨,0.818985258418511
萬壑秋聲别,衆壑生寒早,0.8012087166695447
萬壑秋聲别,秋山響易哀,0.8151465785692862
萬壑秋聲别,千崖無人萬壑静,0.82786586790713
萬壑秋聲别,寒蟬碧樹秋,0.8210432996658843
千江月體同,雪樹元同色,0.8142210485352372
須知有一路,箭栝通天有一門,0.8009327011697771
不在白雲中,送老白雲邊,0.8061636502292144
不在白雲中,飛鳥不在外,0.8056426109681198
不在白雲中,議在雲臺上,0.8022729046878645
不在白雲中,雲在意俱遲,0.801439657680161
不在白雲中,託身白雲歸故鄉,0.8162081348414025
不在白雲中,回首白雲間,0.8109740473570053
不在白雲中,只在他鄉何處人,0.805366507708256
檻外溪風拂面凉,荷淨納涼時,0.8168242310665561
檻外溪風拂面凉,山添扇枕涼,0.8160594952930362
檻外溪風拂面凉,開軒納微涼,0.8237700161216444
檻外溪風拂面凉,微微風動襟,0.8141230858098536
檻外溪風拂面凉,山谷進風涼,0.8011613129764573
檻外溪風拂面凉,樹濕風涼進,0.8133105638738534
檻外溪風拂面凉,層軒皆面水,0.8189852688329113
檻外溪風拂面凉,溪風滿薄帷,0.841088450437538
檻外溪風拂面凉,步壑風吹面,0.8308776370426565
檻外溪風拂面凉,江風借夕涼,0.8270867588968245
四圍春草自鉏荒,鴒原荒宿草,0.812405730590881
四圍春草自鉏荒,烟綿碧草萋萋長,0.8174398519385229
四圍春草自鉏荒,城春草木深,0.8111581012048814
四圍春草自鉏荒,秋草徧山長,0.8640132986154114
四圍春草自鉏荒,門前百草長,0.8477558437735935
四圍春草自鉏荒,天寒荒野外,0.808979752817253
四圍春草自鉏荒,草碧水連池,0.8053053481647536
四圍春草自鉏荒,九江春草外,0.8034972792305881
四圍春草自鉏荒,肯藉荒庭春草色,0.8332048837122525
四圍春草自鉏荒,春草滿空堂,0.8071349071109164
四圍春草自鉏荒,草色向平池,0.8021442344004852
四圍春草自鉏荒,荒階蔓草茅,0.8132707023078227
四圍春草自鉏荒,空山草木長,0.8127541496771064
四圍春草自鉏荒,楚草經寒碧,0.8015037439374673
四圍春草自鉏荒,青草洞庭湖,0.8102073284776111
四圍春草自鉏荒,幾地肅芊芊,0.8053351022485422
四圍春草自鉏荒,年深荒草徑,0.8014852475850557
四圍春草自鉏荒,青草萋萋盡枯死,0.8018831026878014
四圍春草自鉏荒,春城帶雨長,0.8100632149101465
四圍春草自鉏荒,荒蕪已荷鋤,0.8089901112819198
四圍春草自鉏荒,水烟通徑草,0.8126336629974242
四圍春草自鉏荒,蛟室圍青草,0.8325109817694145
柳貫錦鱗緣餌香,紫鱗衝岸躍,0.8260434136175221
柳貫錦鱗緣餌香,鮮鯽銀絲鱠,0.8256123530511807
柳貫錦鱗緣餌香,茵蔯春藕香,0.8016082541049943
柳貫錦鱗緣餌香,水精之盤行素鱗,0.8173438856332911
柳貫錦鱗緣餌香,水荇牽風翠帶長,0.8187551141077996
柳貫錦鱗緣餌香,修鱗脱遠枝,0.8176079228798763
柳貫錦鱗緣餌香,得魚已割鱗,0.8285315835363409
柳貫錦鱗緣餌香,接縷垂芳餌,0.8441217525594493
柳貫錦鱗緣餌香,寒魚依密藻,0.8087848391442034
柳貫錦鱗緣餌香,網聚粘圓鯽,0.8102863287778437
柳貫錦鱗緣餌香,長魚無損鱗,0.8237058334800362
柳貫錦鱗緣餌香,黄魚出浪新,0.8035285203789886
柳貫錦鱗緣餌香,刺繡五紋添弱線,0.833816505744948
柳貫錦鱗緣餌香,龍蛇動篋蟠銀鈎,0.8187423160015634
柳貫錦鱗緣餌香,魚饑費香餌,0.8114073476106984
柳貫錦鱗緣餌香,白魚困密網,0.8095512257577709
影落華亭千尺月,倒懸瑶池影,0.8105424768125985
影落華亭千尺月,落月滿屋梁,0.806770049053595
影落華亭千尺月,落月如金盆,0.8043086200829754
影落華亭千尺月,落月去清波,0.8070530007468555
麒麟卧笑功名骨,功名圖麒麟,0.8494995812605656
麒麟卧笑功名骨,苑邊高塚卧麒麟,0.8030572088151344
麒麟卧笑功名骨,勳業終歸馬伏波,0.8165018275992765
麒麟卧笑功名骨,壯惜身名晚,0.8033168661833312
麒麟卧笑功名骨,身許麒麟畫,0.8132762919534602
林居野處,真作野人居,0.8160896221849749
林居野處,貧居類村塢,0.8348444296639137
林居野處,幽居在空谷,0.8197159310385098
林居野處,所居秋草静,0.8087717092692384
林居野處,幸近幽人屋,0.807206627791023
林居野處,幽棲地僻經過少,0.8127443093654578
林居野處,幽居不用名,0.8122877456728055
林居野處,幽偏得自怡,0.8069396819734355
林居野處,褊性合幽棲,0.8171497672076242
林居野處,幽居近物情,0.8443053655030928
林居野處,懶性從來水竹居,0.8398105802900191
林居野處,山僧高下居,0.8224961987487289
林居野處,卜居必林泉,0.8247495875830342
林居野處,幽棲身懶動,0.8083099854625471
林居野處,深居賴獨園,0.843807626164891
林居野處,卜居期静處,0.8639708406058614
林居野處,林居看蟻穴,0.8114876454925881
林居野處,人烟生處僻,0.8378185221565673
林居野處,林僻此無蹊,0.8314295899057461
林居野處,人見幽居僻,0.8458190675659755
林居野處,高齋非一處,0.8211618179028457
林居野處,荒山甚無趣,0.8003782536380963
林居野處,郊扉俗遠長幽寂,0.8070689355010425
林居野處,可憐處處巢居室,0.8361386915250797
而貫萬事,萬古用一夫,0.8048670159240909
而貫萬事,萬事隨轉燭,0.8032327977625842
而貫萬事,人生萬事無不有,0.8071965462681476
而貫萬事,百年從萬事,0.8001304306665944
花落鳥啼,雀啄江頭黄柳花,0.8070008529869961
花落鳥啼,桃花細逐梨花落,0.811603935555924
花落鳥啼,林黑鳥應棲,0.8119854432869198
花落鳥啼,春鳥異方啼,0.8066603542288062
花落鳥啼,鳥雀荒村暮,0.8041645670483012
花落鳥啼,惟見林花落,0.8234507766768772
花落鳥啼,谷鳥鳴還過,0.8109241558504132
花落鳥啼,林花落又開,0.8257433841005977
花落鳥啼,水花寒落岸,0.8077646105058263
花落鳥啼,猿啼失木間,0.8080268161402964
而成四時,四時無失序,0.8296395953614191
物有才德,翼亮貞文德,0.8251454301405052
物有才德,神物有顯晦,0.8059631582938525
物有才德,則知潤物功,0.8306164597731774
物有才德,君臣重修德,0.8018694392738188
物有才德,賢者貴爲德,0.8054320486458771
物有才德,會希全物色,0.8073057710534871
物有才德,宜與英俊厚,0.8014000312401415
水爲官師,轉益多師是汝師,0.8100241090509814
空明湛羣木之影,羣木水光下,0.8161909861559931
搏擊下諸峰之巇,捷下萬仞岡,0.811679471422869
搏擊下諸峰之巇,蒼崖吼時裂,0.8007426900163463
搏擊下諸峰之巇,徑摩穹蒼蟠,0.8209130688687151
搏擊下諸峰之巇,高壁抵嶔崟,0.8176373623783203
搏擊下諸峰之巇,撑突波濤挺叉入,0.8067558391987165
搏擊下諸峰之巇,欹傾出高岸,0.8017175633292826
搏擊下諸峰之巇,撇漩捎濆無險阻,0.811879715152343
搏擊下諸峰之巇,連山蟠其間,0.8000137640775935
搏擊下諸峰之巇,奔峭背赤甲,0.8033324804831825
搏擊下諸峰之巇,下巉巖,0.8030849012255326
搏擊下諸峰之巇,峻趾得嶔崟,0.8174745391078537
游魚净而知機,水深魚知聚,0.8395807628840402
游魚净而知機,静者心多妙,0.8193817800939529
游魚净而知機,水清反多魚,0.8327966534734863
游魚净而知機,盤渦鷺浴底心性,0.8136883164447741
游魚净而知機,水深魚極樂,0.8247557185071301
君子樂而忘歸,念子何當歸,0.8213639725863282
君子樂而忘歸,時無王良伯樂死卽休,0.8001109848379298
君子樂而忘歸,今歸行在所,0.8106397563472274
君子樂而忘歸,樂罷不無悲,0.8122117431066875
君子樂而忘歸,歡罷念歸旋,0.8054271126435796
君子樂而忘歸,今我不樂思岳陽,0.8272924338296115
君子樂而忘歸,吾儕醉不歸,0.8366271697994434
水嬉者游魚,池中足鯉魚,0.8423145458309469
水嬉者游魚,水深魚知聚,0.8547183535665882
水嬉者游魚,水清反多魚,0.8657173860805172
水嬉者游魚,魚鼈爲人得,0.8013733858810896
水嬉者游魚,清源多衆魚,0.8392084685752057
水嬉者游魚,潛魚本同河,0.8116535677504326
水嬉者游魚,困魚魚有神,0.8340487228181926
水嬉者游魚,水有在藻鱗,0.8142966410506829
水嬉者游魚,水生魚復浦,0.8279469068876726
水嬉者游魚,水深魚極樂,0.8651073972263652
林樂者啼鳥,好鳥不歸山,0.8137274739068528
林樂者啼鳥,曠野號禽獸,0.8257522030142037
林樂者啼鳥,好鳥鳴巖扃,0.8271457425730071
林樂者啼鳥,巢多衆鳥鬭,0.840227578422821
林樂者啼鳥,聞呼向禽急,0.8416668230973037
林樂者啼鳥,柴門鳥雀噪,0.8032411224132817
林樂者啼鳥,鴟鳥鳴黄桑,0.812576263992037
林樂者啼鳥,啾啾棲鳥過,0.8170040224897712
林樂者啼鳥,禽鳥亦有行,0.8338333995795955
林樂者啼鳥,林茂鳥有歸,0.8651764870178402
林樂者啼鳥,林疏鳥獸稀,0.8105052071031096
林樂者啼鳥,叢卑春鳥疑,0.8259997037648905
林樂者啼鳥,林黑鳥應棲,0.8393319406995388
林樂者啼鳥,林猿爲我啼清晝,0.811849240528226
林樂者啼鳥,鳥雀夜各歸,0.8264887108940037
林樂者啼鳥,禪枝宿衆鳥,0.8028683004457773
林樂者啼鳥,囀枝黄鳥近,0.8109603676023145
林樂者啼鳥,群鳥至今爲哺雛,0.809789419613149
林樂者啼鳥,春鳥異方啼,0.8560107226019636
林樂者啼鳥,樹枝有鳥亂鳴時,0.8336979197918016
林樂者啼鳥,林鶯遂不歌,0.8002659053767078
林樂者啼鳥,隔巢黄鳥並,0.8092103289550148
林樂者啼鳥,鳥棲知故道,0.8198140966293821
林樂者啼鳥,水宿鳥相呼,0.8410961054112114
林樂者啼鳥,日長惟鳥雀,0.8041183208992981
林樂者啼鳥,非時鳥共聞,0.8051541277634469
林樂者啼鳥,君看禽鳥情,0.803579756310795
林樂者啼鳥,谷鳥鳴還過,0.8793309881806107
林樂者啼鳥,啼烏争引子,0.8120594143536968
林樂者啼鳥,擇木知幽鳥,0.8383049517615486
林樂者啼鳥,林熱鳥開口,0.8148721789284008
林樂者啼鳥,好鳥知人歸,0.855819076903362
林樂者啼鳥,林茂鳥知歸,0.856940445325812
林樂者啼鳥,鳥雀聚枝深,0.8406871575139312
林樂者啼鳥,欲棲群鳥亂,0.8055870170836213
林樂者啼鳥,山鳥暮過庭,0.8340113830547347
林樂者啼鳥,黄鳥喧嘉音,0.8202276407801774
林樂者啼鳥,猿啼失木間,0.8075727188913344
林樂者啼鳥,林烏反哺聲,0.8458095348020517
林樂者啼鳥,彈落似鴞禽,0.8216781893274653
志士仁人觀其大,與人一心成大功,0.8025348945861702
志士仁人觀其大,仁者宜戰慄,0.8080483738183161
志士仁人觀其大,何人高義同,0.8105009598966064
志士仁人觀其大,用拙存吾道,0.8085256864300226
志士仁人觀其大,獨覺志士甘漁樵,0.8021718252418373
志士仁人觀其大,賢者貴爲德,0.8042966664958753
志士仁人觀其大,密論貞觀體,0.8062552932446782
志士仁人觀其大,好學尚貞烈,0.8086335088868737
志士仁人觀其大,地崇士大夫,0.8061075702443186
志士仁人觀其大,聖哲體仁恕,0.8340790245098347
志士仁人觀其大,惻隱仁者心,0.8162912274556897
志士仁人觀其大,學者淪素志,0.8139034151143287
薪翁笱婦利其小,小人利口實,0.8331081133415495
薪翁笱婦利其小,鞭撻其夫家,0.8021933757457145
薪翁笱婦利其小,中男絶短小,0.8032893239265939
薪翁笱婦利其小,小兒成老翁,0.8045035243043592
薪翁笱婦利其小,負鹽出井此溪女,0.8154318075539044
有美一人,有美生人傑,0.8707813109289272
有美一人,絶代有佳人,0.8071806700781858
有美一人,邑有佳主人,0.8250208330783195
有美一人,鄰人有美酒,0.8029081380143757
獨燕居萬物之表,鎮石各其方,0.8033442450421531
石生涯於寒藤,逕危抱寒石,0.8074291734117628
石生涯於寒藤,倒石賴藤纏,0.8269880244806149
藤耇造於崖樹,能添老樹巔崖裏,0.8367785913558367
藤耇造於崖樹,陰崖二蒼鷹,0.8096777487389966
藤耇造於崖樹,懸崖置屋牢,0.8089504008470622
藤耇造於崖樹,翠乾危棧竹,0.8101498585796976
藤耇造於崖樹,高者掛罥長林梢,0.8026539179599399
藤耇造於崖樹,巖排古樹圓,0.8031480947371519
藤耇造於崖樹,倒石賴藤纏,0.8235355926561914
藤耇造於崖樹,乳贙號攀石,0.8175605973552182
藤耇造於崖樹,攀援懸根木,0.802047573409262
鼇插翼而成鵬,風翮九霄鵬,0.8197975210277892
鼇插翼而成鵬,筆飛鸞聳立,0.8055216857869105
鼇插翼而成鵬,鷙鳥舉翮連青雲,0.8315550220924042
鼇插翼而成鵬,威鳳高其翔,0.8079358601681117
鼇插翼而成鵬,鸛鶴號且翔,0.803863559987102
鼇插翼而成鵬,南圖迴羽翮,0.8005122904805133
鼇插翼而成鵬,仰看西飛翼,0.8159855378048955
鼇插翼而成鵬,羽翮困低昂,0.8186435581995626
鼇插翼而成鵬,羽翼商山起,0.8373405482617313
鼇插翼而成鵬,丹極上鯤鵬,0.8251569531585521
鼇插翼而成鵬,捩翅服蒼鷹,0.8150048901175397
鼇插翼而成鵬,鸞鳳有鎩翮,0.8007936481586474
鼇插翼而成鵬,秋鷹整翮當雲霄,0.8256291857881014
鼇插翼而成鵬,鵬圖仍矯翼,0.8595881805364174
鼇插翼而成鵬,鵬路觀翱翔,0.8176119543629196
我來兮自東,今欲東入海,0.8146624886838905
我來兮自東,天子從北來,0.8016062859995341
我來兮自東,我往日華東,0.8342924851605173
我來兮自東,我行入東川,0.8249618745479452
我來兮自東,鳳凰從東來,0.8156484338371166
我來兮自東,東遊西還力實倦,0.8050016903177359
我來兮自東,别我舟檝去,0.8087431381536605
我來兮自東,客從南溟來,0.8226841423895015
倚嵌巖兮顧同來,下巉巖,0.8329169222693218
倚嵌巖兮顧同來,深蟠絶壁來,0.8083655708480922
謂公等其皆去,孰知是死别,0.8023440406386362
謂公等其皆去,公侯爲等倫,0.8020030206410518
石藴璵璠,高價越璵璠,0.8203595640786316
石藴璵璠,但愧識璵璠,0.8051817149159255
石藴璵璠,芝蘭疊璵璠,0.8861458549097332
天開不材之祥,皇天久不雨,0.8095704275285511
天開不材之祥,暴殄天物聖所哀,0.8156700795088593
天開不材之祥,皇天不無意,0.80098578155395
天開不材之祥,留之懼不祥,0.8244541555105787
天開不材之祥,禄山作逆降天誅,0.8240937405359225
天開不材之祥,爲農知地形,0.8006863427184043
天開不材之祥,用爲羲和天爲成,0.8299634890717049
天開不材之祥,神其思降祥,0.8504819533829278
屹金爐之突兀,夜深殿突兀,0.8128978561826741
屹金爐之突兀,骨骼硉兀如堵牆,0.8265338114451986
屹金爐之突兀,何得立突兀,0.8462276270608231
屹金爐之突兀,西岳崚嶒竦處尊,0.8171164296809499
屹金爐之突兀,繼起名硉兀,0.8393498389161127
屹金爐之突兀,何時眼前突兀見此屋,0.8121178658538015
屹金爐之突兀,突兀倚書幌,0.8042506324622138
屹金爐之突兀,恒山猶突騎,0.8086831857975433
屹金爐之突兀,奇峰硉兀火雲升,0.8267087059416142
其山海之來翔,白蛇登其巢,0.8197752569332831
其山海之來翔,南有龍兮在山湫,0.8015653671287277
其山海之來翔,或驂鸞騰天,0.8152746602832179
然以明哲之火,秉德崔瑗銘,0.8021156238813716
然以明哲之火,修德使其來,0.8259779092482084
然以明哲之火,膏以明自煎,0.827492141984709
然以明哲之火,置膏烈火上,0.8057865835227893
然以明哲之火,堯有四岳明至理,0.8226421718666659
然以明哲之火,宗枝神堯後,0.8008898178251576
熏以忠信之香,報之以微寒,0.829235214319296
熏以忠信之香,在德非馨香,0.8507573355053353
俯仰一時,俯視但一氣,0.8445549664513936
非智所及,取適事莫並,0.8074616697394272
非智所及,所須亦易求,0.802123829046347
非智所及,至性有此不,0.8107466697972158
非智所及,愚意會所適,0.8085447875315147
非智所及,顧慚昧所適,0.8039703406317316
非智所及,末契有所及,0.8381074348484208
非智所及,公豈忘精誠,0.8021422889476904
非智所及,用舍在所尋,0.8222905370881904
非智所及,斯焉心所求,0.8010729524992005
非智所及,豈識悔吝先,0.8002830286036711
非智所及,豈知身効能,0.8048455670506185
非智所及,愚智心盡死,0.8224816444376624
非智所及,用心未甚臧,0.8256338391499901
非智所及,衆力亦不細,0.8044343266236882
非智所及,得志行所爲,0.8066884078099829
非智所及,謀畫焉得算,0.8030801614518899
付與萬世,萬事盡付形骸外,0.8485970921504643
付與萬世,此生隨萬物,0.8087988322278504
付與萬世,付與後世傳,0.8682029564280832
付與萬世,百年從萬事,0.8035538646079892
其存者長,存者且偷生,0.8163166657657139
其存者長,穀者命之本,0.8252587917136319
蒼苔枯木,石田茅屋荒蒼苔,0.8199664802569282
蒼苔枯木,玉殿莓苔青,0.8067812004691868
蒼苔枯木,古人白骨生青苔,0.8243298329598218
蒼苔枯木,摧頽蒼松根,0.829493071208507
蒼苔枯木,蒼鼠竄古瓦,0.8339507705370421
蒼苔枯木,苔蘚山門古,0.8148473487560337
蒼苔枯木,寒雨颯颯枯樹濕,0.8079470779726857
蒼苔枯木,季冬樹木蒼,0.8039512107309892
蒼苔枯木,兩株慘裂苔蘚皮,0.8684384171203957
蒼苔枯木,霜埋翠竹根,0.8217211398884424
蒼苔枯木,苔蘚蝕盡波濤痕,0.8044161636862664
蒼苔枯木,石柱仄青苔,0.8177720065764416
蒼苔枯木,階面青苔老更生,0.8333956849667656
蒼苔枯木,石根青楓林,0.8187354630295773
蒼苔枯木,翠木蒼藤日月昏,0.8546580804123758
蒼苔枯木,枯木半龍鱗,0.8466077757676509
蒼苔枯木,古苔生迮地,0.8169646102537953
蒼苔枯木,青草萋萋盡枯死,0.8229450578319024
蒼苔枯木,秋枯洞庭石,0.8062266126168922
蒼苔枯木,蒼茫土木身,0.8473519916930049
相依澗壑之濱,鄭縣亭子澗之濱,0.821527174948659
黄葛女蘿,絺衣掛蘿薜,0.811252944369206
自致風雲之上,已入風磴霾雲端,0.802411615131679
自致風雲之上,風雲隨絶足,0.8004609691450375
鳥投暮而來歸,好鳥不歸山,0.8209109744385436
鳥投暮而來歸,薄暮欲俱還,0.8181754233465135
鳥投暮而來歸,林茂鳥有歸,0.8209247148069156
鳥投暮而來歸,鳥雀夜各歸,0.8191366475925889
鳥投暮而來歸,日暮歸幾翼,0.8001845579677803
鳥投暮而來歸,鳴鶴不歸林,0.8127908095915872
鳥投暮而來歸,好鳥知人歸,0.8106173765206954
水影林光,月林散清影,0.8301268737586718
水影林光,羣木水光下,0.8116904761132955
水影林光,水花晚色静,0.805669598071471
水影林光,細蕩林影趣,0.8037229730090187
水影林光,鳥影度寒塘,0.8335709835395123
水影林光,野潤烟光薄,0.8077224071128329
水影林光,簷影微微落,0.8037856832395668
水影林光,江色映疏簾,0.8212047150329427
水影林光,竹光團野色,0.845651090961365
水影林光,舍影漾江流,0.8697176555670509
水影林光,燈光散遠近,0.804122016301982
水影林光,入簾殘月影,0.8087695148710927
水影林光,東林竹影薄,0.8275198057335301
水影林光,林花潤色分,0.8032915671970295
水影林光,山光見鳥情,0.8242620619520504
水影林光,水深雲光廓,0.818962551819951
水影林光,江月光於水,0.8354298217133669
水影林光,晨光映遠岫,0.8156160288203779
水影林光,喬木澄稀影,0.8085466554010498
水影林光,落日初霞閃餘映,0.8119931483781258
水影林光,疊浪月光芒,0.8079419701331334
水影林光,早霞隨類影,0.8124662452945752
常相助發,毛髮具自和,0.809815360589638
溪聲斧響,泉聲聞復息,0.8469332821435709
溪聲斧響,颼颼林響交,0.8097837809942792
溪聲斧響,聲音咽咽如有謂,0.8246018638645316
溪聲斧響,蟬聲集古寺,0.814323066014734
溪聲斧響,虚閣自松聲,0.8099247252190107
溪聲斧響,寂無斤斧響,0.8111747463127411
溪聲斧響,泉聲帶玉琴,0.8268554499819547
溪聲斧響,晨溪響虚駃,0.8447079055784491
溪聲斧響,泉源泠泠雜猿狖,0.8296707727102115
溪聲斧響,松風磵水聲合時,0.8262241350929185
有情清江水,秋水清無底,0.8463097175026555
有情清江水,江水清源曲,0.8315979253612322
有情清江水,有淚如金波,0.822361560549508
有情清江水,清江空舊魚,0.8197887993600761
有情清江水,清渭無情極,0.8170836587969048
有情清江水,江湖秋水多,0.8349752915475356
有情清江水,更有澄江銷客愁,0.8080064121362223
有情清江水,愁邊有江水,0.8594336329663974
有情清江水,山泉落滄江,0.8122131418392131
有情清江水,美人娟娟隔秋水,0.817731162940355
有情清江水,清池有餘花,0.8115149189537973
有情清江水,水有遠湖樹,0.8004616430667657
有情清江水,秋水漫湘竹,0.802873046282438
有情清江水,清思漢水上,0.8104031531480727
東下投豫章,章甫尚西東,0.8013854798667427
故人江上居,故人今居子午谷,0.8309458705829343
故人江上居,故人還寂寞,0.8042179329589767
故人江上居,客子念故宅,0.8048529725487266
故人江上居,吹汝江上宅,0.8237049149060247
故人江上居,故人南郡去,0.8186016662576442
故人江上居,江漢故人少,0.8459664023970317
故人江上居,南宫吾故人,0.8457690999436426
故人江上居,故國平居有所思,0.8132027388982265
故人江上居,憶上西陵故驛樓,0.8002352839291844
故人江上居,故人有遊子,0.8263850283280688
故人江上居,園人非故侯,0.8178263661468195
故人江上居,江山非故園,0.8077368283257245
故人江上居,故國移居見客心,0.8034392940037325
故人江上居,故人猶遠謫,0.8332563101076069
故人江上居,故人湖外客,0.9022774409002741
故人江上居,遥憐故人思故鄉,0.8391498930380438
故人江上居,故人湖外少,0.868887272802977
不寄書一行,幾歲寄我空中書,0.860029028435151
不寄書一行,讀書破萬卷,0.8074719172729954
不寄書一行,答云一書記,0.829770206896963
不寄書一行,寄書問三川,0.8280821386658381
不寄書一行,自寄一封書,0.8729171742847133
不寄書一行,封書寄與淚潺湲,0.8026943894434588
不寄書一行,不寄一行書,0.9657374181647098
不寄書一行,一男附書至,0.8419452009021545
不寄書一行,寄書長不達,0.8751858568056398
不寄書一行,書成無信將,0.8386139879717516
不寄書一行,書枉滿懷牋,0.8234604166707338
不寄書一行,中原無書歸不得,0.8033160988066493
不寄書一行,讀書難字過,0.8107197393155645
不寄書一行,祇是書應寄,0.8426619625730272
不寄書一行,老妻書數紙,0.8299459825873609
不寄書一行,但見書畫傳,0.8183282166112161
不寄書一行,從來不奉一行書,0.8628382100899894
不寄書一行,題詩須一行,0.8496502159531159
不寄書一行,題書報旅人,0.8154478749607065
不寄書一行,别家三月一書來,0.8043636861782737
不寄書一行,有使卽寄書,0.8804712641595454
不寄書一行,書成無過雁,0.8403312383857602
不寄書一行,不寄草堂貲,0.8056622251276754
不寄書一行,來書細作行,0.8532413411282327
不寄書一行,一聲何處送書雁,0.8185282059915501
不寄書一行,前後緘書報,0.8021826867890074
不寄書一行,有作成一囊,0.8026752112997704
不寄書一行,北書不至雁無情,0.8314103367128012
不寄書一行,封書兩行淚,0.8537115397553805
不寄書一行,長葛書難得,0.8096758747964314
不寄書一行,幾度寄書白鹽北,0.8034423636514947
不寄書一行,群書一萬卷,0.8173736708477999
不寄書一行,秋來把雁書,0.8181727986316509
不寄書一行,念我能書數字至,0.8690674834946519
不寄書一行,重得故人書,0.8042380437988292
不寄書一行,肯作致書郵,0.8199346280516294
不寄書一行,空裏愁書字,0.806525924840757
不寄書一行,素書一月凡一束,0.8179497547743327
不寄書一行,欲辨不成書,0.8126002245252301
不寄書一行,新詩昨寄將,0.8188828820447446
不寄書一行,開緘書札光,0.807495208951039
相思對明月,與君永相望,0.8149048674681565
相思對明月,明我長相憶,0.829594472025876
相思對明月,此時對雪遥相憶,0.8445254123041844
相思對明月,相思淚點懸,0.8090364104990284
相思對明月,慰我深相憶,0.8079103486178052
相思對明月,此别淚相望,0.8012392212693704
談笑如清光,清談見滋味,0.8266525126090751
談笑如清光,欣然談情素,0.800610292389287
