황정견,두보,코사인 유사도
永夜不闔扉,不寢聽金鑰,0.8031441797601213
永夜不闔扉,永日不可暮,0.8199805053184526
永夜不闔扉,終能永夜清,0.8028329189241943
永夜不闔扉,户牖永可安,0.8038496277969058
永夜不闔扉,永夜攬貂裘,0.8085021713249229
永夜不闔扉,風扉掩不定,0.8172263864458502
永夜不闔扉,關鍵歘不閉,0.8007557989675648
永夜不闔扉,柴扉永不關,0.8397777838465341
女墻上金樞,蓬萊織女回雲車,0.8156181432056804
女墻上金樞,中間謁紫宸,0.8050862909569505
女墻上金樞,宫殿居上頭,0.8352426235030135
女墻上金樞,朝傍紫微垣,0.8040231769115607
女墻上金樞,紫微臨大角,0.8047223101009064
天如青琉璃,波濤萬頃堆琉璃,0.8561965342071506
天如青琉璃,琉璃汗漫泛舟入,0.8185258921452633
天如青琉璃,金城土酥淨如練,0.8179682416118028
天如青琉璃,上有蔚藍天,0.8172109304349666
天如青琉璃,華岳金天晶,0.8024892469646154
馬飽生芻嘶,暮隨肥馬塵,0.8173336226265726
馬飽生芻嘶,走馬脱轡頭,0.8116106878696672
馬飽生芻嘶,饑鷹未飽肉,0.8104183502673326
馬飽生芻嘶,高生跨鞍馬,0.8027579778238985
馬飽生芻嘶,歸馬散霜蹄,0.8217946180016014
馬飽生芻嘶,勸客駝蹄羹,0.8008687336354542
馬飽生芻嘶,草肥蕃馬健,0.8365914877341395
馬飽生芻嘶,高秋馬肥健,0.8086524026281942
馬飽生芻嘶,肉瘦怯豺狼,0.8019535587048453
馬飽生芻嘶,馬嘶思故櫪,0.8105728373637038
馬飽生芻嘶,我馬骨正折,0.8021662897345423
馬飽生芻嘶,我馬向北嘶,0.8120550369976849
馬飽生芻嘶,與奴白飯馬青芻,0.8485412694526907
馬飽生芻嘶,馬嘶未敢動,0.8225698322213517
馬飽生芻嘶,馬銜青草嘶,0.8246039726872132
馬飽生芻嘶,辱馬馬毛焦,0.8356565659811632
馬飽生芻嘶,青芻適馬性,0.824680808355286
馬飽生芻嘶,天馬跛足隨氂牛,0.8122210841492697
月通雲氣明,高秋爽氣澄,0.8062861878329735
月通雲氣明,月明垂葉露,0.8102885867728883
月通雲氣明,雲氣接崑崙,0.8022511566461485
月通雲氣明,月出山更静,0.8390676608136132
月通雲氣明,爽氣金天豁,0.8011642543007091
月通雲氣明,月彩静高深,0.8241857938552843
月通雲氣明,月明遊子静,0.8195381058050747
月通雲氣明,水深雲光廓,0.8628182881382027
月通雲氣明,日氣射江深,0.8027745996204209
月通雲氣明,月出寒通雪山白,0.8389791270858753
月通雲氣明,陽臺曙色分,0.8034208398540075
月通雲氣明,樓高月迥明,0.8033793151078797
月通雲氣明,雲月遞微明,0.8194435015653717
外弟有佳質,李侯有佳句,0.8068426801741064
外弟有佳質,岑參兄弟皆好奇,0.8033243962018376
外弟有佳質,邑有佳主人,0.8240917315556726
外弟有佳質,有弟有弟在遠方,0.8425487356098169
外弟有佳質,中原有兄弟,0.8364898451040825
外弟有佳質,孟氏好兄弟,0.8154777014791492
外弟有佳質,持以比佳士,0.8170509888778126
外弟有佳質,乃聞風土質,0.8063250997124987
外弟有佳質,昔有佳人公孫氏,0.8028130414714267
外弟有佳質,顔氏之子才孤標,0.8199565305321894
妙年推老成,明公獨妙年,0.8396172358085883
妙年推老成,與子成二老,0.8028918760876855
妙年推老成,庾信文章老更成,0.8036464675844792
妙年推老成,晚將末契託年少,0.8049757936976196
妙年推老成,已聞老成名,0.8113528305508466
妙年推老成,克家何妙年,0.8209863340785257
後凋對霜雪,霜雪滿飛蓬,0.8092052887924306
後凋對霜雪,陰崖却承霜雪幹,0.8051370910010278
後凋對霜雪,毛暗蕭條連雪霜,0.807265475194508
後凋對霜雪,大哉霜雪幹,0.8540896997448479
後凋對霜雪,不獨避霜雪,0.8490758367970959
後凋對霜雪,增寒抱雪霜,0.8257400411409532
後凋對霜雪,天寒霜雪繁,0.821191416999297
後凋對霜雪,野客頻留懼雪霜,0.8139495207381242
後凋對霜雪,玄冬霜雪積,0.852592282005922
後凋對霜雪,青青歲寒後,0.8049608226391138
後凋對霜雪,未效風霜勁,0.8149591903710591
後凋對霜雪,歲暮有嚴霜,0.8188703760433145
後凋對霜雪,寒松竟後凋,0.866770155715337
後凋對霜雪,雪飛玉立盡清秋,0.8111996581802499
後凋對霜雪,用心霜雪間,0.8327263706728308
後凋對霜雪,高唐暮冬雪壯哉,0.805493691203411
後凋對霜雪,冰霜昨夜除,0.8138310172190519
後凋對霜雪,無令霜雪殘,0.8366582032239294
後凋對霜雪,積雪飛霜此夜寒,0.8492598091063026
後凋對霜雪,雖當霰雪嚴,0.8170743685737768
後凋對霜雪,儛劍霜雪吹青春,0.8056139501527083
不昧處陰晴,常時任顯晦,0.823193308369967
不昧處陰晴,未有不陰時,0.8235968912991245
不昧處陰晴,陰晴屢不分,0.8250230967502331
盛德當如此,由來積德門,0.8046060539781912
盛德當如此,道德付今王,0.810757221244212
盛德當如此,德尊一代常坎軻,0.8332067598279463
盛德當如此,盛業今如此,0.9085363131885247
盛德當如此,况當朱炎赫,0.8082353846929116
盛德當如此,翼亮貞文德,0.8063060898927165
盛德當如此,修德使其來,0.8097579675012385
盛德當如此,尅復誠如此,0.8233357921684066
盛德當如此,今王德教淳,0.8018937900657518
盛德當如此,宗生實於此,0.8074060573461244
盛德當如此,何如儉德臨,0.8453923028843545
盛德當如此,漢道盛於斯,0.8583667666730113
盛德當如此,道國繼德業,0.8014376372444338
盛德當如此,盛族多其人,0.8036431152052648
盛德當如此,王門高德業,0.8090771197528981
盛德當如此,賢良歸盛族,0.8126253582028642
古人畏後生,賢良復幾人,0.8217083164210053
古人畏後生,古人誰復過,0.8435579765753745
古人畏後生,古先莫能儔,0.8304115017642983
古人畏後生,古人重守邊,0.8038207651681325
古人畏後生,先後無醜好,0.8106371622642803
古人畏後生,因見古人情,0.8062823889057362
古人畏後生,古人稱逝矣,0.8092538908111748
古人畏後生,吾生後汝期,0.8040498337866676
古人畏後生,不覺前賢畏後生,0.8890808893417954
古人畏後生,不薄今人愛古人,0.846959262670641
古人畏後生,古人日已遠,0.803923008508208
古人畏後生,賈生慟哭後,0.8014826765065736
古人畏後生,古人不可見,0.808670387318742
古人畏後生,反爲後輩褻,0.8203348403101549
古人畏後生,骨驚畏曩哲,0.8046358100225846
古人畏後生,夫人先卽世,0.81861148870526
古人畏後生,人生無賢愚,0.8299857079109241
古人畏後生,前聖畏後生,0.9266184839636302
古人畏後生,伏事董先生,0.8082123306072087
古人畏後生,自古聖賢多薄命,0.8206763772196101
古人畏後生,生别古所嗟,0.8287829711325836
古人畏後生,此生遭聖代,0.8321109366625765
古人畏後生,斯人不重見,0.8040209140406456
古人畏後生,恥爲達人誚,0.8062671721526928
古人畏後生,風流後代希,0.8011887899225365
古人畏後生,聖賢名古邈,0.801693721223302
在昔授子書,夙昔傳聞思一見,0.8307169134945421
在昔授子書,憶昔避賊初,0.80750897051114
在昔授子書,十九授校書,0.8507186496130732
在昔授子書,汝書猶在壁,0.8207399193911367
在昔授子書,讀記憶仇池,0.80344753749058
在昔授子書,尚書訓士齊,0.800024855514149
在昔授子書,郎有焦校書,0.8172026445150962
在昔授子書,自昔有經綸,0.8326234251536734
在昔授子書,陳公讀書堂,0.8160556591950814
在昔授子書,猶聞蜀父老,0.802752333400425
在昔授子書,續兒誦文選,0.8061260490355618
在昔授子書,上公有記者,0.8086607296880204
在昔授子書,昔在童子日,0.8522503034164679
在昔授子書,憶昔李公存,0.8205415691643081
在昔授子書,昔獻書畫圖,0.8137817505370051
在昔授子書,重聞西方止觀經,0.8204554828124098
在昔授子書,訓諭青衿子,0.8186376577839354
在昔授子書,中郎石經後,0.806897638141916
在昔授子書,念我能書數字至,0.8180643531353422
在昔授子書,嘗讀唐實録,0.836056527438853
在昔授子書,郭欽上書見大計,0.8144193135615452
在昔授子書,昔在嚴公幕,0.8008491870311196
髧彼垂兩髮,鬢髮各已蒼,0.8261276914560611
髧彼垂兩髮,眼暗髮垂素,0.8187036530033771
髧彼垂兩髮,白頭亂髮垂過耳,0.8261752022821722
髧彼垂兩髮,鬢毛垂領白,0.8099260515835787
髧彼垂兩髮,素髮乾垂領,0.8513949041702265
乖離今十年,百年秋已半,0.8304126508939906
乖離今十年,只今年纔十六七,0.8277338203756737
乖離今十年,别離經死地,0.812466585110879
乖離今十年,今已十月後,0.8012462029081665
乖離今十年,漸衰那此别,0.8071644664285447
乖離今十年,焉知二十載,0.809436152759957
乖離今十年,惆悵年半百,0.8109224500818377
乖離今十年,況經長别心,0.809667267859755
乖離今十年,别離已昨日,0.8741900377694107
乖離今十年,相看俱衰年,0.8007473344982234
乖離今十年,飄蓬踰三年,0.8117938533234366
乖離今十年,十年不見來何時,0.8009561691581677
乖離今十年,百年已過半,0.8422834942478394
乖離今十年,卽今倏忽已五十,0.8471048594449915
乖離今十年,百年嗟已半,0.8420279978153389
乖離今十年,往還二十載,0.8064924246736723
乖離今十年,别離終不久,0.8138449794564031
乖離今十年,悠悠經十年,0.8563928002978207
乖離今十年,别來忽三歲,0.8414522736835306
乖離今十年,蹉跎有六年,0.8554388116695686
乖離今十年,與兄行年校一歲,0.8125038497689883
乖離今十年,十年别荒村,0.8235611803840717
乖離今十年,聚散俄十春,0.8309594304173316
乖離今十年,結交三十載,0.8184916913780715
乖離今十年,别離慘至今,0.8161829624434346
乖離今十年,别離已五年,0.9391946107775142
乖離今十年,消渴已三年,0.8041672116227667
乖離今十年,積年仍遠别,0.8548962791322641
乖離今十年,追隨二十載,0.8005356193823958
乖離今十年,于今四十年,0.8672554515826156
樹立映先達,樹立甚宏達,0.8805242621768746
樹立映先達,勳庸思樹立,0.8001771713775558
樹立映先達,本朝再樹立,0.8288201652953648
清燈哦妙句,猥誦佳句新,0.8061810303615649
清燈哦妙句,聽詩静夜分,0.8012168148826926
清燈哦妙句,題詩得秀句,0.8365288004606168
清燈哦妙句,新詩句句好,0.8289630428311661
清燈哦妙句,憶君誦詩神凛然,0.813139300861
清燈哦妙句,詩罷能吟不復聽,0.8063762285294184
清燈哦妙句,新詩更憶聽,0.8102698050867941
清燈哦妙句,詩成吟咏轉淒涼,0.8228736459920085
清燈哦妙句,賦詩新句穩,0.8134255798457808
清燈哦妙句,當公賦佳句,0.8010947677682081
清燈哦妙句,清詩句句盡堪傳,0.8422629101791959
清燈哦妙句,作詩呻吟内,0.8129521139340002
清燈哦妙句,吟詩正憶渠,0.8065961889941635
清燈哦妙句,自吟詩送老,0.8002482380730088
如酌春酒滑,春酒杯濃琥珀薄,0.8841644214866398
如酌春酒滑,仙醴來浮蟻,0.8294650498942387
如酌春酒滑,况挹酒如澠,0.8728063841108334
如酌春酒滑,百壺那送酒如泉,0.8243223473360428
如酌春酒滑,味如甘露漿,0.8339507244596025
如酌春酒滑,酒酣進庶羞,0.8127055835338215
如酌春酒滑,如澠之酒常快意,0.8577047800489181
如酌春酒滑,碧酒隨玉粒,0.8090102857659054
如酌春酒滑,邊酒排金碗,0.8167285298338123
如酌春酒滑,如今足斟酌,0.833263321933942
如酌春酒滑,傾榼濁復清,0.808633143589609
如酌春酒滑,莫辭酒味薄,0.8282747048103173
如酌春酒滑,十觴亦不醉,0.8000698418302385
如酌春酒滑,血以當醴泉,0.8004193008750993
如酌春酒滑,濁醪自初熟,0.8169230904883915
如酌春酒滑,不放香醪如蜜甜,0.8241073277416566
如酌春酒滑,蔗漿歸廚金碗凍,0.812594467028042
如酌春酒滑,邀我嘗春酒,0.8165809538970623
如酌春酒滑,山瓶乳酒下青雲,0.8278791197625648
如酌春酒滑,射洪春酒寒仍緑,0.8115304114867463
如酌春酒滑,先𢬵一飲醉如泥,0.8236351852053889
如酌春酒滑,洗杓斟新醖,0.8450703565395625
如酌春酒滑,纔傾一盞卽醺人,0.8090898091319142
如酌春酒滑,割愛酒如澠,0.8638614688685586
如酌春酒滑,細細酌流霞,0.80765435840444
把書念携手,攜手日同行,0.8350872784621193
把書念携手,手中各有攜,0.82614622358573
把書念携手,怡然共攜手,0.8449662530254276
把書念携手,攜酒重相看,0.8360839952577772
把書念携手,偶攜老妻去,0.8260979558690511
把書念携手,將來洗筐篋,0.8076124369759661
惆悵至明發,惆悵難再述,0.8083575664831755
惆悵至明發,臨風默惆悵,0.8107927451452278
惆悵至明發,識者一惆悵,0.8208114546246769
人生不如意,人實不易知,0.8283543306753324
人生不如意,生涯似衆人,0.810385415159348
人生不如意,君意人莫知,0.8268902567535577
人生不如意,人生半哀樂,0.815460184820695
人生不如意,平生飛動意,0.8085626927250018
人生不如意,不知死與生,0.8109100415343538
人生不如意,人生會合不可常,0.8362233378895448
人生不如意,人生不相見,0.8502944862406666
人生不如意,人生有離合,0.8243160311834353
人生不如意,人生無家别,0.8041258983178019
人生不如意,達生豈是足,0.836020132851673
人生不如意,不意書生耳,0.8485409512060702
人生不如意,君子意如何,0.805001605687037
人生不如意,人生亦有初,0.8521308851259626
人生不如意,生意春如昨,0.8024399469165842
人生不如意,生事不自謀,0.8235445327014352
人生不如意,人生意氣豁,0.8158115485828853
人生不如意,人生歡會豈有極,0.8454884176407411
人生不如意,人生不再好,0.8508093320657468
人生不如意,人生流滯生理難,0.829501119065139
人生不如意,生意從此活,0.8158538211435766
人生不如意,人生在世間,0.8295398351058447
人生不如意,人生意氣合,0.8646826086769588
人生不如意,人生忽如昨,0.8216236834967093
人生不如意,人生快意多所辱,0.8356368540899017
人生不如意,人生無賢愚,0.8189527084884225
人生不如意,人生相感動,0.8041934626486645
人生不如意,人生會面難再得,0.8135721501036759
人生不如意,人生萬事無不有,0.8565105757897424
人生不如意,人生貴是男,0.8256192828514062
十事恒八九,只今年纔十六七,0.8123835150718621
十事恒八九,兵法五十家,0.814660168318929
十事恒八九,高者十八九,0.8486854153046371
十事恒八九,舜舉十六相,0.8049958375969672
十事恒八九,禽獸已斃十七八,0.807311978822489
十事恒八九,四十五十無夫家,0.8035979391451371
十事恒八九,十有八九負薪歸,0.8490745449211523
十事恒八九,往者十四五,0.843750091057037
十事恒八九,快意八九年,0.833476697981332
十事恒八九,二十四迴明,0.8016242818026008
十事恒八九,神堯十八子,0.8112862879839293
未見歷下人,未知天下士,0.8189158305431871
未見歷下人,若人可數見,0.8111473996171771
未見歷下人,畜眼未見有,0.8181546524478402
未見歷下人,不見故人十年餘,0.8135510412252054
未見歷下人,斯人不重見,0.8040851412729839
徒傾歷城酒,爲君酤酒滿眼酤,0.8035794666326872
徒傾歷城酒,豈無成都酒,0.8213171259409072
從來親骨肉,骨肉恩豈斷,0.8177521918302231
從來親骨肉,骨肉不得同馳驅,0.8028761657638886
從來親骨肉,骨肉恩書重,0.804519356427764
從來親骨肉,同心不減骨肉親,0.8696888377078511
從來親骨肉,不得收骨肉,0.8278325107622708
從來親骨肉,骨肉滿眼身羇孤,0.8184070147104396
從來親骨肉,倍此骨肉親,0.8696632213407203
從來親骨肉,奉公舉骨肉,0.838923944478019
從來親骨肉,富家厨肉臭,0.8048455720596109
從來親骨肉,義均骨肉地,0.8176737547148261
從來親骨肉,從來原憲貧,0.8073161446049204
不免相可不,儻歸免相失,0.8167881722991537
不免相可不,見爾不能無,0.8021214932946423
不免相可不,能事不受相促迫,0.8281521498842573
不免相可不,不忍竟舍此,0.807914298653243
不免相可不,不肯易其身,0.8019070054216789
不免相可不,諸公不相棄,0.80062321432951
不免相可不,一失不足傷,0.8199362421321743
但願崇事實,孝理敦國政,0.820333817470154
但願崇事實,實願邦國活,0.8359340559465984
但願崇事實,主將位益崇,0.8115336318509045
但願崇事實,但願子意陳,0.8444593264180715
但願崇事實,庶以勤苦志,0.8085144204676837
但願崇事實,祀事親聖躬,0.8265321033597688
但願崇事實,食德見從事,0.8366123805699957
但願崇事實,晚歲何功使願果,0.8191358630539917
但願崇事實,進德知歷試,0.8004249932020924
李杜發佳思,李侯有佳句,0.8629092280808637
李杜發佳思,裴李春蘭馨,0.8521373296344623
李杜發佳思,當公賦佳句,0.8196521436298465
李杜發佳思,李斯憶黄犬,0.8144878057391003
李杜發佳思,兩公壯藻思,0.8080149468992632
彌年聽傳誇,再聞誦新作,0.8148822895597467
登覽通夢寐,相對如夢寐,0.8064885433353898
遥憐坐清曠,開軒納微涼,0.8040859866614918
遥憐坐清曠,敞豁當清川,0.8258103476178467
遥憐坐清曠,爽合風襟静,0.8017384872809021
遥憐坐清曠,清曠喜荆扉,0.8100674541981673
落筆富新製,猥誦佳句新,0.8216097411281064
落筆富新製,詞賦工無益,0.8106874690810015
落筆富新製,新詩句句好,0.8058183262080059
落筆富新製,巴牋染翰光,0.8110141186270905
落筆富新製,雄筆映千古,0.8086384894714189
落筆富新製,篋中有舊筆,0.8232877088399674
落筆富新製,灑落富清製,0.8721853343212502
落筆富新製,牋誄任昉騁,0.8082138350033317
落筆富新製,佳句染華箋,0.8233731806130566
落筆富新製,賦詩猶落筆,0.8431521984081254
落筆富新製,高文擲綵箋,0.8068855894005772
落筆富新製,詩家筆勢君不嫌,0.8057863165726982
尚因賓客集,且隨諸彦集,0.8352812827820271
尚因賓客集,親賓縱談謔,0.8174251762733153
尚因賓客集,逢迎念席珍,0.8044419769932372
尚因賓客集,賓客滿堂上,0.8428857274957662
尚因賓客集,過逢連客位,0.8243400056329377
尚因賓客集,幸君因旅客,0.8387459967544347
尚因賓客集,常得慰嘉賓,0.8223499011707234
尚因賓客集,四座賓客色不動,0.8015739625431691
尚因賓客集,滿堂賓客皆嘆息,0.8066122046678051
尚因賓客集,帳下羅賓友,0.8347483515253946
尚因賓客集,鄭驛正留賓,0.8097519121065113
尚因賓客集,我公會賓客,0.857667710957891
尚因賓客集,入幕諸彦集,0.8314748831884955
尚因賓客集,空餘老賓客,0.8306758034522554
尚因賓客集,賓客引調同,0.8178290776298749
尚因賓客集,主客多歡娱,0.834011172960673
尚因賓客集,賢客幸知歸,0.810407665527445
尚因賓客集,況乃主客間,0.8187778909169463
尚因賓客集,甫也諸侯老賓客,0.8115935903086036
尚因賓客集,江閣邀賓許馬迎,0.8047315537045663
尚因賓客集,賦詩賓客間,0.8545137683267314
尚因賓客集,可憐賓客盡傾蓋,0.8079577301697936
尚因賓客集,西南喜得朋,0.8055489109085365
尚因賓客集,還聞賓客過,0.8740116902916968
尚因賓客集,來因孝友偏,0.8043246058374318
尚因賓客集,引爲賓客敬頗久,0.8243520256978017
尚因賓客集,鄭莊賓客地,0.8300678917272218
尚因賓客集,賓客減應劉,0.8291252662771249
尚因賓客集,兼盡賓主歡,0.838926690826642
尚因賓客集,久爲謝客尋幽慣,0.8042829405183832
尚因賓客集,久客多枉友朋書,0.8423604273263459
尚因賓客集,尚爲諸侯客,0.8201120373512013
瀝酒使我醉,清夜置酒臨前除,0.8015725556096435
瀝酒使我醉,沽酒不復疑,0.8155338309348857
瀝酒使我醉,客醉揮金碗,0.8086665844975345
瀝酒使我醉,衆賓皆醉我獨醒,0.8258023755359589
瀝酒使我醉,沉飲聊自遣,0.8118630695079687
瀝酒使我醉,酒酣進庶羞,0.8066606270341621
瀝酒使我醉,每過得酒傾,0.8016337150033215
瀝酒使我醉,使我不能餐,0.8051857301146139
瀝酒使我醉,愁多任酒醺,0.8152206027687617
瀝酒使我醉,縱酒欲謀良夜醉,0.8259505216878866
瀝酒使我醉,對酒不能喫,0.822282133559509
瀝酒使我醉,扶汝醉初醒,0.8093369816793855
瀝酒使我醉,驅兒羅酒漿,0.8154330036895333
瀝酒使我醉,十觴亦不醉,0.8403711804072977
瀝酒使我醉,瓶中得酒還,0.8026740566725014
瀝酒使我醉,開樽獨酌遲,0.8063044009715332
瀝酒使我醉,誰能載酒開金盞,0.8161161652166716
瀝酒使我醉,爲君酤酒滿眼酤,0.8442630662733543
瀝酒使我醉,邀我嘗春酒,0.8562026605639723
瀝酒使我醉,把臂開樽飲我酒,0.8753725337318822
瀝酒使我醉,勸酒欲無辭,0.8347726669886453
瀝酒使我醉,先𢬵一飲醉如泥,0.835141807095884
瀝酒使我醉,纔傾一盞卽醺人,0.8194194449670196
瀝酒使我醉,呼婢取酒壺,0.8273570234387637
瀝酒使我醉,罷酒酣歌拓金戟,0.8047469739867591
瀝酒使我醉,定醉山翁酒,0.8031514190887088
瀝酒使我醉,酒香傾坐側,0.8037858410442309
瀝酒使我醉,氣若酣杯酒,0.809785033624597
瀝酒使我醉,瓮餘不盡酒,0.8394490193420157
瀝酒使我醉,醉酒或連朝,0.818296940401603
往在舅氏旁,近聞韋氏妹,0.8079344657041803
往在舅氏旁,我遊梓州東,0.8144541547639781
往在舅氏旁,今我送舅氏,0.8475767245850476
往在舅氏旁,昔在童子日,0.8203063059908997
往在舅氏旁,往在西京日,0.806525366357151
往在舅氏旁,蘇氏今有之,0.8090402553818522
六經觀聖人,神凝推道經,0.85758460134178
六經觀聖人,聖圖天廣大,0.8143352489822132
六經觀聖人,唐堯真自聖,0.810780430967992
六經觀聖人,先王作法皆正道,0.8180902313352525
六經觀聖人,甲兵分聖旨,0.8005866937577485
六經觀聖人,聖賢古法則,0.8438710280760764
六經觀聖人,學貫天人際,0.8077916682136648
六經觀聖人,聖哲體仁恕,0.805294306677456
六經觀聖人,重聞西方止觀經,0.8028800192677454
六經觀聖人,堯有四岳明至理,0.8214355146856716
六經觀聖人,崇大王法度,0.8029765547480028
六經觀聖人,孝經一通看在手,0.819301259790751
六經觀聖人,玄元皇帝聖雲孫,0.802290757779368
六經觀聖人,玄宗妙其書,0.833501681954107
六經觀聖人,聖哲垂彖繫,0.8029121918926772
明如夜占斗,夜臺當北斗,0.8525474520319858
明如夜占斗,今夜文星動,0.8098130258419963
明如夜占斗,星辰北斗深,0.8303339287858752
明如夜占斗,南斗避文星,0.8147010298024093
獨學無新友,學詩猶孺子,0.8233839666524887
獨學無新友,岑生多新詩,0.8029591211412662
獨學無新友,自失論文友,0.8071280775701692
獨學無新友,舊諳疏懶叔,0.823191764453883
獨學無新友,卓氏近新寡,0.8097329835975209
羡子杞梓材,楚材擇杞梓,0.8909941587052719
羡子杞梓材,愧匪挺生材,0.8004204100451306
羡子杞梓材,掄材愧杞柟,0.88394755450475
學行超輩儕,學業醇儒富,0.8045948265688575
學行超輩儕,獨步才超古,0.8184960033009292
學行超輩儕,平生流輩徒蠢蠢,0.8077761998469047
學行超輩儕,清峻流輩伯,0.8306393319753592
學行超輩儕,小儒輕董卓,0.8034428044570747
學行超輩儕,先生藝絶倫,0.8153189847540596
學行超輩儕,曹植休前輩,0.8161732892300143
學行超輩儕,前輩聲名人,0.8022399044904615
學行超輩儕,學蔚醇儒姿,0.8036488790776188
學行超輩儕,風流儒雅亦吾師,0.8224031899297053
學行超輩儕,幾人卓絶秉周禮,0.8242005944136974
學行超輩儕,吾賢富才術,0.8134029704472359
華屋落丘山,山中漏茅屋,0.8144098940834772
華屋落丘山,大屋去高棟,0.8118358685499206
華屋落丘山,衡山雖小邑,0.801192365412948
百憂滿人懷,登茲翻百憂,0.8507274396215745
百憂滿人懷,盡醉攄懷抱,0.8064703351320703
百憂滿人懷,百憂復相襲,0.8325063645762181
百憂滿人懷,令我惡懷抱,0.8563011511791754
百憂滿人懷,獨立萬端憂,0.8027867982222563
百憂滿人懷,何其掛懷抱,0.8029811073570803
百憂滿人懷,可憐懷抱向人盡,0.814665900224027
百憂滿人懷,想見懷歸尚百憂,0.8122592767170242
百憂滿人懷,悲見生涯百憂集,0.828003701086248
百憂滿人懷,解我憂思結,0.8369165705652983
百憂滿人懷,令我懷抱盡,0.8501036092979797
百憂滿人懷,旅次兼百憂,0.8488349595535667
百憂滿人懷,感動幾銷憂,0.8122375788073688
百憂滿人懷,感動百慮端,0.814748111395692
百憂滿人懷,徒爲百慮牽,0.8030432725731802
百憂滿人懷,心懷百憂復千慮,0.902513712324988
此士如不亡,此道今人棄如土,0.812903660923775
此士如不亡,君豈棄此物,0.8145592124584429
此士如不亡,壯士慘不驕,0.8030564342076231
此士如不亡,向使國不亡,0.8140125984064109
此士如不亡,斯人今則亡,0.829788087342387
此士如不亡,方知不材者,0.8190321996431188
此士如不亡,此樂幾難朽,0.8245613331989632
仲子抱奇材,主將收才子,0.8171521601461482
仲子抱奇材,令姪才俊茂,0.8225782555702615
仲子抱奇材,經濟實藉英雄姿,0.8014757690649466
仲子抱奇材,老夫生平好奇古,0.8073915389115209
仲子抱奇材,有子賢與愚,0.8262440204126593
仲子抱奇材,君不見徐卿二子生絶奇,0.8178404048563368
仲子抱奇材,郭薛俱才賢,0.8102034770694311
仲子抱奇材,子負經濟才,0.8365266758739062
仲子抱奇材,若道士無英俊才,0.803055065553004
仲子抱奇材,俊才得之子,0.839372458799776
仲子抱奇材,丈夫多英雄,0.8170867156523031
仲子抱奇材,吾賢富才術,0.8039129834538461
仲子抱奇材,顔氏之子才孤標,0.8423710323486708
仲子抱奇材,之子俊才稀,0.8412227447228505
不獨典刑在,斯人尚典型,0.8488463629838803
不獨典刑在,活國名公在,0.8088535853741898
不獨典刑在,戒之在至公,0.807653002581562
不獨典刑在,治國用輕刑,0.8285501681127092
不獨典刑在,在汝更用文章爲,0.8084259224461949
不獨典刑在,狄公執政在末年,0.8254971793446486
不獨典刑在,不獨漢家營,0.8344198927531699
神明還觀來,神凝推道經,0.8151146952391494
神明還觀來,始知神龍别有種,0.8040740815571702
少時誦詩書,可以賦新詩,0.8040623245243936
少時誦詩書,詩罷聞吴詠,0.8122301269963734
少時誦詩書,讀書破萬卷,0.8268118910485598
少時誦詩書,猥誦佳句新,0.8196175866412838
少時誦詩書,學詩猶孺子,0.8190517049694888
少時誦詩書,誦詩渾遊衍,0.8276501571393207
少時誦詩書,誦得老夫詩,0.8541225942867976
少時誦詩書,題詩得秀句,0.8092512833903969
少時誦詩書,試誦白頭吟,0.8019723940846858
少時誦詩書,詩罷能吟不復聽,0.8150629581229439
少時誦詩書,詩好幾時見,0.8418556117741365
少時誦詩書,嚴詩賦幾篇,0.8040549144371958
少時誦詩書,詩書自討論,0.8036168472435701
少時誦詩書,讀書難字過,0.8038590182214651
少時誦詩書,匡山讀書處,0.8079475619928043
少時誦詩書,陳公讀書堂,0.8639185746080074
少時誦詩書,但見書畫傳,0.8017680669287176
少時誦詩書,漫卷詩書喜欲狂,0.8163236551301579
少時誦詩書,到日自題詩,0.8109327683353951
少時誦詩書,讀書雲閣觀,0.8061202474972505
少時誦詩書,題詩好細論,0.8167643069237227
少時誦詩書,續兒誦文選,0.8527382930408383
少時誦詩書,當公賦佳句,0.8010527529897871
少時誦詩書,示我百篇文,0.8102170402783706
少時誦詩書,謝朓每篇堪諷誦,0.8616515572498409
少時誦詩書,諷詠詩家流,0.8057315732749992
少時誦詩書,朗詠六公篇,0.8053905194080611
少時誦詩書,讀書東嶽中,0.839408219318341
少時誦詩書,數篇今見古人詩,0.8154950661638365
少時誦詩書,呼兒覓紙一題詩,0.8018578310463874
少時誦詩書,展懷詩誦魯,0.8522264993928989
少時誦詩書,開卷得佳句,0.8093160452322058
少時誦詩書,群書萬卷常暗誦,0.810597498797095
少時誦詩書,呼兒檢贈詩,0.8259034859105121
少時誦詩書,少小愛文詞,0.8032963989649824
少時誦詩書,念我能書數字至,0.8217381010872427
少時誦詩書,嘗讀唐實録,0.8120779048681387
少時誦詩書,再聞誦新作,0.8082680759005343
少時誦詩書,耳聞讀書聲,0.812517393089605
貫穿數萬字,疏通略文字,0.8051069403516202
貫穿數萬字,細看六印帶官字,0.8090925645825389
貫穿數萬字,貫穿百萬衆,0.8714219427227959
貫穿數萬字,貫穿無遺恨,0.8057290604814826
貫穿數萬字,八分一字直百金,0.8322718881670369
貫穿數萬字,磊落字百行,0.8364371711462784
爾來窺陳編,陳公讀書堂,0.8034756652633518
記一忘三二,記一不識十,0.8342330482123713
記一忘三二,二十四迴明,0.8206087146292889
老境翻手至,慣捷瓶上手,0.800121006689668
老境翻手至,尋經賸欲翻,0.8112874971885775
老境翻手至,翻然出地速,0.8179912044314688
老境翻手至,舉動見老醜,0.8035187123035082
説病迺真意,態濃意遠淑且真,0.8186967666694885
説病迺真意,老來苦便静,0.8040167421678861
説病迺真意,嗜酒見天真,0.8133573351455948
説病迺真意,知余懶是真,0.8494008085186618
説病迺真意,無處告訴只顛狂,0.8247383288400547
説病迺真意,汝病是天意,0.8071411394035521
説病迺真意,畫師不是無心學,0.8497347569356813
説病迺真意,直取性情真,0.8367519162380468
説病迺真意,病從深酌道吾真,0.8473600718893588
説病迺真意,嗜酒不失真,0.8091667312360118
説病迺真意,問法看詩妄,0.8499995271189742
桃李春成徑,桃陰想舊蹊,0.8414305579828247
桃李春成徑,手種桃李非無主,0.8080860391632683
桃李春成徑,後於桃李熟,0.834206070134405
桃李春成徑,栽桃爛熳紅,0.8188499583652463
桃李春成徑,桃蹊李徑年雖古,0.8697470345877596
桃李春成徑,陰陰桃李蹊,0.8900179155149678
桃李春成徑,江縣紅梅已放春,0.8041080188309117
本自不期人,本自寒女出,0.8046537479408518
本自不期人,性命由他人,0.8160231966343069
本自不期人,使人不疑見本根,0.8231958491156541
本自不期人,畫師不是無心學,0.8013389225425667
本自不期人,孤雲無自心,0.8045586670977825
本自不期人,本自依迦葉,0.8090326840435718
歷下兩寒士,大庇天下寒士俱歡顔,0.8012709384764285
簞瓢能悦親,安居奉我歡,0.8097135955716768
簞瓢能悦親,怡然敬父執,0.8310160617057547
簞瓢能悦親,養親惟小園,0.8277704425140539
簞瓢能悦親,吾知拙養尊,0.826305589561789
簞瓢能悦親,令我心悦懌,0.8419185737203325
耻蒙伐國問,殺伐虚悲公主親,0.801856024068081
肯卧覆車塵,忍爲塵埃没,0.8098267038137865
肯卧覆車塵,霑灑屬車塵,0.8358392055874091
肯卧覆車塵,高車駟馬帶傾覆,0.8178463033229464
子既得此友,此行既特達,0.8026092724078839
子既得此友,幽意忽不愜,0.8036119795689858
子既得此友,公子過我遊,0.8278675562171843
子既得此友,吾舅政如此,0.8006942749378023
子既得此友,君豈棄此物,0.8028405770173401
子既得此友,且復戀良友,0.819228944141748
子既得此友,告我欲遠適,0.814967959693069
子既得此友,況我與子非壯年,0.8301830368400299
子既得此友,昔别君未婚,0.8003742248675164
子既得此友,有客有客字子美,0.8042354057313392
子既得此友,我生託子以爲命,0.8102644192730202
子既得此友,謝爾性所適,0.8011278349903936
子既得此友,韋侯别我有所適,0.8414254341603826
子既得此友,佳此志氣遠,0.8012141872378158
子既得此友,今我一賤老,0.8011557907897227
子既得此友,俊才得之子,0.8310223510344354
子既得此友,惜哉李蔡不復得,0.8116770373319488
子既得此友,我今遠遊子,0.8426565708242517
子既得此友,余亦忝諸孫,0.8104133512926804
子既得此友,賤子欲適從,0.818306503801341
從之求日新,新者亦易求,0.8113833397412127
從之求日新,日入仍討求,0.8138589250342243
憶在昭陵日,甫昔少年日,0.8090281172802057
憶在昭陵日,今日西京掾,0.8185222549703661
憶在昭陵日,今夜鄜州月,0.8069831236201366
憶在昭陵日,憶昔霓旌下南苑,0.8240261368839388
憶在昭陵日,西憶岐陽信,0.8223958077459664
憶在昭陵日,昔在洛陽時,0.8884125969519496
憶在昭陵日,憶昔少壯日,0.8306995545887654
憶在昭陵日,憶昨趨行殿,0.803016578206821
憶在昭陵日,憶昔南海使,0.8196544310710423
憶在昭陵日,王門異昔遊,0.8044308799127551
憶在昭陵日,我遊梓州東,0.8053903162248273
憶在昭陵日,今日重在涪江濱,0.8306335786649739
憶在昭陵日,憶昔巡幸新豐宫,0.8012511051123867
憶在昭陵日,遠在劍南思洛陽,0.8216349430404302
憶在昭陵日,今年思我來嘉州,0.8224883520029964
憶在昭陵日,他日嘉陵淚,0.8206216301594809
憶在昭陵日,憶昨離少城,0.8425388352220995
憶在昭陵日,憶昔驪山宫,0.846174300006314
憶在昭陵日,昔在童子日,0.8147502690548654
憶在昭陵日,憶昔李公存,0.8200017440021089
憶在昭陵日,往在西京日,0.86086426026214
憶在昭陵日,昔我遊宋中,0.8064517241076012
憶在昭陵日,憶上西陵故驛樓,0.8677329143026207
憶在昭陵日,騎馬忽憶少年時,0.8134786109670282
憶在昭陵日,江上憶君時,0.8051388190755651
憶在昭陵日,忽憶兩京全盛時,0.8014630095768431
憶在昭陵日,悵望東陵道,0.8080098767666029
憶在昭陵日,爾過江陵府,0.8022353615392986
憶在昭陵日,昔我遊山東,0.8007795381971805
憶在昭陵日,憶戲東嶽陽,0.8039583182635299
憶在昭陵日,憶昔初見時,0.8085322356233813
憶在昭陵日,今年白帝雪在地,0.8023828863595257
憶在昭陵日,肅宗昔在靈武城,0.8186722062007186
憶在昭陵日,君不見西漢杜陵老,0.8079335877693008
憶在昭陵日,憶子初尉永嘉去,0.8047120128026009
憶在昭陵日,昔在嚴公幕,0.8317023692213688
傾心用老成,波瀾獨老成,0.8003816491293769
傾心用老成,丹心老未折,0.8004622547609372
功歸仁祖廟,道德付今王,0.8222686680972859
功歸仁祖廟,嘉謨及遠黎,0.802214262658761
功歸仁祖廟,廟堂知至理,0.8161030412375905
功歸仁祖廟,宣光果明哲,0.8192453952020486
功歸仁祖廟,神功協禹謨,0.8353119073717833
功歸仁祖廟,聖朝新孝理,0.826244247418414
功歸仁祖廟,世祖修高廟,0.8742561899134528
功歸仁祖廟,聞道收宗廟,0.8436163755894208
功歸仁祖廟,君臣重修德,0.8133702919654795
功歸仁祖廟,重遊先主廟,0.8363638441640239
功歸仁祖廟,今王德教淳,0.8146650947704795
功歸仁祖廟,一德興王後,0.8384173771785246
功歸仁祖廟,修文廟算正,0.8341692260586859
功歸仁祖廟,只在忠臣翊聖朝,0.8030788491105241
功歸仁祖廟,及夫哭廟後,0.8131679703998668
功歸仁祖廟,聖聰矧多仁,0.8025126408743922
功歸仁祖廟,肅宗復社稷,0.8054445265533172
功歸仁祖廟,宗臣切受遺,0.8031343608060023
功歸仁祖廟,祀事親聖躬,0.8365059113126458
功歸仁祖廟,聖哲體仁恕,0.8360610966404625
功歸仁祖廟,一體君臣祭祀同,0.8003733119729798
功歸仁祖廟,禹功翊造化,0.8022806116519299
功歸仁祖廟,不及祖父塋,0.801251212925977
功歸仁祖廟,天王日儉德,0.8006604618802668
功歸仁祖廟,業成陳始王,0.8127853802340648
功歸仁祖廟,兼存翊贊功,0.8172979216695592
功歸仁祖廟,九農成德業,0.8150699228127708
功歸仁祖廟,崇大王法度,0.8212945220963114
功歸仁祖廟,宗臣則廟食,0.8392703262346994
功歸仁祖廟,儉約前王體,0.809437558792801
功歸仁祖廟,宗枝神堯後,0.8319357382706576
政得一書生,答云一書記,0.8006623082375247
政得一書生,焉得附書與我軍,0.8193050204756833
政得一書生,自寄一封書,0.8360813207200857
政得一書生,不寄一行書,0.8241189372838913
政得一書生,一男附書至,0.8492874260710699
政得一書生,不意書生耳,0.820973528635399
政得一書生,寄書長不達,0.8033538949421462
政得一書生,從來不奉一行書,0.8475816931099843
政得一書生,有使卽寄書,0.8219470371931106
政得一書生,群書一萬卷,0.8050758883272388
政得一書生,次第尋書札,0.8021617836266854
政得一書生,念我能書數字至,0.8097405204903247
政得一書生,素書一月凡一束,0.8044350777736631
羊生但著鞭,喧争懶著鞭,0.809565284748863
勿哭西州門,豈復憂西都,0.817344666801096
勿哭西州門,人説南州路,0.8119469481980164
勿哭西州門,君不見益州城西門,0.831055635381147
勿哭西州門,我來入蜀門,0.8011838221484092
勿哭西州門,西戎鄠杜旁,0.8020164102407199
勿哭西州門,途窮那免哭,0.8086075715863484
故有不亡者,向使國不亡,0.8327731662321516
故有不亡者,斯人今則亡,0.829988826119052
故有不亡者,無良復誰記,0.8052202616231109
故有不亡者,斯人已云亡,0.8026223057193548
故有不亡者,有虞今則亡,0.8322549355163418
南山相與存,雖對連山好,0.8105988974204406
慶州自不惡,自古雖有厭勝法,0.8164121432395058
慶州自不惡,不愛入州府,0.8034595532594575
慶州自不惡,好惡不合長相蒙,0.8101424282636126
慶州自不惡,自蒙蜀州人日作,0.8259278678763524
籍甚載聲華,籍籍名家孫,0.822807117214816
籍甚載聲華,美名光史臣,0.8016130493307254
忠義可無憾,孝理敦國政,0.8039842779256994
忠義可無憾,可念此翁懷直道,0.80121136127542
忠義可無憾,忠臣詞憤激,0.8050875560994719
忠義可無憾,至死難塞責,0.8041034900583639
忠義可無憾,終古立忠義,0.8684888893294076
忠義可無憾,義士皆痛憤,0.8152972952857934
忠義可無憾,義無棄禮法,0.8301068707156105
忠義可無憾,忠臣氣不平,0.8200826806708383
忠義可無憾,賈誼徒忠貞,0.8299602776186024
忠義可無憾,忠貞負寃恨,0.8353287532748805
忠義可無憾,愚智心盡死,0.8286621750023202
忠義可無憾,見此忠孝門,0.8318035910706638
忠義可無憾,孝子忠臣後代看,0.8017764954255773
忠義可無憾,用心未甚臧,0.8058165985245821
忠義可無憾,高義終焉在,0.8192437273453104
忠義可無憾,可憐忠與孝,0.8519833032736418
忠義可無憾,自古求忠孝,0.853064679258087
忠義可無憾,恕己獨在此,0.808134006218444
公今有世家,世家遺舊史,0.8510306270216217
公今有世家,當今廊廟具,0.8064800910113429
公今有世家,世祖修高廟,0.8085068704892335
公今有世家,世傳閭丘筆,0.8111050833707747
公今有世家,人道我卿絶世無,0.8110806539174856
公今有世家,諸孫賢至今,0.8140637354572893
公今有世家,國家法令在,0.8225376155516284
公今有世家,世上未有如公貧,0.802724772716902
公今有世家,子山舊業傳,0.8128238476129577
公今有世家,千家今有百家存,0.8069634744946717
公今有世家,法自儒家有,0.8233396950876282
公今有世家,吾人詩家秀,0.8024161440346004
公今有世家,昔有佳人公孫氏,0.8125296516352052
公今有世家,名家信有之,0.8173667620336194
公今有世家,蘇氏今有之,0.8054022536007415
公今有世家,世賢張子房,0.8192711423517531
公歸未百年,公車留二年,0.8088406909564991
公歸未百年,百年秋已半,0.8140726010976176
公歸未百年,不見旻公三十年,0.8056581710018369
公歸未百年,三年望汝歸,0.8341206490733197
公歸未百年,十年不見來何時,0.8043293650264105
公歸未百年,百年不敢料,0.8194300730089983
公歸未百年,百年已過半,0.8059924025150427
公歸未百年,百年嗟已半,0.819062982882949
公歸未百年,百年能幾何,0.827373149155294
公歸未百年,春歸客未還,0.8010722831287725
公歸未百年,來歲如今歸未歸,0.832904762514401
公歸未百年,少年早歸來,0.8193047645138207
公歸未百年,今年强作歸,0.8097911252511931
公歸未百年,公侯來未遲,0.811513031873546
公歸未百年,于今四十年,0.8030723902139449
公歸未百年,嗚呼已十年,0.8170504715453132
鸛巢荒古屋,白屋留孤樹,0.8224146632027602
鸛巢荒古屋,獨並陰崖白茅屋,0.8070859731483393
鸛巢荒古屋,石田茅屋荒蒼苔,0.8379534979362484
鸛巢荒古屋,廢邑狐狸語,0.8053276610677842
鸛巢荒古屋,蒼鼠竄古瓦,0.810712887907898
鸛巢荒古屋,大屋尚修椽,0.8005940279376662
鸛巢荒古屋,營葺但草屋,0.8090555049855146
鸛巢荒古屋,荒階蔓草茅,0.8142284903142079
鸛巢荒古屋,長城掃遺堞,0.8120277593399686
鸛巢荒古屋,古廟杉松巢水鶴,0.8202469929398821
鸛巢荒古屋,病枕依茅棟,0.809090213064674
我吟殄瘁詩,愁吟獨老翁,0.8030529550516181
我吟殄瘁詩,誦得老夫詩,0.8042518892778185
我吟殄瘁詩,嚴詩賦幾篇,0.8033159912137832
我吟殄瘁詩,賦詩獨流涕,0.836485786428389
我吟殄瘁詩,强吟懷舊賦,0.814088102212065
我吟殄瘁詩,作詩呻吟内,0.8239938096443385
我吟殄瘁詩,口雖吟咏心中哀,0.8066136441580576
我吟殄瘁詩,自吟詩送老,0.8014489196452759
悲風韻喬木,森木亂鳴蟬,0.842644814272733
悲風韻喬木,千章夏木清,0.8094814531295266
悲風韻喬木,漱壑松柏秃,0.8071128760615242
悲風韻喬木,南風作秋聲,0.8049595171632744
悲風韻喬木,蕭蕭北風勁,0.804077421868064
悲風韻喬木,時危慘澹來悲風,0.8050897869557737
悲風韻喬木,桂折秋風前,0.8015249876775628
悲風韻喬木,涼風起天末,0.8056904493405659
悲風韻喬木,哭廟悲風急,0.8015136692720146
悲風韻喬木,哀哀失木狖,0.8056492368663235
悲風韻喬木,颼颼林響交,0.8083377112989044
悲風韻喬木,落木更高風,0.8606407688355835
悲風韻喬木,冷猿秋雁不勝悲,0.8066263906008841
悲風韻喬木,寒事颯高秋,0.8046633169004087
悲風韻喬木,颯飁寒山桂,0.8176649770927051
悲風韻喬木,高風下木葉,0.8688546680082787
悲風韻喬木,雪涕風悲鳴,0.8023553162154324
悲風韻喬木,秋風動哀壑,0.8825671689756764
悲風韻喬木,窮猿失木悲,0.820558008197678
悲風韻喬木,秋山響易哀,0.8205035469371247
悲風韻喬木,喬木易高風,0.9008951448282694
悲風韻喬木,秋風楚竹冷,0.8400397210890762
悲風韻喬木,風急天高猿嘯哀,0.8088998118828923
悲風韻喬木,寒風疏草木,0.8649808537207317
悲風韻喬木,松林蘭若秋風晚,0.8309408548688048
悲風韻喬木,時聽嚴風折喬木,0.8928313175819385
悲風韻喬木,風振紫山悲,0.8108188477107579
悲風韻喬木,風濤颯颯寒山陰,0.811743887623982
悲風韻喬木,寒蟬碧樹秋,0.8254124692941084
傷心祠下亭,獨有傷心石,0.8102338557636588
傷心祠下亭,吾思哭孤冢,0.8133115371513693
傷心祠下亭,側望苦傷神,0.8160696451362912
臨水不相猜,沙頭忽見眼相猜,0.8114028643556586
臨水不相猜,杯渡不驚鷗,0.8062512818109613
江鷗會人語,浦鷗防碎首,0.8101765685318962
江鷗會人語,白鷗元水宿,0.8192424763338981
江鷗會人語,狎鷗輕白浪,0.8161904029060235
江鷗會人語,遠鷗浮水静,0.8050915120393135
江鷗會人語,水宿鳥相呼,0.8085747076951311
江鷗會人語,鷗邊水葉開,0.810512486315619
江鷗會人語,江渚翻鷗戲,0.8273844714384033
江鷗會人語,春鷗洗翅呼,0.8153169471029007
江鷗會人語,江浦寒鷗戲,0.8388534618568196
江鷗會人語,沙鷗並一雙,0.810024639743834
江鷗會人語,野静白鷗來,0.8278394593136866
江鷗會人語,江晚白鷗飢,0.8199383557141934
公有一杯酒,何時一樽酒,0.8647368866451481
公有一杯酒,百壺那送酒如泉,0.8023327144945362
公有一杯酒,金錢罄一餐,0.8010721483252263
公有一杯酒,何知共酒杯,0.8297148154354554
公有一杯酒,如今足斟酌,0.8124627310656929
公有一杯酒,對酒不能喫,0.8071653702184134
公有一杯酒,一舉累十觴,0.8457291723788709
公有一杯酒,十觴亦不醉,0.8095082643444428
公有一杯酒,平生一杯酒,0.8525652182993279
公有一杯酒,陶公漉酒巾,0.8054578050515049
公有一杯酒,樽酒家貧只舊醅,0.8009937429368343
公有一杯酒,對酒滿壺頻,0.8184218514101933
公有一杯酒,瓶中得酒還,0.8230961638947665
公有一杯酒,開樽獨酌遲,0.8079680399706584
公有一杯酒,誰能載酒開金盞,0.8206125701849962
公有一杯酒,爲君酤酒滿眼酤,0.8486120263478575
公有一杯酒,邀我嘗春酒,0.8249457553354975
公有一杯酒,無忘酒共持,0.8010320392096726
公有一杯酒,把臂開樽飲我酒,0.8591416519725054
公有一杯酒,賴有杯中物,0.8278501859742615
公有一杯酒,老去一杯足,0.8134190999162412
公有一杯酒,勸酒欲無辭,0.8070923073705626
公有一杯酒,長日容杯酒,0.8296123165536733
公有一杯酒,把酒宜深酌,0.8255766863093985
公有一杯酒,纔傾一盞卽醺人,0.8179269681257286
公有一杯酒,呼婢取酒壺,0.8047786792183884
公有一杯酒,平生滿樽酒,0.8222837459494432
公有一杯酒,共給酒一斛,0.8617706799023298
公有一杯酒,重陽獨酌杯中酒,0.8281543694282159
公有一杯酒,傳杯不放杯,0.8061230821620348
公有一杯酒,潦倒新亭濁酒杯,0.8098180294978059
公有一杯酒,氣若酣杯酒,0.8164230922495516
公有一杯酒,瓮餘不盡酒,0.8339686485691994
公有一杯酒,市鬻充杯酒,0.807140552290531
與人同醉醒,醉眠秋共被,0.8481705627081338
與人同醉醒,窮愁醉不醒,0.802966482065399
與人同醉醒,衆賓皆醉我獨醒,0.8733508879555264
與人同醉醒,醉裏從爲客,0.806072117470676
與人同醉醒,縱酒欲謀良夜醉,0.8042099309594206
與人同醉醒,扶汝醉初醒,0.8216205884207911
與人同醉醒,與人同生亦同死,0.8172457611632253
與人同醉醒,共醉終同卧竹根,0.8094593829491192
與人同醉醒,愁與醉無醒,0.8877419742657748
與人同醉醒,此身醒復醉,0.8450014245963675
與人同醉醒,先𢬵一飲醉如泥,0.8056034950484726
與人同醉醒,此身醒復醉,0.8450014245963675
與人同醉醒,取醉他鄉客,0.8088457743959301
與人同醉醒,醉舞爲誰醒,0.8467385596100157
與人同醉醒,此時同一醉,0.8460907518751348
與人同醉醒,盡憐君醉倒,0.8301693484804467
與人同醉醒,定醉山翁酒,0.8170034330711546
與人同醉醒,離惜醉中眠,0.8086892829341294
遺民能記憶,遺堞感至今,0.805897125001324
遺民能記憶,拾遺能住否,0.8039418927875619
遺民能記憶,拾遺平昔居,0.802435920308937
遺民能記憶,遺後見君情,0.8069144274172628
遺民能記憶,舊俗存祠廟,0.8023574541929082
遺民能記憶,到今有遺恨,0.8002985741442522
遺民能記憶,雕蟲蒙記憶,0.8025716067877652
遺民能記憶,嚮者留遺恨,0.8032388822858753
欲語涕飄零,暮途涕泗零,0.8636526341350645
欲語涕飄零,吞聲躑躅涕淚零,0.8316130629979164
欲語涕飄零,淚落强徘徊,0.8296750645636293
欲語涕飄零,烈士涕飄零,0.8685888622765165
欲語涕飄零,臨風默惆悵,0.8092996594617156
欲語涕飄零,臨風欲慟哭,0.8209935166393417
欲語涕飄零,爲話涕霑巾,0.8244507913765906
欲語涕飄零,飄飄愧老妻,0.808216012032904
欲語涕飄零,酣歌淚欲垂,0.8119702747311808
欲語涕飄零,涕灑亂交頤,0.8398192497527599
欲語涕飄零,故老復涕泗,0.8132724595984884
欲語涕飄零,賦詩獨流涕,0.8085169064765712
欲語涕飄零,悵望千秋一灑淚,0.8041891454697471
欲語涕飄零,故老仍流涕,0.800896125146967
欲語涕飄零,飄泊欲誰訴,0.8230796501332893
欲語涕飄零,涕淚落秋風,0.8411461528232207
欲語涕飄零,我衰涕唾煩,0.8206047682715493
欲語涕飄零,萍漂忍流涕,0.8293709172395802
欲語涕飄零,江湖涕泫然,0.8137137047029229
欲語涕飄零,涕泗不能收,0.8176184986373058
欲語涕飄零,相見横涕泗,0.805789293653106
欲語涕飄零,憑軒涕泗流,0.8300733589776275
欲語涕飄零,老來多涕淚,0.8098642114401021
欲語涕飄零,當杯對客忍流涕,0.8009423128180719
欲語涕飄零,揮手灑衰淚,0.8063892791391067
委徑問謡俗,再使風俗淳,0.8079778484114963
委徑問謡俗,出塵閟軌躅,0.8139876589585069
高丘省佃作,高有廢閣道,0.8191891473815238
昔游非苟然,邂逅豈卽非良圖,0.8115533316059786
昔游非苟然,斯遊恐不遂,0.8349863835003254
昔游非苟然,何由似平昔,0.8009317160177019
昔游非苟然,終非曩遊集,0.8521166408503498
昔游非苟然,園林非昔遊,0.8355466584199194
昔游非苟然,偶然豈足期,0.8131110409174809
昔游非苟然,人生忽如昨,0.8062373699159422
昔游非苟然,禮亦如古昔,0.8082694542277438
今花幾開落,殘花爛熳開何益,0.8223198742908256
今花幾開落,菊垂今秋花,0.8349507292292904
今花幾開落,白髮悲花落,0.8203532020139918
今花幾開落,花落辭故枝,0.8060150803258969
今花幾開落,辛夷始花亦已落,0.8462496044142531
今花幾開落,摘花不插髮,0.8235573297509482
今花幾開落,寒事今牢落,0.8028782104520429
今花幾開落,一逕野花落,0.813082072084124
今花幾開落,江花未落還成都,0.821087049110164
今花幾開落,江花未落還成都,0.821087049110164
今花幾開落,山花已自開,0.855255193046291
今花幾開落,如今花正多,0.8125430102433231
今花幾開落,花開滿故枝,0.8244366166523018
今花幾開落,梅花欲開不自覺,0.8140792162042852
今花幾開落,寒花開已盡,0.8817151299348212
今花幾開落,林花落又開,0.8877392796710564
今花幾開落,野花乾更落,0.8024254208871487
今花幾開落,叢菊兩開他日淚,0.8158832609767288
今花幾開落,繁花能幾時,0.8272233020987649
今花幾開落,菊花從此不須開,0.8575107327655109
今花幾開落,梅花已飛翻,0.8029690976413244
今花幾開落,落花時節又逢君,0.8155176658525504
在昔實方枘,殊方昔三分,0.8051752499431797
成功見圓機,與人一心成大功,0.8457363332871857
成功見圓機,成王功大心轉小,0.8033391890403211
成功見圓機,德業天機秉,0.8265452414532868
成功見圓機,功安造化爐,0.8217943956328363
成功見圓機,必驗升沉體,0.8016502652570023
成功見圓機,素於圓鑿方,0.8209571748358531
成功見圓機,天機自明斷,0.8252100402448521
九原尚友心,中原憶舊臣,0.8017552803957451
九原尚友心,萬國尚同心,0.8098541396138786
九原尚友心,尚憶同志樂,0.8104121373194619
