황정견,두보,코사인 유사도
秋高風露聲入林,森木亂鳴蟬,0.8110518946936163
秋高風露聲入林,高秋爽氣澄,0.8005809424593355
秋高風露聲入林,曲江蕭條秋氣高,0.8302037265745659
秋高風露聲入林,南風作秋聲,0.8285431332437665
秋高風露聲入林,颯爽動秋骨,0.8230017760424273
秋高風露聲入林,高秋爽氣相鮮新,0.8086801592621906
秋高風露聲入林,高秋登寒山,0.8052203348385436
秋高風露聲入林,涼風起天末,0.8134392463476499
秋高風露聲入林,秋風已颯然,0.8213118829590034
秋高風露聲入林,秋至拭清砧,0.8030649460830424
秋高風露聲入林,秋蔬擁霜露,0.80204600344334
秋高風露聲入林,秋風動關塞,0.8044071982271845
秋高風露聲入林,颼颼林響交,0.8100217845785174
秋高風露聲入林,八月秋高風怒號,0.8473185129332581
秋高風露聲入林,落木更高風,0.8502566432965226
秋高風露聲入林,丹桂風霜急,0.8058255499008798
秋高風露聲入林,高秋心苦悲,0.8032055607336287
秋高風露聲入林,千崖秋氣高,0.8386809800036856
秋高風露聲入林,寒事颯高秋,0.8593362950557559
秋高風露聲入林,淅淅野風秋,0.8350044072056628
秋高風露聲入林,隴山蕭瑟秋雲高,0.8097514754611841
秋高風露聲入林,秋風早下來,0.818545250114899
秋高風露聲入林,晚風爽烏匼,0.8156808472066704
秋高風露聲入林,高風下木葉,0.8576999573611872
秋高風露聲入林,風雨秋一葉,0.8006560572799802
秋高風露聲入林,秋風動哀壑,0.8537449081440796
秋高風露聲入林,露下天高秋水清,0.842742258508131
秋高風露聲入林,吹笛秋山風月清,0.8177404756223573
秋高風露聲入林,秋風淅淅吹巫山,0.8329179308057877
秋高風露聲入林,秋風淅淅吹我衣,0.8198903541768983
秋高風露聲入林,玉露凋傷楓樹林,0.8138055208200797
秋高風露聲入林,清秋草木黄,0.8236657664942855
秋高風露聲入林,蕭颯灑秋色,0.8089544758840819
秋高風露聲入林,非關風露凋,0.8077162820298155
秋高風露聲入林,秋山響易哀,0.8126647898914422
秋高風露聲入林,喬木易高風,0.8057799665819945
秋高風露聲入林,天清木葉聞,0.8148141206611748
秋高風露聲入林,秋風楚竹冷,0.8321416969935016
秋高風露聲入林,北風黄葉下,0.8118039878895049
秋高風露聲入林,風急天高猿嘯哀,0.8436197885235825
秋高風露聲入林,寒風疏草木,0.8047370100279301
秋高風露聲入林,秋庭風落果,0.8097044011934103
秋高風露聲入林,松林蘭若秋風晚,0.8080610013879214
秋高風露聲入林,風濤颯颯寒山陰,0.8017930877336439
秋高風露聲入林,寒蟬碧樹秋,0.8265725979390424
秋高風露聲入林,清霜洞庭葉,0.8044934245925535
冷絲枯木拂珠網,釣竿欲拂珊瑚樹,0.832901084325453
冷絲枯木拂珠網,蛛絲罥鬢長,0.8031529063032214
十指乃能寫人心,指直不能結,0.8240142051128391
十指乃能寫人心,我能剖心血,0.8162444974721114
十指乃能寫人心,無乃傳其狀,0.8119976496449042
村村擊皷如鳴鼉,馮夷擊鼓羣龍趨,0.8394990844380446
村村擊皷如鳴鼉,槍急萬人呼,0.8271924341351503
村村擊皷如鳴鼉,擊鼓吹笙竽,0.8185881096197072
村村擊皷如鳴鼉,喧呼聞點兵,0.8163772104233962
村村擊皷如鳴鼉,召令習鼓鞞,0.8066363971253441
村村擊皷如鳴鼉,東城多鼓鼙,0.808094651057643
村村擊皷如鳴鼉,黄牛峽静灘聲轉,0.8049565948978563
村村擊皷如鳴鼉,村鼓時時急,0.8331804409220067
村村擊皷如鳴鼉,戍鼓猶長擊,0.848631344868291
村村擊皷如鳴鼉,椎鼓鳴鐘天下聞,0.8335948240569329
村村擊皷如鳴鼉,峽中喧擊鼓,0.8582385072302675
村村擊皷如鳴鼉,暝傳戍鼓長雲間,0.8207576734428277
村村擊皷如鳴鼉,亂離聞鼓角,0.8105756489726319
村村擊皷如鳴鼉,鄰家遞歌哭,0.8139604196318293
村村擊皷如鳴鼉,嚴城疊鼓鼙,0.8440221808624649
村村擊皷如鳴鼉,城上擊柝復烏啼,0.8181091972959302
豆田見角穀成螺,南山豆苗早荒穢,0.8011073496638722
豆田見角穀成螺,禾頭生耳黍穗黑,0.8557105890012663
豆田見角穀成螺,禾黍已映道,0.8229078678640217
豆田見角穀成螺,逕轉山田熟,0.8099244998284177
豆田見角穀成螺,石田又足收,0.8086865969271462
豆田見角穀成螺,筍根雉子無人見,0.8000081475639318
豆田見角穀成螺,大麥乾枯小麥黄,0.811274449157271
豆田見角穀成螺,高田失西成,0.8104768602352799
豆田見角穀成螺,山田麥無隴,0.8159204946740561
豆田見角穀成螺,山田飯有沙,0.8097142371005037
豆田見角穀成螺,橘洲田土仍膏腴,0.803863052455622
歲豐寒士亦把酒,歲晏風破肉,0.804483860981744
滿眼飣餖梨棗多,呼兒具梨棗,0.8296893558410394
滿眼飣餖梨棗多,羅生雜橡栗,0.8328031754792831
滿眼飣餖梨棗多,秋山苜蓿多,0.8108194483361337
滿眼飣餖梨棗多,庭前八月梨棗熟,0.8417209688677247
晁家公子屢經過,公子過我遊,0.8004270926945323
晁家公子屢經過,孟冬十郡良家子,0.8262273025987749
晁家公子屢經過,蘇侯得數過,0.8425339648391375
晁家公子屢經過,十年過父老,0.805060221294934
晁家公子屢經過,梁公曾孫我姨弟,0.8090819940916603
晁家公子屢經過,當時弟子傳,0.8040550152988277
晁家公子屢經過,酆城客子王季友,0.8103698349416446
晁家公子屢經過,經過憶鄭驛,0.8279520892036929
晁家公子屢經過,喪亂秦公子,0.8060978646112278
晁家公子屢經過,驅馳數公子,0.8007066781736144
笑談與世殊臼科,與語才傑立,0.8096543246450013
文章落落映晁董,文章落上台,0.8074001381971897
文章落落映晁董,戚聯豪貴躭文儒,0.8035724864162455
文章落落映晁董,雄筆映千古,0.8280479680780917
文章落落映晁董,名豈文章著,0.8145900314849137
文章落落映晁董,斯文崔魏徒,0.8036699707196022
文章落落映晁董,賦詩猶落筆,0.8058246029713891
文章落落映晁董,在今氣磊落,0.8108898500158463
詩句往往妙陰何,往往似陰鏗,0.83442946311164
詩句往往妙陰何,佳句法如何,0.8244568376475739
詩句往往妙陰何,新詩句句好,0.8069966089665648
詩句往往妙陰何,新詩亦俱往,0.8432748722609892
詩句往往妙陰何,清詩句句盡堪傳,0.8042867028975861
閻夫子,岐有薛大夫,0.8208421826264791
閻夫子,夫壻輕薄兒,0.8101229443233966
閻夫子,夫子嵇阮流,0.836769586182508
閻夫子,有子賢與愚,0.8111004957914673
閻夫子,安知蔡夫子,0.8341661146047292
閻夫子,子干東諸侯,0.8100552921378807
閻夫子,大夫出盧宋,0.8217828241482359
勿謂知人難,世人那得知其故,0.8277548737997013
勿謂知人難,聖朝亦知賤士醜,0.80903067665768
勿謂知人難,人實不易知,0.8471208834357564
勿謂知人難,知歸俗所忌,0.8065698258941553
勿謂知人難,君意人莫知,0.8568463691097212
勿謂知人難,慎勿出口他人狙,0.8011227015536198
勿謂知人難,莫使衆人傳,0.8089704502529063
勿謂知人難,不畏道途遠,0.8003260658406495
勿謂知人難,世人皆欲殺,0.8150300199634757
勿謂知人難,恐貽識者嗤,0.811708944654894
勿謂知人難,少人慎莫投,0.8013509568920266
勿謂知人難,世人亦爲爾,0.8235825345578498
勿謂知人難,不但時人惜,0.805912380343131
勿謂知人難,勿云聽者疲,0.8173999014571774
勿謂知人難,人生無賢愚,0.8039365502140684
勿謂知人難,畏人嫌我真,0.8241900540647953
勿謂知人難,故人知善誘,0.8130135326118839
勿謂知人難,貴人豈不仁,0.8191303337039403
勿謂知人難,恥爲達人誚,0.8329353466648648
使琴抑怨久不和,見人慘澹若哀訴,0.8061095810231739
使琴抑怨久不和,哀歌欲和誰,0.8226655734298935
使琴抑怨久不和,琴烏曲怨憤,0.861341440261872
使琴抑怨久不和,此曲哀怨何時終,0.8256659561197476
明光晝開九門肅,張燈啓重門,0.8221058049830625
明光晝開九門肅,九天閶闔開宫殿,0.8288933607797585
明光晝開九門肅,金闕曉鐘開萬户,0.8098897601901709
明光晝開九門肅,天門日射黄金牓,0.8064443947031728
明光晝開九門肅,朱光徹厚地,0.8028342668468932
明光晝開九門肅,晨趨閶闔内,0.801566122265641
明光晝開九門肅,閶闔開黄道,0.8132967509994198
明光晝開九門肅,城府開清旭,0.8166125707635732
不令高才牛下歌,趙公玉立高歌起,0.8021280632945521
建酉金爲政,自卯將及酉,0.8129397606212632
建酉金爲政,元年建巳月,0.8140146252430764
建酉金爲政,元年建巳月,0.8140146252430764
摇落草木衰,歲暮百草零,0.856674463949852
摇落草木衰,城春草木深,0.8076481252410609
摇落草木衰,今夏草木長,0.8107737362427987
摇落草木衰,零落依草木,0.9221161725453915
摇落草木衰,草木歲月晚,0.8430585349939788
摇落草木衰,窮秋正摇落,0.8409429358703213
摇落草木衰,草木未黄落,0.874977194421436
摇落草木衰,貧病轉零落,0.8053447883130376
摇落草木衰,鹵中草木白,0.8332466890832015
摇落草木衰,草木變衰行劍外,0.8182590137671963
摇落草木衰,秋天正摇落,0.8098204034405553
摇落草木衰,霜露在草根,0.8039760132394584
摇落草木衰,摇落關山思,0.8065368347541485
摇落草木衰,空山草木長,0.8372404001656811
摇落草木衰,故園楊柳今摇落,0.8119219750878568
摇落草木衰,清秋草木黄,0.8279195819057441
摇落草木衰,傾奪蕙草根,0.8016175331986637
摇落草木衰,寒風疏草木,0.8481316981354151
摇落草木衰,秋色凋春草,0.8050945676632624
除瓜隴畝净,南山豆苗早荒穢,0.8161347202244014
除瓜隴畝净,禾生隴畝無東西,0.850644203196394
除瓜隴畝净,畦蔬繞舍秋,0.8293185010229887
除瓜隴畝净,下有良田疇,0.8230562447311043
除瓜隴畝净,園收芋栗不全貧,0.8014850063939813
除瓜隴畝净,蕪蔓少耘鋤,0.8215559029915498
除瓜隴畝净,誅茅初一畝,0.8112673229376017
除瓜隴畝净,高田失西成,0.804635903039598
除瓜隴畝净,東屯稻畦一百頃,0.83788763322951
除瓜隴畝净,山田麥無隴,0.8434857390574712
除瓜隴畝净,田家戒其荒,0.8164420885223354
除瓜隴畝净,農力廢耕桑,0.8051004731301985
除瓜隴畝净,荒榛農復秋,0.8268333796202584
除瓜隴畝净,深耕種數畝,0.8447797661388716
除瓜隴畝净,葵荒欲自鋤,0.8084385724497534
除瓜隴畝净,荒鉏淨果林,0.8165149673275425
除瓜隴畝净,畬田費火耕,0.8137983477408894
除瓜隴畝净,又重田疇闢,0.8163101152778013
除瓜隴畝净,荒蕪已荷鋤,0.8419819456578571
除瓜隴畝净,一寸荒田牛得耕,0.8214906336325054
除瓜隴畝净,故畦遺穗已蕩盡,0.805142150567236
邵平無米炊,負郭喜稉稻,0.8214343992706379
邵平無米炊,淘米少汲水,0.8057886651844197
邵平無米炊,黍地無人耕,0.8270349578348604
邵平無米炊,新炊間黄粱,0.8122814904588482
邵平無米炊,故人供禄米,0.815349177457936
邵平無米炊,園收芋栗不全貧,0.8046638483887114
邵平無米炊,欲須供給家無粟,0.8049506246614839
邵平無米炊,稻米流脂粟米白,0.8258365354912186
邵平無米炊,長安米萬錢,0.8043599212376583
邵平無米炊,官雞輸稻粱,0.8145346936678053
邵平無米炊,山田麥無隴,0.8250546233645691
邵平無米炊,玉粒足晨炊,0.8097049334926545
邵平無米炊,山田飯有沙,0.8541830099598879
邵平無米炊,稻米炊能白,0.8823357384897061
邵平無米炊,畬田費火耕,0.814703387790876
邵平無米炊,饑藉家家米,0.806897253191585
邵平無米炊,今年米賤太傷農,0.8163616642085703
邵平無米炊,家貧無供給,0.8076643431095977
滿家色藜藿,園廬但蒿藜,0.813748550799872
滿家色藜藿,愧客茹藜羹,0.8127170721471609
滿家色藜藿,肉食哂菜色,0.8014244382258253
滿家色藜藿,富家厨肉臭,0.8113201202912104
滿家色藜藿,試問甘藜藿,0.8484440600158625
滿家色藜藿,盤飧詎糝藜,0.8227430778688846
詩書不賙飢,苦飢始得食一蟲,0.8250761871379455
詩書不賙飢,老妻書數紙,0.8009999613024453
詩書不賙飢,飢有易子食,0.8083678709080908
詩書不賙飢,我病書不成,0.8024329195119088
詩書不賙飢,攤書解滿牀,0.8054320509154028
平生晁公子,李侯金閨彦,0.8074663753812765
平生晁公子,天上張公子,0.8212561739183807
平生晁公子,誰能與公子,0.8198349258217846
平生晁公子,廣文先生官獨冷,0.8002641318197041
平生晁公子,先生有才過屈宋,0.8485113811974432
平生晁公子,好去張公子,0.8269572084763205
平生晁公子,蔡子勇成癖,0.816974777484994
平生晁公子,我本良家子,0.8230116453843925
平生晁公子,平生所嬌兒,0.8247004490002372
平生晁公子,老夫生平好奇古,0.8078968780372012
平生晁公子,賈生對鵩傷王傅,0.8105958981767251
平生晁公子,張公一生江海客,0.8332579973808932
平生晁公子,平生獨往願,0.8220410745997909
平生晁公子,夫子嵇阮流,0.8270595267563114
平生晁公子,有子賢與愚,0.809720708343085
平生晁公子,小儒輕董卓,0.8016808886910429
平生晁公子,諸生原憲貧,0.8027861870479756
平生晁公子,平生懶拙意,0.8007050881202787
平生晁公子,君不見徐卿二子生絶奇,0.8340442902256414
平生晁公子,公生揚馬後,0.8201233111038577
平生晁公子,郭薛俱才賢,0.8154268660824766
平生晁公子,憶爾才名叔,0.8036403706915267
平生晁公子,平生鄭與蘇,0.8518081875900088
平生晁公子,子負經濟才,0.8020039833054757
平生晁公子,平公今詩伯,0.8520743015577894
平生晁公子,温温士君子,0.8050656928619917
平生晁公子,安知蔡夫子,0.8385300709508168
平生晁公子,俊才得之子,0.8113642920786805
平生晁公子,憶昔李公存,0.8035265400242457
平生晁公子,吾觀鴟夷子,0.801198173111221
平生晁公子,平生意有餘,0.8050364996601725
平生晁公子,嗟爾太平人,0.8033748963291498
平生晁公子,平生躭勝事,0.8089443139964511
平生晁公子,婁公不語宋公語,0.8039856930438363
平生晁公子,尚子終罕遇,0.8023159440603974
平生晁公子,吾宗老孫子,0.8230171342978978
平生晁公子,梁公曾孫我姨弟,0.8268474244161353
平生晁公子,昔有佳人公孫氏,0.809702173204744
平生晁公子,君不見夔子之國杜陵翁,0.8119002499344798
平生晁公子,吾賢富才術,0.8161068892340377
平生晁公子,顔氏之子才孤標,0.8030632342256294
平生晁公子,子干東諸侯,0.8159858925697256
平生晁公子,素聞趙公節,0.8122890605831603
平生晁公子,曹公屈壯圖,0.8193750702070179
平生晁公子,賈傅才未有,0.8021985914785554
平生晁公子,鄭公四葉孫,0.8007066732151891
平生晁公子,喪亂秦公子,0.8036304982082464
平生晁公子,世賢張子房,0.8155449172079978
平生晁公子,宗英李端公,0.8174788513347311
政用此時來,此行何日到,0.8117466893125231
政用此時來,殊方此日歡,0.8083424874875009
政用此時來,此日此時人共得,0.822344965890978
定交無一物,應接非本性,0.8134457753206439
破斧不能柯,操持郢匠斤,0.8110865272978472
破斧不能柯,常持小斧柯,0.8649163487211664
破斧不能柯,但令無剪伐,0.8009558850104308
破斧不能柯,不顧剪伐殘,0.8224281565478997
破斧不能柯,未辭剪伐誰能送,0.8019684368203706
况乃玉無疪,之子白玉温,0.8262934261252143
况乃玉無疪,汝貴玉爲琛,0.8112640129815447
危冠論百揆,凛欲衝儒冠,0.8049439908982681
備樂奏四時,安時歌吉祥,0.809643967828086
備樂奏四時,秩禮自百王,0.8036731117317077
備樂奏四時,六時天樂朝香爐,0.8328379898474956
成功彼有命,與人一心成大功,0.8005654105825148
成功彼有命,功成惠養隨所致,0.8166167560704538
成功彼有命,幾時樹功勳,0.8019989737843203
成功彼有命,戰伐有功業,0.8088993641710152
成功彼有命,吾愁罪有司,0.8111543533393104
成功彼有命,則知潤物功,0.8021725476908217
成功彼有命,功安造化爐,0.8003915013997207
成功彼有命,相賀以成功,0.802969291047825
成功彼有命,禹功亦命子,0.8723397081473554
成功彼有命,禹功翊造化,0.814815218311296
成功彼有命,九農成德業,0.8017166317729123
成功彼有命,晚歲何功使願果,0.812160037616047
成功彼有命,功業竟何如,0.8044737259107648
用舍君自知,知歸俗所忌,0.8111913862761857
用舍君自知,身退豈待官,0.8000171307925206
用舍君自知,君意人莫知,0.8444077751915013
用舍君自知,至性有此不,0.8071024225771848
用舍君自知,深意實在此,0.8079726299029562
用舍君自知,取用及吾身,0.8119491524637961
用舍君自知,公豈忘精誠,0.8041227834702336
用舍君自知,用舍何其賢,0.8279275836449398
用舍君自知,焉用身獨完,0.8234137769082108
用舍君自知,識子用心苦,0.83066009983241
用舍君自知,用舍在所尋,0.8418694432980715
用舍君自知,於身色有用,0.8016609354817124
用舍君自知,用拙存吾道,0.8074486830861337
用舍君自知,豈知身効能,0.8285079140795728
用舍君自知,檢身非苟求,0.8029671116696031
用舍君自知,乃知君子心,0.835218941509483
用舍君自知,得失寸心知,0.8029778215406522
用舍君自知,如知進退情,0.8170279298065153
用舍君自知,用心未甚臧,0.8108522049689322
用舍君自知,曲直吾不知,0.8003614331573796
用舍君自知,得志行所爲,0.8034145136965706
用舍君自知,恕己獨在此,0.8211866586874611
收身渺江湖,江湖多風波,0.8023914742573127
收身渺江湖,摇落任江潭,0.8049438564534019
收身渺江湖,江湖春欲暮,0.8067980020401117
收身渺江湖,養拙江湖外,0.8140498488859511
收身渺江湖,身事五湖南,0.8145798642597537
收身渺江湖,風神蕩江湖,0.8200107083952368
歲晚白鳥嬉,黄鳥時兼白鳥飛,0.8040712612470582
歲晚白鳥嬉,但見羣鷗日日來,0.8174219973362166
歲晚白鳥嬉,日長惟鳥雀,0.8076158334355286
歲晚白鳥嬉,君看禽鳥情,0.8058553396858446
歲晚白鳥嬉,鷗鳥鏡裏來,0.8000741728736473
歲晚白鳥嬉,山鳥暮過庭,0.8082200612696926
歲晚白鳥嬉,江晚白鷗飢,0.8029451518064017
倚鉏望君歸,臨風獨回首,0.8036575176913161
倚鉏望君歸,登樓望欲迷,0.8087801810004072
倚鉏望君歸,歸來望白雲,0.8255286577146683
開塞乃非道,失道非關出襄野,0.8058956902099863
開塞乃非道,除道哂要章,0.800580548013748
開塞乃非道,道路時通塞,0.817975646067371
開塞乃非道,内懼非道流,0.8110660255668236
不才當爾爲,不謂矜餘力,0.8093510615381405
不才當爾爲,張公歎其材盡下,0.8087972004456304
不才當爾爲,胡命其能久,0.8036614215166586
不才當爾爲,不須羡其强,0.8226487327352523
不才當爾爲,吾意獨憐才,0.8243500091552733
不才當爾爲,吾徒胡爲縱此樂,0.8092101236693411
不才當爾爲,孰曰非周才,0.8050306417447237
不才當爾爲,道屈爾何爲,0.8221906523608198
不才當爾爲,用才復擇誰,0.8311928524181633
不才當爾爲,不才同補衮,0.8094880320718597
不才當爾爲,不敢强爲容,0.8006226652261942
不才當爾爲,冗長吾敢取,0.80006303642951
建皷求亡子,有虞今則亡,0.8019999358970674
水深山峨峨,高臺面蒼陂,0.8189158282398367
水深山峨峨,高嶽前嵂崒,0.8065056446408937
水深山峨峨,岷峨氣悽愴,0.8147679403174274
水深山峨峨,山連越嶲蟠三蜀,0.8043091106114347
水深山峨峨,天門鬱嵯峨,0.8619589895828881
水深山峨峨,崔嵬晨雲白,0.8084513038442669
水深山峨峨,閭閻繚繞接山巔,0.8079736550182999
水深山峨峨,連山蟠其間,0.8091928916925989
水深山峨峨,山深水增波,0.8201797257041666
水深山峨峨,春深秦山秀,0.8091491413331784
水深山峨峨,嵯峨閶門北,0.835435497987424
水深山峨峨,巫岫鬱嵯峨,0.8706825820126858
水深山峨峨,嵯峨白帝城東西,0.8151116131973768
水深山峨峨,江漢山重阻,0.8152285779865124
水深山峨峨,君不見瀟湘之山衡山高,0.8081482783730252
滿堂悦秦聲,滿堂慘不樂,0.8160161063472468
滿堂悦秦聲,家聲同令聞,0.8058567515922608
君獨用此何,儒術於我何有哉,0.8127660282534013
君獨用此何,君豈棄此物,0.8489298364317495
君獨用此何,用舍何其賢,0.8109494113484219
君獨用此何,吾今意何傷,0.8070973882443836
君獨用此何,焉用身獨完,0.8242025187754958
君獨用此何,隱忍用此物,0.8146995779398383
君獨用此何,君子意如何,0.8451535720491947
君獨用此何,我行怪此安敢出,0.8046441731716389
君獨用此何,捨此復何之,0.815702466668552
君獨用此何,吾徒胡爲縱此樂,0.8213196283530884
君獨用此何,使我不得爾之扶持,0.8007409995188759
君獨用此何,今君抱何恨,0.8113821461047739
君獨用此何,君王無所惜,0.8012163157139376
君獨用此何,致君堯舜焉肯朽,0.8051518098949983
君獨用此何,我行何到此,0.8020472675367543
君獨用此何,恕己獨在此,0.8290769801726251
平分感秋節,秋至轉分明,0.8241528755452934
平分感秋節,窮秋正摇落,0.8025255270012868
平分感秋節,高秋心苦悲,0.8005593740863628
平分感秋節,寒事颯高秋,0.8006369462292036
平分感秋節,送子清秋暮,0.8016986537042656
平分感秋節,高秋此日生,0.8122109908731825
平分感秋節,江上秋已分,0.8157966647746445
平分感秋節,九秋驚雁序,0.8153833087933573
空闊湛金波,秋水清無底,0.8046005779984986
空闊湛金波,溶溶滿太虚,0.8539810459344618
空闊湛金波,所向無空闊,0.8030752358997824
空闊湛金波,滄海闊無津,0.8114859194325141
空闊湛金波,滄浪水深青溟闊,0.8301118019173721
空闊湛金波,水深波浪闊,0.8086920584861783
空闊湛金波,湛湛長江去,0.8412507922325593
空闊湛金波,白月當空虚,0.8015318752605419
空闊湛金波,瀟湘洞庭虚映空,0.818869595904604
空闊湛金波,碧海闊逾澄,0.8853952835588139
空闊湛金波,寒江動碧虚,0.8618459807498832
定夜百蟲息,味苦夏蟲避,0.8152130807806033
定夜百蟲息,秋蟲聲不去,0.827650135112914
定夜百蟲息,蟋蟀近中堂,0.810031780579017
執攬北斗柄,北斗司喉舌,0.8271096596681563
執攬北斗柄,四極我得制,0.8068928811734586
執攬北斗柄,挂席上南斗,0.8349838394465241
執攬北斗柄,掌握有權柄,0.8178374729412841
執攬北斗柄,夜臺當北斗,0.8176833171611515
執攬北斗柄,於今向南斗,0.8092490577835065
執攬北斗柄,北拱戴霄漢,0.8229918684646123
執攬北斗柄,干戈北斗深,0.8104415715293083
斟酌四時和,如今足斟酌,0.8173613262297652
斟酌四時和,獨酌甘泉歌,0.803505291176098
斟酌四時和,重陽獨酌杯中酒,0.8004371164140662
斟酌四時和,斟酌旅情孤,0.8128874753383468
破屋仰見星,滿空星河光破碎,0.8021629132923697
破屋仰見星,傍見北斗向江低,0.8160839980835648
破屋仰見星,仰看明星當空大,0.8314973128741787
得子喜且多,歡喜每傾倒,0.8148246045145964
得子喜且多,況我與子非壯年,0.8008739325184804
得子喜且多,還喜得吾賢,0.8239182979143551
得子喜且多,喜得與子長夜語,0.8086667565045933
得子喜且多,聞子心甚壯,0.8057794211012552
得子喜且多,子實不得喫,0.8134669928412148
得子喜且多,少壯樂難得,0.8085006410649911
危柱無安弦,威弧不能弦,0.8201724038424001
野水自盈科,野圃泉自注,0.8007000463812608
成道在禮樂,廟堂知至理,0.8006309355110892
成道在禮樂,孝理敦國政,0.8066500473494218
成道在禮樂,職貢道已喪,0.8031486783391639
成道在禮樂,論道邦國活,0.8034838175094882
成道在禮樂,先王作法皆正道,0.829969705809467
成道在禮樂,政用疏通合典則,0.8404315750945882
成道在禮樂,用拙存吾道,0.8134121371906387
成道在禮樂,不過行儉德,0.8086791641892975
成道在禮樂,禮寬心有適,0.8102498895385224
成道在禮樂,禮若奉至尊,0.8022134315584168
成道在禮樂,有禮太古前,0.8026668229571846
成道在禮樂,義無棄禮法,0.830658791732957
成道在禮樂,戒之在至公,0.8050610149978523
成道在禮樂,河間禮樂存,0.8052497051775902
成道在禮樂,除道哂要章,0.8020103877681349
成道在禮樂,禮樂攻吾短,0.8444534480166904
成道在禮樂,辛苦在道路,0.8058617824637996
成道在禮樂,崇大王法度,0.8115471901194874
成道在禮樂,得志行所爲,0.8023900266386091
成山在丘阿,亦得歸山岡,0.8085823217377692
成山在丘阿,所向盡山谷,0.8133949722844975
成山在丘阿,削成如案抱青丘,0.8013432321111571
成山在丘阿,小園背高岡,0.8067068067202301
成山在丘阿,衡山雖小邑,0.800807224607704
收此桑榆景,翳翳桑榆日,0.8372030529675665
開懷溟海闊,遥連滄海高,0.8030178199896902
開懷溟海闊,漂蕩雲天濶,0.8135704239022816
開懷溟海闊,鯨力破滄溟,0.8038257074375655
開懷溟海闊,滄海闊無津,0.8344393718240004
開懷溟海闊,浩蕩乘滄溟,0.8297683029672104
開懷溟海闊,滄浪水深青溟闊,0.8253107339553736
開懷溟海闊,溟漲浸絶島,0.8006448191791198
開懷溟海闊,洶若溟渤寬,0.8305171603982499
開懷溟海闊,闊會滄海潮,0.8402440524711863
開懷溟海闊,掛席窮海島,0.8055914734491376
開懷溟海闊,開襟野堂豁,0.8002784871768294
開懷溟海闊,東浮滄海漘,0.8104953955134184
開懷溟海闊,碧海闊逾澄,0.8339315959325059
開懷溟海闊,鯨魚跋浪滄溟開,0.8139531745220893
開懷溟海闊,玄圃滄洲莽空闊,0.8166337797722382
開懷溟海闊,大水淼茫炎海接,0.8028668275994528
開懷溟海闊,江湖天闊足風濤,0.8039935350391121
百怪出蛟鼉,百谷漏波濤,0.8061971456345877
百怪出蛟鼉,難假黿鼉力,0.8080892675564585
百怪出蛟鼉,仰穿龍蛇窟,0.8390618636294286
百怪出蛟鼉,浮深簸蕩黿鼉窟,0.8108085134883971
百怪出蛟鼉,觀水百丈湫,0.8126469433392691
百怪出蛟鼉,恐泥竄蛟龍,0.8624931360296902
百怪出蛟鼉,義動修蛇蟄,0.8006295867831507
百怪出蛟鼉,龍怒拔老湫,0.8697211188049088
百怪出蛟鼉,蛟龍得雲雨,0.8206681528530677
百怪出蛟鼉,翻動龍蛇窟,0.8667517715749855
百怪出蛟鼉,無使蛟龍得,0.8288185179349341
百怪出蛟鼉,蛟龍半缺落,0.8013595219465874
百怪出蛟鼉,長淮浪高蛟龍怒,0.812857937337774
百怪出蛟鼉,竟日蛟龍喜,0.8144729894578381
百怪出蛟鼉,潛龍無聲老蛟怒,0.8577466872465411
百怪出蛟鼉,日暮蛟龍改窟穴,0.8630247634700701
百怪出蛟鼉,蛟龍無定窟,0.8378041847612543
百怪出蛟鼉,前有毒蛇後猛虎,0.8095771713658011
百怪出蛟鼉,江光隱見黿鼉窟,0.8144797242137829
百怪出蛟鼉,轉石驚魑魅,0.8216330756788155
百怪出蛟鼉,青溪先有蛟龍窟,0.8081535502521873
百怪出蛟鼉,峽坼雲霾龍虎卧,0.8093794983312237
百怪出蛟鼉,龍蛇只自深,0.8084268799905554
百怪出蛟鼉,野水失蛟螭,0.8397987552442163
百怪出蛟鼉,久陰蛟螭出,0.8675676896771021
百怪出蛟鼉,蛟龍鬭不開,0.8444002347326534
百怪出蛟鼉,江峽繞蛟螭,0.8410666357746435
百怪出蛟鼉,號怒怪熊羆,0.8159253272935056
百怪出蛟鼉,蛟龍窟宅尊,0.8199317323158586
百怪出蛟鼉,猛蛟突獸紛騰逃,0.8215955568319033
百怪出蛟鼉,衆水爲長蛇,0.8025595964446235
百怪出蛟鼉,風雷搜百靈,0.8318272679342107
百怪出蛟鼉,水怪莫飛涎,0.8267600481431014
百怪出蛟鼉,龍蛇不成蟄,0.8280739138156209
百怪出蛟鼉,蛟螭出無痕,0.8420829675947794
百怪出蛟鼉,凍埋蛟龍南浦縮,0.81616541942425
百怪出蛟鼉,唐突鼉獺嗔,0.8033006873650702
百怪出蛟鼉,蛟螭深作横,0.8377067869660793
百怪出蛟鼉,蛟鼉好爲祟,0.8460257424659676
百怪出蛟鼉,熊羆欲蟄龍蛇深,0.8366763834130587
百怪出蛟鼉,濤翻黑蛟躍,0.8434600510713217
百怪出蛟鼉,蛟龍欲蟄寒沙水,0.8438263528303329
百怪出蛟鼉,華屋刻蛟螭,0.8162057474072852
閉藏願自愛,致此自僻遠,0.8011713187156514
閉藏願自愛,經過自愛惜,0.8110570812653144
閉藏願自愛,龐公任本性,0.8026412797085463
閉藏願自愛,養生終自惜,0.8419148346215388
驚人取譴訶,不勞吏怒瞋,0.8133094123585569
驚人取譴訶,破膽遭前政,0.8019085227646874
驚人取譴訶,慎莫近前丞相瞋,0.8031771944438102
驚人取譴訶,剽刦吏所羞,0.806547334533476
驚人取譴訶,鬼物無嫌猜,0.8006674840604198
驚人取譴訶,暴尪或前聞,0.8006615707068967
驚人取譴訶,嫉邪嘗力争,0.8174707789884803
驚人取譴訶,蜀主脱嫌猜,0.8132516398653103
驚人取譴訶,張兵撓棘矜,0.8021020331597271
驚人取譴訶,任受衆人咍,0.8075464406683769
金馬避世客,屋底達官走避胡,0.8059052578263762
金馬避世客,雖有車馬客,0.8184927892360254
金馬避世客,避世常此路,0.8092330488437907
談諧玩漢朝,親賓縱談謔,0.8063846029909136
談諧玩漢朝,始聞蕃漢殊,0.8082262335867585
石門抱關人,柴門不正逐江開,0.8024832836305822
長往閉寂寥,寂寞書齋裏,0.8016518321082311
長往閉寂寥,天涯正寂寥,0.8014994944306384
長往閉寂寥,索居尤寂寞,0.8142515642745742
長往閉寂寥,遊子悵寂寥,0.8037215004797453
長往閉寂寥,江邊正寂寥,0.8027571000192439
長往閉寂寥,松根胡僧憇寂寞,0.8154805246750831
長往閉寂寥,寂寂春將晚,0.8043293783709262
長往閉寂寥,雲門青寂寂,0.8146904325110034
長往閉寂寥,雲臺使寂寥,0.8050198383682738
長往閉寂寥,遠遊雖寂寞,0.8060469603882998
長往閉寂寥,白日亦寂寞,0.801575363079058
長往閉寂寥,江山日寂寥,0.8075250506690625
長往閉寂寥,聖賢兩寂寞,0.8221105007388769
長往閉寂寥,巡狩何寂寥,0.8131643376087991
長往閉寂寥,蒼生轉寂寥,0.8138456932863165
絲蟲日夜織,織女機絲虚夜月,0.8651737205146227
勞苦則以食,不復同苦辛,0.8031911487192567
勞苦則以食,庶羞以賙給,0.8344911777383466
勞苦則以食,辛勤養無益,0.8169969151327576
勞苦則以食,徒旅慘不悦,0.8212985950028102
勞苦則以食,是日慰飢渴,0.8045583206491542
勞苦則以食,苦飢始得食一蟲,0.8321634398203397
勞苦則以食,飢有易子食,0.8066649039608136
勞苦則以食,兵久食恐貧,0.807886536276236
勞苦則以食,苣兮蔬之常,0.810471430733911
勞苦則以食,庶以勤苦志,0.855090489884683
勞苦則以食,供给亦勞哉,0.8181117802602176
勞苦則以食,役役常苦辛,0.8294146952218353
勞苦則以食,飽食亦何心,0.812831549183068
勞苦則以食,令我心中苦不足,0.8006418493491189
勞苦則以食,長大常苦饑,0.812027109857927
竹生罹斧斤,操持郢匠斤,0.8065704525648669
竹生罹斧斤,常持小斧柯,0.8247677898111712
竹生罹斧斤,交横集斧斤,0.845690981975247
竹生罹斧斤,斤斧任樵童,0.8252565611885068
高林乃其賊,單于寇我壘,0.8237350808576203
高林乃其賊,茲實鷙鳥最,0.8055441383744477
高林乃其賊,猛虎憑其威,0.8241073602338443
高林乃其賊,盗賊爾誰尊,0.8151717447979863
高林乃其賊,俊拔爲之主,0.8011773650909555
高林乃其賊,用才復擇誰,0.8036339432351136
高林乃其賊,盗賊爾猶存,0.8004815809577862
高林乃其賊,盗賊縱横甚密邇,0.8140871304958625
高林乃其賊,況兼水賊繁,0.803523549942582
匏樽酌吾子,何時一樽酒,0.8055075106018841
匏樽酌吾子,一舉累十觴,0.8033867394607089
匏樽酌吾子,開樽獨酌遲,0.8354702768463511
匏樽酌吾子,茗飲蔗漿攜所有,0.802669237675736
匏樽酌吾子,日夜倒芳樽,0.8113640863103859
匏樽酌吾子,爲君酤酒滿眼酤,0.8129750075233642
匏樽酌吾子,獨酌甘泉歌,0.8026710617129051
匏樽酌吾子,邀我嘗春酒,0.8312098640232355
匏樽酌吾子,清樽幸不空,0.8018889588800534
匏樽酌吾子,把臂開樽飲我酒,0.8744803678894489
匏樽酌吾子,洗杓斟新醖,0.8033368814432955
匏樽酌吾子,把酒宜深酌,0.811419338567805
匏樽酌吾子,平生滿樽酒,0.8037700249888518
匏樽酌吾子,宴引春壺酒,0.8049871608813304
匏樽酌吾子,重陽獨酌杯中酒,0.8018615649731398
匏樽酌吾子,從兒具緑樽,0.822646312426083
匏樽酌吾子,誰欲致杯甖,0.8225026039270789
匏樽酌吾子,衢尊不重飲,0.8241248408631825
雖陋意不淺,甚愧丈人厚,0.8103292077666657
雖陋意不淺,態濃意遠淑且真,0.8108642131142494
雖陋意不淺,流寓理豈愜,0.8111333714878687
雖陋意不淺,顧慚昧所適,0.8016689318778218
雖陋意不淺,君行雖不遠,0.801437740442425
雖陋意不淺,卜居意未展,0.8035509230196919
雖陋意不淺,物微意不淺,0.9140320976515997
雖陋意不淺,致此自僻遠,0.8162488882336003
雖陋意不淺,雖衆亦易朽,0.8088798314403365
雖陋意不淺,弱質豈自負,0.8096430739949989
雖陋意不淺,自顧亦已極,0.8302919516697396
雖陋意不淺,穎鋭物不隔,0.8193178734052644
雖陋意不淺,愁寂意不愜,0.8079713367869261
雖陋意不淺,庾公興不淺,0.8170758095213946
雖陋意不淺,興深終不渝,0.8043535683671128
雖陋意不淺,道意久衰薄,0.8124147807553728
雖陋意不淺,衆力亦不細,0.8046961698205619
雖陋意不淺,他日更僕語不淺,0.8044232468297664
土德貴重遲,由來積德門,0.8084362192663004
土德貴重遲,如何此貴重,0.8151023188478914
土德貴重遲,恐懼禄位高,0.8015997002080906
土德貴重遲,貴人豈不仁,0.8000203437303735
土德貴重遲,感恩義不小,0.8028643790863266
水德貴深遠,惠遠德過人,0.8374413984932085
水德貴深遠,致此自僻遠,0.8140193689817651
水德貴深遠,賢者貴爲德,0.8040615796034665
革能談鯤鵬,鯨力破滄溟,0.8145108302774948
革能談鯤鵬,欲化北溟鯤,0.801777479841532
革能談鯤鵬,安得覆八溟,0.8080959660238833
革能談鯤鵬,變化有鵾鵬,0.813746709068579
革能談鯤鵬,有志乘鯨鼇,0.8046444432119944
相期無待游,不得相追隨,0.8223208772634544
相期無待游,應無見汝期,0.8054215952997639
相期無待游,後會且深期,0.800713983161166
相期無待游,江湖遠適無前期,0.8217185725160856
虎剥文章犀解角,司空握豹韜,0.805949561251371
虎剥文章犀解角,龍文虎脊皆君馭,0.8241149610600695
虎剥文章犀解角,龍鱗犀甲相錯落,0.8305706579967631
虎剥文章犀解角,前有毒蛇後猛虎,0.8155486004509325
虎剥文章犀解角,貙虎噉豺狼,0.8058984523192763
虎剥文章犀解角,兵張虎豹符,0.822188431024538
虎剥文章犀解角,膽銷豺虎窟,0.8126505842943375
虎剥文章犀解角,龍蛇動篋蟠銀鈎,0.8128723959019163
虎剥文章犀解角,豺虎正縱横,0.8013931350871522
虎剥文章犀解角,虎狼窺中原,0.8018422840471537
食未下亢奇禍作,苦飢始得食一蟲,0.8005578278441483
食未下亢奇禍作,高人憂禍胎,0.8064929664690343
食未下亢奇禍作,聞道嬖孽能全生,0.8041714231738888
食未下亢奇禍作,水旱其數然,0.8037084611912311
食未下亢奇禍作,健步聞旱魃,0.8284303741341686
食未下亢奇禍作,羣兇逆未定,0.8101316997137576
食未下亢奇禍作,禄山作逆降天誅,0.8156942346293707
食未下亢奇禍作,凶徒惡未悛,0.8041717063702852
食未下亢奇禍作,禍首燧人氏,0.807492260860897
食未下亢奇禍作,焉得鑄甲作農器,0.8047698586829292
藥材根氐罹斸掘,春城鏟賊壕,0.8083037674089066
藥材根氐罹斸掘,掘壕不到水,0.8345349095483638
藥材根氐罹斸掘,常苦沙崩損藥欄,0.8026977213370842
藥材根氐罹斸掘,頑根易滋蔓,0.8197477909482305
藥材根氐罹斸掘,蟠根積水邊,0.8010438172621503
藥材根氐罹斸掘,凶兵鑄農器,0.8048826653635153
藥材根氐罹斸掘,生男墮地要膂力,0.8140747971767139
蜜蟲奪房抱飢渴,野鼠拱亂穴,0.8107641591338065
蜜蟲奪房抱飢渴,似欲忘饑渴,0.801063349788181
蜜蟲奪房抱飢渴,癡女饑咬我,0.8066907035055098
蜜蟲奪房抱飢渴,苦飢始得食一蟲,0.8176165806212323
蜜蟲奪房抱飢渴,飢有易子食,0.8005561471599838
蜜蟲奪房抱飢渴,其毒甚蜂蠆,0.8210469334912129
蜜蟲奪房抱飢渴,蜂蠆終懷毒,0.8423632469987099
蜜蟲奪房抱飢渴,虎之饑,0.804482889147291
蜜蟲奪房抱飢渴,天寒割蜜房,0.8604930715966814
有心無心材慧死,與人一心成大功,0.8344453441517864
有心無心材慧死,谷神如不死,0.8019717823438557
有心無心材慧死,終身荷聖情,0.8006860591573834
有心無心材慧死,許求聰慧者,0.8138955526604343
有心無心材慧死,使人不疑見本根,0.8078395629615565
有心無心材慧死,於身色有用,0.8260996573726513
有心無心材慧死,畫師不是無心學,0.8310055116220053
有心無心材慧死,出處遂何心,0.8331284319880294
有心無心材慧死,秉心識本源,0.8251166682540226
有心無心材慧死,愚智心盡死,0.8601680127079182
有心無心材慧死,頗學陰何苦用心,0.8121684374604972
有心無心材慧死,得失寸心知,0.8057757680298574
有心無心材慧死,聖哲爲心小一身,0.8221642300112333
有心無心材慧死,虚心味道玄,0.8054326381339606
有心無心材慧死,勇猛爲心極,0.8100087198117306
有心無心材慧死,冥心若死灰,0.8156887670670019
有心無心材慧死,干請傷直性,0.8021561688344151
有心無心材慧死,齒落未是無心人,0.8093168858899568
衛平哆口無南箕,西取邛南兵,0.8110524082813981
斗柄指日江使噫,北斗司喉舌,0.8162089792635792
斗柄指日江使噫,夜臺當北斗,0.8001205840645559
斗柄指日江使噫,傍見北斗向江低,0.8256386696969715
狐腋牛衣同一燠,煖客貂鼠裘,0.8151276091764392
狐腋牛衣同一燠,裋褐卽長夜,0.8036588515286828
狐腋牛衣同一燠,地偏初衣裌,0.8073699734802631
狐腋牛衣同一燠,寒衣寬總長,0.8093667444873504
狐腋牛衣同一燠,雲壑布衣鮐背死,0.8235562523869923
虚名挽人受實禍,小人利口實,0.8095902406992415
虚名挽人受實禍,何人符大名,0.8094870884102633
累棋既危安處我,胡危命在破竹中,0.8084281884161268
累棋既危安處我,安危在數公,0.8359114701725945
累棋既危安處我,安危在運籌,0.80469373598651
累棋既危安處我,百慮視安危,0.814845711237918
室中凝塵散髮坐,中夜起坐萬感集,0.8242673344030845
四壁矗矗見天下,高標跨蒼穹,0.8108931190512878
四壁矗矗見天下,高臺面蒼陂,0.8088045152263565
四壁矗矗見天下,高嶽前嵂崒,0.8201280660518502
四壁矗矗見天下,卓立天骨森開張,0.8509854481361594
四壁矗矗見天下,天衢陰峥嶸,0.8009625435589565
四壁矗矗見天下,極目高崒兀,0.8199129130189968
四壁矗矗見天下,蒼崖吼時裂,0.8106738871950749
四壁矗矗見天下,天窄壁面削,0.830812216560519
四壁矗矗見天下,高壁抵嶔崟,0.8028669847784978
四壁矗矗見天下,何時眼前突兀見此屋,0.8069886000983808
四壁矗矗見天下,青嶂插雕梁,0.8235281548094595
四壁矗矗見天下,天門鬱嵯峨,0.8300460499235399
四壁矗矗見天下,天雲浮絶壁,0.8098209342432106
四壁矗矗見天下,卓立羣峰外,0.8012815475883465
四壁矗矗見天下,石壁斷空青,0.8187181192653883
四壁矗矗見天下,東得平岡出天壁,0.8379347600121319
四壁矗矗見天下,竦壁攢鏌鋣,0.8131077963686614
四壁矗矗見天下,壁立石城横塞起,0.802412726374854
奎蹄曲隈取脂澤,道逢麯車口流涎,0.836450643136093
奎蹄曲隈取脂澤,碾渦深没馬,0.8183368811146001
奎蹄曲隈取脂澤,正想滑流匙,0.8149798271604942
奎蹄曲隈取脂澤,前有深填淤,0.809610413499249
奎蹄曲隈取脂澤,鶉首麗泥塗,0.8071671638154564
婁猪艾豭彼何擇,昔何勇鋭今何愚,0.8148919601670244
婁猪艾豭彼何擇,彼免狐貉厄,0.8083021161939277
婁猪艾豭彼何擇,犀兕豈獨剸,0.8029689031829284
傾腸倒胃得相知,心胸已傾倒,0.825609388866511
傾腸倒胃得相知,渴飲寒泉逢觝觸,0.8077638216376445
傾腸倒胃得相知,纔傾一盞卽醺人,0.8015237025901254
貫日食昴終不疑,看射猛虎終殘年,0.8118106286506774
古來畢命黄金臺,黄閣長司諫,0.8033552579008194
