황정견,두보,코사인 유사도
春寒茅屋交相風,寒熱百日相交戰,0.8036065254293128
春寒茅屋交相風,白屋寒多暖始開,0.8071066566902745
倚墻捫虱讀書策,案頭乾死讀書螢,0.8111706476719618
倚墻捫虱讀書策,風牀展書卷,0.8150383624614542
倚墻捫虱讀書策,突兀倚書幌,0.8363722442601749
倚墻捫虱讀書策,讀書秋樹根,0.8203748178643171
倚墻捫虱讀書策,老困撥書眠,0.804565420751731
老妻甘貧能養姑,難甘原憲貧,0.8084072886598341
老妻甘貧能養姑,養拙更何鄉,0.8062521897996282
老妻甘貧能養姑,素知賤子甘貧賤,0.8455048431865926
老妻甘貧能養姑,阿翁懶惰久,0.812229390353828
老妻甘貧能養姑,健兒寧鬭死,0.8007548576288421
老妻甘貧能養姑,乃知貧賤别更苦,0.8093191620297693
老妻甘貧能養姑,幼子餓已卒,0.8204443415359086
老妻甘貧能養姑,但道困苦乞爲奴,0.8101085778174144
老妻甘貧能養姑,家貧苦宦卑,0.8120571674238216
老妻甘貧能養姑,飢寒奴僕賤,0.8493645429904625
老妻甘貧能養姑,誰家且養願終惠,0.8136269148307469
老妻甘貧能養姑,自嗟貧家女,0.8301521333869393
老妻甘貧能養姑,一二老寡妻,0.815168370136232
老妻甘貧能養姑,食蕨不願餘,0.8017892761257643
老妻甘貧能養姑,小兒成老翁,0.8177116125581481
老妻甘貧能養姑,信甘孱懦嬰,0.8356861519868857
老妻甘貧能養姑,百年粗糲腐儒餐,0.8075066359178668
老妻甘貧能養姑,苦飢始得食一蟲,0.8068771804614348
老妻甘貧能養姑,貧病他鄉老,0.8101406177563353
老妻甘貧能養姑,將老憂貧窶,0.8810220032563628
老妻甘貧能養姑,固知貧病人須棄,0.8014190597655021
老妻甘貧能養姑,吾老抱疾病,0.8212891995095456
老妻甘貧能養姑,固合嬰饑貧,0.8425156554561744
老妻甘貧能養姑,無心恥賤貧,0.805840926519038
老妻甘貧能養姑,老妻憂坐痺,0.8175301526908534
老妻甘貧能養姑,妻子寄他食,0.8139966971964236
老妻甘貧能養姑,食人更肯留妻子,0.8037922957342917
老妻甘貧能養姑,儒生老無成,0.8047500343937125
老妻甘貧能養姑,兵久食恐貧,0.8024926347257466
老妻甘貧能養姑,一請甘饑寒,0.8060226385804775
老妻甘貧能養姑,再請甘養蒙,0.8026567980332854
老妻甘貧能養姑,吾人淹老病,0.8018413068141739
老妻甘貧能養姑,業學尸鄉多養雞,0.831608413635507
老妻甘貧能養姑,養親惟小園,0.8188164528323055
老妻甘貧能養姑,衰老甘貧病,0.8588190203832402
老妻甘貧能養姑,吾知拙養尊,0.842031911180862
老妻甘貧能養姑,貧窮老瘦家賣屩,0.8499864425035708
老妻甘貧能養姑,我甘多病老,0.8382438523862159
老妻甘貧能養姑,士子甘旨闕,0.8009461045673584
老妻甘貧能養姑,今幸樂國養微軀,0.8131950613080704
老妻甘貧能養姑,得無妻嫂欺,0.8226313440395776
寧剪髻鬟不典書,自陳剪髻鬟,0.8429082583342294
大兒得飡不索魚,河魚不取錢,0.8326968071827285
大兒得飡不索魚,解水乞吴兒,0.8075381759514668
大兒得飡不索魚,河凍味魚不易得,0.801127688672389
大兒得飡不索魚,小兒五歲氣食牛,0.8128442787920325
大兒得飡不索魚,小魚脱漏不可記,0.809420764296346
大兒得飡不索魚,賣薪得錢應供給,0.8061522298298011
大兒得飡不索魚,富豪有錢駕大舸,0.8128633506544606
大兒得飡不索魚,溪女得錢留白魚,0.8300610948256354
大兒得飡不索魚,小奴縛雞向市賣,0.8429616604903358
大兒得飡不索魚,不知雞賣還遭烹,0.8015961522885382
大兒得飡不索魚,妻兒待米且歸去,0.8312487676137293
大兒得飡不索魚,無食無兒一婦人,0.8050087112712156
小兒得禈不索襦,長安壯兒不敢騎,0.8207190514140181
小兒得禈不索襦,牽衣頓足攔道哭,0.8057721629445194
小兒得禈不索襦,縱有健婦把鋤犁,0.8033173453526067
小兒得禈不索襦,生女猶得嫁比鄰,0.820099545816257
小兒得禈不索襦,解水乞吴兒,0.8028992857128614
小兒得禈不索襦,嬌兒不離膝,0.8089626078160082
小兒得禈不索襦,妻子衣百結,0.8159012814735824
小兒得禈不索襦,牀前兩小女,0.8053663109621121
小兒得禈不索襦,小兒强解事,0.8314604452206336
小兒得禈不索襦,肥男有母送,0.8163643738429457
小兒得禈不索襦,羅襦不復施,0.8079438452561412
小兒得禈不索襦,短衣數挽不掩脛,0.8010940071327637
小兒得禈不索襦,小兒五歲氣食牛,0.8326663689839362
小兒得禈不索襦,女長裁褐穩,0.8213245351017913
小兒得禈不索襦,妻子寄他食,0.8073800770830861
小兒得禈不索襦,幅巾鞶帶不掛身,0.8009071774809764
小兒得禈不索襦,食人更肯留妻子,0.8058459486008411
小兒得禈不索襦,婦女多在官軍中,0.8202554290446025
小兒得禈不索襦,大兒結束隨商旅,0.8083300748878067
小兒得禈不索襦,小奴縛雞向市賣,0.8526121298769437
小兒得禈不索襦,子實不得喫,0.810119669383775
小兒得禈不索襦,妻兒待米且歸去,0.8343264095535194
小兒得禈不索襦,無食無兒一婦人,0.8103506466611015
小兒得禈不索襦,未能割妻子,0.8002926994660513
庾郎鮭菜二十七,只今年纔十六七,0.8194028653228278
庾郎鮭菜二十七,徐州秃尾不足憶,0.8297896982562185
庾郎鮭菜二十七,薛公十一鶴,0.8050494606386313
庾郎鮭菜二十七,禽獸已斃十七八,0.8253357807742494
庾郎鮭菜二十七,四十五十無夫家,0.8232308486176174
庾郎鮭菜二十七,肉食三十萬,0.8107668763597271
庾郎鮭菜二十七,肉食哂菜色,0.8036058778071419
太常齋日三百餘,日糴太倉五升米,0.8137720544992401
太常齋日三百餘,自公斗三百,0.8016039981579296
上丁分膰一飽飯,常擬報一飯,0.8424531230908596
上丁分膰一飽飯,日糴太倉五升米,0.8123013078166266
上丁分膰一飽飯,但使殘年飽喫飯,0.8145781382938696
上丁分膰一飽飯,一飯四五起,0.8195191706117995
上丁分膰一飽飯,鳳翔千官且飽飯,0.812928148405745
上丁分膰一飽飯,軟炊香飯緣老翁,0.8119830351261812
上丁分膰一飽飯,與奴白飯馬青芻,0.809270854070069
上丁分膰一飽飯,欲須供給家無粟,0.8152542986183027
上丁分膰一飽飯,貧窮取給行艓子,0.8091531330270088
上丁分膰一飽飯,敕廚惟一味,0.8130381562312085
上丁分膰一飽飯,飯糲添香味,0.8078390524541049
上丁分膰一飽飯,應過數粒食,0.8100326165652276
世傳寒士有食籍,食之豪健西域無,0.801424636606442
世傳寒士有食籍,流傳江鮑體,0.8006311775771053
世傳寒士有食籍,世傳閭丘筆,0.8002731172069792
世傳寒士有食籍,尚書訓士齊,0.8091819555067661
世傳寒士有食籍,名因太史傳,0.8023900902315972
世傳寒士有食籍,博采世上名,0.809664211769948
世傳寒士有食籍,晚有弟子傳芬芳,0.8073027823656624
一生當飯百甕葅,常擬報一飯,0.8061035398692022
一生當飯百甕葅,金錢罄一餐,0.8008357185342561
一生當飯百甕葅,但使殘年飽喫飯,0.8391304980709272
一生當飯百甕葅,一飯四五起,0.8106188862386181
一生當飯百甕葅,鳳翔千官且飽飯,0.8000915305020795
一生當飯百甕葅,軟炊香飯緣老翁,0.8164586344526287
一生當飯百甕葅,甘從千日醉,0.8038456166542058
一生當飯百甕葅,焦糖幸一柈,0.8230993499730668
一生當飯百甕葅,濁醪粗飯任吾年,0.8175465136662783
冥冥主張審如此,時危安得真致此,0.8008206986145426
冥冥主張審如此,冥冥欲避矰,0.8085899240474621
附郭小圃宜勤鉏,鄰舍與園蔬,0.8022752237858155
附郭小圃宜勤鉏,隨事有田園,0.8058442016534124
附郭小圃宜勤鉏,日併園蔬課,0.8107847140020561
附郭小圃宜勤鉏,勸耕自官曹,0.8337826893695036
附郭小圃宜勤鉏,晚憩必村墟,0.8004410040918154
附郭小圃宜勤鉏,隨喜給孤園,0.8064472878027282
附郭小圃宜勤鉏,荷鋤先童稚,0.8066345228781646
附郭小圃宜勤鉏,徐步視小園,0.8146936633478543
附郭小圃宜勤鉏,山家藥正鋤,0.8039636334268593
附郭小圃宜勤鉏,畦丁負籠至,0.8179844765899928
附郭小圃宜勤鉏,養親惟小園,0.8294435049316518
附郭小圃宜勤鉏,耕稼學山村,0.8124530736263613
附郭小圃宜勤鉏,巡圃念攜鋤,0.8303270356577452
附郭小圃宜勤鉏,灌園曾取適,0.8126757445514913
葱秧青青葵甲緑,渚蒲牙白水荇青,0.8052145130045891
葱秧青青葵甲緑,草芽既青出,0.8599521977504481
葱秧青青葵甲緑,青熒陵陂麥,0.842931267844386
葱秧青青葵甲緑,得種菜與麻,0.8006711079753351
葱秧青青葵甲緑,青歸柳葉新,0.8044376721065873
葱秧青青葵甲緑,青青屋東麻,0.8233315640098731
葱秧青青葵甲緑,青青竹笋迎船出,0.8474815488776981
葱秧青青葵甲緑,藥條藥甲潤青青,0.8622388934150271
葱秧青青葵甲緑,椒實雨新紅,0.8056582681963629
葱秧青青葵甲緑,葱青衆木梢,0.8276298839190914
葱秧青青葵甲緑,野多青青麥,0.8839793283058317
葱秧青青葵甲緑,赤梨蒲萄寒露成,0.8023336045676248
葱秧青青葵甲緑,青青嘉蔬色,0.8876172680330201
葱秧青青葵甲緑,傾筐蒲鴿青,0.8177697134275348
葱秧青青葵甲緑,青青高槐葉,0.833026640105014
葱秧青青葵甲緑,圃畦新雨潤,0.8094040700043008
葱秧青青葵甲緑,泥筍苞初荻,0.805982908716717
葱秧青青葵甲緑,湖外草新青,0.8125316963389635
早韭晚菘羹糝熟,崆峒小麥熟,0.8354241072149451
早韭晚菘羹糝熟,香芹碧澗羹,0.8341122823036949
早韭晚菘羹糝熟,紅綻雨肥梅,0.8214744355222099
早韭晚菘羹糝熟,脆添生菜美,0.8551880829124132
早韭晚菘羹糝熟,霜橙壓香橘,0.8114004619927191
早韭晚菘羹糝熟,得種菜與麻,0.8038442113034923
早韭晚菘羹糝熟,歸及薦櫻桃,0.8481207231282428
早韭晚菘羹糝熟,飯煑青泥坊底芹,0.8113118611553514
早韭晚菘羹糝熟,秋蔬擁霜露,0.8110597379577094
早韭晚菘羹糝熟,白露黄粱熟,0.8145095782351308
早韭晚菘羹糝熟,丹橘露應嘗,0.8430469784976761
早韭晚菘羹糝熟,豆子雨已熟,0.803209986241257
早韭晚菘羹糝熟,四月熟黄梅,0.8002729678268572
早韭晚菘羹糝熟,蔗漿歸廚金碗凍,0.8196648668436182
早韭晚菘羹糝熟,豉化蓴絲熟,0.8272834814843752
早韭晚菘羹糝熟,催蓴煮白魚,0.8345873767047545
早韭晚菘羹糝熟,絲繁煮細蓴,0.8158002070368793
早韭晚菘羹糝熟,梅熟許同朱老喫,0.8107654090745342
早韭晚菘羹糝熟,自爲摘嘉蔬,0.8082404066063826
早韭晚菘羹糝熟,椒實雨新紅,0.8233300912805281
早韭晚菘羹糝熟,石暄蕨芽紫,0.8084437528144142
早韭晚菘羹糝熟,徼麥早向熟,0.8145404352648612
早韭晚菘羹糝熟,春日春盤細生菜,0.8258423716702699
早韭晚菘羹糝熟,崖蜜松花熟,0.8068752619187045
早韭晚菘羹糝熟,野露及新嘗,0.8573281186716807
早韭晚菘羹糝熟,香飯兼苞蘆,0.8393450048657265
早韭晚菘羹糝熟,玉粒足晨炊,0.8007267412380028
早韭晚菘羹糝熟,羹煑秋蓴滑,0.8901827423672809
早韭晚菘羹糝熟,秔稻熟天風,0.8603566534725644
早韭晚菘羹糝熟,飯糲添香味,0.837926768090075
早韭晚菘羹糝熟,稻米炊能白,0.8298452988175298
早韭晚菘羹糝熟,秋葵煑復新,0.8603652185932895
早韭晚菘羹糝熟,嘗稻雪翻匙,0.847905783058041
早韭晚菘羹糝熟,遠傳冬筍味,0.8110907850448714
早韭晚菘羹糝熟,泥筍苞初荻,0.8421295941334039
早韭晚菘羹糝熟,盤飧詎糝藜,0.8030617477573674
早韭晚菘羹糝熟,常餐占野蔬,0.8255542543014902
早韭晚菘羹糝熟,秋露接園葵,0.8037114381237983
早韭晚菘羹糝熟,强飯蓴添滑,0.8551131868986734
充虚解戰賴湯餅,况復秦兵耐苦戰,0.8010131641007368
充虚解戰賴湯餅,大君先息戰,0.8022403497046604
充虚解戰賴湯餅,訓練强兵動鬼神,0.8098206915969403
充虚解戰賴湯餅,王祭還供盡海頭,0.8003922427527665
充虚解戰賴湯餅,國須行戰伐,0.8141467667728741
芼以䓑虀與甘菊,香芹碧澗羹,0.8210650322971786
芼以䓑虀與甘菊,味如甘露漿,0.8300375954260262
芼以䓑虀與甘菊,味豈同金菊,0.8192739692708793
芼以䓑虀與甘菊,血以當醴泉,0.8134363613739137
芼以䓑虀與甘菊,園蔬抱金玉,0.8125738754784664
芼以䓑虀與甘菊,苣兮蔬之常,0.8292065454419297
芼以䓑虀與甘菊,色難腥腐餐楓香,0.8035330613516247
芼以䓑虀與甘菊,焦糖幸一柈,0.8031306005736498
芼以䓑虀與甘菊,盤飧詎糝藜,0.8019604765511879
幾日憐槐已着花,辛夷始花亦已落,0.8069368537917128
幾日憐槐已着花,山花已自開,0.8038570953964573
幾日憐槐已着花,江縣紅梅已放春,0.8157906760148981
幾日憐槐已着花,帶雨不成花,0.8011314937458047
一心咒笋莫成竹,心以當竹實,0.8148746612343043
羣兒笑髯窮百巧,癡女饑咬我,0.8070961577236215
羣兒笑髯窮百巧,觀者貪愁掣臂飛,0.8012724915455351
羣兒笑髯窮百巧,百舌欲無語,0.8102376840594303
羣兒笑髯窮百巧,兒童解蠻語,0.8134479737189841
羣兒笑髯窮百巧,結舌防讒柄,0.8091198161779585
我謂勝人飯重肉,食之豪健西域無,0.8015871441525362
我謂勝人飯重肉,香美勝牛乳,0.8091760423583296
我謂勝人飯重肉,況我飢愚人,0.8171170268823744
我謂勝人飯重肉,肥肉大酒徒相要,0.8047687477951759
我謂勝人飯重肉,食人更肯留妻子,0.8193300150463148
我謂勝人飯重肉,兵久食恐貧,0.8026765092608741
我謂勝人飯重肉,後人將酒肉,0.8054431894770779
我謂勝人飯重肉,肉食哂菜色,0.806231167371797
我謂勝人飯重肉,乳獸待人肉,0.8253739106732745
我謂勝人飯重肉,富家厨肉臭,0.8040448957405385
我謂勝人飯重肉,陳平亦分肉,0.8036002778641872
我謂勝人飯重肉,貧窮老瘦家賣屩,0.8057804504418866
羣兒笑髯不若人,王生怪我顔色惡,0.8060905510436618
羣兒笑髯不若人,癡女饑咬我,0.8162846954640082
羣兒笑髯不若人,語不驚人死不休,0.8123362336550638
羣兒笑髯不若人,癡兒不知父子禮,0.8172916231140891
羣兒笑髯不若人,丈夫生兒有如此二雛者,0.8157315911133033
羣兒笑髯不若人,世人皆欲殺,0.8155677611491997
羣兒笑髯不若人,胡人高鼻動成羣,0.8211602940700142
我獨愛髯無事貧,况乃疏頑臨事拙,0.8022685902041615
我獨愛髯無事貧,多病沉年苦無健,0.8166141981162416
我獨愛髯無事貧,諸孫貧無事,0.8346930115981597
我獨愛髯無事貧,長卿多病久,0.8197265399762863
我獨愛髯無事貧,乃知貧賤别更苦,0.8036948454682125
我獨愛髯無事貧,生平老耽酒,0.8035434635074241
我獨愛髯無事貧,我貧無乘非無足,0.8334876340306128
我獨愛髯無事貧,不恨我衰子貴時,0.8260259864965624
我獨愛髯無事貧,我衰更懶拙,0.806637694342812
我獨愛髯無事貧,知我憐渠畫無敵,0.8031574848404426
我獨愛髯無事貧,多病獨愁常閴寂,0.8034458886771743
我獨愛髯無事貧,多病也身輕,0.8125887162598933
我獨愛髯無事貧,吾知徐公百不憂,0.8586425085463347
我獨愛髯無事貧,見賊惟多身始輕,0.8052563698480442
我獨愛髯無事貧,吾意獨憐才,0.8029563234269044
我獨愛髯無事貧,江邊老病雖無力,0.801994889669392
我獨愛髯無事貧,憐君吏隱兼,0.8074833687037282
我獨愛髯無事貧,可但步兵偏愛酒,0.8160590144392842
我獨愛髯無事貧,固知貧病人須棄,0.8298813017444395
我獨愛髯無事貧,君有長才不貧賤,0.841848266853934
我獨愛髯無事貧,非君愛人客,0.8220310196888403
我獨愛髯無事貧,世上未有如公貧,0.806282056885613
我獨愛髯無事貧,官應老病休,0.8009661353516189
我獨愛髯無事貧,我衰不足道,0.8117905607201779
我獨愛髯無事貧,我雖消渴甚,0.8000813769425785
我獨愛髯無事貧,兵久食恐貧,0.8091276379802901
我獨愛髯無事貧,多慚病無力,0.8194408091038937
我獨愛髯無事貧,不獨觀酒德,0.8033488754550973
我獨愛髯無事貧,無家病不辭,0.8270289057325009
我獨愛髯無事貧,我今衰老才力薄,0.8001029321396952
我獨愛髯無事貧,唯君最愛清狂客,0.8413341196006298
我獨愛髯無事貧,我輩本常貧,0.8309703304072265
我獨愛髯無事貧,余病不能起,0.8020422181864305
我獨愛髯無事貧,我多長卿病,0.8561800540442225
我獨愛髯無事貧,卽防遠客雖多事,0.8150122335432389
我獨愛髯無事貧,多病馬卿無日起,0.8340833382799256
我獨愛髯無事貧,無富貧亦足,0.8151326298499808
我獨愛髯無事貧,我病書不成,0.8075384576030786
我獨愛髯無事貧,貧窮老瘦家賣屩,0.8085857324751757
我獨愛髯無事貧,我甘多病老,0.8410108298721886
我獨愛髯無事貧,不達長卿病,0.8110357052688495
君不見,君不見空牆日色晚,0.8316379232725386
君不見,君不聞,0.9201987931226414
君不見,君不見,1.0
君不見,君不見管鮑貧時交,0.8289363406346165
君不見,君不見才士汲引難,0.8137349668097394
君不見,君不見,1.0
君不見,君不見鞲上鷹,0.8273368051378828
君不見,不復見平陸,0.8041325118392075
君不見,不見遊子還,0.8430952025120548
君不見,見爾不能無,0.8023741500495267
君不見,人生不相見,0.8029537965275368
君不見,神魚今不見,0.8015154027221097
君不見,眼見客愁愁不醒,0.80736040406496
君不見,君不見秦時蜀太守,0.841587390336723
君不見,君不見昔日蜀天子,0.8407430936040052
君不見,君不見徐卿二子生絶奇,0.8071545103840215
君不見,不見李生久,0.8429314812975558
君不見,君不見朝來割素鬐,0.8128963328508474
君不見,數杯君不見,0.8297276584147114
君不見,歸朝不相見,0.8092531245156016
君不見,不得見清時,0.8033404546475208
君不見,古人不可見,0.8098841797151323
君不見,不見杏壇丈,0.8024172634077684
君不見,不復見顔鮑,0.8082063964345163
君不見,君不見道邊廢棄池,0.8067166889087043
君不見,不見比封君,0.843311526076429
君不見,不見江東弟,0.831488231224351
君不見,辛勤不見華蓋君,0.8033814204051073
君不見,斯人不重見,0.8071736297449417
君不見,君不見東吳顧文學,0.8468253240244143
君不見,君不見西漢杜陵老,0.8480908532949671
猛虎即人厭麋鹿,遠害朝看麋鹿遊,0.8106693206787856
猛虎即人厭麋鹿,登危聚麋鹿,0.8502812460803368
猛虎即人厭麋鹿,嶔岑猛虎場,0.8003169630427116
猛虎即人厭麋鹿,欲出畏虎狼,0.8230491424578505
猛虎即人厭麋鹿,不比俗馬空多肉,0.8025052270110236
猛虎即人厭麋鹿,化作虎與豺,0.8535830654650711
猛虎即人厭麋鹿,避喧甘猛虎,0.8461790518485424
猛虎即人厭麋鹿,騎行白鹿馴,0.8403087393839123
猛虎即人厭麋鹿,庭前猛虎卧,0.8081353645956543
猛虎即人厭麋鹿,人皆知飲水,0.8078864086339641
猛虎即人厭麋鹿,前有毒蛇後猛虎,0.8173829391887016
猛虎即人厭麋鹿,風塵澒洞兮豺虎咬人,0.8303055710677574
猛虎即人厭麋鹿,龍虎未宜馴,0.8221148082849905
猛虎即人厭麋鹿,人少豺虎多,0.8711856444021695
猛虎即人厭麋鹿,峽深豺虎驕,0.8066200559640506
猛虎即人厭麋鹿,怪爾常穿虎豹羣,0.8010166217067101
猛虎即人厭麋鹿,羣盗亂豺虎,0.8140761236198741
猛虎即人厭麋鹿,不可久留豺虎亂,0.8127745558769215
猛虎即人厭麋鹿,峽人鳥獸居,0.8166259064767888
猛虎即人厭麋鹿,貙虎噉豺狼,0.8466233870429949
猛虎即人厭麋鹿,豺狼得食喧,0.8068051207380056
猛虎即人厭麋鹿,溪虎野羊俱辟易,0.8454368194748987
猛虎即人厭麋鹿,全生麋鹿群,0.8427285093564466
猛虎即人厭麋鹿,乳獸待人肉,0.8145695935260078
猛虎即人厭麋鹿,鹿角真走險,0.8176979901249709
猛虎即人厭麋鹿,豺虎亂雄猜,0.8108277997339148
人還寢皮食其肉,饑鷹未飽肉,0.8511375979445914
人還寢皮食其肉,尸寢驚敝裘,0.8168132973383406
人還寢皮食其肉,黄羊飫不羶,0.8135840584406956
人還寢皮食其肉,對食暫餐還不能,0.8061666577801923
人還寢皮食其肉,不得收骨肉,0.8000269590553525
人還寢皮食其肉,食蕨不願餘,0.8018070074818466
人還寢皮食其肉,苦飢始得食一蟲,0.8136502427868822
人還寢皮食其肉,豈只存其皮,0.8299547949806165
人還寢皮食其肉,其皮割剥甚,0.833205423566385
人還寢皮食其肉,飢有易子食,0.851961019339998
人還寢皮食其肉,食人更肯留妻子,0.8151102364053953
人還寢皮食其肉,兵久食恐貧,0.8016844871525215
人還寢皮食其肉,肉食三十萬,0.808855654122171
人還寢皮食其肉,脂膏兼飼犬,0.8147336068637205
人還寢皮食其肉,肉食哂菜色,0.8196662343841614
人還寢皮食其肉,清晨飯其腹,0.8087298537443852
人還寢皮食其肉,乳獸待人肉,0.85570023703107
人還寢皮食其肉,富家厨肉臭,0.8205430233642728
人還寢皮食其肉,虎之饑,0.8341491666086768
人還寢皮食其肉,無食無兒一婦人,0.8095754358086776
人還寢皮食其肉,饑烏下食貪,0.820466655992151
人還寢皮食其肉,田翁號鹿皮,0.8119156996454482
飫肥擇甘果非福,難甘原憲貧,0.8097207876667358
飫肥擇甘果非福,兼求畜豪且割鮮,0.8105028164767067
飫肥擇甘果非福,味如甘露漿,0.8122509668785995
飫肥擇甘果非福,黄羊飫不羶,0.8342728475209522
飫肥擇甘果非福,香美勝牛乳,0.8075125084383554
飫肥擇甘果非福,食蕨不願餘,0.8046073148732042
飫肥擇甘果非福,苦飢始得食一蟲,0.8082674131238552
飫肥擇甘果非福,不放香醪如蜜甜,0.80277806669159
飫肥擇甘果非福,魴魚肥美知第一,0.8174586920815076
飫肥擇甘果非福,肥肉大酒徒相要,0.8343390523877716
飫肥擇甘果非福,肉味不足登鼎俎,0.8191970880371933
飫肥擇甘果非福,兵久食恐貧,0.8217603769057265
飫肥擇甘果非福,汝性不茹葷,0.8170398794552367
飫肥擇甘果非福,肉食哂菜色,0.8061818979131884
飫肥擇甘果非福,富家厨肉臭,0.8019278010547612
飫肥擇甘果非福,嘉蔬既不一,0.8055047497625709
飫肥擇甘果非福,誰謂荼苦甘如薺,0.8189493161581751
飫肥擇甘果非福,玉粒未吾慳,0.8041442537312252
飫肥擇甘果非福,丹橘黄甘此地無,0.8013523403611204
飫肥擇甘果非福,羣兇嗜慾肥,0.8201020669602725
飫肥擇甘果非福,鱗介腥膻素不食,0.8206323884500148
虫蟻無知不足驚,苦心豈免容螻蟻,0.8250274104670294
横目之民萬物靈,暴殄天物聖所哀,0.8115077708060305
横目之民萬物靈,下憫萬民瘡,0.8206711976612943
横目之民萬物靈,邦以民爲本,0.8116666172388332
横目之民萬物靈,萬象皆春氣,0.8056834215414908
立死山壁漢公卿,壁色立精鐵,0.8070867575589904
立死山壁漢公卿,冀公柱石姿,0.816378221333247
立死山壁漢公卿,立石爲表今仍存,0.8083597620077736
立死山壁漢公卿,秦有李斯漢蔡邕,0.808359042667409
李髯作人有佳處,李侯有佳句,0.898276654858261
李髯作人有佳處,有美生人傑,0.8141566175476264
李髯作人有佳處,宗之蕭灑美少年,0.8045655187616553
李髯作人有佳處,是何意態雄且傑,0.8212565966217124
李髯作人有佳處,諸翁乃仙伯,0.8347003178913364
李髯作人有佳處,故人得佳句,0.8340040491040577
李髯作人有佳處,絶代有佳人,0.8302410904897863
李髯作人有佳處,邑有佳主人,0.8331586781468792
李髯作人有佳處,有客有客字子美,0.8080400816415209
李髯作人有佳處,李侯重有此節度,0.803883154408729
李髯作人有佳處,當公賦佳句,0.8011226358111967
李髯作人有佳處,詞人取佳句,0.8441608452756294
李髯作人有佳處,何處老翁來賦詩,0.8239594930174249
李髯作人有佳處,昔有佳人公孫氏,0.8671058887237015
李髯作人有佳處,蘇氏今有之,0.8111828174788599
李髯作詩有佳句,可以賦新詩,0.8078425919912123
李髯作詩有佳句,李侯有佳句,0.9403274787426232
李髯作詩有佳句,猥誦佳句新,0.8440943955083902
李髯作詩有佳句,李白一斗詩百篇,0.8443278605231888
李髯作詩有佳句,佳句法如何,0.8097426816877049
李髯作詩有佳句,岑生多新詩,0.8111217658865744
李髯作詩有佳句,伶官詩必誦,0.8088661490211229
李髯作詩有佳句,誦得老夫詩,0.820702883299301
李髯作詩有佳句,題詩得秀句,0.890213628901533
李髯作詩有佳句,新詩句句好,0.8601092729317343
李髯作詩有佳句,故人得佳句,0.8624888398378987
李髯作詩有佳句,詩罷能吟不復聽,0.8001983101524738
李髯作詩有佳句,賀公雅吴語,0.8017680502046379
李髯作詩有佳句,賦詩何必多,0.8402904586318277
李髯作詩有佳句,嚴詩賦幾篇,0.829498103054791
李髯作詩有佳句,能詩何水曹,0.8285056600508913
李髯作詩有佳句,爲人性僻耽佳句,0.8073279434573284
李髯作詩有佳句,老去詩篇渾漫與,0.8077424501492461
李髯作詩有佳句,我有新詩何處吟,0.8464754489426891
李髯作詩有佳句,清詞麗句必爲隣,0.8590364571317758
李髯作詩有佳句,有情且賦詩,0.8190047670265068
李髯作詩有佳句,賦詩新句穩,0.8453836872686078
李髯作詩有佳句,葛亮貴和書有篇,0.8038697766972942
李髯作詩有佳句,平公今詩伯,0.8186558954654565
李髯作詩有佳句,當公賦佳句,0.8930724767192508
李髯作詩有佳句,詞人取佳句,0.893816040101575
李髯作詩有佳句,朗詠六公篇,0.8028539185486547
李髯作詩有佳句,賦詩獨流涕,0.8256230814700827
李髯作詩有佳句,數篇今見古人詩,0.8159489858072362
李髯作詩有佳句,清詩句句盡堪傳,0.8528345116287408
李髯作詩有佳句,新詩改罷自長吟,0.8043066669746701
李髯作詩有佳句,不敢要佳句,0.8312841725814285
李髯作詩有佳句,荆州鄭薛寄詩近,0.8255470787252273
李髯作詩有佳句,何處老翁來賦詩,0.8361709731024672
李髯作詩有佳句,作詩呻吟内,0.8091158663389627
李髯作詩有佳句,陶冶賴詩篇,0.8020986218564088
李髯作詩有佳句,佳句染華箋,0.8263429294298659
李髯作詩有佳句,昔有佳人公孫氏,0.8143434134099823
李髯作詩有佳句,開卷得佳句,0.8410157740077668
李髯作詩有佳句,賦詩猶落筆,0.8376708627884413
李髯作詩有佳句,詩家秀句傳,0.827008428094158
李髯作詩有佳句,自吟詩送老,0.8007524732287115
雖無厚禄故人書,骨肉恩書重,0.81216585376668
雖無厚禄故人書,故人供禄米,0.8327218615088332
雖無厚禄故人書,厚禄故人書斷絶,0.9122751254534781
雖無厚禄故人書,但有故人供禄米,0.8320343298623035
雖無厚禄故人書,君有長才不貧賤,0.8049307100697976
雖無厚禄故人書,不道故人無素書,0.8379841605079745
雖無厚禄故人書,賢良雖得禄,0.8208373273665335
雖無厚禄故人書,雖爲尚書郎,0.8172317000996671
雖無厚禄故人書,重得故人書,0.8390493897849864
雖無厚禄故人書,弟姪雖存不得書,0.8265067845272099
門外猶多長者車,門聽長者車,0.9084201331812038
門外猶多長者車,寧紆長者轍,0.8263229619115462
門外猶多長者車,隱者柴門内,0.8153484908901827
門外猶多長者車,吏人橋外少,0.831276904869833
門外猶多長者車,雖有車馬客,0.8164298503566716
門外猶多長者車,還思長者轍,0.8004306090344642
門外猶多長者車,身使門户多旌棨,0.8037524247446952
門外猶多長者車,深慚長者轍,0.8264233033811395
門外猶多長者車,長者來在門,0.830317347886651
我讀揚雄逐貧賦,賦料揚雄敵,0.81414501874258
我讀揚雄逐貧賦,詞賦工無益,0.8191235488339808
我讀揚雄逐貧賦,揚雄更有河東賦,0.8437791560317404
我讀揚雄逐貧賦,蔡子勇成癖,0.8127579114712271
我讀揚雄逐貧賦,名因賦頌雄,0.8148404563665361
我讀揚雄逐貧賦,賦詩何必多,0.802811226278862
我讀揚雄逐貧賦,昔年有狂客,0.8012989082367615
我讀揚雄逐貧賦,戚聯豪貴躭文儒,0.8028096180015079
我讀揚雄逐貧賦,君有長才不貧賤,0.8172835822177156
我讀揚雄逐貧賦,賦詩獨流涕,0.8010105996755508
我讀揚雄逐貧賦,强吟懷舊賦,0.812941983253639
我讀揚雄逐貧賦,賦詩猶落筆,0.8145473840061186
我讀揚雄逐貧賦,吾賢富才術,0.8077115968739725
我讀揚雄逐貧賦,曹公屈壯圖,0.8036889532655622
我讀揚雄逐貧賦,宋公放逐曾題壁,0.8073773093509952
我讀揚雄逐貧賦,馬卿四賦良,0.8039056452127364
斯人用意未全疏,甚知丈人真,0.8023436353019462
斯人用意未全疏,深意實在此,0.8055557990390045
斯人用意未全疏,幾人全性命,0.8018127534182007
斯人用意未全疏,未必能達道,0.8374048669961398
斯人用意未全疏,師資謙未達,0.8050941340192903
斯人用意未全疏,吾衰未自由,0.801047594287072
斯人用意未全疏,用拙存吾道,0.8133723077356408
斯人用意未全疏,自今已後知人意,0.8011361795716159
斯人用意未全疏,聞道嬖孽能全生,0.8015339085640943
斯人用意未全疏,於道未爲尊,0.8124202841865713
斯人用意未全疏,用才復擇誰,0.812711513223288
斯人用意未全疏,古來材大難爲用,0.8030267711453747
斯人用意未全疏,全生或用奇,0.8160497019412465
斯人用意未全疏,用心未甚臧,0.8373852523029396
斯人用意未全疏,時危始識不世才,0.8093758681073745
斯人用意未全疏,乃知正人意,0.8029826489700598
斯人用意未全疏,謀拙竟何人,0.8140227411736527
斯人用意未全疏,未達善一身,0.8406375625669432
破臘春未融,春氣漸和柔,0.8026668250011859
破臘春未融,臘日常年暖尚遥,0.8313597506161678
破臘春未融,今年臘日凍全消,0.8761112074555791
破臘春未融,寒盡春生洛陽殿,0.8079824257704167
破臘春未融,白屋寒多暖始開,0.8287679420987215
破臘春未融,冬至至後日初長,0.8125833834520749
破臘春未融,今朝臘月春意動,0.8261626774991042
破臘春未融,連山雨未開,0.8051945025185109
破臘春未融,冬暖更纖絺,0.8023578942245073
破臘春未融,暖向成都寒未還,0.806196595237501
破臘春未融,臘近已含春,0.8912043612949905
破臘春未融,冬至陽生春又來,0.828214053322739
破臘春未融,岸容待臘將舒柳,0.8102728109962587
破臘春未融,金甲雪猶凍,0.8004222864315387
破臘春未融,梅蕊臘前破,0.8358693348455826
破臘春未融,臘破思端綺,0.8051753964093105
破臘春未融,春寒花較遲,0.8140826206256798
破臘春未融,春蒲長雪消,0.8128394295403332
破臘春未融,春日兼蒙暄暖扶,0.8036000879423095
土膏寒不發,豐草青青寒不死,0.800880014306361
土膏寒不發,積屍草木腥,0.8015669970523642
土膏寒不發,雨降不濡物,0.8163168718028675
土膏寒不發,清無沙土痕,0.8098670761737552
土膏寒不發,土銼冷疏烟,0.8141772062247904
土膏寒不發,山寒雨不開,0.8021790116236571
土膏寒不發,頭脂足垢何曾洗,0.8007044597915397
土膏寒不發,不是無膏火,0.8101215855790691
土膏寒不發,火雲滋垢膩,0.8158937175037282
數聲鳴條風,森木亂鳴蟬,0.811038452841303
數聲鳴條風,雨聲颼颼催早寒,0.8124451976072566
數聲鳴條風,馬鳴風蕭蕭,0.846780235874424
數聲鳴條風,悲笳數聲動,0.8623961075228537
數聲鳴條風,南風作秋聲,0.8273340949033698
數聲鳴條風,慟哭松聲迴,0.8027154535448384
數聲鳴條風,颼颼林響交,0.825505296985518
數聲鳴條風,蟬聲集古寺,0.8044694350561357
數聲鳴條風,秋風淅淅吹巫山,0.800038381290302
數聲鳴條風,朔風鳴淅淅,0.8138146820866601
一夜洒窗雪,舟雪灑寒燈,0.8404017713465577
開軒萬物曉,敞豁當清川,0.8050645709384969
開軒萬物曉,豁達開四門,0.8001160558813405
開軒萬物曉,開襟野堂豁,0.8019202601467649
鏗鏗青琅玕,留客夏簟青琅玕,0.8308518385641536
鏗鏗青琅玕,持答翠琅玕,0.8753846353845085
鏗鏗青琅玕,琳瑯識介珪,0.8145487729543899
鏗鏗青琅玕,琳瑯愈青熒,0.8214947281219604
鏗鏗青琅玕,風動金琅璫,0.8676166968588591
鏗鏗青琅玕,鏘鏘鳴玉動,0.8276435524602455
閲此歲凛冽,救汝寒凛慄,0.815258081725495
閲此歲凛冽,歲暮饑凍逼,0.8279275534567344
閲此歲凛冽,凛凛悲秋意,0.8144409925746876
閲此歲凛冽,歲寒忽無憑,0.8133333689205359
閲此歲凛冽,玄冬霜雪積,0.8066725831587549
閲此歲凛冽,此物歲不稔,0.8178099736769657
閲此歲凛冽,青青歲寒後,0.8006790787420941
閲此歲凛冽,歲暮有嚴霜,0.8246860163632577
閲此歲凛冽,凛冽倦玄冬,0.8590852715086016
閲此歲凛冽,無令霜雪殘,0.801631887116385
摧埋頭搶地,摧殘没藜莠,0.8076758984454613
摧埋頭搶地,戰地骸骨白,0.8113554614703344
意氣終自潔,自非曠士懷,0.8085207748869487
意氣終自潔,貧知静者性,0.8045030556808266
意氣終自潔,爽氣不可致,0.8147740089608394
意氣終自潔,物理固自然,0.8029673131992136
意氣終自潔,幽偏得自怡,0.8003062278747524
意氣終自潔,詩清立意新,0.8057593405586624
意氣終自潔,佳此志氣遠,0.8367728721950416
意氣終自潔,自覺面勢堅,0.8104207205033189
意氣終自潔,由來意氣合,0.837664205715099
意氣終自潔,其氣心匪石,0.8154473807073861
意氣終自潔,逸氣感清識,0.8396463208623348
意氣終自潔,肅肅自有適,0.8026616612656647
意氣終自潔,愛其謹潔極,0.8261514170324278
意氣終自潔,況乃氣精爽,0.8004575196599745
意氣終自潔,龐公任本性,0.8043753976430419
意氣終自潔,自覺坐能堅,0.8289684027914529
意氣終自潔,清羸任體孱,0.8063238843049778
意氣終自潔,道意久衰薄,0.8149213411486629
君子謂此君,憐君如弟兄,0.8463437691078786
君子謂此君,誰能與公子,0.827184471134654
君子謂此君,君意人莫知,0.8232847797508309
君子謂此君,吾舅政如此,0.8332146112105938
君子謂此君,君豈棄此物,0.8558134936335774
君子謂此君,我本良家子,0.8239281304357167
君子謂此君,況我與子非壯年,0.8056750889999909
君子謂此君,有子賢與愚,0.8175939751263699
君子謂此君,君子意如何,0.8382405104707451
君子謂此君,君子慎止足,0.8300484212947884
君子謂此君,非子誰復見幽心,0.8013597503403418
君子謂此君,尚愛卓文君,0.8000989506449383
君子謂此君,吾知徐公百不憂,0.8045126283410471
君子謂此君,使君自有婦,0.8401069780055956
君子謂此君,非君愛人客,0.8348223578681702
君子謂此君,君看磊落士,0.8035712201441028
君子謂此君,異狀君獨見,0.8018752663759521
君子謂此君,温温士君子,0.806494304232667
君子謂此君,乃知君子心,0.8639045687083444
君子謂此君,君辱敢愛死,0.8215664138323144
君子謂此君,見此忠孝門,0.8252605144577818
君子謂此君,吾宗老孫子,0.816103255390468
君子謂此君,致君君未聽,0.8233438552436465
君子謂此君,自云帝季女,0.8048597689576562
君子謂此君,梁公曾孫我姨弟,0.8023612500219529
君子謂此君,王子自愛惜,0.8067220522410735
君子謂此君,念子孰自珍,0.8089647676538527
君子謂此君,乃吾故人子,0.8259880272669085
君子謂此君,恕己獨在此,0.8008593189989441
君子謂此君,吾非丈夫特,0.8006229994212715
全身斯明哲,天人夙德升,0.8081022138447902
全身斯明哲,魁梧秉哲尊,0.8009706879109225
全身斯明哲,道德付今王,0.8272334380464852
全身斯明哲,孝理敦國政,0.8031460304429539
全身斯明哲,秉德崔瑗銘,0.8080537570858961
全身斯明哲,惠遠德過人,0.807366666916207
全身斯明哲,宣光果明哲,0.8674545215394306
全身斯明哲,翼亮貞文德,0.8226840496046481
全身斯明哲,終身荷聖情,0.816994204791506
全身斯明哲,修德使其來,0.8186948064428887
全身斯明哲,德業天機秉,0.8203277257861948
全身斯明哲,於公負明義,0.8342788909398808
全身斯明哲,終古立忠義,0.8147908728888604
全身斯明哲,君臣重修德,0.8184107823829563
全身斯明哲,一德興王後,0.805418514191153
全身斯明哲,明明君臣契,0.8486554871965781
全身斯明哲,宗生實於此,0.8359696928629293
全身斯明哲,聖聰矧多仁,0.8381991844906302
全身斯明哲,聖哲體仁恕,0.8783757861398369
全身斯明哲,上有明哲君,0.8116432872068551
全身斯明哲,聖哲爲心小一身,0.8491194249516079
全身斯明哲,天王日儉德,0.8002069965584369
全身斯明哲,堯有四岳明至理,0.8017834118682818
全身斯明哲,聖哲垂彖繫,0.8349918306257952
全身斯明哲,未達善一身,0.8223676429248602
全身斯明哲,先王實罪己,0.8045112944292752
全身斯明哲,儉約前王體,0.8000539908988467
全身斯明哲,宗枝神堯後,0.8086451480178749
全身斯明哲,爾祖未顯時,0.8117634004661594
全身斯明哲,聰明達所爲,0.8154700986897316
屋頭維女貞,弟子誰依白茅屋,0.8001018112841558
顔色少澤悦,門闌多喜色,0.8045974745762441
顔色少澤悦,使我顔色好,0.8724031253921742
顔色少澤悦,王生怪我顔色惡,0.8122333687093781
顔色少澤悦,野人曠蕩無靦顔,0.8001733806593092
顔色少澤悦,逢人多厚顔,0.8151799170794527
顔色少澤悦,慘戚非朱顔,0.8096420328659126
顔色少澤悦,於我見子真顔色,0.801134313836863
顔色少澤悦,顔色同日老,0.8686362314843011
顔色少澤悦,頗帶憔悴色,0.8170561919839004
顔色少澤悦,漸惜容顔老,0.8061244438512075
顔色少澤悦,老妻覩我顔色同,0.8584228238826755
顔色少澤悦,中路顔色壞,0.802209363682066
顔色少澤悦,少須顔色好,0.8657540091734177
顔色少澤悦,深知好顔色,0.846862615758072
顔色少澤悦,非獨顔色好,0.8266423428074994
顔色少澤悦,節往顔色昏,0.817854406969887
顔色少澤悦,春時好顔色,0.814280789129838
顔色少澤悦,幽色幸秀發,0.8028541912135553
顔色少澤悦,自此無顔色,0.8122639062149861
顔色少澤悦,願逢顔色關塞遠,0.8042173620843119
顔色少澤悦,見我顔色温,0.8687655625620274
顔色少澤悦,京華應見無顔色,0.8064674998954169
顔色少澤悦,滿眼顔色好,0.8539973415933078
顔色少澤悦,令我心悦懌,0.8125732900818111
顔色少澤悦,顔色少稱遂,0.8833019038429276
稍能窺藩籬,藩籬頗無限,0.8123251897798168
亦有固窮節,安可辭固窮,0.8157370069874118
亦有固窮節,物性固難奪,0.8098832567558089
亦有固窮節,未能易其節,0.8141083357569965
亦有固窮節,至性有此不,0.8034248629284995
亦有固窮節,處士節獨苦,0.8074044736545937
亦有固窮節,物理固自然,0.8094636296165214
亦有固窮節,書生道固殊,0.8034787058574162
佳興冉冉生,冉冉征途間,0.802449998046497
門外無車轍,門聽長者車,0.8562241685278302
門外無車轍,寧紆長者轍,0.8176912304676394
門外無車轍,石帶古車轍,0.8169360431477974
門外無車轍,窮巷悄然車馬絶,0.8156362794520524
門外無車轍,車箱入谷無歸路,0.8402574062620196
門外無車轍,而無車馬喧,0.8454989575119187
門外無車轍,柴門密掩斷人行,0.8053648302737568
門外無車轍,水中有行車,0.80928495797314
門外無車轍,吏人橋外少,0.8062670754307879
門外無車轍,雖有車馬客,0.8094252893198799
寫之朱絲絃,朱絲有斷絃,0.8847752240897071
寫之朱絲絃,濯濯朱絲繩,0.8238802903354642
寫之朱絲絃,正直朱絲絃,0.8628050292664657
寫之朱絲絃,得君亂絲與君理,0.8159991448385633
清坐待明月,午時起坐自天明,0.8219165295686441
清坐待明月,風月自清夜,0.842448030484491
清坐待明月,明月照我膝,0.811698342143345
清坐待明月,昨夜月清圓,0.8082275705898311
同陞吏部曹,防川領簿曹,0.8230234341659795
同陞吏部曹,同時陸浚儀,0.8050715386342658
同陞吏部曹,官曹可接聯,0.8357874275582633
同陞吏部曹,休爲吏部眠,0.8152447627139201
同陞吏部曹,軍吏迴官燭,0.8351961110988046
同陞吏部曹,曾爲掾吏趨三輔,0.8261277417881978
同陞吏部曹,北部初高選,0.8363688729657401
同陞吏部曹,同舍晨趨侍,0.8133152006300981
同陞吏部曹,郎官幸備員,0.8054764948069011
同陞吏部曹,蕭曹拱御筵,0.8338839783916707
别離感寒暑,别離驚節换,0.8328324573101522
别離感寒暑,别離經死地,0.8148095241317687
别離感寒暑,人世别離難,0.808005136273863
别離感寒暑,别意終感激,0.8003584268166399
别離感寒暑,生别常惻惻,0.8081097396561434
别離感寒暑,況經長别心,0.8211942526157613
别離感寒暑,别離已昨日,0.8038662102380788
别離感寒暑,亂後别離頻,0.8189622449824994
别離感寒暑,念此别驚神,0.8412927645432697
别離感寒暑,别離終不久,0.814998721318769
别離感寒暑,别離傷老大,0.8335172861658064
别離感寒暑,初秋别此亭,0.8143344832959849
别離感寒暑,空然惜别離,0.8207377908419946
别離感寒暑,亂離減憂慼,0.8262457835444947
别離感寒暑,離别重相逢,0.8003228962820806
别離感寒暑,憂憤病二秋,0.8067256720441796
别離感寒暑,别離慘至今,0.8249614820767939
别離感寒暑,愁來賦别離,0.8138970372388215
别離感寒暑,感動幾銷憂,0.8033588371371019
别離感寒暑,别離憂怛怛,0.8314838019193778
别離感寒暑,惆悵此離筵,0.8086871939091388
别離感寒暑,此行怨暑雨,0.8038389550874316
歲星行十二,一歲四行役,0.8054809674283968
歲星行十二,與兄行年校一歲,0.8042302814579537
歲星行十二,别離已五年,0.8076607811196584
我慚雞藎穀,謬慚知薊子,0.8063893308486667
我慚雞藎穀,薄劣慚真隱,0.8283963666693309
我慚雞藎穀,顧惟魯鈍姿,0.8064205703719642
我慚雞藎穀,多慚鮑叔知,0.8091989843493981
子歎天且劓,惟生哀我未平復,0.8251698397424418
子歎天且劓,吁嗟乎蒼生,0.8163113268140163
子歎天且劓,哀哉王孫慎勿疏,0.8002065717654538
子歎天且劓,我何良歎嗟,0.836243431040317
子歎天且劓,所歷有嗟嘆,0.805487317175021
子歎天且劓,吁嗟公私病,0.8252346127632078
子歎天且劓,子壯顧我傷,0.8236038311558991
子歎天且劓,天子嚮時憂,0.8132327151910652
子歎天且劓,子負憂世志,0.8024735984870777
子歎天且劓,吁嗟爲之久,0.8409220809894082
子歎天且劓,皇天照嗟歎,0.8338169658338437
空餘山梁期,中年滄洲期,0.8034159591537204
尚不昧初志,所愧國士知,0.8057017607914547
尚不昧初志,精禱既不昧,0.8154368224214616
尚不昧初志,顧慚昧所適,0.8193226065996789
尚不昧初志,末契有所及,0.8049451714533181
尚不昧初志,反正計始遂,0.8202483961051075
尚不昧初志,若負平生志,0.8111769162917715
尚不昧初志,未必能達道,0.8125308045394533
尚不昧初志,默識蓋不早,0.8132199412885692
尚不昧初志,未負幽棲志,0.8183134116084301
尚不昧初志,壯心不肯已,0.8045146122922799
尚不昧初志,好學尚貞烈,0.8246890993630245
尚不昧初志,愚智心盡死,0.8111498805687848
尚不昧初志,志士惜妄動,0.8344730425395106
尚不昧初志,用心未甚臧,0.8250314429150527
尚不昧初志,尚子終罕遇,0.809277725295555
尚不昧初志,尚憶同志樂,0.8140565843741252
尚不昧初志,子負憂世志,0.8124592075140545
尚不昧初志,烈士惡苟得,0.8196014358977473
尚不昧初志,未達善一身,0.8076744439302215
尚不昧初志,終始任安義,0.8198341565374307
尚不昧初志,學者淪素志,0.8410734683205067
會合良難期,後會何緣由,0.8192198889198127
會合良難期,傷時會合疏,0.8462207446546905
會合良難期,人生會合不可常,0.8522643887110409
會合良難期,良覿眇無因,0.8152616422143745
會合良難期,人生歡會豈有極,0.8150872808561898
會合良難期,交會未斷絶,0.8036693586465686
會合良難期,良會不復久,0.8433175646696245
會合良難期,良會惜清晨,0.8092353700483239
會合良難期,艱難昧生理,0.8033879869418512
會合良難期,風雲際會期,0.8473402086952271
會合良難期,良覿違夙願,0.8146121202356956
會合良難期,人生會面難再得,0.8425119685450038
會合良難期,良會苦短促,0.8074664360730388
會合良難期,後會且深期,0.8325560719705603
會合良難期,會合苦不久,0.8746566221326026
繫匏各異縣,客情投異縣,0.8077377514046387
千里共明月,萬里共清輝,0.8566309321673918
千里共明月,萬里逼清明,0.8058498685494799
如披故人面,劃見公子面,0.819994679207579
如披故人面,見我故人遇,0.8213247357208747
如披故人面,故老仰面啼,0.8068695794162635
浮雲蔽高秋,浮雲連海岱,0.8249297269556299
浮雲蔽高秋,浮雲暮南征,0.8207205705927056
浮雲蔽高秋,亂雲低薄暮,0.800510217823597
浮雲蔽高秋,青雲動高興,0.8231149598038718
浮雲蔽高秋,風悲浮雲去,0.8013938556280323
浮雲蔽高秋,浮雲連陣没,0.8168911777085308
浮雲蔽高秋,晴天卷片雲,0.804303625843734
浮雲蔽高秋,天外秋雲薄,0.8459748810752867
浮雲蔽高秋,黄雲高未動,0.8301370206787106
浮雲蔽高秋,高秋視吴嶽,0.8049149638699682
浮雲蔽高秋,石林氣高浮,0.8294125455639081
浮雲蔽高秋,高天逐望低,0.8111485002642891
浮雲蔽高秋,高浪蹴天浮,0.8006101933091934
浮雲蔽高秋,天高雲去盡,0.8092540573146296
浮雲蔽高秋,千崖秋氣高,0.826106701207957
浮雲蔽高秋,高入浮雲端,0.849773462043053
浮雲蔽高秋,蒼濤鬱飛翻,0.8040630126185195
浮雲蔽高秋,行雲遞崇高,0.8113604628110329
浮雲蔽高秋,天雲浮絶壁,0.8195362402192468
浮雲蔽高秋,高雲薄未還,0.8086178693351393
浮雲蔽高秋,江雲薄爲霧,0.8005801608170191
浮雲蔽高秋,慘澹飛雲汀,0.8320450029048632
浮雲蔽高秋,拂雲霾楚氣,0.8197226449454167
浮雲蔽高秋,長林卷霧齊,0.8006284679158207
浮雲蔽高秋,浮雲薄漸遮,0.8384783715725852
浮雲蔽高秋,朱崖雲日高,0.8128385839002397
浮雲蔽高秋,江闊浮高棟,0.8262580812640439
浮雲蔽高秋,高鳥黄雲暮,0.801923092576342
浮雲蔽高秋,高烟燋上蒼,0.8233352003566383
此豈心中願,寸心亦何有,0.8175435273112542
此豈心中願,達生豈是足,0.8044966747706055
此豈心中願,斯焉心所求,0.806941094573038
此豈心中願,出處遂何心,0.8191368570441093
此豈心中願,秉心識本源,0.8010236061173042
此豈心中願,得失寸心知,0.8182799557895489
此豈心中願,令我心中苦不足,0.807369264042415
此豈心中願,終然契真如,0.8256837615843106
此豈心中願,冥心若死灰,0.8099738446761985
霧重豹成文,雲霧密難開,0.8234441950780164
霧重豹成文,霧雨銀章澀,0.8082794087362151
霧重豹成文,雲細不成衣,0.8135003191594055
霧重豹成文,隱豹深愁雨,0.8201624339518907
水清魚自見,秋水清無底,0.8071375879699112
水清魚自見,溪喧獺趁魚,0.8054280082964106
水清魚自見,池中足鯉魚,0.8282518792696234
水清魚自見,水深魚知聚,0.89279456064616
水清魚自見,水落魚龍夜,0.8000759614559896
水清魚自見,心微傍魚鳥,0.8004314246003076
水清魚自見,水清反多魚,0.9020169563159781
水清魚自見,漁人網集澄潭下,0.8097804462294849
水清魚自見,清源多衆魚,0.8320909989076821
水清魚自見,遠鷗浮水静,0.8399215785305596
水清魚自見,江清心可瑩,0.8106225776453163
水清魚自見,鷗歸祇故池,0.8052762041850007
水清魚自見,鷗邊水葉開,0.8027231278673479
水清魚自見,困魚魚有神,0.8076574468548983
水清魚自見,山深水增波,0.8058676873252469
水清魚自見,水有在藻鱗,0.8468955655529793
水清魚自見,鷗行炯自如,0.8232147521055122
水清魚自見,水生魚復浦,0.858045155906656
水清魚自見,水深魚極樂,0.8506120992388939
水清魚自見,渚清沙白鳥飛迴,0.8077972541662579
水清魚自見,野静白鷗來,0.8348525843631934
排門無爨饙,不爨井晨凍,0.8189512160690875
排門無爨饙,門户無人持,0.821991864947432
排門無爨饙,索錢多門户,0.8129143557915571
二仲有甘旨,士子甘旨闕,0.8283050380634516
奉親亦良勤,持以奉吾君,0.8049172686084929
奉親亦良勤,所以子奉使,0.8203677464700163
奉親亦良勤,辛勤養無益,0.8224045633509691
奉親亦良勤,臨岐意頗切,0.803958267961289
奉親亦良勤,持汝奉明王,0.8102481103921692
奉親亦良勤,田家敢忘勤,0.820792716183099
奉親亦良勤,敢忘帝力勤,0.8186046514328387
奉親亦良勤,恩始夫婦恭,0.8082701812665087
奉親亦良勤,庶以勤苦志,0.8271780037100237
奉親亦良勤,報兹劬勞願,0.8154955771989518
奉親亦良勤,祀事親聖躬,0.8238317816951911
奉親亦良勤,疲苶煩親故,0.8024831208345837
奉親亦良勤,勸郎勤六經,0.8120973508026124
奉親亦良勤,君行别老親,0.8105028147050815
奉親亦良勤,既親亦有故,0.8104716125450526
原田水洸洸,秋水通溝洫,0.8008880357154431
原田水洸洸,涇水中蕩潏,0.8220298274352928
原田水洸洸,下有良田疇,0.8114990909154511
原田水洸洸,隴右河源不種田,0.8207778632677022
原田水洸洸,山田麥無隴,0.8062521087155944
無民願歲豐,豈徒卹備享,0.8230699280547299
無民願歲豐,憂端且歲時,0.8045051058176556
無民願歲豐,誰家且養願終惠,0.822756180632938
無民願歲豐,豐年孰云遲,0.8130424851744413
無民願歲豐,同憂歲不寧,0.8206541307593203
無民願歲豐,農人望歲稔,0.8744587705663521
無民願歲豐,公私倉廩俱豐實,0.8250653629087172
無民願歲豐,下憫萬民瘡,0.8267058459411137
無民願歲豐,憂國願年豐,0.919291876080182
無民願歲豐,但求椿壽永,0.8030333003393144
無民願歲豐,晚歲何功使願果,0.813918237414357
政自不忘君,公豈忘精誠,0.8014935408967783
政自不忘君,見爾不能無,0.8069716180728206
政自不忘君,吾知徐公百不憂,0.8056546795922832
政自不忘君,欲罷不能忘,0.8007678041415114
政自不忘君,愜當久忘筌,0.8099865914198299
古人有成言,從來多古意,0.8018274134214276
古人有成言,古人誰復過,0.825400913829535
古人有成言,古先莫能儔,0.8078824403889769
古人有成言,斯人今則亡,0.8057968689605101
古人有成言,因見古人情,0.8263689608842832
古人有成言,古人稱逝矣,0.8134182560081173
古人有成言,少保有古風,0.8015061220500033
古人有成言,有禮太古前,0.8142901622428171
古人有成言,古人不可見,0.8315572552030208
古人有成言,古人成敗子如何,0.8145089527492021
歲暮於吾子,歲暮遠爲客,0.8139166469792742
斧揮郢人鼻,操持郢匠斤,0.8448330705596956
斧揮郢人鼻,饔子左右揮霜刀,0.8036140955208128
斧揮郢人鼻,失涕萬人揮,0.8230443615601007
新詩凌建安,早寄從軍詩,0.8192692742883999
新詩凌建安,賦詩新句穩,0.8180371969209208
新詩凌建安,新詩近玉琴,0.8065390501259958
新詩凌建安,新詩昨寄將,0.8210990454314404
高論到正始,反正計始遂,0.8175808930035915
高論到正始,始覺所歷高,0.800874527580886
高論到正始,國步初反正,0.8164269835319543
高論到正始,雅論在兵機,0.8164149105848314
徒言參隔辰,雖云隔禮數,0.8006053307958589
未負石投水,銅瓶未失水,0.8026794018740242
夜光忌暗投,失主錯莫無晶光,0.8011136856303954
夜光忌暗投,每夜吐光芒,0.809716222572227
夜光忌暗投,暗飛螢自照,0.8096311518440956
夜光忌暗投,空牀難暗投,0.820751606075639
夜光忌暗投,神光照夜年,0.8341490871492947
夜光忌暗投,珠明得暗藏,0.8362495947601194
夜光忌暗投,餘光隱更漏,0.8056145070596701
夜光忌暗投,更深不假燭,0.8063289023966946
古來不識察,從來多古意,0.8027244658614174
古來不識察,世人那得知其故,0.8004667626863997
古來不識察,李邕求識面,0.8150378809076073
古來不識察,出見蓋有由,0.8046986388179511
古來不識察,記一不識十,0.8267431108729963
古來不識察,若人可數見,0.8207054380784278
古來不識察,老病不識路,0.8195065739526952
古來不識察,未必能達道,0.8132856791447505
古來不識察,默識蓋不早,0.8394935674393882
古來不識察,因見古人情,0.8111934760406933
古來不識察,向子識損益,0.8313002199365906
古來不識察,古來相傳是海眼,0.8256104275371119
古來不識察,畜眼未見有,0.8348828386790272
古來不識察,前佛不復辨,0.8141703424641871
古來不識察,高賢世未識,0.8132138615530153
古來不識察,恐貽識者嗤,0.8048110194059177
古來不識察,生理不得論,0.8028255811517933
古來不識察,識者安肯哂,0.8246162787604983
古來不識察,古人不可見,0.8474424605791471
古來不識察,禮亦如古昔,0.8030264913371752
古來不識察,古來事反覆,0.8315446805107476
古來不識察,未見有知音,0.8193823572752555
古來不識察,聞見事略同,0.8085664550124851
古來不識察,古時喪亂皆可知,0.8399337787286845
浪自生百憂,登茲翻百憂,0.8320713080188258
浪自生百憂,百憂復相襲,0.8084005835943433
浪自生百憂,悲見生涯百憂集,0.8394414760589349
浪自生百憂,旅次兼百憂,0.8148159972751798
浪自生百憂,感動百慮端,0.8047326552212867
浪自生百憂,徒爲百慮牽,0.8049256826287852
浪自生百憂,心懷百憂復千慮,0.8599702418482807
三月楚國淚,江邊送孫楚,0.8063519336789615
三月楚國淚,已墮峴山淚,0.8054182912709567
三月楚國淚,楚山經月火,0.8051733603780099
三月楚國淚,一辭故國十經秋,0.8023729153337307
三月楚國淚,楚宫臘送荆門水,0.8362187329297031
三月楚國淚,暮春三月巫峽長,0.8333147071367882
三月楚國淚,兩見巫山楚水春,0.8015431638637569
三月楚國淚,楚江巫峽半雲雨,0.8112498144215716
三月楚國淚,楚江巫峽冰入懷,0.8137810472028224
三月楚國淚,故國悲寒望,0.8089351189943477
濁水拍天流,河漢聲西流,0.8341773452243832
濁水拍天流,沙汰江河濁,0.8389160666718805
濁水拍天流,洪河左瀅濴,0.8000842832163972
濁水拍天流,詞源倒流三峽水,0.8333146204217654
濁水拍天流,滄浪水深青溟闊,0.8160082649820752
濁水拍天流,屈注滄江流,0.8303637101366991
濁水拍天流,清渭東流劍閣深,0.8107001390263822
濁水拍天流,白水暮東流,0.8441764000580902
濁水拍天流,大江東流去,0.8051916905391294
濁水拍天流,湛湛長江去,0.807113912689706
濁水拍天流,赤岸水與銀河通,0.8658903301566345
濁水拍天流,高浪蹴天浮,0.8124607814830518
濁水拍天流,天生江水向東流,0.8455143441512237
濁水拍天流,青天江海流,0.828166727415941
濁水拍天流,江水東流去,0.8253089675965367
濁水拍天流,東流江水西飛燕,0.8110418869433718
濁水拍天流,江水長流地,0.8412506771398112
濁水拍天流,洪濤滔天風拔木,0.8043091956534836
濁水拍天流,月湧大江流,0.8063364164332129
濁水拍天流,弱水東影隨長流,0.8266228498528656
濁水拍天流,河漢騰烟柱,0.8018897074894005
濁水拍天流,江長注海奔,0.8330931452794315
濁水拍天流,洗劍青海水,0.806781368669321
濁水拍天流,横水注滄溟,0.8426726154084352
濁水拍天流,濁河終不污清濟,0.8012883718789825
濁水拍天流,寒江東北流,0.8052505989402327
濁水拍天流,腸斷秦川流濁涇,0.8049318967455825
濁水拍天流,洞庭揚波江漢迴,0.8012051730457594
濁水拍天流,秋水浮階溜決渠,0.824292537483444
濁水拍天流,大水淼茫炎海接,0.8114127874477637
河南李茂彦,李侯金閨彦,0.8766553088300104
河南李茂彦,濟南名士多,0.8456415201115652
河南李茂彦,李侯有佳句,0.8307102560658933
河南李茂彦,汝與山東李白好,0.8065561426060968
河南李茂彦,周南太史公,0.8041264563940549
河南李茂彦,郭薛俱才賢,0.8215889738235396
河南李茂彦,平公今詩伯,0.8138454111460715
河南李茂彦,臺郎選才俊,0.8100934483943216
河南李茂彦,俊才得之子,0.8077212020474449
河南李茂彦,宛彼漢中郡,0.8235264377321576
河南李茂彦,巴東逢李潮,0.8054563643869983
河南李茂彦,荆南芮公得將軍,0.807661311947346
河南李茂彦,荆州遇薛孟,0.8050622110460018
河南李茂彦,聞説江陵府,0.8067187428776947
河南李茂彦,河陽實少年,0.8023974623101142
河南李茂彦,君不見西漢杜陵老,0.8070817428943153
河南李茂彦,素聞趙公節,0.8001969889998638
河南李茂彦,盛才冠巖廊,0.8015362308547829
河南李茂彦,宗英李端公,0.8515715622423486
