황정견,두보,코사인 유사도
得馬失馬心清凉,軟裘快馬當冰雪,0.8230385788441462
得馬失馬心清凉,走馬脱轡頭,0.8234142835559088
得馬失馬心清凉,高生跨鞍馬,0.8161668816532136
得馬失馬心清凉,天馬老能行,0.8050926241096629
得馬失馬心清凉,歸馬散霜蹄,0.8020886900805944
得馬失馬心清凉,鐵馬汗常趨,0.815038829063923
得馬失馬心清凉,東郊瘦馬使我傷,0.8167683782182037
得馬失馬心清凉,欲别上馬身無力,0.8260675508219577
得馬失馬心清凉,要我下馬行,0.8186995754727442
得馬失馬心清凉,高秋馬肥健,0.8092507587423159
得馬失馬心清凉,馬寒防失道,0.8142149638427107
得馬失馬心清凉,初調見馬鞭,0.8020181770214077
得馬失馬心清凉,我馬骨正折,0.8388384053872493
得馬失馬心清凉,我馬向北嘶,0.8344183407310103
得馬失馬心清凉,能騎生馬駒,0.8263117754200197
得馬失馬心清凉,馬嘶未敢動,0.8027432953164748
得馬失馬心清凉,國初已來畫鞍馬,0.8169604901482015
得馬失馬心清凉,陰山驕子汗血馬,0.8008022465269187
得馬失馬心清凉,高馬勿捶面,0.8412557841559314
得馬失馬心清凉,辱馬馬毛焦,0.822306969492602
得馬失馬心清凉,躍馬意何長,0.8140504684001797
得馬失馬心清凉,戎馬不如歸馬逸,0.801315294140049
得馬失馬心清凉,裘馬頗清狂,0.8292683478776461
得馬失馬心清凉,鞍馬信清秋,0.8075798092753628
得馬失馬心清凉,馬來皆汗血,0.8066430372230288
得馬失馬心清凉,天馬跛足隨氂牛,0.8117984159428875
得馬失馬心清凉,身病戎馬後,0.8081885403767843
得馬失馬心清凉,悲鳴駟馬顧,0.800935627048424
得馬失馬心清凉,自下所騎馬,0.8269464751436818
何處胡椒八百斛,無錢何處賒,0.8030944415543741
何處胡椒八百斛,撥棄潭州百斛酒,0.8238074329245035
誰家金釵十二行,家家賣釵釧,0.8343447382932465
三沐三舋取刳腸,焦糖幸一柈,0.810243279684502
曩誰築孤亭,誰謂築居小,0.8047291001578953
曩誰築孤亭,伊昔臨淄亭,0.8019838936549214
勝日有感遇,藴真愜所遇,0.8010186244794855
勝日有感遇,清秋多宴會,0.8067783877324112
勝日有感遇,所遇多被傷,0.8335997580768696
勝日有感遇,感遇有遺篇,0.8061889834694778
勝日有感遇,豪俊初未遇,0.800522158812274
勝日有感遇,人生歡會豈有極,0.8010991292432663
勝日有感遇,羇旅惜宴會,0.8170424581608688
勝日有感遇,何必秋遂逢,0.8032789790546926
勝日有感遇,邂逅亦相遇,0.8261676469338757
勝日有感遇,佳士欣相識,0.8008135991166007
永懷劉隨州,永懷清典常,0.8146963358991274
永懷劉隨州,緬通淮湖税,0.8081570841549954
永懷劉隨州,永負漢庭哭,0.8090999551732672
永懷劉隨州,俱客古信州,0.805486201932585
永懷劉隨州,宛彼漢中郡,0.8008985328731582
永懷劉隨州,惟梁孝王都,0.8073543405669186
永懷劉隨州,昔隨劉氏定長安,0.8212481184622051
永懷劉隨州,永懷江左逸,0.8523177510557995
永懷劉隨州,荆州遇薛孟,0.8013854512527728
永懷劉隨州,永懷丹鳳城,0.8002265764282961
永懷劉隨州,憶子初尉永嘉去,0.8268431825143578
因榜白雲句,猥誦佳句新,0.8207768734624921
因榜白雲句,題詩得秀句,0.8340688714113274
因榜白雲句,新詩句句好,0.8096006761912613
因榜白雲句,試誦白頭吟,0.8004473822259943
因榜白雲句,因題零雨詩,0.8167637084645
因榜白雲句,賦詩新句穩,0.8086086311878462
因榜白雲句,當公賦佳句,0.8004944672203298
遺老不能談,詞客未能忘,0.8005004926489768
遺老不能談,猶聞蜀父老,0.8106303419038703
遺老不能談,孟子論文更不疑,0.8143333385749211
遺老不能談,竟能盡説諸侯入,0.8020060644200153
歲月忽成屢,往來時屢改,0.8061337828664908
歲月忽成屢,今夕何夕歲云徂,0.8033029154824913
歲月忽成屢,别來歲月周,0.8794369389605844
歲月忽成屢,節序昨夜隔,0.8025052790677843
歲月忽成屢,惆悵年半百,0.807529428707481
歲月忽成屢,歲月誰與度,0.8065818868784211
歲月忽成屢,亦恐歲蹉跎,0.8433962707233466
歲月忽成屢,豈但歲月暮,0.8142732436040268
歲月忽成屢,公鎮踰歲月,0.8027182698933542
歲月忽成屢,百年已過半,0.8180257903605466
歲月忽成屢,卽今倏忽已五十,0.8201902988587861
歲月忽成屢,百年嗟已半,0.8089586903278598
歲月忽成屢,歲月亦已久,0.8889315848247368
歲月忽成屢,别來忽三歲,0.8361163612176263
歲月忽成屢,合沓歲月徂,0.8149310299190663
歲月忽成屢,忽已歲時遷,0.9038196706969532
歲月忽成屢,歲月蛇常見,0.8094926058104492
歲月忽成屢,菁華歲月遷,0.8457934731463794
歲月忽成屢,三歲如轉燭,0.8298451818209438
歲月忽成屢,歲暮日月疾,0.8455511758694524
歲月忽成屢,歲月不我與,0.824888378437509
緑陰斤斧盡,交横集斧斤,0.8049960203362316
緑陰斤斧盡,斤斧任樵童,0.8164052704050953
華屋風雨仆,曉來急雨春風顛,0.8234663449678032
華屋風雨仆,飛雨動華屋,0.8520066229447054
吴侯七閩英,李侯金閨彦,0.8285695692390684
吴侯七閩英,吴生遠擅場,0.8146031084150605
吴侯七閩英,王國稱多士,0.8110235317909527
吴侯七閩英,賀公雅吴語,0.817659446856716
吴侯七閩英,如公盡雄俊,0.8213452876466325
吴侯七閩英,至今英雄人,0.8052820027917666
吴侯七閩英,梓中豪俊大者誰,0.812221323449267
吴侯七閩英,郭薛俱才賢,0.8178156797458512
吴侯七閩英,姚公美政誰與儔,0.8038559961699456
吴侯七閩英,全蜀多名士,0.8033032115955437
吴侯七閩英,公侯出異人,0.8162985698105223
吴侯七閩英,劇談王侯門,0.8112231298967578
吴侯七閩英,二州豪俠場,0.8136861892574709
吴侯七閩英,吳郡張顛誇草書,0.8060860939303462
吴侯七閩英,荆南芮公得將軍,0.8151289121722147
吴侯七閩英,荆州遇薛孟,0.8185739569995765
吴侯七閩英,昔有佳人公孫氏,0.8035244713950063
吴侯七閩英,西謁巴中侯,0.8035746877935148
吴侯七閩英,酆城客子王季友,0.8049340005248604
吴侯七閩英,秦城老翁荆揚客,0.802062029780756
吴侯七閩英,尚爲諸侯客,0.8013567335480082
吴侯七閩英,宗英李端公,0.8052135834332117
宰縣有真趣,藴真愜所遇,0.8076244757533549
宰縣有真趣,真宰意茫茫,0.805970334543151
宰縣有真趣,葉縣郎官宰,0.803103533541595
宰縣有真趣,潭府邑中甚淳古,0.8250608914921849
絃歌解民愠,嗚呼二歌兮歌始放,0.800100674378653
絃歌解民愠,不忘舜謳歌,0.8186478979770595
絃歌解民愠,濫竊商歌聽,0.8098956497212811
根節去吏蠹,頑根易滋蔓,0.8062803019982006
工有子來助,詩應有神助,0.8391163581117851
厦成燕雀賀,燕雀半生成,0.841452877531301
厦成燕雀賀,樓頭燕雀馴,0.8168209041905109
厦成燕雀賀,紫燕時翻翼,0.8024983994571689
厦成燕雀賀,巢燕高飛盡,0.8020769681750952
厦成燕雀賀,高飛燕雀賀新成,0.9265287929605299
水滿鳧雁翥,白鷗没浩蕩,0.8259575385156359
水滿鳧雁翥,鳧鷖散亂棹謳發,0.8041570829502481
水滿鳧雁翥,鳧舄共差池,0.8112835757570096
水滿鳧雁翥,清暉回羣鷗,0.8086870142623189
水滿鳧雁翥,泛渚白鷗輕,0.8251544536528089
水滿鳧雁翥,人遠鳧鴨亂,0.8232353246818329
水滿鳧雁翥,浴鳧飛鷺晚悠悠,0.8307769847141054
水滿鳧雁翥,水鳥自孤飛,0.811310717058618
水滿鳧雁翥,天晴喜浴鳧,0.8124717993732323
水滿鳧雁翥,遠鷗浮水静,0.808724750711745
水滿鳧雁翥,翻藻白魚跳,0.83452142284907
水滿鳧雁翥,鷗邊水葉開,0.8011994409058034
水滿鳧雁翥,江渚翻鷗戲,0.840199957504562
水滿鳧雁翥,春鷗洗翅呼,0.8290837448743242
水滿鳧雁翥,鳧雁終高去,0.8367082892175048
水滿鳧雁翥,水有在藻鱗,0.8105220553865808
水滿鳧雁翥,江浦寒鷗戲,0.8200525339906026
水滿鳧雁翥,白鷺群飛太劇乾,0.8140584284840648
水滿鳧雁翥,落雁失飛騰,0.8187936688891171
水滿鳧雁翥,寒空見鴛鷺,0.8029955605525088
水滿鳧雁翥,渚清沙白鳥飛迴,0.8303783109934351
水滿鳧雁翥,虚隨亂浴鳧,0.8330836905671979
水滿鳧雁翥,水宿伴鳧鷖,0.8068504863935848
水滿鳧雁翥,雁矯銜蘆内,0.8198146313697241
水滿鳧雁翥,王鳧聊暫出,0.800194163390062
水滿鳧雁翥,仰羡鸛鶴矯,0.8010782295429919
四海名士來,濟南名士多,0.8335847024449163
四海名士來,海内知名士,0.8724984061064389
四海名士來,全蜀多名士,0.826756700308354
四海名士來,古來賢達士,0.8180779244997514
四海名士來,古來傑出士,0.8185059693723216
一笑佳客聚,滿堂賓客皆嘆息,0.8138017095095209
一笑佳客聚,真供一笑樂,0.8334461811834339
一笑佳客聚,談笑偶然同,0.8010794315632699
一笑佳客聚,爾輩堪一笑,0.8184951068386878
一笑佳客聚,主客多歡娱,0.8196542678848087
一笑佳客聚,佳人上客前,0.8013154572983019
一笑佳客聚,他時一笑後,0.807621136336611
一笑佳客聚,佳辰對群盗,0.8027437473944388
一笑佳客聚,一談一笑俗相看,0.827303395235707
一笑佳客聚,佳士欣相識,0.8058974809820737
雲興碧山留,雲山已發興,0.8180216839969574
雲興碧山留,川雲自去留,0.8268176995961032
雲興碧山留,雲在意俱遲,0.8049952594881251
雲興碧山留,松浮欲盡不盡雲,0.8181144419677946
雲興碧山留,雲氣嘘青壁,0.8019318706303042
雲興碧山留,雲來氣接巫峽長,0.8021295164438604
雲興碧山留,雲山兼五嶺,0.8054695289911492
雲興碧山留,雲長出斷山,0.8100593391508664
雲散清江去,風悲浮雲去,0.8183923367593915
雲散清江去,川雲自去留,0.8072110305547595
雲散清江去,江翻石走流雲氣,0.8035094180634856
雲散清江去,天高雲去盡,0.8063668494414805
雲散清江去,江流宿霧中,0.8165658702089229
雲散清江去,水散巴渝下五溪,0.8067251854525641
雲散清江去,江水東流去,0.8016389335571688
雲散清江去,雲隨白水落,0.8407900136877261
斯須成蒼狗,有足除蒼蠅,0.8155581877136981
斯須成蒼狗,今如喪家狗,0.814182154876341
斯須成蒼狗,斯須改變如蒼狗,0.9134794864091967
斯須成蒼狗,已是安蒼黄,0.8002787728187557
皆道不如故,世人那得知其故,0.8003621287838909
皆道不如故,故人俱不利,0.8191830873817836
皆道不如故,莫道新知要,0.8072147398262246
至人觀萬物,可以物理推,0.8020528875420218
至人觀萬物,會希全物色,0.8279872847583951
至人觀萬物,此生隨萬物,0.8532199299821462
至人觀萬物,學貫天人際,0.8020335162375736
至人觀萬物,萬物附本性,0.8157320545926018
至人觀萬物,人生萬事無不有,0.8104897062447682
至人觀萬物,萬象皆春氣,0.8230934739822267
至人觀萬物,神物有所歸,0.8058568324913329
誰有安立處,焉能尚安宅,0.8021944256907803
誰有安立處,丈人但安坐,0.8039740999743348
寄語吴令君,早寄從軍詩,0.8108432271593204
寄語吴令君,寄語楊員外,0.8161853856381203
寄語吴令君,賀公雅吴語,0.8345455439881525
寄語吴令君,寄語北來人,0.8326412251462041
寄語吴令君,婁公不語宋公語,0.8119945180652087
寄語吴令君,荆州鄭薛寄詩近,0.828663151617804
寄語吴令君,寄語惡少年,0.8090242246839808
但遣糟床注,已覺糟牀注,0.890869654928248
但遣糟床注,攲傾煩注眼,0.8015763697089293
江净明花竹,菱葉荷花淨如拭,0.8170345782693915
江净明花竹,水花晚色静,0.8388419633709971
江净明花竹,遠水兼天淨,0.8030407033097879
江净明花竹,江潭隱白蘋,0.8087086101542684
江净明花竹,竹寒沙碧浣花溪,0.842181145475903
江净明花竹,鷗邊水葉開,0.802371467733263
江净明花竹,秋竹隱疏花,0.8065806478775787
江净明花竹,水有遠湖樹,0.801835228462151
江净明花竹,江湖深更白,0.8136475272021804
山空響管絃,悲管逐清瑟,0.8200229240939659
山空響管絃,萬籟真笙竽,0.8052863720772849
山空響管絃,清聞樹杪磬,0.8224379497697976
山空響管絃,寂無斤斧響,0.8056845838944939
山空響管絃,鳴弦不虚發,0.8311567001827989
山空響管絃,疏松夾水奏笙簧,0.8064157919246324
山空響管絃,秋山響易哀,0.8270332328607191
風生學士麈,步壑風吹面,0.8099455208083043
百越餘生聚,悲見生涯百憂集,0.8005321118469777
三吴遠接連,遥連滄海高,0.8271599466305015
三吴遠接連,連山望忽開,0.8261714350538061
三吴遠接連,連雲屯左輔,0.8240144127223247
三吴遠接連,天台隔三江,0.830916770778691
三吴遠接連,近接西南境,0.8222506223729844
三吴遠接連,兵戈動接連,0.8228349722252783
三吴遠接連,連山抱西南,0.8258235432202234
三吴遠接連,連山西南斷,0.8420697997923827
三吴遠接連,天闊樹浮秦,0.8273354463592826
三吴遠接連,吴蜀水相通,0.8652677834244802
三吴遠接連,楚隔乾坤遠,0.8337050683832834
三吴遠接連,山連越嶲蟠三蜀,0.8848378190019524
三吴遠接連,地利西通蜀,0.8139762101626586
三吴遠接連,岷嶺南蠻北,0.8031530000692662
三吴遠接連,山帶烏蠻闊,0.8460153409822233
三吴遠接連,江連白帝深,0.8144421533204322
三吴遠接連,外江三峽且相接,0.8292602892659522
三吴遠接連,雲來氣接巫峽長,0.806304915104548
三吴遠接連,銀漢遥應接鳳城,0.8104242808710129
三吴遠接連,楚設關城險,0.8040315611006772
三吴遠接連,吳吞水府寬,0.8260105092862222
三吴遠接連,西南控百蠻,0.8335020291365107
三吴遠接連,南極青山衆,0.808111244390183
三吴遠接連,紫氣關臨天地闊,0.8117306068844072
三吴遠接連,關山隨地闊,0.8317749827671026
三吴遠接連,連連睥睨侵,0.8137909298333338
三吴遠接連,野水春來更接連,0.818802870761269
三吴遠接連,天地西江遠,0.8217141344861836
三吴遠接連,西江接錦城,0.8257897017581037
三吴遠接連,吳楚東南坼,0.872413230743515
三吴遠接連,湖闊兼雲霧,0.8014462779080971
三吴遠接連,塵沙連越嶲,0.8369351615745291
三吴遠接連,湖光與天遠,0.8080834753162276
庖霜刀落鱠,鮮鯽銀絲鱠,0.8254667518785483
庖霜刀落鱠,瓜嚼水精寒,0.816580069345245
庖霜刀落鱠,霜橙壓香橘,0.8162861393201782
庖霜刀落鱠,秋蔬擁霜露,0.8180009977221205
庖霜刀落鱠,蔗漿歸廚金碗凍,0.8152476238745241
庖霜刀落鱠,饔子左右揮霜刀,0.8056931698068385
庖霜刀落鱠,鱠飛金盤白雪高,0.8211520805273329
庖霜刀落鱠,刀鳴鱠縷飛,0.8400962909328549
庖霜刀落鱠,催蓴煮白魚,0.8228235561392898
庖霜刀落鱠,絲繁煮細蓴,0.805647473408006
庖霜刀落鱠,鮮鱠出江中,0.8054125115411426
庖霜刀落鱠,落刃嚼冰霜,0.8521511188361712
庖霜刀落鱠,羹煑秋蓴滑,0.821190851145476
庖霜刀落鱠,破甘霜落爪,0.8406089760190019
執玉酒明舡,酒盡沙頭雙玉瓶,0.8021862249024914
執玉酒明舡,碧酒隨玉粒,0.8270089461125764
執玉酒明舡,邊酒排金碗,0.8209127753256527
執玉酒明舡,夷歌捧玉盤,0.8086456942008161
執玉酒明舡,洗杓斟新醖,0.8046962193018619
葉縣飛來舄,歲滿歸鳧舄,0.8199434653741643
壺公謫處天,自稱臣是酒中仙,0.8001165789779712
壺公謫處天,號爾謫仙人,0.8023396225562631
壺公謫處天,處處識壺公,0.8488897580899377
壺公謫處天,吾子得神仙,0.8094209487782907
酌多時暴謔,愁多任酒醺,0.8049192726035945
酌多時暴謔,獨醒時所嫉,0.8020351173688697
舞短更成妍,拂水低回舞袖翻,0.8036007903221056
舞短更成妍,誰憐屢舞長,0.8449633166126282
舞短更成妍,愁隨舞曲長,0.8301040717417015
唯我孤登覽,披寫忽登臺,0.8052232037362212
唯我孤登覽,披豁對吾真,0.8098748274210563
唯我孤登覽,長吟野望時,0.8183662664777702
唯我孤登覽,茅齋慰遠遊,0.8050501463138231
唯我孤登覽,留眼共登臨,0.838943562195881
觀詩未究宣,未必能達道,0.8191671887748058
觀詩未究宣,師資謙未達,0.810244273398703
觀詩未究宣,展懷詩誦魯,0.8171417731213222
空餘五字賞,念我能書數字至,0.8093906813201457
文似兩京然,已似愛文章,0.8002442140643611
官當歲九遷,官渡又改轍,0.8042062739400658
官當歲九遷,别來歲月周,0.8070924445730896
官當歲九遷,甘與歲時遷,0.8165319753249016
官當歲九遷,公鎮踰歲月,0.8023868117919626
官當歲九遷,長番歲時久,0.8201683336438008
官當歲九遷,客堂序節改,0.805296174785183
官當歲九遷,忽已歲時遷,0.8417537328978326
官當歲九遷,遷轉五州防禦使,0.8190790894184881
老夫看鏡罷,野老來看客,0.8099269264256779
老夫看鏡罷,老婦出看門,0.8211043844174655
老夫看鏡罷,老罷知明鏡,0.9025215985065372
老夫看鏡罷,勳業頻看鏡,0.8204900957672645
衰白敢争先,先鋒孰敢争,0.8643805581831108
衰白敢争先,顔衰肯更紅,0.8092460039944747
病來十日不舉酒,饑卧動卽向一旬,0.8056200667161919
病來十日不舉酒,沽酒不復疑,0.8006419876746835
病來十日不舉酒,一飯四五起,0.8112095069607779
病來十日不舉酒,君來必十月,0.8334733563929317
病來十日不舉酒,興來不暇懶,0.800007696169051
病來十日不舉酒,每過得酒傾,0.8139275322270316
病來十日不舉酒,今已十月後,0.8018345092302351
病來十日不舉酒,對酒不能喫,0.8157697286182568
病來十日不舉酒,十日不一見顔色,0.8246740095832334
病來十日不舉酒,速宜相就飲一斗,0.8013514387965034
病來十日不舉酒,十觴亦不醉,0.8225066260894692
病來十日不舉酒,二月已破三月來,0.8115730638863435
病來十日不舉酒,數日不可更禁當,0.8171340213552094
病來十日不舉酒,卧愁病脚廢,0.8022566611115323
病來十日不舉酒,閉目踰十旬,0.8068641903257812
病來十日不舉酒,一日兩遣僕,0.8169198904555539
病來十日不舉酒,余病不能起,0.8147235128211893
病來十日不舉酒,如今九日至,0.8023368560945487
病來十日不舉酒,瓮餘不盡酒,0.8388828682046331
回施青春與後生,自春生成者,0.8010303613378191
滿袖東風愜人意,何由滿衣袖,0.8097672587708289
滿袖東風愜人意,追風可君意,0.8043259903675314
滿袖東風愜人意,恣意向江天,0.8179520204769817
滿袖東風愜人意,山風猶滿把,0.8106944079456488
滿袖東風愜人意,適遠更霑襟,0.8018106826036594
見君詩與字俱清,老去新詩誰與傳,0.8350202187729117
見君詩與字俱清,清詩近道要,0.8242229176771594
見君詩與字俱清,詩好幾時見,0.8072400966108908
見君詩與字俱清,能詩何水曹,0.8128522102186665
見君詩與字俱清,知君苦思緣詩瘦,0.8184470532854419
見君詩與字俱清,吾與汝曹俱眼明,0.8010002280955821
見君詩與字俱清,老去詩篇渾漫與,0.8026225830296805
見君詩與字俱清,詩清立意新,0.801149498690218
見君詩與字俱清,詩名惟我共,0.8377853053833262
見君詩與字俱清,但見書畫傳,0.8062360794358345
見君詩與字俱清,畫工如山貌不同,0.810179058872988
見君詩與字俱清,皆與此圖筋骨同,0.8107468442986521
見君詩與字俱清,數篇今見古人詩,0.8156400747237853
見君詩與字俱清,清詩句句盡堪傳,0.8437538089128569
見君詩與字俱清,問法看詩妄,0.8098690511054191
見君詩與字俱清,詩家秀句傳,0.8062837689555573
病來十日不舉酒,饑卧動卽向一旬,0.8056200667161919
病來十日不舉酒,沽酒不復疑,0.8006419876746835
病來十日不舉酒,一飯四五起,0.8112095069607779
病來十日不舉酒,君來必十月,0.8334733563929317
病來十日不舉酒,興來不暇懶,0.800007696169051
病來十日不舉酒,每過得酒傾,0.8139275322270316
病來十日不舉酒,今已十月後,0.8018345092302351
病來十日不舉酒,對酒不能喫,0.8157697286182568
病來十日不舉酒,十日不一見顔色,0.8246740095832334
病來十日不舉酒,速宜相就飲一斗,0.8013514387965034
病來十日不舉酒,十觴亦不醉,0.8225066260894692
病來十日不舉酒,二月已破三月來,0.8115730638863435
病來十日不舉酒,數日不可更禁當,0.8171340213552094
病來十日不舉酒,卧愁病脚廢,0.8022566611115323
病來十日不舉酒,閉目踰十旬,0.8068641903257812
病來十日不舉酒,一日兩遣僕,0.8169198904555539
病來十日不舉酒,余病不能起,0.8147235128211893
病來十日不舉酒,如今九日至,0.8023368560945487
病來十日不舉酒,瓮餘不盡酒,0.8388828682046331
獨卧南床春草生,憂來藉草坐,0.8417297023766421
獨卧南床春草生,春風草又生,0.8127896040540377
獨卧南床春草生,草根吟不穩,0.8133332852287916
獨卧南床春草生,懶眠沙草愛風湍,0.8266171396556588
獨卧南床春草生,細草留連侵坐軟,0.8085419589465187
獨卧南床春草生,肯藉荒庭春草色,0.8223671214451167
獨卧南床春草生,春草滿空堂,0.8237398850714499
獨卧南床春草生,衰病只藜牀,0.8013121814956614
獨卧南床春草生,春泥百草生,0.8135922553134054
獨卧南床春草生,卧病江湖春復生,0.8351664441620332
令我興發郎官清,令人發深省,0.8010424517449092
令我興發郎官清,思君令人瘦,0.8123139585611916
令我興發郎官清,發興自我輩,0.8052940549516301
令我興發郎官清,褒公鄂公毛髮動,0.8059523558931124
令我興發郎官清,清秋鶴髮翁,0.8055548318297667
令我興發郎官清,何當官曹清,0.8187675277007251
草色青青柳色黄,烟綿碧草萋萋長,0.8216061988595338
草色青青柳色黄,豐草青青寒不死,0.8070104513746984
草色青青柳色黄,草芽既青出,0.8297918951595792
草色青青柳色黄,禁城春色曉蒼蒼,0.8248146709422738
草色青青柳色黄,千條弱柳垂青瑣,0.8001596167351857
草色青青柳色黄,秋草萋更碧,0.817575440674066
草色青青柳色黄,高柳半天青,0.8219152565407903
草色青青柳色黄,映階碧草自春色,0.823399965592385
草色青青柳色黄,青歸柳葉新,0.8659751726243559
草色青青柳色黄,汀草亂青袍,0.8144681103685649
草色青青柳色黄,藥條藥甲潤青青,0.8129530845149376
草色青青柳色黄,萋萋露草碧,0.8112006455165748
草色青青柳色黄,草色向平池,0.8161085086657112
草色青青柳色黄,林花潤色分,0.8056349360174255
草色青青柳色黄,楓林橘樹丹青合,0.8019423748736296
草色青青柳色黄,野多青青麥,0.8114643720185879
草色青青柳色黄,青青嘉蔬色,0.8194589235223729
草色青青柳色黄,青青高槐葉,0.8125193415698655
草色青青柳色黄,秋色凋春草,0.8208128808598447
草色青青柳色黄,湖外草新青,0.885274670618423
桃花零落杏花香,楊花雪落覆白蘋,0.802117608264578
桃花零落杏花香,雀啄江頭黄柳花,0.8109482568038261
桃花零落杏花香,桃花細逐梨花落,0.927781569842759
桃花零落杏花香,辛夷始花亦已落,0.8144202425615442
桃花零落杏花香,紅入桃花嫩,0.8183689716838913
桃花零落杏花香,三月桃花浪,0.803944425911747
桃花零落杏花香,多事紅花映白花,0.8036062625784908
桃花零落杏花香,江花未落還成都,0.8010816960897311
桃花零落杏花香,江花未落還成都,0.8010816960897311
桃花零落杏花香,西蜀櫻桃也自紅,0.8158103812149414
桃花零落杏花香,不分桃花紅似錦,0.825224274479872
桃花零落杏花香,栽桃爛熳紅,0.8006317312021534
桃花零落杏花香,寒花開已盡,0.8109373355087579
桃花零落杏花香,林花落又開,0.8539365838642428
桃花零落杏花香,梅杏半傳黄,0.8073287109635814
桃花零落杏花香,水花寒落岸,0.8317203138577967
桃花零落杏花香,花蕊亞枝紅,0.8205916152041086
春風不解吹愁却,東風吹春冰,0.8148764431803514
春風不解吹愁却,無賴春色到江亭,0.8023847553157855
春風不解吹愁却,恰似春風相欺得,0.8283735691625429
春風不解吹愁却,春來花鳥莫深愁,0.8238261894765242
春風不解吹愁却,江上被花惱不徹,0.8210809056529977
春風不解吹愁却,不如醉裏風吹盡,0.8238731671593094
春風不解吹愁却,可惜春光不相見,0.8022882664092468
春風不解吹愁却,謾道春來好,0.8181326622354774
春風不解吹愁却,春花不愁不爛熳,0.8226684974996235
春風不解吹愁却,春知催柳别,0.8025598324095737
春風不解吹愁却,何得愁中却盡生,0.8093814035487622
春風不解吹愁却,春來秋去作誰家,0.8243235440748257
春風不解吹愁却,春生力更無,0.8075494625034958
春風不解吹愁却,風妬紅花却倒吹,0.8244229623642295
春風不解吹愁却,愁來遽不禁,0.8460184966065833
春日偏能惹恨長,客愁全爲減,0.802660118686437
春日偏能惹恨長,無賴春色到江亭,0.818069294285287
春日偏能惹恨長,春來花鳥莫深愁,0.8015425272556429
春日偏能惹恨長,春光日自濃,0.8199162921128137
春日偏能惹恨長,謾道春來好,0.80305517579633
春日偏能惹恨長,愁來遽不禁,0.8012852032327686
四顧山光接水光,雲水長和島嶼青,0.8304652581108471
四顧山光接水光,但見暮光滅,0.8151460867241234
四顧山光接水光,遠水兼天淨,0.8156697163704278
四顧山光接水光,孤光隱顧盼,0.8082482742008751
四顧山光接水光,野潤烟光薄,0.8040952348231929
四顧山光接水光,竹光團野色,0.8384707217022176
四顧山光接水光,天闊樹浮秦,0.8155194239547039
四顧山光接水光,燈光散遠近,0.8031790089460509
四顧山光接水光,春色浮山外,0.8136682119143608
四顧山光接水光,山光見鳥情,0.8360141490078958
四顧山光接水光,併照巫山出,0.8013052674152237
四顧山光接水光,晨光映遠岫,0.8272757587778812
四顧山光接水光,連山晚照紅,0.8127988251572704
四顧山光接水光,高山四面同,0.8164183195560314
四顧山光接水光,青山自一川,0.8033843845019959
四顧山光接水光,遠開山嶽散江湖,0.8320571351506652
四顧山光接水光,湖闊兼雲霧,0.8007007284482934
四顧山光接水光,迴塘澹暮色,0.8058017645009594
四顧山光接水光,湖色春光淨客船,0.8074355493981404
四顧山光接水光,湖光與天遠,0.865606093245082
凭欄十里芰荷香,隔沼連香芰,0.8173378850647435
凭欄十里芰荷香,亭深到芰荷,0.8241205117119763
凭欄十里芰荷香,不妨遊子芰荷衣,0.8018829132279969
凭欄十里芰荷香,荷芰逐花低,0.8269756738132443
凭欄十里芰荷香,長洲芰荷香,0.8429544840570726
凭欄十里芰荷香,江天足芰荷,0.8306954134061443
清風明月無人管,人間月影清,0.8209933392229682
清風明月無人管,吹笛秋山風月清,0.8269769430772825
清風明月無人管,不知明月爲誰好,0.8320696663021718
清風明月無人管,風月自清夜,0.8238714535306355
畫閣傳觴容十客,張旭三杯草聖傳,0.8135211892851193
畫閣傳觴容十客,十八足賓客,0.8117542979203878
畫閣傳觴容十客,賓客滿堂上,0.811660557209823
畫閣傳觴容十客,滿堂賓客皆嘆息,0.8126928827884826
畫閣傳觴容十客,愛弟傳書綵鷁新,0.8087434893940615
畫閣傳觴容十客,江閣邀賓許馬迎,0.8358938982546472
畫閣傳觴容十客,賦詩賓客間,0.8026743154630418
畫閣傳觴容十客,高談隨羽觴,0.8020568034851616
透風透月兩明軒,竹送清溪月,0.8001355853149009
透風透月兩明軒,疏簾巧入坐人衣,0.8019458280880227
透風透月兩明軒,月朗自明船,0.80140947761062
南樓槃礴三百尺,高臺面蒼陂,0.8111988833435018
南樓槃礴三百尺,下牀高數尺,0.8326474502047729
南樓槃礴三百尺,秋水纔深四五尺,0.8086609560809467
南樓槃礴三百尺,樓下長江百丈清,0.8295006574629877
南樓槃礴三百尺,低身直下八千尺,0.8268832428363477
南樓槃礴三百尺,高宜百萬層,0.8172479952243704
勢壓湖南可長雄,太山雄地理,0.8049951695302724
勢壓湖南可長雄,四鎮富精鋭,0.8046595307044405
勢壓湖南可長雄,如公盡雄俊,0.8004336174364103
勢壓湖南可長雄,安可限南北,0.8014737113670056
勢壓湖南可長雄,山連越嶲蟠三蜀,0.8171892274856418
勢壓湖南可長雄,雄都元壯麗,0.8213408248995863
勢壓湖南可長雄,詔鎮雄所搤,0.8000565818655436
勢壓湖南可長雄,南嶽據江湖,0.831074608946902
勢壓湖南可長雄,澶漫山東一百州,0.8169348248957069
勢壓湖南可長雄,雄鎮荆州繼吾祖,0.8068781595251024
勢壓湖南可長雄,西北樓成雄楚都,0.8523250976830861
勢壓湖南可長雄,吳楚東南坼,0.8010847272188766
北舡未賞睹巨麗,畜眼未見有,0.8048467120768341
北舡未賞睹巨麗,豪俊初未遇,0.8068074239388658
複閣重樓天際逢,南樓縱目初,0.8021543083799589
複閣重樓天際逢,天畔登樓眼,0.8179130062992543
複閣重樓天際逢,樓閣倚山巓,0.8192800853808029
複閣重樓天際逢,登樓初有作,0.8007435447699017
複閣重樓天際逢,烏臺俯麟閣,0.8039816370676096
複閣重樓天際逢,臺閣黄圖裏,0.8009790677073483
武昌參佐幕中畫,十年出幕府,0.8006098822707759
武昌參佐幕中畫,南伯從事賢,0.8005131878108664
武昌參佐幕中畫,府中韋使君,0.8024246694651185
武昌參佐幕中畫,藉卿佐元帥,0.8230934341776175
武昌參佐幕中畫,幕府盛才良,0.8252852962622077
武昌參佐幕中畫,中興諸將收山東,0.8010684838633662
武昌參佐幕中畫,幕下復用張子房,0.809402801538562
武昌參佐幕中畫,府中羅舊尹,0.8169113388212095
武昌參佐幕中畫,衞青開幕府,0.8155216910595957
武昌參佐幕中畫,邑中上客有柱史,0.810865435426454
武昌參佐幕中畫,入幕諸彦集,0.8224493733280619
武昌參佐幕中畫,元帥見手格,0.8037576322221949
武昌參佐幕中畫,兩都開幕府,0.8243344354083164
武昌參佐幕中畫,荆南芮公得將軍,0.8025832654113019
武昌參佐幕中畫,城中賢府主,0.8287617331389299
武昌參佐幕中畫,諸侯舊上計,0.8012320998422375
武昌參佐幕中畫,幕府初交辟,0.803822373550763
武昌參佐幕中畫,幕府盛才賢,0.8172158373220844
武昌參佐幕中畫,襄陽幕府天下異,0.8319760026959068
武昌參佐幕中畫,中丞連帥職,0.8224159309216361
我亦來追六月凉,六月風日冷,0.8074728504802402
我亦來追六月凉,三月師逾整,0.8250093008981843
我亦來追六月凉,憶昔好追涼,0.8403796294935053
我亦來追六月凉,且復過炎涼,0.8199583339467402
我亦來追六月凉,鑑湖五月涼,0.809052714104459
我亦來追六月凉,頻傷八月來,0.8094905989543248
老子平生殊不淺,甚愧丈人厚,0.8010829733428131
老子平生殊不淺,生平老耽酒,0.8252856812564262
老子平生殊不淺,人生交契無老少,0.8056202176634573
老子平生殊不淺,老夫生平好奇古,0.8511761195519373
老子平生殊不淺,不恨我衰子貴時,0.8056432096175742
老子平生殊不淺,若負平生志,0.813177433517982
老子平生殊不淺,達生豈是足,0.8056742869211606
老子平生殊不淺,平生懶拙意,0.8473582202875374
老子平生殊不淺,此生那老蜀,0.82114152973227
老子平生殊不淺,深覺負平生,0.8376997387113568
老子平生殊不淺,平生意有餘,0.823742877039559
老子平生殊不淺,我今衰老才力薄,0.8115218270304017
老子平生殊不淺,平生躭勝事,0.810127464514997
老子平生殊不淺,書生道固殊,0.8143082836165504
老子平生殊不淺,賈傅才未有,0.8017903689915434
諸君少住對胡床,看君話王室,0.8075045243815219
諸君少住對胡床,堅坐看君傾,0.8040287264969945
大旆重來一日新,一日過海收風帆,0.8073731441748188
大旆重來一日新,枉沐旌麾出城府,0.8449397199854616
大旆重來一日新,大官喜我來,0.8016338887225032
大旆重來一日新,舊日重陽日,0.8060419126064071
大旆重來一日新,昨日晚晴今日黑,0.8026667874623605
箇中餘刃亦精神,詩成覺有神,0.8064731762250702
箇中餘刃亦精神,詩應有神助,0.8062731467006528
箇中餘刃亦精神,書貴瘦硬方通神,0.8054974937931947
箇中餘刃亦精神,應接喪精神,0.8031793447406063
重山複水繞深幽,繚以周牆百餘里,0.8059785348008628
重山複水繞深幽,崇岡相枕帶,0.8251159078562208
重山複水繞深幽,雲山紫邏深,0.8012279048524902
重山複水繞深幽,山稠隘石泉,0.8437462790611019
重山複水繞深幽,遠川曲通流,0.8087734026913463
重山複水繞深幽,連山抱西南,0.8021320216970592
重山複水繞深幽,徑石相縈帶,0.8039613955329326
重山複水繞深幽,寺下春江深不流,0.8042395539000693
重山複水繞深幽,梯逕繞幽深,0.8502367257166028
重山複水繞深幽,樹密當山徑,0.8096942062028272
重山複水繞深幽,閭閻繚繞接山巔,0.8154632109793523
重山複水繞深幽,山深水增波,0.8156867089224739
重山複水繞深幽,深山窮谷不可處,0.8098479002553371
重山複水繞深幽,深峽轉修聳,0.8295087341834908
重山複水繞深幽,峻岸復萬尋,0.8114518111794378
重山複水繞深幽,徑隱千重石,0.8184233942088452
重山複水繞深幽,峰巒窈窕溪谷黑,0.803857822998028
重山複水繞深幽,江漢山重阻,0.8345606470551041
不見高賢獨倚樓,獨立蒼茫自咏詩,0.8018793037261094
不見高賢獨倚樓,高視見霸王,0.8181719867527848
不見高賢獨倚樓,暮倚高樓對雪峰,0.8036101489970993
不見高賢獨倚樓,百花高樓更可憐,0.8048866505662268
不見高賢獨倚樓,高枕對南樓,0.8073954002980676
不見高賢獨倚樓,行藏獨倚樓,0.8055857596678473
不見高賢獨倚樓,高樓思殺人,0.8264684171065515
不見高賢獨倚樓,不見高人王右丞,0.8052296267132346
不見高賢獨倚樓,無取愧高賢,0.8001428163754098
手拂壁間留恨句,詩卷長留天地間,0.816929819185808
手拂壁間留恨句,幾歲寄我空中書,0.8028383393752131
手拂壁間留恨句,更欲題詩滿青竹,0.8067109389828779
手拂壁間留恨句,篋中有舊筆,0.8167565188805317
手拂壁間留恨句,嚮者留遺恨,0.8022562799787094
凌波微步有人愁,杖藜徐步立芳洲,0.8070794776112102
江東湖北行畫圖,湖城城東一開眼,0.8137061000576433
江東湖北行畫圖,舍南舍北皆春水,0.8064709436409503
江東湖北行畫圖,綿州江水之東津,0.8143747717827519
江東湖北行畫圖,南江繞舍東,0.8281284782665959
江東湖北行畫圖,江北江南春冬花,0.8226985391062505
江東湖北行畫圖,山水之圖張賣時,0.8258906555600319
江東湖北行畫圖,昔獻書畫圖,0.808197941097107
江東湖北行畫圖,東屯大江北,0.8005849424015398
江東湖北行畫圖,湖南清絶地,0.8339303706073761
江東湖北行畫圖,湖南安背水,0.850616458530683
江東湖北行畫圖,南圖卷雲水,0.8057118451656939
鄂州南樓天下無,漢家山東二百州,0.8096421162056476
鄂州南樓天下無,秦州城北寺,0.8134290799640916
鄂州南樓天下無,綿州州府何磊落,0.8048890701787449
鄂州南樓天下無,曾城有高樓,0.8143832845158052
鄂州南樓天下無,閬州城東靈山白,0.84582833005398
鄂州南樓天下無,閬州城北玉臺碧,0.8536615258755373
鄂州南樓天下無,閬州城南天下稀,0.9098087670302393
鄂州南樓天下無,中有高唐天下無,0.8258720420708738
鄂州南樓天下無,西北樓成雄楚都,0.8313253969714792
鄂州南樓天下無,襄陽幕府天下異,0.8040521402933081
高明廣深勢抱合,廣深丈尺間,0.8055851623977588
高明廣深勢抱合,蟠據亦高大,0.8127525560673979
表裏江山來畫閣,樓閣倚山巓,0.8024798500472707
表裏江山來畫閣,圖畫在雲臺,0.813046623957661
表裏江山來畫閣,注目寒江倚山閣,0.8189207951309689
表裏江山來畫閣,飛閣卷簾圖畫裏,0.8713943114111581
表裏江山來畫閣,空山樓閣暮春光,0.8038294984294156
表裏江山來畫閣,松門似畫圖,0.8289889610709092
表裏江山來畫閣,籬中秀色畫屏舒,0.8088840153483798
表裏江山來畫閣,遠開山嶽散江湖,0.8209691065178844
表裏江山來畫閣,臺閣黄圖裏,0.8124016457521825
雪筵披襟夏簟寒,當暑著來清,0.8001441755539149
雪筵披襟夏簟寒,衣乾枕席清,0.8021293795672071
雪筵披襟夏簟寒,微冷先枕席,0.8065909317650803
雪筵披襟夏簟寒,御裌侵寒氣,0.8338148522630486
庾公風流冷似鐵,布衾多年冷似鐵,0.8232831288510385
誰其繼之方公悦,蔡侯静者意有餘,0.8009796648586636
誰其繼之方公悦,誰繼方隅理,0.822088279505777
誰其繼之方公悦,爾之高祖母,0.8014096416019102
峥嶸已介季氏甲,敝裘蘇季子,0.8016197618482346
更以黄金飾兩戈,百金裝刀頭,0.804965422551281
更以黄金飾兩戈,不要懸黄金,0.8210711607549668
更以黄金飾兩戈,必脱黄金轡,0.8258500330207965
雖有英心甘鬬死,有儒愁餓死,0.8125101405164081
雖有英心甘鬬死,心死著寒灰,0.8027831085795807
雖有英心甘鬬死,君今生死地,0.8000564458162492
雖有英心甘鬬死,冥心若死灰,0.8000706512805627
雖有英心甘鬬死,不才甘朽質,0.8282704840803345
雖有英心甘鬬死,猶傷半死心,0.8134566055359365
其如紀渻木雞何,狐狸奈若何,0.8029001174674882
衡門低首過,出門搔白首,0.8232849449304305
衡門低首過,高門薊子過,0.806175720207689
