황정견,두보,코사인 유사도
紫冠黄鈿網絲窠,青絲絡頭爲君老,0.8242969054774258
紫冠黄鈿網絲窠,越羅蜀錦金粟尺,0.8093342554562342
紫冠黄鈿網絲窠,蹙金孔雀銀麒麟,0.8141564358659059
紫冠黄鈿網絲窠,絲麻雜羅紈,0.8162790561929878
蝶繞蜂圍柰晚何,樹蜜早蜂亂,0.8111353055586678
二叟家居如避世,宅舍如荒村,0.8025499362573271
二叟家居如避世,貧居類村塢,0.8435964986259128
二叟家居如避世,棄絶蓬室居,0.8056301649830586
二叟家居如避世,舉家隱鹿門,0.819436262277574
二叟家居如避世,陶潛避俗翁,0.8311151016104614
二叟家居如避世,東郭老人住青丘,0.8240493784108979
開門自少俗人過,出師亦多門,0.8218454100561192
開門自少俗人過,出門無所待,0.8071630803912502
開門自少俗人過,村中好客稀,0.8148672649994912
開門自少俗人過,客至從嗔不出迎,0.8202906834509232
開門自少俗人過,吏人橋外少,0.8061232000615031
開門自少俗人過,居人門未開,0.8152896676435641
開門自少俗人過,門庭畏客頻,0.8184782828789181
開門自少俗人過,村僻來人少,0.8423076664587442
開門自少俗人過,郊扉俗遠長幽寂,0.8053394821377637
開門自少俗人過,客居逢自出,0.8347143214653013
誰能鐵裏鬬錚錚,今許鉛鐵和青銅,0.822649085083395
誰能鐵裏鬬錚錚,錯揮鐵如意,0.8180435311122769
田多穀少無人會,黍地無人耕,0.8587409840114758
田多穀少無人會,逕轉山田熟,0.813712181888508
田多穀少無人會,耕巖非谷口,0.8153816591075658
田多穀少無人會,溪行盡日無村塢,0.8032300392649396
田多穀少無人會,有田種穀今流血,0.8165829448661358
田多穀少無人會,人少豺虎多,0.8119620640983072
田多穀少無人會,隴右河源不種田,0.8160738421658906
田多穀少無人會,山田麥無隴,0.8182595043181904
田多穀少無人會,山荒人民少,0.8483401214338353
田多穀少無人會,山田飯有沙,0.8184546361092033
田多穀少無人會,村僻來人少,0.8385994198916054
田郎杞菊荒三徑,南山豆苗早荒穢,0.8098942213747706
田郎杞菊荒三徑,時菊碎榛叢,0.8073148663031859
田郎杞菊荒三徑,只須伐竹開荒徑,0.813810489490491
田郎杞菊荒三徑,籬邊老却陶潛菊,0.8238546540022073
田郎杞菊荒三徑,藩籬生野徑,0.8017045818505948
田郎杞菊荒三徑,荒榛農復秋,0.8238150370884815
田郎杞菊荒三徑,年深荒草徑,0.81543182785684
文字時追二叟游,枚乘文章老,0.8087926562016237
文字時追二叟游,昔觀文苑傳,0.8052564392150074
文字時追二叟游,還披鮑謝文,0.8004445503909625
文字時追二叟游,時見文章士,0.8205226330094018
文字時追二叟游,文學與我游,0.8358679618015974
文字時追二叟游,宋公放逐曾題壁,0.8191370192190092
萬卷藏書多未見,幾歲寄我空中書,0.8014952644448875
萬卷藏書多未見,讀書破萬卷,0.8796589672740636
萬卷藏書多未見,自寄一封書,0.8088464826250885
萬卷藏書多未見,案頭乾死讀書螢,0.8042301684237685
萬卷藏書多未見,汝書猶在壁,0.8025713198849062
萬卷藏書多未見,藏書聞禹穴,0.8009099350386877
萬卷藏書多未見,未足臨書卷,0.8328565945980546
萬卷藏書多未見,讀書難字過,0.8190781415662143
萬卷藏書多未見,腹中書籍幽時曬,0.8026751478505858
萬卷藏書多未見,拾遺曾奏數行書,0.8081279626929105
萬卷藏書多未見,郎有焦校書,0.8130828650754164
萬卷藏書多未見,老妻書數紙,0.8306630078511295
萬卷藏書多未見,但見書畫傳,0.841666298632358
萬卷藏書多未見,漫卷詩書喜欲狂,0.8170455286392987
萬卷藏書多未見,讀書雲閣觀,0.8046368727451576
萬卷藏書多未見,男大卷書匀,0.8045746290262401
萬卷藏書多未見,篋中有舊筆,0.8010778276251521
萬卷藏書多未見,閲書百氏盡,0.815627719873872
萬卷藏書多未見,前後百卷文,0.8046165285433267
萬卷藏書多未見,不見秘書心若失,0.818645487728811
萬卷藏書多未見,及見秘書失心疾,0.8190883641019622
萬卷藏書多未見,經書滿腹中,0.8451458839570078
萬卷藏書多未見,群書一萬卷,0.8616219844384472
萬卷藏書多未見,群書萬卷常暗誦,0.8836660159805745
萬卷藏書多未見,年少今開萬卷餘,0.8448359062783226
萬卷藏書多未見,攤書解滿牀,0.8075537381742577
萬卷藏書多未見,念我能書數字至,0.8041063851914678
萬卷藏書多未見,篋書積諷諫,0.8033338072993137
老夫端擬乞荆州,每欲到荆州,0.8077509564335832
雨入紗窗風簸舡,露翻兼雨打,0.80751122021767
雨入紗窗風簸舡,風急打船頭,0.8081622678572755
雨入紗窗風簸舡,魚吹細浪摇歌扇,0.8159216446381297
雨入紗窗風簸舡,簷雨亂淋幔,0.8077641004957612
雨入紗窗風簸舡,頭風吹過雨,0.8213413296960216
雨入紗窗風簸舡,簷雨細隨風,0.8230282486038518
雨入紗窗風簸舡,天清風卷幔,0.8240934665542785
雨入紗窗風簸舡,風簾自上鈎,0.8113918438481463
雨入紗窗風簸舡,風幔不依樓,0.8069377008124268
雨入紗窗風簸舡,疏簾巧入坐人衣,0.8024290499279905
雨入紗窗風簸舡,筆架霑窗雨,0.8107247903983142
菊花過後早梅前,菊垂今秋花,0.8024538292555218
菊花過後早梅前,四月熟黄梅,0.843795136116981
菊花過後早梅前,只道梅花發,0.808286519761934
菊花過後早梅前,梅花交近野,0.8009809861684588
菊花過後早梅前,寒花開已盡,0.8375449332982404
菊花過後早梅前,林花落又開,0.8094776223274889
菊花過後早梅前,菊蕊淒疏放,0.8097035473983032
菊花過後早梅前,已映洲前蘆荻花,0.810754228999709
菊花過後早梅前,臘近已含春,0.8047587808570686
菊花過後早梅前,山意衝寒欲放梅,0.8041485433454458
菊花過後早梅前,梅蕊臘前破,0.8771470808084617
菊花過後早梅前,梅花年後多,0.8440120042367204
菊花過後早梅前,梅杏半傳黄,0.8229448998512316
菊花過後早梅前,夜雪鞏梅春,0.8094451515280272
菊花過後早梅前,菊花從此不須開,0.8338231587895011
菊花過後早梅前,江縣紅梅已放春,0.8635280246528219
菊花過後早梅前,雪岸叢梅發,0.8239746726389274
菊花過後早梅前,落花時節又逢君,0.8204341144996206
錦江春色薰人醉,九重春色醉仙桃,0.817709322697278
錦江春色薰人醉,暫醉佳人錦瑟傍,0.8277007283340605
錦江春色薰人醉,無賴春色到江亭,0.818008555909319
錦江春色薰人醉,愁殺錦城人,0.8029014106615842
錦江春色薰人醉,錦江春色來天地,0.8550606556745444
錦江春色薰人醉,春風花草香,0.8110280154368141
錦江春色薰人醉,錦江春色逐人來,0.9075897930408439
錦江春色薰人醉,春城雨色動微寒,0.8050430514520203
錦江春色薰人醉,江湖春欲暮,0.8147224145276853
錦江春色薰人醉,綵服暮春宜,0.8051430499752994
錦江春色薰人醉,湖色春光淨客船,0.8185806040205393
錦江春色薰人醉,錦里春光空爛熳,0.8216226814198168
錦江春色薰人醉,江南日色薰,0.8316816139782947
也到壺公小隱天,處處識壺公,0.8155873807307055
卷沙成浪北風顛,風磴吹陰雪,0.8083434738939781
卷沙成浪北風顛,輕風生浪遲,0.826528553333352
卷沙成浪北風顛,幔卷浪花浮,0.8207911631292332
卷沙成浪北風顛,惡風白浪何嗟及,0.8310111922897768
卷沙成浪北風顛,騣尾蕭梢朔風起,0.8474976925946558
卷沙成浪北風顛,疾風高岡裂,0.8414683639128483
卷沙成浪北風顛,急雪舞迴風,0.8250921497782071
卷沙成浪北風顛,東風吹春冰,0.8071467120961461
卷沙成浪北風顛,海圖拆波濤,0.8009154756070774
卷沙成浪北風顛,曉來急雨春風顛,0.814487709487946
卷沙成浪北風顛,疾風吹塵暗河縣,0.8230021105732876
卷沙成浪北風顛,北風起寒文,0.8057134296423303
卷沙成浪北風顛,何曾風浪生,0.8112939905248042
卷沙成浪北風顛,長淮浪高蛟龍怒,0.8090260210311797
卷沙成浪北風顛,長風中怒號,0.8052097071690447
卷沙成浪北風顛,長風駕高浪,0.8298892874337351
卷沙成浪北風顛,頭風吹過雨,0.8039959883616592
卷沙成浪北風顛,顛狂柳絮隨風舞,0.8143446682420579
卷沙成浪北風顛,高浪蹴天浮,0.8033058392442913
卷沙成浪北風顛,東南飄風動地至,0.8285807277447128
卷沙成浪北風顛,沙岸風吹葉,0.8197036303349884
卷沙成浪北風顛,迴風颯颯吹沙塵,0.8154343011407488
卷沙成浪北風顛,浪簸船應坼,0.8101508241537898
卷沙成浪北風顛,高浪垂翻屋,0.8396488995672788
卷沙成浪北風顛,狂風太放顛,0.8553658821042138
卷沙成浪北風顛,洪濤滔天風拔木,0.8097768402392125
卷沙成浪北風顛,卷幔逐回灘,0.8216234722198958
卷沙成浪北風顛,風吹巨焰作,0.8133114906437564
卷沙成浪北風顛,黄屋朔風卷,0.8485397605203107
卷沙成浪北風顛,浪翻江黑雨飛初,0.8270411670517033
卷沙成浪北風顛,翻風轉日木怒號,0.8392043590791246
卷沙成浪北風顛,江濤簸岸黄沙走,0.866290779053664
卷沙成浪北風顛,逆浪開帆難,0.8123458081201449
卷沙成浪北風顛,岸風翻夕浪,0.8491254806076548
卷沙成浪北風顛,楚岸朔風疾,0.8293801758666595
卷沙成浪北風顛,逆行波浪慳,0.8022401372863714
卷沙成浪北風顛,風濤上春沙,0.8583862148249173
卷沙成浪北風顛,北風破南極,0.8010563611791577
卷沙成浪北風顛,北雪犯長沙,0.8172903068585256
卷沙成浪北風顛,破浪南風正,0.8782844059109072
卷沙成浪北風顛,浦浪已吹衣,0.8281679577763565
匝岸水居皆有酒,江邊地有主,0.8171449445715815
行人得意買江天,恣意向江天,0.8322493296371216
仁氣已蒸全楚盡,炎天避鬱蒸,0.8123883691741932
仁氣已蒸全楚盡,南陽氣已新,0.8028405774947172
仁氣已蒸全楚盡,殺氣薄炎熾,0.8057043707422231
仁氣已蒸全楚盡,園陵殺氣平,0.819409112456813
仁氣已蒸全楚盡,五嶺炎蒸地,0.8093102654612638
仁氣已蒸全楚盡,霸氣西南歇,0.8190069897270309
仁氣已蒸全楚盡,興王會静妖氛氣,0.8041807311165797
仁氣已蒸全楚盡,秋來尚鬱蒸,0.8212881148627311
仁氣已蒸全楚盡,首夏何須氣鬱蒸,0.8396768232455418
仁氣已蒸全楚盡,地蒸南風盛,0.8056975521398932
仁氣已蒸全楚盡,蒸池疫癘偏,0.8235252241272905
争春梅柳無三月,四月熟黄梅,0.8187486111980429
争春梅柳無三月,三月桃花浪,0.8026738188806577
争春梅柳無三月,已度立春時,0.8028323083409885
争春梅柳無三月,去年梅柳意,0.8193618177427026
争春梅柳無三月,天邊梅柳樹,0.8006094451830374
争春梅柳無三月,江縣紅梅已放春,0.8487469211089509
對雪樽罍屬二天,座對賢人酒,0.8275043990174729
對雪樽罍屬二天,佐酒望雲亭,0.810637704538768
對雪樽罍屬二天,緑樽須盡日,0.8135108933171888
對雪樽罍屬二天,對酒滿壺頻,0.8249051082558864
對雪樽罍屬二天,洗盞開嘗對馬軍,0.8140366275164551
對雪樽罍屬二天,清樽幸不空,0.8124828347448991
對雪樽罍屬二天,把臂開樽飲我酒,0.8265548605881959
對雪樽罍屬二天,纔傾一盞卽醺人,0.8270338116241023
對雪樽罍屬二天,重陽獨酌杯中酒,0.8048540329418201
對雪樽罍屬二天,潦倒新亭濁酒杯,0.8019853094846889
對雪樽罍屬二天,相對酒開顔,0.8142565044253646
對雪樽罍屬二天,氣若酣杯酒,0.8135344246114837
梅蕊争先公不嗔,不問緑李與黄梅,0.8049116801441625
梅蕊争先公不嗔,斬新花蕊未應飛,0.812145155782363
梅蕊争先公不嗔,只道梅花發,0.8188783055107254
梅蕊争先公不嗔,梅花欲開不自覺,0.842734855706515
梅蕊争先公不嗔,未將梅蕊驚愁眼,0.8295274372250561
梅蕊争先公不嗔,山意衝寒欲放梅,0.8079024343894431
梅蕊争先公不嗔,梅蕊臘前破,0.8264451972840061
梅蕊争先公不嗔,巡簷索共梅花笑,0.8042463868750922
梅蕊争先公不嗔,春寒花較遲,0.8089317035640007
梅蕊争先公不嗔,江縣紅梅已放春,0.8108788877606083
梅蕊争先公不嗔,叢花笑不來,0.8015933000821756
梅蕊争先公不嗔,風妬紅花却倒吹,0.8084856014434303
知公家有似梅人,蔡侯静者意有餘,0.8071929551765079
知公家有似梅人,甚知丈人真,0.8102456028469522
知公家有似梅人,故獨寫真傳世人,0.8025361069802048
知公家有似梅人,鄧公馬癖人共知,0.8297645695145792
知公家有似梅人,吾舅政如此,0.8062193529724215
知公家有似梅人,我本良家子,0.8036995234308605
知公家有似梅人,人憐漢公主,0.8042656983460349
知公家有似梅人,山中儒生舊相識,0.8073703448451018
知公家有似梅人,似君須向古人求,0.8015340069609646
知公家有似梅人,近時郭家獅子花,0.8156694814093877
知公家有似梅人,賢者是兄愚者弟,0.8059119376770199
知公家有似梅人,諸葛蜀人愛,0.8057268722469103
知公家有似梅人,似聞昨者赤松子,0.8038039200659803
知公家有似梅人,唯君最愛清狂客,0.8101254310466948
知公家有似梅人,梁公曾孫我姨弟,0.8033563343450556
知公家有似梅人,吾人詩家秀,0.8302048929032482
知公家有似梅人,昔有佳人公孫氏,0.843136163512638
何時各得自由去,自然棄擲與時異,0.8004895990908116
何時各得自由去,放意何自若,0.8069121564516286
何時各得自由去,鳴艣各有適,0.8023485539565274
何時各得自由去,乘時各有人,0.8019904713782141
相逐揚州作好春,春前爲送浣花村,0.8318980870032373
相逐揚州作好春,恰似春風相欺得,0.8112871290456507
相逐揚州作好春,青春作伴好還鄉,0.835517955902646
相逐揚州作好春,錦江春色逐人來,0.8301338617304115
相逐揚州作好春,湖南爲客動經春,0.8113031087272373
折得寒香不露機,竹枝霜不蕃,0.8075015756633488
折得寒香不露機,寒花只暫香,0.811410807366682
折得寒香不露機,不道含香賤,0.8049640483565352
折得寒香不露機,冷蕊疏枝半不禁,0.800945504333653
小窗斜日兩三枝,竹日斜虚寢,0.800516173073881
羅帷翠幕深調護,曲江翠幙排銀牓,0.8216021303510892
羅帷翠幕深調護,就中雲幕椒房親,0.8109292000652122
羅帷翠幕深調護,高蘿成帷幄,0.8053780003252453
羅帷翠幕深調護,新掩卷牙重,0.8047743249024544
羅帷翠幕深調護,宫簾翡翠虚,0.850776012361839
羅帷翠幕深調護,燕舞翠帷塵,0.8241058025469811
羅帷翠幕深調護,帟幕旋風燕,0.8065408285222463
已被游蜂聖得知,花底山蜂遠趁人,0.8226551242910759
已被游蜂聖得知,却怕有人知,0.8171966320586386
水沉爲骨玉爲肌,秋水爲神玉爲骨,0.9320900055374468
水沉爲骨玉爲肌,乞爲寒水玉,0.8335737005679167
水沉爲骨玉爲肌,肌膚潛沃若,0.812171075796616
水沉爲骨玉爲肌,鏤骨抱酸辛,0.8055794407316622
水沉爲骨玉爲肌,没齒埋冰炭,0.8170049014935031
暗香已壓酴醿倒,風妬紅花却倒吹,0.8134422569142046
只比寒梅無好枝,寒城菊自花,0.8115857596383442
只比寒梅無好枝,只道梅花發,0.8175744639810634
只比寒梅無好枝,寒花只暫香,0.8291581821409909
只比寒梅無好枝,可憐先不異枝蔓,0.8047107834357403
只比寒梅無好枝,梅花滿枝堪斷腸,0.8010479494377569
轐告铅甚辈濇槂,除道哂要章,0.8072371769134101
轐告铅甚辈濇槂,書貴瘦硬方通神,0.8157826232448757
凌波仙子生塵襪,玉袖凌風並,0.8199870537168957
凌波仙子生塵襪,姹女凌波日,0.8149923648837987
凌波仙子生塵襪,飄颻若埃塵,0.8065652815246688
凌波仙子生塵襪,徐飛錫杖出風塵,0.8032322271765642
水上輕盈步微月,曳月揚微風,0.8177734727298032
水上輕盈步微月,步履宜輕過,0.8060426278199938
是誰招此斷腸魂,招得幾時魂,0.8527496326597253
是誰招此斷腸魂,應有未招魂,0.829709360195533
是誰招此斷腸魂,老魂招不得,0.8211634270527078
是誰招此斷腸魂,難招病客魂,0.8480041589230333
是誰招此斷腸魂,難招楚客魂,0.8521887289465553
是誰招此斷腸魂,梅花滿枝堪斷腸,0.8008386069470506
種作寒花寄愁絶,江花結子也無多,0.8084293201529205
種作寒花寄愁絶,却寄雙愁眼,0.8029052541745252
種作寒花寄愁絶,梅花滿枝堪斷腸,0.8023366378389376
含香體素欲傾城,丁香體柔弱,0.8052994180751674
含香體素欲傾城,不道含香賤,0.8203811799337433
含香體素欲傾城,馨香粉署妍,0.811109406642144
山礬是弟梅是兄,憐君如弟兄,0.8382669440219562
山礬是弟梅是兄,岑參兄弟皆好奇,0.8216425349056748
山礬是弟梅是兄,汝與山東李白好,0.8050382764999304
山礬是弟梅是兄,有弟有弟在遠方,0.8097729439043924
山礬是弟梅是兄,故鄉有弟妹,0.8180969846241168
山礬是弟梅是兄,不是無兄弟,0.8809424994220103
山礬是弟梅是兄,兩弟亦山東,0.8258103274897288
山礬是弟梅是兄,賢者是兄愚者弟,0.8449807949552972
山礬是弟梅是兄,吾兄吾兄巢許倫,0.8199911582195432
山礬是弟梅是兄,谷口子真正憶汝,0.8170841982577903
山礬是弟梅是兄,孟氏好兄弟,0.8527388598848327
山礬是弟梅是兄,梁公曾孫我姨弟,0.8083728890741662
山礬是弟梅是兄,今者兄弟一百人,0.805170368491998
山礬是弟梅是兄,弟子四五人,0.8084603936178942
山礬是弟梅是兄,實維親弟昆,0.8033248591790028
山礬是弟梅是兄,介立實吾弟,0.8051168549309956
坐對真成被花惱,江上被花惱不徹,0.8088243560164157
出門一笑大江横,束帶發狂欲大叫,0.8103030046197337
出門一笑大江横,一夫怒臨關,0.8019406648256726
出門一笑大江横,長嘯下荆門,0.8164874758498147
出門一笑大江横,揮淚臨大江,0.8211567906285278
出門一笑大江横,日暮東臨大江哭,0.8378037707384077
出門一笑大江横,晚來江門失大木,0.8119981669676599
折送南園栗玉花,來把菊花枝,0.8013864196812188
折送南園栗玉花,夜來吹折數枝花,0.8155104941986872
折送南園栗玉花,香傳小樹花,0.8015981920045828
折送南園栗玉花,花開滿故枝,0.8187204763320828
折送南園栗玉花,梅蕊臘前破,0.8139878381286876
折送南園栗玉花,雪籬梅可折,0.8024360162100999
折送南園栗玉花,江縣紅梅已放春,0.8011301672480912
折送南園栗玉花,梅花滿枝堪斷腸,0.8170865976501465
何時持上玉宸殿,中間謁紫宸,0.8894492818496841
何時持上玉宸殿,宫女開函捧御筵,0.8307475624653178
何時持上玉宸殿,曉漏追趨青瑣闥,0.818557987076503
何時持上玉宸殿,同輦隨君侍君側,0.8180396995597494
何時持上玉宸殿,奉辭還杖策,0.8062947632578177
何時持上玉宸殿,一命侍鸞輿,0.8170348919111627
何時持上玉宸殿,詔書引上殿,0.8414311033096924
何時持上玉宸殿,當時侍金輿,0.8642374142015945
何時持上玉宸殿,仙仗離丹極,0.8050097480850176
何時持上玉宸殿,又下聖明朝,0.800629478314656
何時持上玉宸殿,歸家初散紫宸朝,0.8577255050125443
何時持上玉宸殿,朝朝染翰侍君王,0.8255797182404606
何時持上玉宸殿,玉階仙仗擁千官,0.8431743062677449
何時持上玉宸殿,侍臣緩步歸青瑣,0.8001351253971725
何時持上玉宸殿,雙瞻御座引朝儀,0.8064591393120925
何時持上玉宸殿,詔從三殿去,0.8409426738146379
何時持上玉宸殿,何時詔此金錢會,0.8421892822710773
何時持上玉宸殿,聯步趨丹陛,0.8168669887183031
何時持上玉宸殿,詔許辭中禁,0.8260796212189802
何時持上玉宸殿,去歲兹晨捧御牀,0.8241077218521483
何時持上玉宸殿,去年今日侍龍顔,0.8180440701469013
何時持上玉宸殿,鶴駕通宵鳳輦備,0.8058108426674756
何時持上玉宸殿,奉詔發金微,0.8449451422860629
何時持上玉宸殿,聞道蓬萊殿,0.8000013814303117
何時持上玉宸殿,持汝奉明王,0.8051372809929286
何時持上玉宸殿,憶昨趨行殿,0.8052981338032139
何時持上玉宸殿,當時上紫殿,0.9162192515358247
何時持上玉宸殿,嘗聞蓬萊殿,0.8001410905978414
何時持上玉宸殿,繡衣春當霄漢立,0.8067937237072472
何時持上玉宸殿,退朝擎出大明宫,0.8631189053458339
何時持上玉宸殿,把詔紫微天,0.8457632034773854
何時持上玉宸殿,早發雲臺仗,0.8192137176617038
何時持上玉宸殿,上帝高居絳節朝,0.8493799457880826
何時持上玉宸殿,承恩數上南薰殿,0.8544239337012667
何時持上玉宸殿,玉花却在御榻上,0.8098213359621033
何時持上玉宸殿,宫中聖人奏雲門,0.8054870513618654
何時持上玉宸殿,憶獻三賦蓬萊宫,0.821915959923945
何時持上玉宸殿,萬一皇恩下玉墀,0.8399685292822452
何時持上玉宸殿,獻書謁皇帝,0.8270350410420872
何時持上玉宸殿,膳夫翊堂殿,0.801998874326711
何時持上玉宸殿,朝傍紫微垣,0.8275507977777898
何時持上玉宸殿,上君白玉堂,0.8152843212707466
何時持上玉宸殿,登階捧玉册,0.8312547071669274
何時持上玉宸殿,扈蹕上元初,0.8200499952886349
何時持上玉宸殿,承露金莖霄漢間,0.8032306092613719
何時持上玉宸殿,幾回青瑣點朝班,0.8002493647062594
何時持上玉宸殿,承露金莖霄漢間,0.8032306092613719
何時持上玉宸殿,幾回青瑣點朝班,0.8002493647062594
何時持上玉宸殿,玉京群帝集北斗,0.8308192982316761
何時持上玉宸殿,獨當省署開文苑,0.8101144745509892
何時持上玉宸殿,草奏何時入帝鄉,0.8255305361266346
何時持上玉宸殿,何時降璽書,0.8164209215564693
何時持上玉宸殿,紫殿九華燈,0.8276958781960932
何時持上玉宸殿,如臨獻寶宫,0.8105657529350387
何時持上玉宸殿,蓬萊殿前諸主將,0.810964640273333
何時持上玉宸殿,鳴玉朝來散紫宸,0.869853589386332
何時持上玉宸殿,衣冠拜紫宸,0.8226349202935419
何時持上玉宸殿,王春度玉墀,0.8112862431964459
何時持上玉宸殿,分日侍諸王,0.803563319980646
何時持上玉宸殿,亦上赤霄行,0.8007550637784122
何時持上玉宸殿,聖朝光御極,0.8093846664428185
何時持上玉宸殿,瑶墀侍臣已冥寞,0.812559414676127
何時持上玉宸殿,來簪御府筆,0.8325507647806148
簸舡綪纜北風嗔,輕風生浪遲,0.8326169218416604
簸舡綪纜北風嗔,風急打船頭,0.801302340829708
簸舡綪纜北風嗔,騣尾蕭梢朔風起,0.8072343146941082
簸舡綪纜北風嗔,急雪舞迴風,0.8231520191484237
簸舡綪纜北風嗔,曉來急雨春風顛,0.8167816300571066
簸舡綪纜北風嗔,顛狂柳絮隨風舞,0.8003167605719087
簸舡綪纜北風嗔,來衝風飇急,0.8196862111789651
簸舡綪纜北風嗔,浪簸船應坼,0.8430562552077023
簸舡綪纜北風嗔,狂風太放顛,0.8317601572290014
簸舡綪纜北風嗔,卷幔逐回灘,0.8046523023283384
簸舡綪纜北風嗔,欹帆側舵入波濤,0.8194826226833508
簸舡綪纜北風嗔,翻風轉日木怒號,0.8143628854669198
簸舡綪纜北風嗔,江風亦自波,0.8017297611848362
簸舡綪纜北風嗔,江濤簸岸黄沙走,0.8060997080573944
簸舡綪纜北風嗔,洪河怒濤過輕舸,0.8026893412349045
簸舡綪纜北風嗔,江月辭風纜,0.8246969353999178
簸舡綪纜北風嗔,逆浪開帆難,0.8591151285376661
簸舡綪纜北風嗔,岸風翻夕浪,0.8074720644227622
簸舡綪纜北風嗔,楚岸朔風疾,0.8160219805081086
簸舡綪纜北風嗔,逆行波浪慳,0.8071113007609331
簸舡綪纜北風嗔,風濤上春沙,0.8073774383454506
簸舡綪纜北風嗔,風妬紅花却倒吹,0.8057973803200587
簸舡綪纜北風嗔,破浪南風正,0.8533731785789116
霜落千林憔悴人,千村萬落生荆杞,0.840098978069554
霜落千林憔悴人,江頭赤葉楓愁客,0.8060035541073964
霜落千林憔悴人,背日丹楓萬木稠,0.8061828737897818
霜落千林憔悴人,楓丹不爲霜,0.8099258305025017
霜落千林憔悴人,玉露凋傷楓樹林,0.8658133462917605
霜落千林憔悴人,清秋草木黄,0.8205428321578714
霜落千林憔悴人,平原獨憔悴,0.8088293997938225
霜落千林憔悴人,江山憔悴人,0.8354764708531652
霜落千林憔悴人,寒風疏草木,0.8088500148843086
霜落千林憔悴人,黄落驚山樹,0.8396086626266264
霜落千林憔悴人,霜黄碧梧白鶴棲,0.8098014011204913
霜落千林憔悴人,寒山落桂林,0.8155945755086779
霜落千林憔悴人,清霜洞庭葉,0.8099847454661684
欲問江南近消息,問訊東橋竹,0.8042734685673852
欲問江南近消息,因君問消息,0.8716023571473224
欲問江南近消息,數州消息斷,0.856464837906322
欲問江南近消息,寄書問三川,0.807478844455995
欲問江南近消息,今日知消息,0.8078921299952602
欲問江南近消息,東西消息稀,0.848133218274703
欲問江南近消息,借問新安吏,0.8173007052824646
欲問江南近消息,借問潼關吏,0.8029773411480308
欲問江南近消息,欲問平安無使來,0.8294074521627991
欲問江南近消息,忽得炎州信,0.8023838835963981
欲問江南近消息,秦中驛使無消息,0.8419887054486968
欲問江南近消息,中巴不得消息好,0.803602774536276
欲問江南近消息,無家問消息,0.8520146150925413
欲問江南近消息,京華消息遲,0.8036713511372048
欲問江南近消息,問罪消息真,0.8074253224712142
喜君貽我一枝春,難得一枝來,0.8136765238454032
探請東皇第一機,射策君門期第一,0.8031045763079829
探請東皇第一機,正直元因造化功,0.8079505568997505
水邊風日笑横枝,榿林礙日吟風葉,0.8015911578994741
鴛鴦浮弄嬋娟影,娟娟花蕊紅,0.8047469068709383
鴛鴦浮弄嬋娟影,鴛鴦不獨宿,0.803451218601694
鴛鴦浮弄嬋娟影,莫學野鴛鴦,0.800796904999951
鴛鴦浮弄嬋娟影,江檻俯鴛鴦,0.8143613848366185
鴛鴦浮弄嬋娟影,沙煖睡鴛鴦,0.8315646012739861
鴛鴦浮弄嬋娟影,坐觸鴛鴦起,0.8144698405557415
鴛鴦浮弄嬋娟影,石瀨月娟娟,0.8022758806019411
鴛鴦浮弄嬋娟影,野鷺宿娟娟,0.839093500911839
鴛鴦浮弄嬋娟影,娟娟戲蝶過閒幔,0.8201696403170062
白鷺窺魚凝不知,河間雙白鷗,0.8212531610205833
白鷺窺魚凝不知,水深魚知聚,0.8356961523368514
白鷺窺魚凝不知,鸕鷀窺淺井,0.8151122599911945
白鷺窺魚凝不知,浦鷗防碎首,0.8250530656434105
白鷺窺魚凝不知,漁人網集澄潭下,0.8065753953615336
白鷺窺魚凝不知,白鷗元水宿,0.8001211615044446
白鷺窺魚凝不知,沙上鳧雛傍母眠,0.8160323002117387
白鷺窺魚凝不知,宿鷺起圓沙,0.8356450034621559
白鷺窺魚凝不知,寒魚依密藻,0.8077136673560597
白鷺窺魚凝不知,浴鳧飛鷺晚悠悠,0.8165419068458333
白鷺窺魚凝不知,狎鷗輕白浪,0.807547759716106
白鷺窺魚凝不知,水雞銜魚來去飛,0.808077850670662
白鷺窺魚凝不知,遠鷗浮水静,0.8032874037025051
白鷺窺魚凝不知,江渚翻鷗戲,0.8086222363405788
白鷺窺魚凝不知,鈎簾宿鷺起,0.8205301592637209
白鷺窺魚凝不知,沙頭宿鷺聯拳静,0.8342407679799796
白鷺窺魚凝不知,江浦寒鷗戲,0.8177898627941355
白鷺窺魚凝不知,寒空見鴛鷺,0.8389528673756496
白鷺窺魚凝不知,渚清沙白鳥飛迴,0.8170941413281825
白鷺窺魚凝不知,沙鷗並一雙,0.8068905733303549
白鷺窺魚凝不知,一雙白魚不受釣,0.8262530098667464
白鷺窺魚凝不知,野静白鷗來,0.82198742564101
白鷺窺魚凝不知,江晚白鷗飢,0.8212710191028794
白鷺窺魚凝不知,潛魚不銜鈎,0.8280028714538463
得水能仙天與奇,氣得神仙迥,0.8105372775064553
得水能仙天與奇,詩興不無神,0.8043475864388221
得水能仙天與奇,能詩何水曹,0.8229603062410527
得水能仙天與奇,畫工如山貌不同,0.8047318222323137
得水能仙天與奇,吾子得神仙,0.8059513500119782
得水能仙天與奇,自非得神仙,0.8360046911286309
得水能仙天與奇,神仙中人不易得,0.8244616680203909
寒香寂寞動冰肌,心死著寒灰,0.8012556259239184
寒香寂寞動冰肌,冥寞憐香骨,0.847315081724376
寒香寂寞動冰肌,寒花只暫香,0.8026781131790646
寒香寂寞動冰肌,形神寂寞甘辛苦,0.8000240177145986
寒香寂寞動冰肌,北來肌骨苦寒侵,0.8136498157213223
寒香寂寞動冰肌,五月寒風冷佛骨,0.8097462002019586
仙風道骨今誰有,自是君身有仙骨,0.8456341435477995
仙風道骨今誰有,古來白骨無人收,0.8044315664489533
仙風道骨今誰有,其人骨已朽,0.821604557636669
仙風道骨今誰有,天下幾人畫古松,0.8015329437523806
仙風道骨今誰有,骨鯁絶代無,0.801970869021073
仙風道骨今誰有,君王舊跡今人賞,0.8005404502824416
仙風道骨今誰有,却嗟真骨遂虚傳,0.8127253594611529
仙風道骨今誰有,赤霄有真骨,0.8243122978811286
仙風道骨今誰有,青海今誰得,0.8083914889577859
仙風道骨今誰有,人傳有笙鶴,0.8206558774610697
仙風道骨今誰有,文采風流今尚存,0.8091245825533953
仙風道骨今誰有,質朴古人風,0.8206624330271528
仙風道骨今誰有,意氣今誰見,0.8148075614592969
淡掃蛾眉篸一枝,淡掃蛾眉朝至尊,0.8643837731393815
淡掃蛾眉篸一枝,曉妝隨手抹,0.8038626266458024
淡掃蛾眉篸一枝,狼籍畫眉闊,0.8106149242647347
淡掃蛾眉篸一枝,燭滅翠眉顰,0.8004057937881827
錢塘舊聞水仙廟,宋公舊池館,0.8292529470140153
錢塘舊聞水仙廟,飽聞經瞿塘,0.8080577831653017
錢塘舊聞水仙廟,江通神女館,0.8199413948907419
錢塘舊聞水仙廟,嘗聞蓬萊殿,0.8070091510075967
錢塘舊聞水仙廟,閬州城東靈山白,0.8184388647599377
錢塘舊聞水仙廟,南有漢王祠,0.8224136675798676
錢塘舊聞水仙廟,昔觀文苑傳,0.8044839310323515
錢塘舊聞水仙廟,曾聞宋玉宅,0.8389421336614464
錢塘舊聞水仙廟,聞説江陵府,0.8013601016754615
錢塘舊聞水仙廟,肅宗昔在靈武城,0.8193397467075729
錢塘舊聞水仙廟,昔聞洞庭水,0.8366815540836097
荆州今見水仙花,江妃水仙惜不得,0.8060065964373444
荆州今見水仙花,閬州城東靈山白,0.8217028708572756
荆州今見水仙花,閬州城北玉臺碧,0.80619455642776
荆州今見水仙花,閬州城南天下稀,0.8053733371792164
荆州今見水仙花,曾聞宋玉宅,0.8114959836930327
荆州今見水仙花,秦城老翁荆揚客,0.8031063084722561
暗香靚色撩詩句,題詩得秀句,0.8376896505151641
暗香靚色撩詩句,新詩句句好,0.8492376687261219
暗香靚色撩詩句,爲人性僻耽佳句,0.8057772587910806
暗香靚色撩詩句,賦詩新句穩,0.8168292439894471
暗香靚色撩詩句,清詩句句盡堪傳,0.827804520986269
暗香靚色撩詩句,江花冷色頻,0.8033588225960447
暗香靚色撩詩句,陶冶賴詩篇,0.8108684606150793
暗香靚色撩詩句,佳句染華箋,0.8302094387642551
暗香靚色撩詩句,馨香粉署妍,0.8122481138840298
暗香靚色撩詩句,吟詩正憶渠,0.8062907223108402
暗香靚色撩詩句,詩家秀句傳,0.803934016727587
宜在林逋處士家,山僧高下居,0.8262871632298823
宜在林逋處士家,處處識壺公,0.8051997208405415
宜在林逋處士家,處處隣家笛,0.807245617916142
宜在林逋處士家,可憐處處巢居室,0.8252603939135106
色深林表風霜下,石門霜露白,0.8147047638709954
色深林表風霜下,落木更高風,0.8007729191658752
色深林表風霜下,丹桂風霜急,0.8169796521522235
色深林表風霜下,千崖秋氣高,0.8260619797871982
色深林表風霜下,秋宿霜溪素月高,0.8171043815291601
色深林表風霜下,寒事颯高秋,0.8111997950358144
色深林表風霜下,老樹飽經霜,0.8189369724509206
色深林表風霜下,高風下木葉,0.8017836016507065
色深林表風霜下,露下天高秋水清,0.8170219401737542
色深林表風霜下,玉露凋傷楓樹林,0.8294176029359119
色深林表風霜下,園陵白露中,0.8023863589995006
色深林表風霜下,清秋草木黄,0.8201252592932812
色深林表風霜下,楓樹坐猿深,0.8461904802445261
色深林表風霜下,非關風露凋,0.8093796943610139
色深林表風霜下,霜黄碧梧白鶴棲,0.8180577366775599
色深林表風霜下,寒蟬碧樹秋,0.8169704137622062
書後合題三百顆,幾歲寄我空中書,0.8106313001584642
書後合題三百顆,書記赴三捷,0.8011819389314825
書後合題三百顆,家書抵萬金,0.8011313413750896
書後合題三百顆,拾遺曾奏數行書,0.8331207219532412
書後合題三百顆,前後緘書報,0.8173393118477179
書後合題三百顆,經書滿腹中,0.8001978045511575
書後合題三百顆,念我能書數字至,0.8000357500198418
頻隨驛使未應慳,黔陽信使應稀少,0.8146442029514138
頻隨驛使未應慳,巴西勅使稀,0.8015506127772144
頻隨驛使未應慳,蜀使忽傳亡,0.8022867473241382
八年今復會荆州,二年客東都,0.8108387795973939
八年今復會荆州,荆蠻去幾年,0.8341132263045086
八年今復會荆州,去年登高郪縣北,0.809520122841981
八年今復會荆州,今日重在涪江濱,0.8103938028441391
八年今復會荆州,况復荆州賞更新,0.816747721345298
八年今復會荆州,一年居梓州,0.8567780265219882
八年今復會荆州,今年思我來嘉州,0.8062805273359596
八年今復會荆州,十年别荒村,0.8125248314470126
八年今復會荆州,杭州定越州,0.835472127493718
八年今復會荆州,每欲到荆州,0.8098979025403268
八年今復會荆州,忽憶兩京全盛時,0.827929374591345
已回青眼追鴻翼,青冥却垂翅,0.8026188988720131
已回青眼追鴻翼,南圖迴羽翮,0.8070857168295784
肯使黄塵没馬頭,暮隨肥馬塵,0.8337830066686324
肯使黄塵没馬頭,塵埃不見咸陽橋,0.8035046814469532
肯使黄塵没馬頭,黄門飛鞚不動塵,0.806612725447426
肯使黄塵没馬頭,忍爲塵埃没,0.8629499287840763
肯使黄塵没馬頭,黄昏胡騎塵滿城,0.8113941722170595
肯使黄塵没馬頭,莫遣沙場匹馬還,0.8261600212645601
肯使黄塵没馬頭,辱馬馬毛焦,0.8037669212109246
肯使黄塵没馬頭,黄土污衣眼易眯,0.8025106415942052
肯使黄塵没馬頭,戰地有黄塵,0.8017158280472582
舊管新收幾粧鏡,曉妝隨手抹,0.8192171918292654
舊管新收幾粧鏡,面妝首飾雜啼痕,0.8112384262473086
舊管新收幾粧鏡,鏡奩换粉黛,0.8598475729208624
流行坎止一虚舟,近行止一身,0.8010925388884674
流行坎止一虚舟,行止復何有,0.8109715985254169
流行坎止一虚舟,方舟不用楫,0.8100046532701335
流行坎止一虚舟,萬斛之舟行若風,0.8029060659036276
流行坎止一虚舟,水中無行舟,0.8211296192859308
相看絶歎女博士,君不見徐卿二子生絶奇,0.8087443553017052
相看絶歎女博士,壯士血相視,0.8044023791057355
筆研管絃成古丘,煎膠續弦奇自見,0.8263480867835131
雨昏南浦曾相對,此時對雪遥相憶,0.8063533798686007
雪滿荆州喜再逢,蕃州積雪邊,0.8080403825623429
雪滿荆州喜再逢,水路疑霜雪,0.8077648033072925
有子才如不羈馬,長安壯兒不敢騎,0.8097979265948365
有子才如不羈馬,高生跨鞍馬,0.8090610354318103
有子才如不羈馬,天馬老能行,0.8150940535005744
有子才如不羈馬,老馬爲駒信不虚,0.806334165104285
有子才如不羈馬,别養驥子憐神駿,0.8088254384952596
有子才如不羈馬,士卒多騎内厩馬,0.8004540640153011
有子才如不羈馬,丈人駿馬名胡騮,0.808846961789802
有子才如不羈馬,能騎生馬駒,0.8088952180796667
有子才如不羈馬,駑馬若維縶,0.8064386325781565
有子才如不羈馬,君有長才不貧賤,0.8607193025091856
有子才如不羈馬,戎馬不如歸馬逸,0.8479923654962397
有子才如不羈馬,有能市駿骨,0.8019215095274567
有子才如不羈馬,中年胡馬驕,0.8101786389832113
有子才如不羈馬,吾孫騎曹不記馬,0.8005528869395956
有子才如不羈馬,才如伏波不得驕,0.8311775806139404
知公心是後凋松,自今已後知人意,0.8252584018406706
知公心是後凋松,寒松竟後凋,0.8312705963825604
知公心是後凋松,此生已愧須人扶,0.8109523986404727
閑尋書册應多味,應耽野趣長,0.8236997462132675
閑尋書册應多味,看題檢藥囊,0.8064192923861769
閑尋書册應多味,腹中書籍幽時曬,0.8153876102597225
閑尋書册應多味,色侵書帙晚,0.8064004577062124
閑尋書册應多味,攤書解滿牀,0.8095286815954783
老傍人門似更慵,我衰更懶拙,0.8042809807696414
老傍人門似更慵,懶慢無堪不出村,0.811896691932992
老傍人門似更慵,柴門老病身,0.8113036081790372
老傍人門似更慵,老恐失柴扉,0.8053413683751844
何日晴軒觀筆硯,乘興還來看藥欄,0.8122408192805864
何日晴軒觀筆硯,日日江樓坐翠微,0.8020953439156941
一樽相屬要從容,暫時相賞莫相違,0.8177005898797998
一樽相屬要從容,無路從容陪語笑,0.802739817683823
一樽相屬要從容,肯與鄰翁相對飲,0.806388756342626
一樽相屬要從容,一談一笑俗相看,0.812215352013669
小姬煖足卧,牀前兩小女,0.8085525887255743
小姬煖足卧,春光懶困倚微風,0.8079521612587663
小姬煖足卧,嬌兒惡卧踏裏裂,0.8331833545587597
小姬煖足卧,老夫卧穩朝慵起,0.8074211025719704
小姬煖足卧,小睡憑藤輪,0.8052298780159891
小姬煖足卧,吾兄睡穩方舒膝,0.8166778818890981
小姬煖足卧,日斜枕肘寢已熟,0.8180065853009164
小姬煖足卧,小奴縛雞向市賣,0.8023431819850271
或能起心兵,旁制山賊起,0.8314323724605075
或能起心兵,奇兵不在衆,0.8002812298971815
或能起心兵,兵氣恐不揚,0.8144136428978929
或能起心兵,況乃未休兵,0.8017910439004985
或能起心兵,忍能對面爲盗賊,0.8109836067044998
或能起心兵,兵殘將自疑,0.8156420194352894
或能起心兵,邊隅還用兵,0.8134396229281162
或能起心兵,翻然遠救朔方兵,0.8316558870009569
或能起心兵,猛士思滅胡,0.8076005258062917
或能起心兵,胡兵更陸梁,0.8029019469308851
或能起心兵,勢藉兵須用,0.8005553481085558
或能起心兵,無端盗賊起,0.8230765495825902
或能起心兵,願戒兵猶火,0.8256472383871531
或能起心兵,自胡之反持干戈,0.8219798901787168
或能起心兵,余病不能起,0.809910198944581
或能起心兵,豈惟偃甲兵,0.8040680792512986
或能起心兵,何時見息兵,0.809877665263145
千金買脚婆,未覺千金滿高價,0.8172704333660679
千金買脚婆,千金裝馬鞭,0.8147087546636052
千金買脚婆,百金裝刀頭,0.8120717695863744
千金買脚婆,家書抵萬金,0.8121357392206476
千金買脚婆,無錢卽買繫籬旁,0.8017746529302302
千金買脚婆,萬里須十金,0.8189736569226775
千金買脚婆,行李千金贈,0.8097465699495854
千金買脚婆,八分一字直百金,0.8011394744504942
千金買脚婆,拖玉腰金報主身,0.8261434659942781
千金買脚婆,三寸如黄金,0.8093262118900141
千金買脚婆,黄金且休擲,0.8157441098591196
夜夜睡天明,聽詩静夜分,0.8052354225002052
夜夜睡天明,醉歸應犯夜,0.8371673512505419
夜夜睡天明,夜闌更秉燭,0.8202621220570354
夜夜睡天明,不夜月臨關,0.8227378478439156
夜夜睡天明,鄰火夜深明,0.8151510458918616
夜夜睡天明,昨夜月同行,0.8070475791533112
夜夜睡天明,夜深露氣清,0.8271632345209543
夜夜睡天明,風燈照夜欲三更,0.8051821590590482
夜夜睡天明,匣琴虚夜夜,0.8193793936086923
夜夜睡天明,不獨夜短晝分眠,0.8272493199900546
夜夜睡天明,夜久燭花偏,0.8429480413130528
夜夜睡天明,昨夜月清圓,0.8452847701230984
夜夜睡天明,秋天昨夜涼,0.8157263331275995
脚婆元不食,脣焦口燥呼不得,0.8028999040444408
纏裹一衲足,妻子衣百結,0.8012878712332683
天明更傾瀉,中天懸明月,0.8047885605106
天明更傾瀉,但恐天河落,0.8023828569008036
天明更傾瀉,露下天高秋水清,0.8007577794507987
頮面有餘燠,餘熱亦已末,0.8102832145184307
頮面有餘燠,冒暑初有適,0.8033328410948014
匏懸籬落鴉窺井,侵籬澗水懸,0.8072755973857206
匏懸籬落鴉窺井,鑿井交椶葉,0.8114496655422813
匏懸籬落鴉窺井,疏籬野蔓懸,0.8167670891738781
匏懸籬落鴉窺井,林疏黄葉墜,0.8012500373668832
草上階除雪衮風,庭幽過雨霑,0.8008197844763882
草上階除雪衮風,階面青苔老更生,0.824238578338621
草上階除雪衮風,霜露凍階闥,0.8198543685505378
草上階除雪衮風,階前短草泥不亂,0.8097677668422807
想得尊前欹醉帽,脱帽露頂王公前,0.8135450923078947
想得尊前欹醉帽,客醉揮金碗,0.8043413146824354
想得尊前欹醉帽,明日蕭條醉盡醒,0.8116768494694755
想得尊前欹醉帽,晚酣留客舞,0.8152139052037699
想得尊前欹醉帽,暫醉佳人錦瑟傍,0.8073386186962462
想得尊前欹醉帽,酒酣懶舞誰相拽,0.8266170318931576
想得尊前欹醉帽,有時顛倒著衣裳,0.8167396184114097
想得尊前欹醉帽,扶汝醉初醒,0.8141118926773219
想得尊前欹醉帽,晚著華堂醉,0.8014895293489466
想得尊前欹醉帽,猶記酒顛狂,0.8251952074615674
想得尊前欹醉帽,先𢬵一飲醉如泥,0.807719041729587
想得尊前欹醉帽,醉客霑鸚鵡,0.80439455136826
想得尊前欹醉帽,醉舞爲誰醒,0.8273490330018103
想得尊前欹醉帽,盡憐君醉倒,0.820756170267317
想得尊前欹醉帽,葛巾攲側未迴船,0.8004529331252899
想得尊前欹醉帽,酒香傾坐側,0.8256813280181516
想得尊前欹醉帽,黄帽待君偏,0.8015507511209397
渾家兒女笑山公,耶孃妻子走相送,0.8150354146091311
渾家兒女笑山公,生女猶得嫁比鄰,0.8028198329248548
渾家兒女笑山公,自有兩兒郎,0.8096552860503812
渾家兒女笑山公,遥憐小兒女,0.8112210969564673
渾家兒女笑山公,自嗟貧家女,0.8476914483619709
渾家兒女笑山公,學語小兒知姓名,0.8095850650775703
渾家兒女笑山公,馬上誰家白面郎,0.8038857036997984
渾家兒女笑山公,近時郭家獅子花,0.8030795887153556
渾家兒女笑山公,别家長兒女,0.8340856046897408
渾家兒女笑山公,若道巫山女粗醜,0.8248783077442485
渾家兒女笑山公,只應與兒子,0.8007715581516697
渾家兒女笑山公,兒童解蠻語,0.8094280046771055
渾家兒女笑山公,河東女兒身姓柳,0.8542709220350291
渾家兒女笑山公,得辭兒女醜,0.8066421413307979
