황정견,두보,코사인 유사도
蛛網鎖硯蝸書梁,蛛絲仍未收,0.8142102294346817
蛛網鎖硯蝸書梁,書籤藥裹封蛛網,0.8544843718753106
蛛網鎖硯蝸書梁,散帙壁魚乾,0.8041880826584217
蛛網鎖硯蝸書梁,網聚粘圓鯽,0.8119203763432163
蛛網鎖硯蝸書梁,庭中藤刺簷,0.8062875012027947
蛛網鎖硯蝸書梁,豐屋珊瑚鉤,0.8004289705353894
蛛網鎖硯蝸書梁,蛛絲罥鬢長,0.806214250340767
蛛網鎖硯蝸書梁,白魚困密網,0.8080961921635337
懷中探丸起九死,探腸有禍胎,0.8071766792077976
才術頗似漢太倉,學業醇儒富,0.8127133394645851
才術頗似漢太倉,先生有才過屈宋,0.8102583923676241
才術頗似漢太倉,韋賢初相漢,0.807012450504157
才術頗似漢太倉,鄭氏才振古,0.8331746507154987
才術頗似漢太倉,汝更少年能缀文,0.8084193668323472
才術頗似漢太倉,道林才不世,0.8069221973171868
才術頗似漢太倉,才大今詩伯,0.8154536246471018
才術頗似漢太倉,先生藝絶倫,0.8044426236801098
才術頗似漢太倉,處士禰衡俊,0.8142000134753146
才術頗似漢太倉,不通姓氏粗豪甚,0.817851808551346
才術頗似漢太倉,直詞才不世,0.8039360971637701
才術頗似漢太倉,劣於漢魏近風騷,0.8295121303431408
才術頗似漢太倉,郭薛俱才賢,0.8097851007899652
才術頗似漢太倉,不減昔時陳太丘,0.8016768571544162
才術頗似漢太倉,若道士無英俊才,0.8124231920257634
才術頗似漢太倉,賦有冠古才,0.8139142499432082
才術頗似漢太倉,用才文章境,0.8228222876203195
才術頗似漢太倉,恐是漢代韓張良,0.8213771279204107
才術頗似漢太倉,秦王學士時難羡,0.8144916604857833
才術頗似漢太倉,幾人卓絶秉周禮,0.8035480324594005
才術頗似漢太倉,時危始識不世才,0.807072740736692
才術頗似漢太倉,才名賈傅多,0.8089916888851814
才術頗似漢太倉,兼隨鄭廣文,0.806034211852001
才術頗似漢太倉,已似愛文章,0.8173526124268602
才術頗似漢太倉,吾賢富才術,0.8370892699178871
才術頗似漢太倉,君不見東吳顧文學,0.8147126600791004
才術頗似漢太倉,詩家筆勢君不嫌,0.8221144748989185
才術頗似漢太倉,賈傅才未有,0.8396610744549688
才術頗似漢太倉,吾慕漢初老,0.8057582812735784
才術頗似漢太倉,高誇周宋鐔,0.8092991624208477
感君詩句唤夢覺,猥誦佳句新,0.812400867091138
感君詩句唤夢覺,題詩得秀句,0.8370540333356441
感君詩句唤夢覺,新詩句句好,0.8321620924060666
感君詩句唤夢覺,詩成覺有神,0.8226655291674442
感君詩句唤夢覺,故人得佳句,0.8135777273885696
感君詩句唤夢覺,詩好幾時見,0.8233224533686507
感君詩句唤夢覺,清猿惱夢思,0.8084606100956526
感君詩句唤夢覺,詩成吟咏轉淒涼,0.8066670808447629
感君詩句唤夢覺,賦詩新句穩,0.8247275989117279
感君詩句唤夢覺,詞人取佳句,0.8142850582014336
感君詩句唤夢覺,開卷得佳句,0.8194194240812718
感君詩句唤夢覺,吟詩正憶渠,0.8049894226773762
邯鄲初未熟黄粱,新炊間黄粱,0.8540966638089709
邯鄲初未熟黄粱,白露黄粱熟,0.8559028278434904
邯鄲初未熟黄粱,稻粱求未足,0.8354014360925406
邯鄲初未熟黄粱,官雞輸稻粱,0.8076132536349789
邯鄲初未熟黄粱,秔稻熟天風,0.8093449304075544
身如朝露無牢强,富貴何如草頭露,0.8065658610166937
玩此白駒過隙光,英靈如過隙,0.8165391011252865
玩此白駒過隙光,身世白駒催,0.8093398384421668
玩此白駒過隙光,結歡隨過隙,0.8209968817506165
從此永明書百卷,讀書破萬卷,0.8362455434005733
從此永明書百卷,自寄一封書,0.814997502654327
從此永明書百卷,從來不奉一行書,0.8029522174329304
從此永明書百卷,讀書東嶽中,0.8077112295353073
從此永明書百卷,經書滿腹中,0.8164719186559997
從此永明書百卷,群書一萬卷,0.8458471876400763
從此永明書百卷,群書萬卷常暗誦,0.8399471461361525
從此永明書百卷,年少今開萬卷餘,0.8229969910986417
自公退食一爐香,軟炊香飯緣老翁,0.8059837482385664
自公退食一爐香,竹齋燒藥竈,0.8115285035161954
自公退食一爐香,匡牀竹火爐,0.8044444176520849
自公退食一爐香,飯糲添香味,0.8126494469595258
自公退食一爐香,諸僧但乞齋時飯,0.8137679996187487
玉人憐我長蔬食,苦飢始得食一蟲,0.8098495734965449
玉人憐我長蔬食,自爲摘嘉蔬,0.8018112104233599
玉人憐我長蔬食,園蔬抱金玉,0.8379559936844452
玉人憐我長蔬食,肉食哂菜色,0.8073620955197618
玉人憐我長蔬食,誰謂荼苦甘如薺,0.8068982060470208
玉人憐我長蔬食,常餐占野蔬,0.8225687481404234
走送厨珍自不嘗,御厨絡繹送八珍,0.8229218686472606
走送厨珍自不嘗,盤飧市遠無兼味,0.8205125956851642
走送厨珍自不嘗,竹裏行廚洗玉盤,0.8000744584609036
走送厨珍自不嘗,貧窮取給行艓子,0.8010027401908648
走送厨珍自不嘗,敕廚惟一味,0.8219475282839889
走送厨珍自不嘗,敕廚倍常羞,0.8052773529373106
走送厨珍自不嘗,客子庖厨薄,0.832406972800789
秦牛肥膩酥勝雪,軟裘快馬當冰雪,0.8135539120990435
秦牛肥膩酥勝雪,鮮鯽銀絲鱠,0.8070532819957851
秦牛肥膩酥勝雪,肌理細膩骨肉匀,0.8472969398914494
秦牛肥膩酥勝雪,宛馬總肥秦苜蓿,0.8188502632948331
秦牛肥膩酥勝雪,肉黄皮皺命如線,0.8401020080208227
秦牛肥膩酥勝雪,黄羊飫不羶,0.821731120072824
秦牛肥膩酥勝雪,顔色白勝雪,0.8072714165891802
秦牛肥膩酥勝雪,香美勝牛乳,0.8751320905655944
秦牛肥膩酥勝雪,宫莎軟勝綿,0.8068015134647137
秦牛肥膩酥勝雪,君家白碗勝霜雪,0.8146089877583719
秦牛肥膩酥勝雪,蔗漿歸廚金碗凍,0.8122371749528939
秦牛肥膩酥勝雪,鵝兒黄似酒,0.8449177418217877
秦牛肥膩酥勝雪,稻米流脂粟米白,0.8382618903047756
秦牛肥膩酥勝雪,寒輕市上山烟碧,0.8085129583062656
秦牛肥膩酥勝雪,赤梨蒲萄寒露成,0.8174365267387964
秦牛肥膩酥勝雪,脂膏兼飼犬,0.8060196492403054
秦牛肥膩酥勝雪,寒膩黑貂裘,0.8426864916157779
秦牛肥膩酥勝雪,色好梨勝頰,0.8410554048985524
秦牛肥膩酥勝雪,羹煑秋蓴滑,0.8194060960250298
秦牛肥膩酥勝雪,强飯蓴添滑,0.8050219393628464
漢苑甘寒梨得霜,紅梨迥得霜,0.8361358180932239
漢苑甘寒梨得霜,長安冬葅酸且緑,0.807103281598623
漢苑甘寒梨得霜,竹枝霜不蕃,0.8093698701266587
漢苑甘寒梨得霜,霜橙壓香橘,0.8040530360022401
漢苑甘寒梨得霜,凄涼漢苑春,0.8035621443492315
漢苑甘寒梨得霜,十月清霜重,0.8106225455346685
漢苑甘寒梨得霜,秋蔬擁霜露,0.8144111601491224
漢苑甘寒梨得霜,增寒抱雪霜,0.8021901164046503
漢苑甘寒梨得霜,天寒霜雪繁,0.8264177860644788
漢苑甘寒梨得霜,紅取風霜實,0.8107204011952283
漢苑甘寒梨得霜,丹桂風霜急,0.8093890392070049
漢苑甘寒梨得霜,紫塞寧論尚有霜,0.8016837412685429
漢苑甘寒梨得霜,楓丹不爲霜,0.8407736466182043
漢苑甘寒梨得霜,老樹飽經霜,0.8167035771897373
漢苑甘寒梨得霜,清霜大澤凍,0.8224825285461691
漢苑甘寒梨得霜,天寒奈九秋,0.8003392402894199
漢苑甘寒梨得霜,玉露凋傷楓樹林,0.8063544090240565
漢苑甘寒梨得霜,赤梨蒲萄寒露成,0.8138047453154864
漢苑甘寒梨得霜,霜薄楚王宫,0.8004840262453878
漢苑甘寒梨得霜,破甘霜落爪,0.8233229134949893
漢苑甘寒梨得霜,洞庭秋欲雪,0.8085600528241095
冰底斲春生笋束,脆添生菜美,0.8140870977332313
冰底斲春生笋束,脚下高蹄削寒玉,0.8162691779273592
冰底斲春生笋束,石暄蕨芽紫,0.8109700325363852
冰底斲春生笋束,春日春盤細生菜,0.806551625719638
冰底斲春生笋束,泥筍苞初荻,0.80476278898047
冰底斲春生笋束,春蒲長雪消,0.805494740670529
冰底斲春生笋束,溜匙兼煖腹,0.8048060988937294
見他桃李憶故園,桃陰想舊蹊,0.8286555744427854
見他桃李憶故園,花落辭故枝,0.802247208737219
見他桃李憶故園,故園花自發,0.8458781514248901
見他桃李憶故園,但恐失桃花,0.8328838895788006
見他桃李憶故園,不問緑李與黄梅,0.8182650184324509
見他桃李憶故園,手種桃李非無主,0.8254176950450385
見他桃李憶故園,西蜀櫻桃也自紅,0.8012454796516854
見他桃李憶故園,後於桃李熟,0.8107149035060408
見他桃李憶故園,故園猶得見殘春,0.8029304083435507
見他桃李憶故園,故園不可見,0.8260955102363599
見他桃李憶故園,舊入故園嘗識主,0.8036181549382255
女三爲粲當獻王,炙背可以獻天子,0.8093862817612396
女三爲粲當獻王,先帝侍女八千人,0.8223720739576343
女三爲粲當獻王,王母獻宫桃,0.8015106112429231
女三爲粲當獻王,玉食亞王者,0.8411293496231319
三珍同盤乃得嘗,味如甘露漿,0.807358010064346
三珍同盤乃得嘗,甘苦齊結實,0.8095093888640486
三珍同盤乃得嘗,蔗漿歸廚金碗凍,0.8030604086620319
三珍同盤乃得嘗,肉味不足登鼎俎,0.8288742266694684
三珍同盤乃得嘗,秋卵方漫喫,0.8067373843129886
三珍同盤乃得嘗,杯盤頗狼籍,0.8170514388801005
三珍同盤乃得嘗,盤飧詎糝藜,0.8157991565303886
甘寒下澆藜莧腸,瓜嚼水精寒,0.8122113657165773
甘寒下澆藜莧腸,味如甘露漿,0.8310790857471605
甘寒下澆藜莧腸,蔗漿歸廚金碗凍,0.8257078771109931
甘寒下澆藜莧腸,愧客茹藜羹,0.8433552603269028
甘寒下澆藜莧腸,苣兮蔬之常,0.8010235158846336
甘寒下澆藜莧腸,色難腥腐餐楓香,0.8030084344894526
甘寒下澆藜莧腸,一請甘饑寒,0.8064029467381097
甘寒下澆藜莧腸,試問甘藜藿,0.8713739748099412
甘寒下澆藜莧腸,羹煑秋蓴滑,0.8051580913894412
甘寒下澆藜莧腸,焦糖幸一柈,0.8155473103427943
甘寒下澆藜莧腸,盤飧詎糝藜,0.8211918850993953
令我詩句挾風霜,題詩得秀句,0.8411263145863233
令我詩句挾風霜,新詩句句好,0.8289459977886597
令我詩句挾風霜,故人得佳句,0.8012166038127788
令我詩句挾風霜,憶君誦詩神凛然,0.8136579905696404
令我詩句挾風霜,嚴詩賦幾篇,0.828722913274349
令我詩句挾風霜,凌雲健筆意縱横,0.8004809939644453
令我詩句挾風霜,詩成吟咏轉淒涼,0.8228131232196316
令我詩句挾風霜,賦詩新句穩,0.8214917404742086
令我詩句挾風霜,當公賦佳句,0.8275881852044218
令我詩句挾風霜,詞人取佳句,0.8129568759121127
令我詩句挾風霜,賦詩獨流涕,0.8171016092123508
令我詩句挾風霜,清詩句句盡堪傳,0.8340587694909276
令我詩句挾風霜,開卷得佳句,0.8009235115689572
令我詩句挾風霜,賦詩猶落筆,0.8240213426796374
令我詩句挾風霜,詩家秀句傳,0.8053594024081887
令我詩句挾風霜,自吟詩送老,0.8063477128981058
令我詩句挾風霜,不意清詩久零落,0.8012122729834239
小人食珍敢取足,酷見凍餒不足恥,0.8042444399831474
小人食珍敢取足,爲我力致美肴膳,0.8155164186091647
小人食珍敢取足,兼求畜豪且割鮮,0.8266638334170661
小人食珍敢取足,小人利口實,0.8653578177516524
小人食珍敢取足,衆魚常才盡却棄,0.8088643623669677
小人食珍敢取足,肥肉大酒徒相要,0.8055386760157253
小人食珍敢取足,肉味不足登鼎俎,0.8134972088392753
小人食珍敢取足,美利戒止足,0.8179829278552485
小人食珍敢取足,食薇不敢餘,0.8041825765695705
小人食珍敢取足,瑣細不足名,0.81316781406577
小人食珍敢取足,貧窮取給行艓子,0.8031803102524291
小人食珍敢取足,裂餅嘗所愛,0.80145383298034
小人食珍敢取足,小奴縛雞向市賣,0.8084180314178064
小人食珍敢取足,大食寶刀聊可比,0.8047941325716472
小人食珍敢取足,乳獸待人肉,0.8018911144240082
小人食珍敢取足,獻芹則小小,0.8026155234300543
小人食珍敢取足,子實不得喫,0.8022519565351425
都城一飯炊白玉,常擬報一飯,0.8016764362388294
都城一飯炊白玉,金錢罄一餐,0.8114235121120453
都城一飯炊白玉,碧酒隨玉粒,0.8183320161224803
都城一飯炊白玉,飯煑青泥坊底芹,0.8197917385994559
都城一飯炊白玉,軟炊香飯緣老翁,0.847440379829714
都城一飯炊白玉,新炊間黄粱,0.8287951416735104
都城一飯炊白玉,稻米流脂粟米白,0.8466812550505625
都城一飯炊白玉,長安米萬錢,0.802703047342674
都城一飯炊白玉,官雞輸稻粱,0.8126798778760109
都城一飯炊白玉,玉粒足晨炊,0.8719389760360496
都城一飯炊白玉,稻米炊能白,0.8491175456013794
都城一飯炊白玉,濁醪粗飯任吾年,0.8095039225933003
賜錢千萬民猶飢,家無儋石輸百萬,0.8534156634604513
賜錢千萬民猶飢,貧窶有倉卒,0.8208955132486355
賜錢千萬民猶飢,飢寒奴僕賤,0.8020891104794003
賜錢千萬民猶飢,欲須供給家無粟,0.8093788926024201
賜錢千萬民猶飢,公私倉廩俱豐實,0.8074172943484352
賜錢千萬民猶飢,飢有易子食,0.8019449417815583
賜錢千萬民猶飢,賣薪得錢應供給,0.8037127833213553
賜錢千萬民猶飢,長安米萬錢,0.8296267156466817
賜錢千萬民猶飢,肉食三十萬,0.8235100767675012
賜錢千萬民猶飢,下憫萬民瘡,0.8057787841956189
賜錢千萬民猶飢,不獨陵我倉,0.8002393848179608
賜錢千萬民猶飢,饑藉家家米,0.8003272858555451
賜錢千萬民猶飢,割慈忍愛還租庸,0.8041115249217055
雪後排簷凍銀竹,簷動玉壺冰,0.8029520369411383
雪後排簷凍銀竹,雨瀉暮簷竹,0.8276787884751118
雪後排簷凍銀竹,陰崖却承霜雪幹,0.8117306954331629
雪後排簷凍銀竹,雪嶺防秋急,0.8079638234266748
雪後排簷凍銀竹,茅簷覆地花,0.8250394121169138
雪後排簷凍銀竹,蠶崖雪似銀,0.8057347363129717
雪後排簷凍銀竹,崩崖欲壓牀,0.8005146566478185
雪後排簷凍銀竹,晴雪落長松,0.8104887188176737
雪後排簷凍銀竹,曡壁排霜劍,0.8202921576419875
雪後排簷凍銀竹,積雪飛霜此夜寒,0.8009740809342614
雪後排簷凍銀竹,舟雪灑寒燈,0.8041069770658207
海南海北夢不到,今欲東入海,0.8005174753047446
海南海北夢不到,憶昔南海使,0.8179450740725438
海南海北夢不到,金華山北涪水西,0.8043321284720688
海南海北夢不到,東西南北百里間,0.8030852492762057
海南海北夢不到,南雪不到地,0.8386091471356005
海南海北夢不到,南北逃世難,0.8126938995615454
會合乃非人力能,人實不易知,0.8246170327710702
會合乃非人力能,微爾人盡非,0.8095021751964635
會合乃非人力能,人生會合不可常,0.8466303553223271
會合乃非人力能,性命由他人,0.8037559469863156
會合乃非人力能,物理固自然,0.8130507468110878
會合乃非人力能,乃知變化不可窮,0.8128730297704729
會合乃非人力能,事跡無固必,0.8074569742062578
會合乃非人力能,生理不得論,0.8004445258876464
會合乃非人力能,因知邪干正,0.8032583540837351
會合乃非人力能,此行非不濟,0.812429194989798
會合乃非人力能,全生或用奇,0.811122168405493
會合乃非人力能,人情見非類,0.8108299297132453
會合乃非人力能,乃知正人意,0.803857302011272
會合乃非人力能,物理直難齊,0.8235939014734911
會合乃非人力能,古時喪亂皆可知,0.8087404636841267
地褊未堪長袖舞,拂水低回舞袖翻,0.8102165364964585
地褊未堪長袖舞,誰憐屢舞長,0.8236491269294528
地褊未堪長袖舞,地褊衣寒困石根,0.8017775371406599
地褊未堪長袖舞,衣袖不曾乾,0.8009465732443459
夜寒空對短檠燈,燈影照無睡,0.80460434795225
夜寒空對短檠燈,夜闌更秉燭,0.8193748915883481
夜寒空對短檠燈,共此燈燭光,0.8132759227592578
夜寒空對短檠燈,無衣牀夜寒,0.805100914712042
夜寒空對短檠燈,獨宿江城蠟炬殘,0.806036173323278
夜寒空對短檠燈,風燈照夜欲三更,0.826946106349959
夜寒空對短檠燈,空山獨夜旅魂驚,0.8022974447751479
夜寒空對短檠燈,寒燈亦閉門,0.8181909049128864
夜寒空對短檠燈,寒房燭影微,0.8177631147682146
夜寒空對短檠燈,虚燒夜燭花,0.8313366151703334
夜寒空對短檠燈,令我夜坐費燈燭,0.8528181993434436
相看鬢髮時窺鏡,已見白頭翁,0.8157243313202993
相看鬢髮時窺鏡,休看白髮生,0.8649011332124517
相看鬢髮時窺鏡,能添白髮明,0.8409925988792074
相看鬢髮時窺鏡,羡君齒髮新,0.8126749857065484
相看鬢髮時窺鏡,鬢髮各已蒼,0.8309719378704048
相看鬢髮時窺鏡,眼暗髮垂素,0.8297914906981906
相看鬢髮時窺鏡,休鑷鬢毛斑,0.815844018901587
相看鬢髮時窺鏡,相見眼終青,0.810688929894492
相看鬢髮時窺鏡,漸惜容顔老,0.8068063384181035
相看鬢髮時窺鏡,故人相見未從容,0.8024478392230117
相看鬢髮時窺鏡,鬢髮還應雪滿頭,0.8491019905839988
相看鬢髮時窺鏡,沙頭忽見眼相猜,0.8015262533483577
相看鬢髮時窺鏡,如今白髮翁,0.8194970829993744
相看鬢髮時窺鏡,百年雙白鬢,0.8036880028109038
相看鬢髮時窺鏡,苦遭白髮不相放,0.8143102434231875
相看鬢髮時窺鏡,鬢髮自成絲,0.8225804118909036
相看鬢髮時窺鏡,何須白髮侵,0.8122335334245387
相看鬢髮時窺鏡,悲歌鬢髮白,0.8235981508797151
相看鬢髮時窺鏡,鬢毛元自白,0.8309070664764093
相看鬢髮時窺鏡,會面嗟黧黑,0.8119058826120908
相看鬢髮時窺鏡,老罷知明鏡,0.8250460973260838
相看鬢髮時窺鏡,相視髮皓白,0.8605248442962317
相看鬢髮時窺鏡,白髮少新洗,0.8308384985545991
相看鬢髮時窺鏡,老去親知見面稀,0.8020357195163317
相看鬢髮時窺鏡,新梳白髮微,0.8242010471798099
相看鬢髮時窺鏡,鏡中衰謝色,0.8180350439167767
相看鬢髮時窺鏡,知吾斑鬢總如銀,0.8015799056952451
相看鬢髮時窺鏡,滄江白髮愁看汝,0.8227199324491681
相看鬢髮時窺鏡,遭亂髮盡白,0.8075582813296279
相看鬢髮時窺鏡,白髮自能梳,0.8298411717662717
相看鬢髮時窺鏡,卽今蓬鬢改,0.8338864113771555
相看鬢髮時窺鏡,有鏡巧催顔,0.8350332244000803
相看鬢髮時窺鏡,雖悲髮鬒變,0.8004487304069348
相看鬢髮時窺鏡,鬢毛垂領白,0.8297383581349284
相看鬢髮時窺鏡,久𢬵野鶴如雙鬢,0.8115272696386224
相看鬢髮時窺鏡,泛愛容霜鬢,0.8099834150358964
相看鬢髮時窺鏡,暮顔靦青鏡,0.8108654573249907
相看鬢髮時窺鏡,相見各頭白,0.8317258692670769
相看鬢髮時窺鏡,入怪鬢髮空,0.8521540914640895
曾共詩書更曲肱,吟詩許更過,0.8098779668621063
作箇生涯終未是,爛醉是生涯,0.8421433336592803
作箇生涯終未是,自斷此生休問天,0.8092156001718531
作箇生涯終未是,生涯似衆人,0.8306623237379389
作箇生涯終未是,達生豈是足,0.8058714784938062
作箇生涯終未是,便有死生分,0.8112700376994393
作箇生涯終未是,生涯未卽抛,0.858009282568218
作箇生涯終未是,生意從此活,0.8105422904168882
作箇生涯終未是,此地生涯晚,0.804401146657719
作箇生涯終未是,浮生卽有涯,0.8159501463227019
故山松長到天藤,意鍾老柏青,0.8016204334100456
故山松長到天藤,南望青松架短壑,0.8129146222153577
故山松長到天藤,知子松根長茯苓,0.8389791960767505
故山松長到天藤,中有松柏參天長,0.8333613531697491
故山松長到天藤,歸號故松柏,0.823799412323633
故山松長到天藤,故園松桂發,0.8136030860184911
故山松長到天藤,古廟杉松巢水鶴,0.8328571579392432
故山松長到天藤,松柏邙山路,0.836644437823294
故山松長到天藤,倚天松骨見來枯,0.8024473625240156
少年有功翰墨林,計疏疑翰墨,0.8337567384233949
少年有功翰墨林,用才文章境,0.8200616204725153
少年有功翰墨林,出遊翰墨場,0.860817604552598
少年有功翰墨林,少年疑柱史,0.8218131772332481
少年有功翰墨林,壯年學書劍,0.808070199983246
少年有功翰墨林,詞翰兩如神,0.8094165731170588
少年有功翰墨林,翰林名有素,0.8489746472366096
少年有功翰墨林,文翰飛省寺,0.8029906981201829
少年有功翰墨林,少小愛文詞,0.8280537011134448
中歲作吏幾陸沉,掾吏亦累踐,0.8054676884318556
庖丁解牛妙世故,故獨寫真傳世人,0.8099237173938669
監市履豨知民心,封疆不常全,0.8057516300381278
監市履豨知民心,筋力登危集市門,0.8015447410791945
監市履豨知民心,道州憂黎庶,0.809190815201926
監市履豨知民心,知子歷險人馬勞,0.8079361135983061
監市履豨知民心,農器尚牢固,0.8006890344551786
萬里書來兒女瘦,荒歲兒女瘦,0.800036276539549
萬里書來兒女瘦,不寄一行書,0.8017810958975637
萬里書來兒女瘦,老妻書數紙,0.8141567344209281
萬里書來兒女瘦,愛竹遣兒書,0.8092036160917717
萬里書來兒女瘦,空裏愁書字,0.806530033814071
十月山行冰雪深,澗道餘寒歷冰雪,0.8281342614219175
十月山行冰雪深,黄河十月冰,0.8340465310490228
十月山行冰雪深,苦涉陰嶺沍,0.8036912614991624
十月山行冰雪深,十月清霜重,0.8372106107298647
十月山行冰雪深,漢源十月交,0.8047530721765741
十月山行冰雪深,山深苦多風,0.803588859946422
十月山行冰雪深,雪片一冬深,0.8155235177743698
十月山行冰雪深,野客頻留懼雪霜,0.8027738922377301
十月山行冰雪深,玄冬霜雪積,0.8104179820753685
十月山行冰雪深,五月江深草閣寒,0.8049672078067227
十月山行冰雪深,西蜀冬不雪,0.8278055696523237
十月山行冰雪深,雪嶺防秋急,0.8140143569073999
十月山行冰雪深,雨雪閉松州,0.8148747464224604
十月山行冰雪深,十月山寒重,0.8586807459397883
十月山行冰雪深,楚山經月火,0.8020366807194517
十月山行冰雪深,履穿四明雪,0.8005391417170202
十月山行冰雪深,暮春三月巫峽長,0.8004478073459393
十月山行冰雪深,水路疑霜雪,0.8336074808901237
十月山行冰雪深,夜雪鞏梅春,0.8030548098504009
十月山行冰雪深,滄江十月雷,0.8018390025151827
十月山行冰雪深,三峽春冬交,0.8021719917919929
十月山行冰雪深,馬度秦山雪正深,0.843643033242094
十月山行冰雪深,是日霜風凍七澤,0.819996417943665
十月山行冰雪深,積雪飛霜此夜寒,0.8068977070215771
十月山行冰雪深,此行怨暑雨,0.8085833978756531
艱難聞道有歸音,聞道尋源使,0.8103711087465202
艱難聞道有歸音,吾道屬艱難,0.8008936402021526
艱難聞道有歸音,聽法還應難,0.8012652269822707
艱難聞道有歸音,信有人間行路難,0.8108050762622734
艱難聞道有歸音,歸來知路難,0.8058409691102091
艱難聞道有歸音,行路難何有,0.8014298364984487
艱難聞道有歸音,直道無憂行路難,0.8387340067488804
艱難聞道有歸音,未見有知音,0.8051897787183226
王春正月調玉燭,仰思調玉燭,0.8044756632361254
王春正月調玉燭,元年建巳月,0.8191854224598007
王春正月調玉燭,元年建巳月,0.8191854224598007
王春正月調玉燭,羲和冬馭近,0.8016611194399835
王春正月調玉燭,大曆三年調玉燭,0.8287197070806986
王春正月調玉燭,王春度玉墀,0.8446903809586233
使星萬里朝天心,仙仗離丹極,0.8145368069535543
使星萬里朝天心,含星動雙闕,0.8283600586917444
使星萬里朝天心,北極捧星辰,0.8141942991922284
使星萬里朝天心,上帝高居絳節朝,0.800232749962959
使星萬里朝天心,萬國奉君心,0.8198616579891538
使星萬里朝天心,萬里皇華使,0.8334372039417385
使星萬里朝天心,台星入朝謁,0.810477668998207
使星萬里朝天心,南極一星朝北斗,0.8091134237145492
使星萬里朝天心,銀漢會雙星,0.8168510555716759
頗令山海藏國用,於時國用富,0.8055725461176992
乃見縣官恤民深,豈徒卹備享,0.8171689527563395
乃見縣官恤民深,庶官務割剥,0.8062292551395934
乃見縣官恤民深,歷職匪父任,0.8001509193861965
乃見縣官恤民深,祀事親聖躬,0.8012119326079484
乃見縣官恤民深,下憫萬民瘡,0.804669785460179
乃見縣官恤民深,勤墾免亂常,0.8177376486858929
乃見縣官恤民深,治國用輕刑,0.809826507035748
乃見縣官恤民深,道州憂黎庶,0.8038951329948476
乃見縣官恤民深,主將儉省憂艱虞,0.8395946409972324
乃見縣官恤民深,近時主將戮,0.8042406040857918
乃見縣官恤民深,因見縣尹心,0.8314321863989952
經心隴蜀封疆守,燕薊奔封豕,0.809006781825968
經心隴蜀封疆守,窮年守邊疆,0.8409757708290481
經心隴蜀封疆守,封疆不常全,0.8085446063808286
經心隴蜀封疆守,盡室在邊疆,0.8163502657621162
經心隴蜀封疆守,故國猶兵馬,0.8088772120489284
經心隴蜀封疆守,瘡痍老蜀都,0.8013529379776572
經心隴蜀封疆守,足以守邊疆,0.8131942257121507
經心隴蜀封疆守,郡依封土舊,0.807248045320785
必有人材備訪尋,古來材大難爲用,0.8058399709030839
關寒塞雪欲嗣音,澗道餘寒歷冰雪,0.8500947565092982
關寒塞雪欲嗣音,山雪河冰晚蕭瑟,0.8039434985981158
關寒塞雪欲嗣音,天寒關塞深,0.8296476559130841
關寒塞雪欲嗣音,關河霜雪清,0.810857671155603
關寒塞雪欲嗣音,增寒抱雪霜,0.8139443494623577
關寒塞雪欲嗣音,天長關塞寒,0.8103424107229117
關寒塞雪欲嗣音,天寒霜雪繁,0.8193780077683179
關寒塞雪欲嗣音,雪嶺防秋急,0.8353490300679973
關寒塞雪欲嗣音,積雪飛霜此夜寒,0.8074142106564155
關寒塞雪欲嗣音,雖當霰雪嚴,0.8080950315898408
燕鴈拂天河鯉沉,胡雁翅濕高飛難,0.8074277663777856
燕鴈拂天河鯉沉,天上多鴻雁,0.8042084840351791
燕鴈拂天河鯉沉,一雁入高空,0.8017090377067064
燕鴈拂天河鯉沉,歸雁喜青天,0.805007562574142
燕鴈拂天河鯉沉,銀海雁飛深,0.858923842835179
燕鴈拂天河鯉沉,江天漠漠鳥雙去,0.8073116741569137
燕鴈拂天河鯉沉,旅雁上雲歸紫塞,0.8131429264624663
百書不如一見面,讀書破萬卷,0.8099833840531369
百書不如一見面,劃見公子面,0.8269467895253101
百書不如一見面,衆中每一見,0.8154887757681176
百書不如一見面,十日不一見顔色,0.8477248062019757
百書不如一見面,人生不相見,0.8047559019402517
百書不如一見面,生别展轉不相見,0.8077870064720755
百書不如一見面,不見李生久,0.8026926449188072
百書不如一見面,畜眼未見有,0.8056034025268389
百書不如一見面,但見書畫傳,0.835314157294897
百書不如一見面,從來不奉一行書,0.8082551805640372
百書不如一見面,不見一人來,0.819494831779232
百書不如一見面,有使卽寄書,0.8042770602558067
百書不如一見面,我見常再拜,0.8069869217453797
百書不如一見面,十手可對面,0.8106271038368068
百書不如一見面,不見故人十年餘,0.8055101929044792
百書不如一見面,不復見顔鮑,0.8096440964186233
百書不如一見面,不見秘書心若失,0.8589721206546644
百書不如一見面,及見秘書失心疾,0.8327057901611011
百書不如一見面,群書一萬卷,0.8086512406814359
百書不如一見面,念我能書數字至,0.8194066579721458
幾日歸來兩慰心,足以慰所思,0.8013911192053516
幾日歸來兩慰心,新歸且慰意,0.8176010923443122
幾日歸來兩慰心,君來慰眼前,0.8288276409663955
幾日歸來兩慰心,何以慰我悲,0.8107363237757516
幾日歸來兩慰心,幾時懷抱寬,0.8053986303805818
弓刀陌上望行色,行人弓箭各在腰,0.811897115397114
弓刀陌上望行色,日色傍阡陌,0.8024796822452098
弓刀陌上望行色,牛馬行無色,0.8003966273532584
弓刀陌上望行色,馬援征行在眼前,0.8060251256506356
兒女燈前語夜深,夜闌更秉燭,0.8120834496266748
兒女燈前語夜深,夜久語聲絶,0.80683931164013
兒女燈前語夜深,夜闌接軟語,0.8251261450933383
兒女燈前語夜深,鄰火夜深明,0.8170730888151576
兒女燈前語夜深,喜得與子長夜語,0.8035265633349851
兒女燈前語夜深,風燈照夜欲三更,0.8043847547049428
兒女燈前語夜深,夜久燭花偏,0.80463831797198
兒女燈前語夜深,廚人語夜闌,0.863838966068731
兒女燈前語夜深,令我夜坐費燈燭,0.810242050541775
更懷父子東歸得,鄭公縱得歸,0.8050006887413742
更懷父子東歸得,汝歸何處收兄骨,0.8024101301388075
更懷父子東歸得,王子思歸日,0.8089379781478536
更懷父子東歸得,歸爲尚書婦,0.8035982276889498
手種江頭柳十尋,江上人家桃樹枝,0.8051065659220109
南窗讀書聲吾伊,匡山讀書處,0.801042277548901
南窗讀書聲吾伊,陳公讀書堂,0.8054656162197207
南窗讀書聲吾伊,耳聞讀書聲,0.8068477696614662
我家白髮問烏鵲,歸來頭白還戍邊,0.8079618583452598
我家白髮問烏鵲,已見白頭翁,0.8000050965206209
我家白髮問烏鵲,堂上書生空白頭,0.8062264249146898
我家白髮問烏鵲,還家尚黑頭,0.813154631850664
我家白髮問烏鵲,白頭亂髮垂過耳,0.8185221378265597
我家白髮問烏鵲,如今白髮翁,0.8026931457541837
我家白髮問烏鵲,近髮看烏帽,0.8205776674174443
我家白髮問烏鵲,我嘆黑頭白,0.8331805725200996
我家白髮問烏鵲,哭君餘白頭,0.8064652339804372
他家紅粧占蛛絲,家家賣釵釧,0.8237226012540847
他家紅粧占蛛絲,蛛絲小人態,0.821302877047664
屋山啼烏兒當歸,子規夜啼山竹裂,0.8168575387956164
屋山啼烏兒當歸,日暮不收烏啄瘡,0.8242360911724633
屋山啼烏兒當歸,婦啼一何苦,0.8044067533212164
屋山啼烏兒當歸,烏啼滿城頭,0.8574091228515556
屋山啼烏兒當歸,饑烏似欲向人啼,0.8233853620317366
屋山啼烏兒當歸,烏皮几在還思歸,0.8256578533396655
屋山啼烏兒當歸,男啼女哭莫我知,0.8134439283511377
屋山啼烏兒當歸,啼烏争引子,0.8329612941359321
屋山啼烏兒當歸,城上擊柝復烏啼,0.8192406124731731
屋山啼烏兒當歸,林烏反哺聲,0.800999109701841
玉釵罥蛛郎馬嘶,走馬脱轡頭,0.8340929592968096
玉釵罥蛛郎馬嘶,馬頭金匼匝,0.8036563851937337
玉釵罥蛛郎馬嘶,千金裝馬鞭,0.8023775436455183
玉釵罥蛛郎馬嘶,金鞭折斷九馬死,0.8032653777386167
玉釵罥蛛郎馬嘶,腰下寶玦青珊瑚,0.8313601609872536
玉釵罥蛛郎馬嘶,白馬嚼齧黄金勒,0.8081745956464749
玉釵罥蛛郎馬嘶,細軟青絲履,0.814360130367133
玉釵罥蛛郎馬嘶,驄馬新鑿蹄,0.8049538815390039
玉釵罥蛛郎馬嘶,快馬金纏轡,0.8593472106517225
玉釵罥蛛郎馬嘶,丈人駿馬名胡騮,0.8039926087603723
玉釵罥蛛郎馬嘶,胡兒掣駱駝,0.8071295442487745
玉釵罥蛛郎馬嘶,纏結青驄馬,0.8266948300903264
玉釵罥蛛郎馬嘶,真珠絡臂鞲,0.8183403411613255
玉釵罥蛛郎馬嘶,花邊立馬簇金鞍,0.8299691262107398
玉釵罥蛛郎馬嘶,細馬時鳴金騕褭,0.8596385359740413
玉釵罥蛛郎馬嘶,先帝御馬玉花驄,0.8034512951265308
玉釵罥蛛郎馬嘶,御鞍金騕褭,0.8759413775246976
玉釵罥蛛郎馬嘶,尚書玉腕騮,0.8306885055612552
玉釵罥蛛郎馬嘶,粉堞電轉紫游韁,0.8069821621080646
玉釵罥蛛郎馬嘶,垂鞭嚲鞚凌紫陌,0.8482406106595192
玉釵罥蛛郎馬嘶,酒酣並轡金鞭垂,0.815779594263639
玉釵罥蛛郎馬嘶,巫覡綴蛛絲,0.8025735083165597
玉釵罥蛛郎馬嘶,憶爾腰下鐵絲箭,0.8200883249220972
玉釵罥蛛郎馬嘶,蛛絲罥鬢長,0.8289368707712093
玉釵罥蛛郎馬嘶,左牽紫遊韁,0.8005716893732886
玉釵罥蛛郎馬嘶,争道朱蹄驕齧膝,0.8358493729669116
去時燈火正月半,六月風日冷,0.8050555794064967
去時燈火正月半,二月已破三月來,0.804793297122222
去時燈火正月半,二月六夜春水生,0.8124240279686548
去時燈火正月半,南方六七月,0.80395953881478
去時燈火正月半,秋月仍圓夜,0.8014644630618524
去時燈火正月半,昨夜舟火滅,0.8149608159957457
階前雪消萱草齊,階前樹拂雲,0.8166366039910018
階前雪消萱草齊,幾年春草歇,0.8139284030742342
階前雪消萱草齊,堂後自生萱,0.8050192889792077
階前雪消萱草齊,萱草秋已死,0.8248113021460981
階前雪消萱草齊,雨中百草秋爛死,0.8153876260019328
階前雪消萱草齊,豐草青青寒不死,0.8075338491773343
階前雪消萱草齊,玉殿莓苔青,0.8059199513007538
階前雪消萱草齊,草芽既青出,0.8100141400018632
階前雪消萱草齊,侵陵雪色還萱草,0.8452024016902524
階前雪消萱草齊,宫草霏霏承委珮,0.8077010449244102
階前雪消萱草齊,春風草又生,0.8092825455596804
階前雪消萱草齊,秋草徧山長,0.8130744241053094
階前雪消萱草齊,門前百草長,0.8537877817459614
階前雪消萱草齊,草蔓已多露,0.8150629641159146
階前雪消萱草齊,黄獨無苗山雪盛,0.8004299371039896
階前雪消萱草齊,映階碧草自春色,0.8236585311191236
階前雪消萱草齊,芳菲緣岸圃,0.8050395075380097
階前雪消萱草齊,肯藉荒庭春草色,0.8159190398704055
階前雪消萱草齊,春草滿空堂,0.8328926985100624
階前雪消萱草齊,階面青苔老更生,0.8134582619717017
階前雪消萱草齊,萋萋露草碧,0.813755317283442
階前雪消萱草齊,荒階蔓草茅,0.8236310974515302
階前雪消萱草齊,霜露凍階闥,0.8108859298859652
階前雪消萱草齊,階前短草泥不亂,0.8618990236599415
階前雪消萱草齊,登陸草露滋,0.810081729272685
階前雪消萱草齊,春草何曾歇,0.8187942930831877
階前雪消萱草齊,幾地肅芊芊,0.8161972997469342
階前雪消萱草齊,青草萋萋盡枯死,0.8048219720037109
階前雪消萱草齊,秋色凋春草,0.8051599635864642
階前雪消萱草齊,漲沙霾草樹,0.8171120763487155
階前雪消萱草齊,春泥百草生,0.8480147111603389
階前雪消萱草齊,春蒲長雪消,0.8242709302785408
勃姑夫婦喜相唤,耶孃妻子走相送,0.8414758966698181
勃姑夫婦喜相唤,羌婦語還笑,0.8158557059709095
勃姑夫婦喜相唤,僕夫問盥櫛,0.8138096869911713
街頭雪泥即漸乾,碾渦深没馬,0.8236289932195217
街頭雪泥即漸乾,泥污后土何時乾,0.8004206082580692
街頭雪泥即漸乾,白馬蹴微雪,0.8117953127823727
街頭雪泥即漸乾,雨脚如麻未斷絶,0.8144632937623193
街頭雪泥即漸乾,階前短草泥不亂,0.8048687100911447
已放游絲高百尺,新松恨不高千尺,0.8101875274470294
已放游絲高百尺,大抵三尺强,0.8002295859887723
已放游絲高百尺,吳檣楚舵牽百丈,0.8194430929574228
已放游絲高百尺,低身直下八千尺,0.8533210635232302
已放游絲高百尺,三尺角弓兩斛力,0.8032902838066678
不應桃李尚春寒,寒城菊自花,0.8001519856170204
不應桃李尚春寒,不問緑李與黄梅,0.8105074422608134
不應桃李尚春寒,斬新花蕊未應飛,0.8051078508343337
不應桃李尚春寒,西蜀櫻桃也自紅,0.8090778589783459
不應桃李尚春寒,不分桃花紅似錦,0.8209726179296334
不應桃李尚春寒,寒花只暫香,0.801044880146244
不應桃李尚春寒,艷艷待春梅,0.8103939862904836
不應桃李尚春寒,春花不愁不爛熳,0.8260319533984108
不應桃李尚春寒,不道含香賤,0.8033875524508685
不應桃李尚春寒,桃花氣暖眼自醉,0.8095969501596756
不應桃李尚春寒,菊花從此不須開,0.8018545340122494
不應桃李尚春寒,春寒花較遲,0.8486087625039855
不應桃李尚春寒,勝裏金花巧耐寒,0.8046034066488942
不應桃李尚春寒,江縣紅梅已放春,0.8197747153421185
木穿石槃未渠透,石角鈎衣破,0.8085282337636379
木穿石槃未渠透,石壁滑側足,0.808384839716715
木穿石槃未渠透,掘壕不到水,0.8176532637400316
木穿石槃未渠透,映竹水穿沙,0.8026542485903
木穿石槃未渠透,暗汲石底井,0.8095762151727565
木穿石槃未渠透,鑿井不盡土,0.8002251507967518
木穿石槃未渠透,嵌竇潛洩瀨,0.8011707888112208
木穿石槃未渠透,出入巨石礙,0.8002573956850925
木穿石槃未渠透,霜濃木石滑,0.8228609217440959
木穿石槃未渠透,滑石欹誰鑿,0.8647845129772476
木穿石槃未渠透,鑿井交椶葉,0.8345359262993866
木穿石槃未渠透,開渠斷竹根,0.8079537401156496
木穿石槃未渠透,舍下筍穿壁,0.8105944307839539
木穿石槃未渠透,柱穿蜂溜蜜,0.8120874018086445
木穿石槃未渠透,巨石水中央,0.8009944192597536
木穿石槃未渠透,劍池石壁仄,0.8024976354956642
木穿石槃未渠透,穿水忽雲根,0.8118151040947718
木穿石槃未渠透,疏鑿就攲斜,0.8061221616717809
坐窗不遨令人瘦,思君令人瘦,0.8419800331170868
坐窗不遨令人瘦,坐客寒無氈,0.8231003364100768
坐窗不遨令人瘦,遠遊令人瘦,0.8342016562758721
坐窗不遨令人瘦,知君苦思緣詩瘦,0.8036026640684233
坐窗不遨令人瘦,竹冷髮堪梳,0.8009609024490202
坐窗不遨令人瘦,自覺坐能堅,0.813974478901455
坐窗不遨令人瘦,杖藜不睡誰能那,0.804667864872154
貧馬百藖逢一豆,貧窮取給行艓子,0.8038302376363531
眼明見此玉花驄,初得花驄大宛種,0.8135041443297906
眼明見此玉花驄,使君五馬一馬驄,0.8198599756753691
眼明見此玉花驄,先帝御馬玉花驄,0.8139508536230946
徑思着鞭隨詩翁,吟詩信杖扶,0.821321873615629
徑思着鞭隨詩翁,何處老翁來賦詩,0.803611453729566
城西野桃尋小紅,山梨結小紅,0.8181591274678828
城西野桃尋小紅,西蜀櫻桃也自紅,0.8323427671264718
城西野桃尋小紅,城邊野池蓮欲紅,0.8252450509418088
城西野桃尋小紅,點注桃花舒小紅,0.8038589610008235
猛虎肉醉初醒時,窮愁醉不醒,0.8098103279635035
猛虎肉醉初醒時,衆賓皆醉我獨醒,0.8411182295322585
猛虎肉醉初醒時,猛虎立我前,0.814512543675169
猛虎肉醉初醒時,扶汝醉初醒,0.851612579191792
猛虎肉醉初醒時,尋常絶醉困,0.8006755469679232
猛虎肉醉初醒時,庭前猛虎卧,0.8147520971014359
猛虎肉醉初醒時,獨醒時所嫉,0.8014184065691159
猛虎肉醉初醒時,先𢬵一飲醉如泥,0.8127594485551032
猛虎肉醉初醒時,冷石醉眠醒,0.8156411882007429
猛虎肉醉初醒時,桃花氣暖眼自醉,0.8074298338039995
猛虎肉醉初醒時,猛虎卧在岸,0.8044404774607508
猛虎肉醉初醒時,頽倚睡未醒,0.8257105559003257
猛虎肉醉初醒時,松花酒熟旁看醉,0.8134051421975798
揩磨苛痒風助威,稽留篙師怒,0.8013222648764589
枯楠未覺草先低,萱草秋已死,0.8224079616442029
枯楠未覺草先低,麥倒桑枝折,0.8128214029687171
枯楠未覺草先低,草蔓已多露,0.8066648080385246
枯楠未覺草先低,草木未黄落,0.8293906990214717
枯楠未覺草先低,穿皮啄朽觜欲秃,0.8144448893903296
枯楠未覺草先低,葉潤林塘密,0.8114999208864176
枯楠未覺草先低,病葉多先墜,0.815251631883005
枯楠未覺草先低,力稀經樹歇,0.8034219316229814
枯楠未覺草先低,未覺栝柏枯,0.8607442144668243
木末應有行人知,問知人客姓,0.8084780856957314
木末應有行人知,却怕有人知,0.816627126275689
木末應有行人知,少有外人知,0.8009577254362374
木末應有行人知,不知有主客,0.8051223272008203
日暮江空煙水寒,悲風日暮多,0.8059583554942976
日暮江空煙水寒,江東日暮雲,0.874077459103257
日暮江空煙水寒,春寒野陰風景暮,0.8105437750380421
日暮江空煙水寒,落雁浮寒水,0.8061206476850773
日暮江空煙水寒,白水暮東流,0.806330028098633
日暮江空煙水寒,江湖秋水多,0.8230006974590053
日暮江空煙水寒,城凝碧樹烟,0.8036032750364418
日暮江空煙水寒,寒城朝烟淡,0.8278370197081667
日暮江空煙水寒,天寒日暮山谷裏,0.8677817285909035
日暮江空煙水寒,青冥寒江渡,0.821587699130085
日暮江空煙水寒,天遠暮江遲,0.8348704913108191
日暮江空煙水寒,白沙翠竹江村暮,0.8198564055942732
日暮江空煙水寒,碧水春風野外昏,0.8206914175784659
日暮江空煙水寒,白馬江寒樹影稀,0.8165879244375414
日暮江空煙水寒,天生江水向東流,0.8067109231011793
日暮江空煙水寒,江雲何夜盡,0.8113154966501581
日暮江空煙水寒,寂寞江天雲霧裏,0.8169463914968169
日暮江空煙水寒,五月江深草閣寒,0.8162378014060118
日暮江空煙水寒,春城海水邊,0.8039003090809973
日暮江空煙水寒,青天江海流,0.8075254787984814
日暮江空煙水寒,江月滿江城,0.821854174272428
日暮江空煙水寒,遲日深江水,0.8214964526974509
日暮江空煙水寒,春日清江岸,0.8103907245931049
日暮江空煙水寒,春風江漢清,0.808470307201725
日暮江空煙水寒,日晚烟花亂,0.8129414994713757
日暮江空煙水寒,城空白日長,0.8093669972833665
日暮江空煙水寒,九江春草外,0.8228869315175456
日暮江空煙水寒,江碧鳥逾白,0.8201981517337208
日暮江空煙水寒,日暮東臨大江哭,0.8420405575414078
日暮江空煙水寒,日滿樓前江霧黄,0.8243206868842862
日暮江空煙水寒,日出清江望,0.8138072343502623
日暮江空煙水寒,江寒出水長,0.8164092133281533
日暮江空煙水寒,雨含長江白,0.8067506469079777
日暮江空煙水寒,魚龍寂寞秋江冷,0.8098335323746599
日暮江空煙水寒,落日九江流,0.8304348899851799
日暮江空煙水寒,江草日日唤愁生,0.8030231804699554
日暮江空煙水寒,落日悲江漢,0.8425660656320955
日暮江空煙水寒,江城秋日落,0.8442474836731545
日暮江空煙水寒,烟霜淒野日,0.8256992318839989
日暮江空煙水寒,江晚白鷗飢,0.8281245544520497
日暮江空煙水寒,江山雲霧昏,0.8053443955516029
日暮江空煙水寒,江湖春欲暮,0.841855427419273
日暮江空煙水寒,青山落日江湖白,0.8602727977421716
日暮江空煙水寒,天寒沙水清,0.8329072492108134
日暮江空煙水寒,江山日寂寥,0.813008084250612
日暮江空煙水寒,野樹侵江闊,0.8139709059612916
日暮江空煙水寒,江湖天闊足風濤,0.8185162481721766
日暮江空煙水寒,天寒歲暮波濤中,0.8624750311910234
日暮江空煙水寒,水闊蒼梧野,0.8060048992441713
當時萬事心已死,與人一心成大功,0.8124806993534244
當時萬事心已死,萬事終傷不自保,0.8297359252401721
當時萬事心已死,已用當時法,0.8087093052591181
當時萬事心已死,死者卽已休,0.8291081119945736
當時萬事心已死,萬事已黄髮,0.8255011458285894
當時萬事心已死,卽事須嘗膽,0.8122436336185713
當時萬事心已死,愚智心盡死,0.8042461555360712
當時萬事心已死,人生萬事無不有,0.8089479568219305
當時萬事心已死,萬古一死生,0.8003181910784352
猶恐魚作故時看,猶被賞時魚,0.8336169216269
竹頭槍地風不舉,騣尾蕭梢朔風起,0.8183911369562582
竹頭槍地風不舉,頭上鋭耳批秋竹,0.8107435269660929
竹頭槍地風不舉,風雨不動安如山,0.8086867213900708
竹頭槍地風不舉,席掛風不正,0.8282724519569611
文書堆案睡自語,讀書破萬卷,0.8233817347309109
文書堆案睡自語,花嶼讀書床,0.8034151834447149
文書堆案睡自語,傍架齊書帙,0.8065926556451634
文書堆案睡自語,自經喪亂少睡眠,0.8098782947573975
文書堆案睡自語,散亂牀上書,0.8201896554298611
文書堆案睡自語,群書一萬卷,0.8015969142537425
文書堆案睡自語,群書萬卷常暗誦,0.8449147628689431
文書堆案睡自語,攤書解滿牀,0.8359277780678707
忽看高馬頓風塵,暮隨肥馬塵,0.8364131619221963
忽看高馬頓風塵,走馬脱轡頭,0.8190641388715905
忽看高馬頓風塵,高生跨鞍馬,0.8266159774482069
忽看高馬頓風塵,黄門飛鞚不動塵,0.8200776738802007
忽看高馬頓風塵,風塵豈駐顔,0.809069757038074
忽看高馬頓風塵,歸馬散霜蹄,0.8097587514031428
忽看高馬頓風塵,坐看千里當霜蹄,0.8180220134774724
忽看高馬頓風塵,興發會能馳駿馬,0.8179360855999092
忽看高馬頓風塵,馬嘶未敢動,0.8052830213954723
忽看高馬頓風塵,行蓋出風塵,0.8323453621257706
忽看高馬頓風塵,臨風看去塵,0.8274379558066316
忽看高馬頓風塵,匹馬逐秋風,0.8032334103188687
忽看高馬頓風塵,粗豪且逐風塵起,0.8199197745622037
忽看高馬頓風塵,戎馬不如歸馬逸,0.8147849983766977
忽看高馬頓風塵,中年胡馬驕,0.8129857882606268
忽看高馬頓風塵,崩騰戎馬際,0.8210977567851208
忽看高馬頓風塵,徐飛錫杖出風塵,0.8245428351671438
忽看高馬頓風塵,眼冷看征蓋,0.8084540067647773
亦思歸家洗袍袴,黄冠歸故鄉,0.8044326505094516
平生久要劉文叔,廣文先生官獨冷,0.8182992884054504
平生久要劉文叔,先生有才過屈宋,0.8368378204200169
平生久要劉文叔,晚定崔李交,0.814209037152636
平生久要劉文叔,賈生對鵩傷王傅,0.8144454670470986
平生久要劉文叔,小儒輕董卓,0.8017984032015519
平生久要劉文叔,諸生原憲貧,0.809688021752053
平生久要劉文叔,多慚鮑叔知,0.8124126093938633
平生久要劉文叔,平生鄭與蘇,0.8338675779720868
平生久要劉文叔,平公今詩伯,0.8207627342018606
平生久要劉文叔,賈誼徒忠貞,0.8004561805359421
平生久要劉文叔,論文到崔蘇,0.8049496786805415
平生久要劉文叔,孟子論文更不疑,0.8301702990596989
平生久要劉文叔,曹公屈壯圖,0.8040306238323731
平生久要劉文叔,賈傅才未有,0.8121238293703272
不肯爲渠作三公,爲我謝賈公,0.8100158657422036
不肯爲渠作三公,不敢强爲容,0.848096768100238
能令漢家重九鼎,能事聞重譯,0.8115993048011899
能令漢家重九鼎,蘇武元還漢,0.8105675775234067
能令漢家重九鼎,遂州城中漢節在,0.810980067544253
能令漢家重九鼎,晉室丹陽尹,0.8117441708052144
能令漢家重九鼎,國家法令在,0.8125873368453552
能令漢家重九鼎,漢官威儀重昭洗,0.836937474411446
能令漢家重九鼎,漢道中興盛,0.8035743501704191
桐江波上一絲風,百頃風潭上,0.8023733776395479
桐江波上一絲風,天入滄浪一釣舟,0.8032273375663992
桐江波上一絲風,江風亦自波,0.8057180165600184
桐江波上一絲風,江月辭風纜,0.8012832475882334
桐江波上一絲風,湘潭一葉黄,0.8005587157481202
南渡誠草草,此生任春草,0.8108737507462103
南渡誠草草,萱草秋已死,0.8120447040847338
南渡誠草草,城春草木深,0.803147971072433
南渡誠草草,取别何草草,0.9024842625778496
南渡誠草草,春風草又生,0.8237929981807111
南渡誠草草,士卒何草草,0.8600791075438303
南渡誠草草,積屍草木腥,0.8027141478346572
南渡誠草草,秋草萋更碧,0.8056284198979475
南渡誠草草,幸因腐草出,0.8389370444820765
南渡誠草草,鹵中草木白,0.8144245610277583
南渡誠草草,江邊問草堂,0.8157304416903096
南渡誠草草,門逕從榛草,0.8149596450093334
南渡誠草草,不意青草湖,0.8083372725007487
南渡誠草草,無人碧草芳,0.8260374306261133
南渡誠草草,肯藉荒庭春草色,0.8303646108437934
南渡誠草草,昔我去草堂,0.8046281753436374
南渡誠草草,春風花草香,0.8289000885283362
南渡誠草草,榛草卽相迷,0.8022921343855571
南渡誠草草,萋萋露草碧,0.8081992104683302
南渡誠草草,大軍載草草,0.843007442060836
南渡誠草草,畏人江北草,0.8095253323417706
南渡誠草草,種此何草草,0.8489620143894772
南渡誠草草,春草何曾歇,0.8186656978672633
南渡誠草草,碧草違春意,0.8093811608835462
南渡誠草草,青草萋萋盡枯死,0.8006744263629635
南渡誠草草,春泥百草生,0.8126315079346746
長沙慰艱難,艱難奮長戟,0.8025080507309955
長沙慰艱難,薄關長吏憂,0.8114950362581868
長沙慰艱難,艱危作遠客,0.8007820277799482
長沙慰艱難,長大常苦饑,0.8021693525616576
終風霾八表,天威總四溟,0.8059296269782681
終風霾八表,揮灑動八垠,0.8396835045872806
終風霾八表,北風破南極,0.8174162710122892
半夜失前山,前江後山根,0.8050390784539094
半夜失前山,楚山經月火,0.8041796577332365
半夜失前山,半夜有行舟,0.8051555705648069
遺民文字禪,疏通略文字,0.8253419637068046
遺民文字禪,文字魯恭留,0.826136372450698
遺民文字禪,文包舊史善,0.8203967182600143
