황정견,두보,코사인 유사도
晴雲有高意,青雲動高興,0.8416792288522068
晴雲有高意,高興知籠鳥,0.8328382453315879
晴雲有高意,快意風雲會,0.8374814007232435
晴雲有高意,低昂各有意,0.8040513458880182
晴雲有高意,何意復高飛,0.8066921543710108
晴雲有高意,高雲薄未還,0.8147732353210948
闊水無湍聲,秋水清無底,0.8026256050087319
闊水無湍聲,遠水非無浪,0.8258097205574764
闊水無湍聲,去水絶還波,0.8155075157858942
闊水無湍聲,山深水增波,0.8012473625532426
闊水無湍聲,潏水帶寒淤,0.8013348130350828
闊水無湍聲,況乃山高水有波,0.8076347536362533
闊水無湍聲,秋水浮階溜決渠,0.8067376616134517
定識阮東平,邵平元入漢,0.8166776335538035
蜩化搶榆枋,翳翳桑榆日,0.8134415469695735
鵬化摶扶摇,風翮九霄鵬,0.8496140622062511
鵬化摶扶摇,鷙鳥舉翮連青雲,0.81962404841045
鵬化摶扶摇,雲帆轉遼海,0.8009997590612314
鵬化摶扶摇,欲化北溟鯤,0.8220934650877486
鵬化摶扶摇,南圖迴羽翮,0.8082275224127204
鵬化摶扶摇,亦未摶空上九天,0.8104725407350952
鵬化摶扶摇,正翮摶風超紫塞,0.8355458608136546
鵬化摶扶摇,丹極上鯤鵬,0.8854231959367536
鵬化摶扶摇,六月曠摶扶,0.8191380172181513
鵬化摶扶摇,秋鷹整翮當雲霄,0.8066297452293281
鵬化摶扶摇,變化有鵾鵬,0.8506122387027459
鵬化摶扶摇,鵬圖仍矯翼,0.8369777557920042
鵬化摶扶摇,鵬路觀翱翔,0.8387691263681829
大椿萬歲壽,萬歲千秋奉明主,0.8830455148183878
大椿萬歲壽,千秋萬歲名,0.8820155571042909
大椿萬歲壽,聖壽宜過一萬春,0.8408115669718368
大椿萬歲壽,但求椿壽永,0.8444884376610221
大椿萬歲壽,上殿稱萬壽,0.8418272622570974
定非各逍遥,率府且逍遥,0.831571723161264
定非各逍遥,逍遥有能事,0.842477104704938
定非各逍遥,應接非本性,0.8121344611971637
譬如宿舂糧,糧粒或自保,0.8046268418477434
所詣豈得遼,尚謂求無形,0.8138773460822247
所詣豈得遼,顧慚昧所適,0.8073949656905868
所詣豈得遼,用舍在所尋,0.8133184064353025
所詣豈得遼,劉表焉得取,0.8152028150054729
所詣豈得遼,出非不得地,0.8007724214039804
所詣豈得遼,得盡所歷妙,0.8023638223619505
所詣豈得遼,焉得所歷住,0.8110635615091011
漆園槁項翁,殘生一老翁,0.8110603861767998
聞風獨參寥,寥寥不復聞,0.8227470550617647
聞風獨參寥,風聽九皋唳,0.8004624907432191
物情本不齊,貴賤俱物役,0.8028648527441964
物情本不齊,外物慕張邴,0.8005208165256366
物情本不齊,豈知異物同精氣,0.807743098125856
物情本不齊,物性固難奪,0.8735666993983553
物情本不齊,龍種自與常人殊,0.8121410441653902
物情本不齊,物情有報復,0.8161771817909478
物情本不齊,遠近理亦齊,0.8119377414508117
物情本不齊,物情無巨細,0.8644402099635857
物情本不齊,自適固其常,0.8136447798124801
物情本不齊,人物世不數,0.8178972911702531
物情本不齊,貧知静者性,0.8023997427067318
物情本不齊,性命由他人,0.8129332174362378
物情本不齊,性命苟不存,0.8403065647025855
物情本不齊,物微意不淺,0.8302497166318283
物情本不齊,物情尤可見,0.8500747087481906
物情本不齊,應接非本性,0.844885542810119
物情本不齊,物理固自然,0.879891051412409
物情本不齊,物賤事已暌,0.8006533154366311
物情本不齊,出處庶可齊,0.805214257069184
物情本不齊,幽居近物情,0.8018243010927928
物情本不齊,物色兼生意,0.8233166934718498
物情本不齊,可以物理推,0.8504459727998825
物情本不齊,物微世競棄,0.837938716709392
物情本不齊,直取性情真,0.8031039326471521
物情本不齊,會希全物色,0.8107628196150327
物情本不齊,此生隨萬物,0.8014043568013471
物情本不齊,生理不得論,0.8002593094865174
物情本不齊,高懷見物理,0.8254986429178464
物情本不齊,根源皆太古,0.8015672440805673
物情本不齊,穎鋭物不隔,0.8179025033245826
物情本不齊,復似物皆春,0.8323002217895754
物情本不齊,亂世輕全物,0.8008545803414427
物情本不齊,萬物附本性,0.8466175096654207
物情本不齊,人情見非類,0.8578607626501701
物情本不齊,物理直難齊,0.9015626579567191
顯者桀與堯,致君堯舜焉肯朽,0.8098445349770194
烈風號萬竅,聲吹鬼神下,0.8245193888791879
烈風號萬竅,魑魅嘯有風,0.8373988619116448
烈風號萬竅,長風中怒號,0.8606160635797274
烈風號萬竅,八月秋高風怒號,0.8074164647645192
烈風號萬竅,風雷颯萬里,0.819717825191929
烈風號萬竅,風雨聞號呼,0.8019737230563588
烈風號萬竅,江風颯長夏,0.8068903774279879
烈風號萬竅,雷霆可震威,0.8198106027946667
烈風號萬竅,風吹巨焰作,0.8206573876299165
烈風號萬竅,聲吼纏猛虎,0.8013731996415449
烈風號萬竅,悲風排帝閽,0.8104930928892103
烈風號萬竅,秋風動哀壑,0.8308814557853134
烈風號萬竅,霹靂魍魎兼狂風,0.814785636790453
烈風號萬竅,翻風轉日木怒號,0.8070655159665852
烈風號萬竅,風雷搜百靈,0.8227165150621352
烈風號萬竅,來如雷霆收震怒,0.8248492521552659
烈風號萬竅,猛風中夜吹白屋,0.8250130718196421
烈風號萬竅,雷霆劈長松,0.8111932940566291
烈風號萬竅,風號聞虎豹,0.8219977544053876
雜然吹籟簫,擊鼓吹笙竽,0.8471326744162202
雜然吹籟簫,萬籟真笙竽,0.9261555511333059
雜然吹籟簫,鼓角凌天籟,0.834125785921443
雜然吹籟簫,吹簫間笙簧,0.868096367512547
雜然吹籟簫,行人不過聽竽籟,0.8179449890219945
雜然吹籟簫,背後吹笙竽,0.8657010918952532
雜然吹籟簫,軍中吹玉笙,0.8112720315939119
雜然吹籟簫,鸞鳳夾吹簫,0.8317965770236287
何嘗用吾私,取用及吾身,0.8157440736110351
何嘗用吾私,公豈忘精誠,0.8164581441350179
何嘗用吾私,用舍何其賢,0.8100248319356089
何嘗用吾私,豈知身効能,0.8066961523513742
惜哉向郭誤,惜哉功名忤,0.8179336974034213
惜哉向郭誤,惜哉李蔡不復得,0.8002814464565556
惜哉向郭誤,嗟余竟轗軻,0.8018320738017077
斯文晚未昭,昭代將垂白,0.8066439420487292
斯文晚未昭,宣光果明哲,0.8085175065957173
斯文晚未昭,斯人尚典型,0.857518983414668
斯文晚未昭,斯文起獲麟,0.8078613551599179
斯文晚未昭,論文或不愧,0.8003809335251897
斯文晚未昭,於道未爲尊,0.8065466570738733
斯文晚未昭,斯文崔魏徒,0.8048189268147622
斯文晚未昭,漢道盛於斯,0.8318992282165294
斯文晚未昭,斯文去矣休,0.8408429942328325
斯文晚未昭,昔歲文爲理,0.8044612346125513
斯文晚未昭,爾祖未顯時,0.8048131423914726
胡不弃影事,自然棄擲與時異,0.8300577986178075
胡不弃影事,恐懼棄捐忍羇旅,0.849144924934736
胡不弃影事,君豈棄此物,0.8482726528782885
胡不弃影事,撥棄不擬道,0.8221705016711118
胡不弃影事,委棄非汝能周防,0.8074610527552907
胡不弃影事,不如棄路傍,0.810148524604928
胡不弃影事,焉用身獨完,0.8069427372065584
胡不弃影事,隱忍用此物,0.8024352357076454
胡不弃影事,諸侯非棄擲,0.8332614177855141
胡不弃影事,治中實棄捐,0.8237689798337702
胡不弃影事,生事不自謀,0.8002860401226564
胡不弃影事,聖朝無棄物,0.8047772084564822
胡不弃影事,不忍竟舍此,0.843578847482087
胡不弃影事,軍事無孑遺,0.8134453892859981
胡不弃影事,豈獨勸後世,0.8045073483720817
胡不弃影事,諸公不相棄,0.8484223250981048
胡不弃影事,百年同棄物,0.8110200054563343
胡不弃影事,棄我忽若遺,0.8374070874254251
直以神理超,精理通談笑,0.8327066673870562
直以神理超,氣得神仙迥,0.8287477023190121
直以神理超,精禱既不昧,0.8056222563431275
直以神理超,物性固難奪,0.8012648155161574
直以神理超,以茲悟生理,0.8663091312604987
直以神理超,至性有此不,0.8138996988695667
直以神理超,濁醪有妙理,0.8002012497083902
直以神理超,心在水精域,0.8064202820269514
直以神理超,足以正神器,0.813941222221835
直以神理超,細推物理須行樂,0.8060174603518422
直以神理超,神妙獨難忘,0.838852749552079
直以神理超,乃知畫師妙,0.8087535290486252
直以神理超,好静心跡素,0.8032542108663336
直以神理超,静者心多妙,0.8481029495396839
直以神理超,應接非本性,0.8241003619367965
直以神理超,物理固自然,0.8400526546643504
直以神理超,静求元精理,0.8737396868821714
直以神理超,可以物理推,0.8639240757015769
直以神理超,直取性情真,0.8128142748279359
直以神理超,妙取略地平,0.8244121692639428
直以神理超,受性本幽獨,0.8077708614962543
直以神理超,意度不無神,0.8079122691011281
直以神理超,甚昧至精主,0.8108568643240144
直以神理超,秉心識本源,0.8123756333735342
直以神理超,清絶心有向,0.8017755484946628
直以神理超,穎鋭物不隔,0.80352843408719
直以神理超,密論貞觀體,0.8006334762051769
直以神理超,情窮造化理,0.8094197047376712
直以神理超,安爲動主理信然,0.8105478315816026
直以神理超,虚心味道玄,0.8099025446846413
直以神理超,物理直難齊,0.8426321353996804
直以神理超,物微限通塞,0.8078227886209062
直以神理超,得盡所歷妙,0.8275901601353186
木資不才生,材力爾精靈,0.8033093288691822
木資不才生,方知不材者,0.8339337242375219
木資不才生,用才復擇誰,0.8173724139205245
木資不才生,應天才不小,0.8197138199784821
木資不才生,用之不高亦不庳,0.8036144991468781
木資不才生,有才無命百僚底,0.802662150423298
木資不才生,主人不世才,0.8190402104887873
雁得不才死,紈袴不餓死,0.8073219397329771
雁得不才死,老雁春忍饑,0.801428214577583
雁得不才死,嵇康不得死,0.8057922009032137
雁得不才死,北書不至雁無情,0.8026511590352452
雁得不才死,孤雁不飲啄,0.8076513377231119
投身死生中,真堪託死生,0.8287469298126127
投身死生中,生死向前去,0.8320171288539993
投身死生中,君今生死地,0.8469663312431333
投身死生中,無家問死生,0.8000827391832758
投身死生中,浪迹同生死,0.8087675612040273
投身死生中,浮生難去食,0.8001145564241302
投身死生中,便有死生分,0.8160909445304937
投身死生中,一官羈絆實藏身,0.8062354299151151
投身死生中,日覺死生忙,0.8010498696476767
投身死生中,斯人脱身來,0.8075741827071243
投身死生中,浮生一病身,0.8089562311390848
投身死生中,冥心若死灰,0.8131051201706954
投身死生中,脱身亦奔竄,0.801962711665541
未可優劣比,等級敢比肩,0.8116471459044929
深藏無所用,深意實在此,0.8237175540238304
深藏無所用,深藏供老宿,0.8016480933292311
深藏無所用,用舍在所尋,0.8422431897820286
深藏無所用,龍身寧久藏,0.8128619417122946
深藏無所用,深潛託所親,0.8395369742868648
深藏無所用,於身色有用,0.8231335619218723
深藏無所用,莧也無所施,0.8119056498420006
深藏無所用,脱身無所愛,0.8132423055970248
深藏無所用,兔藏三窟莫深憂,0.8040708319043277
深藏無所用,深求洞宫脚,0.8027329440680739
深藏無所用,棲屑無所施,0.8293329895257409
一寓不得已,安可辭固窮,0.8002028019849283
一寓不得已,幽意忽不愜,0.8189755274375095
一寓不得已,流寓理豈愜,0.8068905578011976
一寓不得已,一飽卽飛掣,0.8112114905069023
一寓不得已,撥棄不擬道,0.8089329104753481
一寓不得已,記一不識十,0.8015672372259466
一寓不得已,四極我得制,0.8298081170073293
一寓不得已,掃灑數不缺,0.8012758286802635
一寓不得已,問答未及已,0.8028389044283006
一寓不得已,默識蓋不早,0.8231840301494776
一寓不得已,客去亦不息,0.8180410309988233
一寓不得已,一墜那得取,0.8361918406315398
一寓不得已,不忍竟舍此,0.8208041693749504
一寓不得已,自顧亦已極,0.814937127850349
一寓不得已,一日兩遣僕,0.8048462568821011
一寓不得已,予見亂離不得已,0.8053471799039654
一寓不得已,一失不足傷,0.8402997145010582
一寓不得已,得失瞬息間,0.8077956725276338
一寓不得已,得盡所歷妙,0.8126880680562725
一寓不得已,焉得所歷住,0.8231434689703918
逍遥同我誰,率府且逍遥,0.8033612212921701
逍遥同我誰,逍遥有能事,0.8259137031973871
逍遥同我誰,吾與誰游衍,0.8356129119640511
温風撩人隨處去,隨風照日宜輕舉,0.8046103521368501
温風撩人隨處去,山風吹遊子,0.8030073073012836
温風撩人隨處去,隨風潛入夜,0.8201399252897541
温風撩人隨處去,吹花隨水去,0.8266604760662687
温風撩人隨處去,吹面受和風,0.8015301459505498
温風撩人隨處去,隨風且閒葉,0.8063923217735207
欲如羶羊蟻旋慕,黄羊飫不羶,0.8093976968977552
欲如羶羊蟻旋慕,穴蟻欲何逃,0.8366749832124623
欲如羶羊蟻旋慕,朽骨穴螻蟻,0.8002168222647259
落英馬前高下飛,須公櫪上追風驃,0.8057488624554325
落英馬前高下飛,脚下高蹄削寒玉,0.8052020740590097
落英馬前高下飛,風花高下飛,0.8635335180923799
落英馬前高下飛,前飛秃𪃩後鴻鵠,0.8048880613895881
牽挽忽與樽酒遇,情乖清酒送,0.8220970726888348
牽挽忽與樽酒遇,朋酒日歡會,0.802227857369022
傾蓋不減平生故,平生一杯酒,0.8079987126719832
傾蓋不減平生故,交非傾蓋新,0.8108970824689965
傾蓋不減平生故,深覺負平生,0.808360039418127
傾蓋不減平生故,平生滿樽酒,0.8110259769278229
素衣成緇面黧黑,被褐短窄鬢如絲,0.8029443533253106
素衣成緇面黧黑,肉黄皮皺命如線,0.8130822209799622
素衣成緇面黧黑,毛爲緑縹兩耳黄,0.8350952831315925
素衣成緇面黧黑,赤汗微生白雪毛,0.8121327447183067
素衣成緇面黧黑,顔色白勝雪,0.8152791471784482
素衣成緇面黧黑,瘦妻面復光,0.8080645181101807
素衣成緇面黧黑,生子毛盡赤,0.8105564858071147
素衣成緇面黧黑,白益毛髮古,0.8014710709495045
素衣成緇面黧黑,眼暗髮垂素,0.8158243323298484
素衣成緇面黧黑,毛衣慘黑貌憔悴,0.8580785254217191
素衣成緇面黧黑,纖絺成緼袍,0.8127226528978351
素衣成緇面黧黑,再騁肌膚如素練,0.8025192487336485
素衣成緇面黧黑,會面嗟黧黑,0.8282991749367966
素衣成緇面黧黑,貌赤愧相對,0.8032257331260653
素衣成緇面黧黑,子何面黧黑,0.8760386383223613
素衣成緇面黧黑,壯士短衣頭虎毛,0.8121319559802578
素衣成緇面黧黑,寒膩黑貂裘,0.8003626904265793
素衣成緇面黧黑,黄土污衣眼易眯,0.8335595451205372
素衣成緇面黧黑,衣裳垂素髮,0.8244936892984134
素衣成緇面黧黑,鬢毛垂領白,0.803532529218461
素衣成緇面黧黑,此道未磷緇,0.8008127107793725
素衣成緇面黧黑,紅顔白面花映肉,0.8218693765362581
笑説塵沙工點汙,苦見塵沙黄,0.8179981550679107
笑説塵沙工點汙,銜泥點污琴書内,0.8147300591507485
笑説塵沙工點汙,青城漫污雜,0.8041122456235005
笑説塵沙工點汙,點染無滌盪,0.8179604982608558
笑説塵沙工點汙,點染不易虞,0.8359941387831861
笑説塵沙工點汙,物白諱受玷,0.8024928418818735
王事賢勞尚有詩,青史無勞數趙張,0.8093290426954078
自卷溪藤染霜兔,露裛思藤架,0.8051596149168897
自卷溪藤染霜兔,染淚在叢筠,0.8051013472848007
桃李清陰坐未移,慈竹春陰覆,0.8007869251315317
桃李清陰坐未移,桃陰想舊蹊,0.81731187409645
桃李清陰坐未移,陰陰桃李蹊,0.865066691016462
走送雄篇疲健步,嗚呼健步無由騁,0.8495179317149635
走送雄篇疲健步,戲拈秃筆掃驊騮,0.8169385263262925
走送雄篇疲健步,凌雲健筆意縱横,0.8105623354824629
張侯先不露文章,文章實致身,0.8410064158745889
張侯先不露文章,汝更少年能缀文,0.8003943945385624
張侯先不露文章,文章落上台,0.8067379513231516
張侯先不露文章,文章憎命達,0.8144640186466732
張侯先不露文章,尚愛卓文君,0.8208279445055036
張侯先不露文章,黄綺終辭漢,0.8011805866473241
張侯先不露文章,論文或不愧,0.815361807954694
張侯先不露文章,庾信文章老更成,0.8136826124684609
張侯先不露文章,文章亦不盡,0.8319814693200583
張侯先不露文章,焉知李廣未封侯,0.8125744013333844
張侯先不露文章,老儒不用尚書郎,0.8117600721950939
張侯先不露文章,名豈文章著,0.8342763197936511
張侯先不露文章,枚乘文章老,0.8246065434140862
張侯先不露文章,未知張王後,0.8030678772857
張侯先不露文章,不露文章世已驚,0.8321558779815887
張侯先不露文章,恐是漢代韓張良,0.8134674334960974
張侯先不露文章,孟子論文更不疑,0.8063368271302815
張侯先不露文章,在汝更用文章爲,0.8140485833043016
張侯先不露文章,文章並我先,0.8419026847230195
張侯先不露文章,子建文章壯,0.8236853374527406
張侯先不露文章,時見文章士,0.8015015533429151
張侯先不露文章,已似愛文章,0.8099443369245238
張侯先不露文章,文章敢自誣,0.840461089636861
張侯先不露文章,不愧史臣詞,0.8190411203317722
張侯先不露文章,君不見東吳顧文學,0.8062714037090803
張侯先不露文章,衞侯不易得,0.8056673700193078
張侯先不露文章,劉侯奉使光推擇,0.8021386112765385
張侯先不露文章,文章曹植波瀾闊,0.8126729444116568
十年深深豹藏霧,深山大澤龍蛇遠,0.8355329647756329
十年深深豹藏霧,深藏供老宿,0.8118209040898421
十年深深豹藏霧,蟄龍三冬卧,0.8181021019778648
十年深深豹藏霧,閉藏修鱗蟄,0.8326821225213992
十年深深豹藏霧,業工竄伏深樹裏,0.832028965585792
十年深深豹藏霧,萬木雲深隱,0.8006445794385407
十年深深豹藏霧,兔藏三窟莫深憂,0.837352203112056
十年深深豹藏霧,隱豹深愁雨,0.8600242451206385
十年深深豹藏霧,龍蛇不成蟄,0.8066187561875774
十年深深豹藏霧,深求洞宫脚,0.8018076973166501
十年深深豹藏霧,熊羆欲蟄龍蛇深,0.8386978480958118
欻來聽訟小棠陰,鈔詩聽小胥,0.8131672311986138
千里鳴絃舞韶頀,悲管逐清瑟,0.8248988657354618
千里鳴絃舞韶頀,吹簫間笙簧,0.8101026696840414
千里鳴絃舞韶頀,豈獨聽簫韶,0.8041306476226021
千里鳴絃舞韶頀,元聽舜日舊簫韶,0.8013845678033273
千里鳴絃舞韶頀,鏘鏘鳴玉動,0.8008568613321407
千里鳴絃舞韶頀,正直朱絲絃,0.8007541081596999
千里鳴絃舞韶頀,鸞鳳夾吹簫,0.8036778201868342
千里鳴絃舞韶頀,疏松夾水奏笙簧,0.8111409170723467
千里鳴絃舞韶頀,暫擬控鳴弦,0.8157455080020611
我名最落諸人後,夫子獨聲名,0.8030389897440778
我名最落諸人後,端復得之名譽早,0.8047421377252095
我名最落諸人後,名聲國中老,0.8027105779030013
我名最落諸人後,人道我卿絶世無,0.8160086469692415
我名最落諸人後,既稱絶世無,0.8214893238165231
我名最落諸人後,諸孫賢至今,0.8011413699865405
我名最落諸人後,名玷薦賢中,0.8120106149034998
我名最落諸人後,宅入先賢傳,0.8332225624600416
我名最落諸人後,付與後世傳,0.8059490984223656
我名最落諸人後,前輩聲名人,0.8567666814491768
我名最落諸人後,迥出諸侯先,0.8116905412730506
我名最落諸人後,嶷然大賢後,0.8193177370303559
我名最落諸人後,争名古豈然,0.8056846488597771
我名最落諸人後,亂世想賢才,0.827214131550812
我名最落諸人後,最傳秀句寰區滿,0.8035144334695855
我名最落諸人後,後賢兼舊制,0.8071981193629044
我名最落諸人後,大賢之後竟陵遲,0.8151222772628248
我名最落諸人後,李也疑丞曠前後,0.8074436425962603
我名最落諸人後,逍遥公後世多賢,0.8105504478685346
我名最落諸人後,名高前後事,0.8137735191659582
頓使漂山由衆喣,巨猾何時除,0.8007341034805671
頓使漂山由衆喣,疇能忍漂寓,0.8071325421284774
伐木丁丁愧友聲,伐木丁丁山更幽,0.8789271740968522
食苹呦呦懷野聚,春草鹿呦呦,0.8741783249735279
食苹呦呦懷野聚,登危聚麋鹿,0.8230527057578303
食苹呦呦懷野聚,得食階除鳥雀馴,0.8074770250942985
食苹呦呦懷野聚,猿鳥聚儔侣,0.8237080089216133
谷陽舊壘一片春,多壘滿山谷,0.8078561500441046
勤我引領西南傃,領我赴三軍,0.8108170944003508
勤我引領西南傃,爲我迴轡擒西戎,0.8151745819978897
勤我引領西南傃,捧擁從西來,0.8071240450362362
遥知紅紫能亂眼,别君誰暖眼,0.8316398229139867
錦衾作夢高唐賦,布衾多年冷似鐵,0.8014950120405981
簡書留句四十里,幾歲寄我空中書,0.8342002682734144
簡書留句四十里,讀書破萬卷,0.814409860586055
簡書留句四十里,猥誦佳句新,0.8101069798740607
簡書留句四十里,李白一斗詩百篇,0.8099519648779876
簡書留句四十里,答云一書記,0.8137574788368498
簡書留句四十里,詩書遂牆壁,0.8183588008924534
簡書留句四十里,題詩得秀句,0.8129365210548853
簡書留句四十里,十九授校書,0.8145883245154817
簡書留句四十里,讀書難字過,0.8095917734608906
簡書留句四十里,連年絶尺書,0.8095515111812174
簡書留句四十里,拾遺曾奏數行書,0.8021206688446146
簡書留句四十里,老妻書數紙,0.8264814527582718
簡書留句四十里,陳公讀書堂,0.8021869039977387
簡書留句四十里,但見書畫傳,0.8177906679325448
簡書留句四十里,題詩須一行,0.8245485658155167
簡書留句四十里,有使卽寄書,0.8032424810468004
簡書留句四十里,觀我落筆中書堂,0.8017432453296305
簡書留句四十里,呼兒覓紙一題詩,0.8049200501049778
簡書留句四十里,幾度寄書白鹽北,0.8124731323096825
簡書留句四十里,群書一萬卷,0.8033005444245467
簡書留句四十里,群書萬卷常暗誦,0.80550430017943
簡書留句四十里,次第尋書札,0.8127888968129012
簡書留句四十里,念我能書數字至,0.871314971947806
簡書留句四十里,肯作致書郵,0.8062282059116348
簡書留句四十里,素書一月凡一束,0.8003013440004592
簡書留句四十里,載筆尚可記,0.8077039696991266
夢魂明月識歸路,不返舊征魂,0.8198542486554887
夢魂明月識歸路,歸時恐路迷,0.8069607922757875
夢魂明月識歸路,魂招不來歸故鄉,0.8503963374617449
夢魂明月識歸路,歸路恐長迷,0.8071663958344435
夢魂明月識歸路,環珮空歸夜月魂,0.8383424959142023
夢魂明月識歸路,夢魂歸未得,0.8770932110084528
公才富比滄海宫,郭薛俱才賢,0.8049877677251296
公才富比滄海宫,才名賈傅多,0.8067773645087843
明珠珊瑚凡幾庫,釣竿欲拂珊瑚樹,0.8138678801252497
明珠珊瑚凡幾庫,文采珊瑚鈎,0.849240193866188
明珠珊瑚凡幾庫,腰下寶玦青珊瑚,0.8551146310192004
明珠珊瑚凡幾庫,紅浸珊瑚短,0.8393267030028398
明珠珊瑚凡幾庫,豐屋珊瑚鉤,0.8691875804037066
明珠珊瑚凡幾庫,僧寶人人滄海珠,0.8104232543307934
明珠珊瑚凡幾庫,珊瑚市則無,0.850781589499942
明珠珊瑚凡幾庫,莫避珊瑚枝,0.8162852262157081
明珠珊瑚凡幾庫,照曜珊瑚枝,0.8664914323953499
惠連冢上麥纖纖,江畔細麥復纖纖,0.9074642006786029
惠連冢上麥纖纖,江白草纖纖,0.8463683738788117
喜公猶得春草句,猥誦佳句新,0.8296037409878314
喜公猶得春草句,題詩得秀句,0.8533895213538443
喜公猶得春草句,新詩句句好,0.8257571134922789
喜公猶得春草句,故人得佳句,0.8344131296699911
喜公猶得春草句,鄭公縱得歸,0.806703170617304
喜公猶得春草句,漫卷詩書喜欲狂,0.8079079644995251
喜公猶得春草句,賦詩新句穩,0.8264730944798852
喜公猶得春草句,當公賦佳句,0.8224271894905766
喜公猶得春草句,詞人取佳句,0.801762334399384
喜公猶得春草句,開卷得佳句,0.8177898287109718
喜公猶得春草句,賦詩猶落筆,0.8041293389935912
喜公猶得春草句,覓句新知律,0.8094121391400793
喜公猶得春草句,吟詩正憶渠,0.8049389928235559
明朝折柳作馬箠,金鞭折斷九馬死,0.8016436036878116
明朝折柳作馬箠,欲别上馬身無力,0.8193198210092925
明朝折柳作馬箠,要我下馬行,0.8174977916735279
明朝折柳作馬箠,使君五馬一馬驄,0.8172499391040706
想見杯盤咄嗟具,咄咄空咨嗟,0.8187573833294295
想見杯盤咄嗟具,在眼無咨嗟,0.824453526564692
大似横塘過飛鶩,鳥影度寒塘,0.8029863142916088
大似横塘過飛鶩,眠沙泛浦白於雲,0.8070882366817295
大似横塘過飛鶩,江渚翻鷗戲,0.8014357283920392
大似横塘過飛鶩,片片輕鷗下急湍,0.8117163287425861
甕面浮蛆暖更多,春酒杯濃琥珀薄,0.8377087851834827
甕面浮蛆暖更多,仙醴來浮蟻,0.8026364389740706
甕面浮蛆暖更多,脆添生菜美,0.8163695832336837
甕面浮蛆暖更多,白屋寒多暖始開,0.847461249625965
甕面浮蛆暖更多,蔗漿歸廚金碗凍,0.8032875289669209
甕面浮蛆暖更多,射洪春酒寒仍緑,0.8467570081461795
甕面浮蛆暖更多,蟻浮仍臘味,0.8482911889638005
甕面浮蛆暖更多,冬暖更纖絺,0.8102256662781318
甕面浮蛆暖更多,春日春盤細生菜,0.8231858364291591
甕面浮蛆暖更多,山家蒸栗暖,0.8026885303841045
甕面浮蛆暖更多,老藉軟俱匀,0.8002798223664048
甕面浮蛆暖更多,春日兼蒙暄暖扶,0.8044955344834643
甕面浮蛆暖更多,溜匙兼煖腹,0.8284904008651786
氣味煩公卒調護,味暖併無憂,0.8029357390073186
氣味煩公卒調護,但見元氣常調和,0.8083172965996507
氣味煩公卒調護,煩苛法令蠲,0.8015480397512597
南岡北岡教脱袴,亦得歸山岡,0.8209079110346674
南岡北岡教脱袴,重岡北面起,0.8055162806109792
南岡北岡教脱袴,南登木皮嶺,0.8213072284746207
南岡北岡教脱袴,更上林北岡,0.8587388558306814
南岡北岡教脱袴,捨舟越西岡,0.8347295299083335
南岡北岡教脱袴,未暇杖崇岡,0.8007889179786949
春衣可著愜醉眠,醉眠秋共被,0.8363284543143076
春衣可著愜醉眠,徑滑衣又寒,0.8013158921757918
春衣可著愜醉眠,宫衣著更香,0.8204587306555124
春衣可著愜醉眠,有時顛倒著衣裳,0.8152474272594545
春衣可著愜醉眠,席不煖君牀,0.8015406758302984
春衣可著愜醉眠,只作披衣慣,0.8046380202072989
春衣可著愜醉眠,尋常絶醉困,0.8083294944827802
春衣可著愜醉眠,歸來省醉眠,0.8072315809214373
春衣可著愜醉眠,冬要錦衾眠,0.8236003651786907
春衣可著愜醉眠,客睡何曾著,0.8177691287014195
春衣可著愜醉眠,地偏初衣裌,0.8119237136654858
春衣可著愜醉眠,舟中得病移衾枕,0.80746211974443
春衣可著愜醉眠,杖藜不睡誰能那,0.8025842217009924
春衣可著愜醉眠,覺君衣裳單,0.8012244081828783
扶亭大夫伯淳父,李舟名父子,0.8098965426977216
扶亭大夫伯淳父,僕射如父兄,0.8131042425691438
扶亭大夫伯淳父,地崇士大夫,0.8042772236548559
扶亭大夫伯淳父,爾之高祖母,0.8094352031256391
平生執鞭所欣慕,平生意有餘,0.8097379463442675
平生執鞭所欣慕,人生快意多所辱,0.8039945059267302
平生執鞭所欣慕,平生感意氣,0.8086126882929447
蚤年學問多東南,今欲東入海,0.8040807881306442
蚤年學問多東南,前年學語時,0.8224094455251312
蚤年學問多東南,老夫復欲東南征,0.8041811143804249
蚤年學問多東南,壯年學書劍,0.8189674141389911
蚤年學問多東南,早歲與蘇鄭,0.8067382690361249
蚤年學問多東南,長年已省舵,0.8062257927018373
形阻江山想神遇,形勝有餘風土惡,0.8101502398659666
阮籍臺邊有一人,跡籍臺觀舊,0.8043113552103122
阮籍臺邊有一人,至今阮籍等,0.827628410327914
阮籍臺邊有一人,阮籍行多興,0.8037191861869171
阮籍臺邊有一人,籍籍名家孫,0.810844645925943
阮籍臺邊有一人,籍甚黄丞相,0.8157881605722269
阮籍臺邊有一人,茫然阮籍途,0.8297176965290889
阮籍臺邊有一人,蕭條阮咸在,0.8023363975664481
阮籍臺邊有一人,途中非阮籍,0.835666859596675
阮籍臺邊有一人,窮途阮籍幾時醒,0.8187856860529832
愛歎非爲婚姻故,謀拙愧諸昆,0.8016094355851084
愛歎非爲婚姻故,勿爲新婚念,0.8525828251389819
愛歎非爲婚姻故,却爲姻婭過逢地,0.830662855675298
愛歎非爲婚姻故,與子姻婭間,0.8135379562207883
民言令君明且清,江清心可瑩,0.8129572647196681
民言令君明且清,愛其謹潔極,0.8071199250196877
民言令君明且清,乃知君子心,0.815869486253851
玉壺寒冰不受污,硯寒金井水,0.808267227186434
玉壺寒冰不受污,簷動玉壺冰,0.8209319383961222
玉壺寒冰不受污,香汗清塵汙顔色,0.8025127625547168
玉壺寒冰不受污,清輝玉臂寒,0.8238004223523772
玉壺寒冰不受污,身上無有完肌膚,0.807084530144769
玉壺寒冰不受污,此道誰疵瑕,0.8006554459046583
玉壺寒冰不受污,置在迎風露寒之玉壺,0.8038726246061654
玉壺寒冰不受污,江清心可瑩,0.8055611248806629
玉壺寒冰不受污,乞爲寒水玉,0.8078864001939507
玉壺寒冰不受污,金眸玉爪不凡材,0.8051395096367258
玉壺寒冰不受污,落刃嚼冰霜,0.8016783324701899
玉壺寒冰不受污,開冰清玉壺,0.8804277275452606
玉壺寒冰不受污,濁河終不污清濟,0.807133337375151
玉壺寒冰不受污,冰壺玉衡懸清秋,0.838579572037035
玉壺寒冰不受污,寒刮肌膚北風利,0.812307986544454
玉壺寒冰不受污,冰置玉壺多,0.8472255116132372
我從王事驅傳馬,後來鞍馬何逡巡,0.8134979473839496
我從王事驅傳馬,自從官馬送還官,0.8248114778201645
我從王事驅傳馬,士卒多騎内厩馬,0.814763391598649
我從王事驅傳馬,京師皆騎汗血馬,0.8236013138272281
我從王事驅傳馬,將軍别换馬,0.8127134774274585
我從王事驅傳馬,胡騎長驅五六年,0.8251773030243654
我從王事驅傳馬,行軍數騎來,0.811082152950886
我從王事驅傳馬,有客騎驄馬,0.8003803140284262
我從王事驅傳馬,興發會能馳駿馬,0.8092155390595126
我從王事驅傳馬,奉引濫騎沙苑馬,0.8062194017889527
我從王事驅傳馬,能騎生馬駒,0.811793835802948
我從王事驅傳馬,似聞胡騎走,0.8006671118694706
我從王事驅傳馬,仍騎御史驄,0.8084055002567495
我從王事驅傳馬,君不見東川節度兵馬雄,0.8058896863662188
我從王事驅傳馬,使君五馬一馬驄,0.8002687944250844
我從王事驅傳馬,爲我迴轡擒西戎,0.8131751416906365
我從王事驅傳馬,使君騎紫馬,0.8229594599261041
我從王事驅傳馬,國初已來畫鞍馬,0.8129626110798498
我從王事驅傳馬,犬戎直來坐御牀,0.8032202767812616
我從王事驅傳馬,我曹鞴馬聽晨雞,0.8000047743993769
我從王事驅傳馬,殿前兵馬破汝時,0.8145544661293487
我從王事驅傳馬,戎馬不如歸馬逸,0.8067458131632304
我從王事驅傳馬,江邊借馬騎,0.8014827549927205
我從王事驅傳馬,將軍思汗馬,0.8130251490745364
我從王事驅傳馬,駝馬由來擁國門,0.8142379327997773
我從王事驅傳馬,身病戎馬後,0.8043958648928554
我從王事驅傳馬,聞道南行市駿馬,0.8040238244359986
我從王事驅傳馬,意在驅除出金帛,0.8017531571004255
我從王事驅傳馬,自下所騎馬,0.8132036367424065
我從王事驅傳馬,北驅漢陽傳,0.8013277414908142
我從王事驅傳馬,驅馳數公子,0.8271573312017111
落日東走駭麏兔,走過掣電傾城知,0.8088731032746362
落日東走駭麏兔,落日照大旗,0.8101609882134373
落日東走駭麏兔,氣酣日落西風來,0.8071542948167453
落日東走駭麏兔,揭ㅇ怪石走,0.8001310109707377
落日東走駭麏兔,挾矢射漢月,0.807263339146912
落日東走駭麏兔,白狐跳梁黄狐立,0.8095402465502679
落日東走駭麏兔,側見寒蓬走,0.8143529723065419
落日東走駭麏兔,山行落日下絶壁,0.8463016831017558
落日東走駭麏兔,清江白日落欲盡,0.8132873193325065
落日東走駭麏兔,殺聲落日迴蒼穹,0.8124174602392407
落日東走駭麏兔,長鈚逐狡兔,0.8269023246343602
落日東走駭麏兔,指揮赤白日,0.802860665806783
落日東走駭麏兔,獵射起黄埃,0.8012229278126595
落日東走駭麏兔,奔峭背赤甲,0.8283354116823485
落日東走駭麏兔,㸌如羿射九日落,0.842079992453691
落日東走駭麏兔,赤日照耀從西來,0.8174408966011151
落日東走駭麏兔,走鹿無反顧,0.8010993673540637
落日東走駭麏兔,渴日絶壁出,0.8274073315652188
問知鄰境欲過之,問知人客姓,0.8338356969433607
問知鄰境欲過之,欲問桃源宿,0.8010574329568606
問知鄰境欲過之,相過人不知,0.8105716310401022
問知鄰境欲過之,鄰家問不違,0.8061765204462678
問知鄰境欲過之,所過憑問訊,0.8281911537069462
問知鄰境欲過之,問我數能來,0.8123290441568602
問知鄰境欲過之,問人野寺門,0.8065304055562603
簡書有程嚴寸步,公家有程期,0.8048780366861826
簡書有程嚴寸步,嚴程到須早,0.8058104078649255
簡書有程嚴寸步,及見秘書失心疾,0.8199778864299171
簡書有程嚴寸步,郭欽上書見大計,0.8150420057708008
胸懷作惡無處説,無處告訴只顛狂,0.822166318793172
胸懷作惡無處説,畫師不是無心學,0.8013728071050708
胸懷作惡無處説,何得愁中却盡生,0.8012995132805087
天氣昏昏月含霧,雲霧晦冥方降精,0.8004944330902555
天氣昏昏月含霧,蓊匌川氣黄,0.8082030673007501
天氣昏昏月含霧,山昏塞日斜,0.8012421142212116
天氣昏昏月含霧,蒼茫雲霧浮,0.8204460017213142
天氣昏昏月含霧,天寒昏無日,0.8154287704809269
天氣昏昏月含霧,秋天漠漠向昏黑,0.8796391167876592
天氣昏昏月含霧,山木慘慘天欲雨,0.811110224783237
天氣昏昏月含霧,孤城水氣昏,0.8284096986071456
天氣昏昏月含霧,昏霾一空闊,0.8195144712925768
天氣昏昏月含霧,冥冥氛祲未全銷,0.800880845114694
天氣昏昏月含霧,逶迤白霧昏,0.8007097669489613
天氣昏昏月含霧,昏昏阻雲水,0.8444205213972593
天氣昏昏月含霧,二月饒睡昏昏然,0.8036251528826835
天氣昏昏月含霧,天涯稍曛黑,0.8230046717446421
天氣昏昏月含霧,昏昏閶闔閉氛祲,0.8517879062711045
天氣昏昏月含霧,江山雲霧昏,0.8355580963559885
故人如從空中落,故人亦流落,0.8036181761751238
故人如從空中落,故人從此去,0.8014416263170736
逼耳好鳥鳴韶頀,好鳥鳴巖扃,0.8223115138278082
逼耳好鳥鳴韶頀,谷鳥鳴還過,0.8339585151456926
逼耳好鳥鳴韶頀,黄鳥喧嘉音,0.8247970855245275
逼耳好鳥鳴韶頀,彈落似鴞禽,0.8424742636617495
野桃窈窕風剪拂,窈窕桃李花,0.834370839472909
野桃窈窕風剪拂,穿花蛺蝶深深見,0.8192456545626222
野桃窈窕風剪拂,窈窕入風磴,0.8228123633576103
官柳低昂春燠昫,柳拂旌旂露未乾,0.8037311578455951
官柳低昂春燠昫,天晴宫柳暗長春,0.8186660908975278
官柳低昂春燠昫,高柳半天青,0.8124609896728419
官柳低昂春燠昫,青柳檻前梢,0.8052340574176974
官柳低昂春燠昫,官柳著行新,0.8211279658850379
官柳低昂春燠昫,柳影含雲幕,0.8184657321974717
官柳低昂春燠昫,低垂氣不蘇,0.8138970260326068
官柳低昂春燠昫,岸容待臘將舒柳,0.8231373026524128
官柳低昂春燠昫,江閣嫌津柳,0.8022271736991541
官柳低昂春燠昫,風榭柳微舒,0.8247747120106106
政由人好景亦好,今朝好晴景,0.8026800793525
政由人好景亦好,爲人性僻耽佳句,0.8042041619439253
政由人好景亦好,人好烏亦好,0.8923086382666192
政由人好景亦好,嗜酒愛風竹,0.8068843477328687
政由人好景亦好,非獨顔色好,0.8096801826640322
政由人好景亦好,春時好顔色,0.8087094151072133
政由人好景亦好,絶知春意好,0.8086742113484993
政由人好景亦好,苔竹素所好,0.8095979805903548
政由人好景亦好,正是江南好風景,0.8490682723507625
燒燭續書笑言聚,檢書燒燭短,0.8545926641884906
燒燭續書笑言聚,庭前把燭嗔兩炬,0.814355217557625
同懷兩賢孤此樂,三年獨此心,0.8005862677442572
同懷兩賢孤此樂,何人高義同,0.8010457103045812
同懷兩賢孤此樂,同遊英俊人,0.8071360127211646
同懷兩賢孤此樂,賢聖亦同時,0.8169358596222742
同懷兩賢孤此樂,尚憶同志樂,0.8083134366881962
無物可寫心傾傃,無以洗心胸,0.8080732686036285
鄧侯詩成錦繡段,李侯有佳句,0.8342694797491166
鄧侯詩成錦繡段,詩成得繡袍,0.8513359940280893
鄧侯詩成錦繡段,繡衣黄白郎,0.8012338969990067
鄧侯詩成錦繡段,重之不減錦繡段,0.8510855937730735
鄧侯詩成錦繡段,新晴錦繡文,0.8136179692807778
鄧侯詩成錦繡段,雕章五色筆,0.8030334556622245
鄧侯詩成錦繡段,漢主山河錦繡中,0.810354127506911
鄧侯詩成錦繡段,新詩錦不如,0.8585730509189711
今年病起疏酒盃,愁多任酒醺,0.8109949165649024
今年病起疏酒盃,惜别酒頻添,0.8099952799342548
今年病起疏酒盃,把臂開樽飲我酒,0.8162843962679593
今年病起疏酒盃,扶病送君發,0.8062414450579795
今年病起疏酒盃,老去一杯足,0.80857616490201
今年病起疏酒盃,把酒宜深酌,0.8012378565604398
今年病起疏酒盃,卧病一秋强,0.8051562048911516
今年病起疏酒盃,值我病經年,0.8433371151489168
今年病起疏酒盃,卧愁病脚廢,0.803184007803815
今年病起疏酒盃,衰年病肺惟高枕,0.8353471671618697
今年病起疏酒盃,卧病數秋天,0.8035900594712262
今年病起疏酒盃,潦倒新亭濁酒杯,0.8025309014726829
今年病起疏酒盃,老人困酒病,0.8312205596355985
今年病起疏酒盃,多病久加飯,0.8098048487251521
今年病起疏酒盃,比年病酒開涓滴,0.8616097886503631
今年病起疏酒盃,歸朝跼病肺,0.8257127941431595
今年病起疏酒盃,衰年病秪瘦,0.8204306027760571
今年病起疏酒盃,已衰病方入,0.8049533731829117
醉鄉荆棘歸無路,故鄉門巷荆棘底,0.8209863113258049
醉鄉荆棘歸無路,無辭荆棘深,0.8018149859693495
醉鄉荆棘歸無路,蕩子不歸鄉,0.8019137203492528
