황정견,두보,코사인 유사도
居然枳棘棲,棄絶蓬室居,0.819539520898882
居然枳棘棲,宿昔長荆棘,0.8004033273386038
居然枳棘棲,異舍雞亦棲,0.8167949250443032
居然枳棘棲,結愛獨荆榛,0.8090116268075571
居然枳棘棲,有才何棲棲,0.8538216933806604
居然枳棘棲,隱忍枳棘刺,0.8476533151203458
坐閲歲月代,勢閲人代速,0.8340047262691346
坐閲歲月代,局促老一世,0.8004123386462012
坐閲歲月代,别來歲月周,0.8303850160472488
坐閲歲月代,歲月誰與度,0.8197753645168155
坐閲歲月代,汲引歲月古,0.8370915052952421
坐閲歲月代,草木歲月晚,0.8257041472529962
坐閲歲月代,甘與歲時遷,0.8013630813854581
坐閲歲月代,豈但歲月暮,0.8436940342731389
坐閲歲月代,公鎮踰歲月,0.8345268510970061
坐閲歲月代,長番歲時久,0.8054293495028138
坐閲歲月代,劍南歲月不可度,0.8002426147793432
坐閲歲月代,歲月亦已久,0.8679931845572164
坐閲歲月代,少留改歲年,0.810686844746697
坐閲歲月代,合沓歲月徂,0.8313052521227307
坐閲歲月代,忽已歲時遷,0.8592205955530288
坐閲歲月代,歲月蛇常見,0.815113326157727
坐閲歲月代,菁華歲月遷,0.8440369243288597
坐閲歲月代,物色歲時晏,0.8124004044681847
坐閲歲月代,三歲如轉燭,0.8150817438067455
坐閲歲月代,歲暮日月疾,0.8470656856215844
坐閲歲月代,歲月不我與,0.8296440317696914
青雲已迷津,青冥寒江渡,0.8028739769561468
濁酒未割愛,春酒杯濃琥珀薄,0.8044550983081336
濁酒未割愛,穢濁殊未清,0.8022763316082974
濁酒未割愛,濁醪必在眼,0.8417526846440153
濁酒未割愛,傾榼濁復清,0.8230825198471057
濁酒未割愛,莫辭酒味薄,0.8009573613009681
濁酒未割愛,縱酒欲謀良夜醉,0.8159482195470931
濁酒未割愛,濁醪自初熟,0.8598378457874882
濁酒未割愛,爲君酤酒滿眼酤,0.8045298705882131
濁酒未割愛,洗杓斟新醖,0.8007333887739166
濁酒未割愛,濁醪與脱粟,0.8438461303703075
濁酒未割愛,割愛酒如澠,0.8519313661114228
濁酒未割愛,瓮餘不盡酒,0.8092714180323961
簿領能無休,督領不無人,0.833221034883089
飣餖唤魚菜,催蓴煮白魚,0.8143078390708622
飣餖唤魚菜,肉食哂菜色,0.8198692663965912
飣餖唤魚菜,野食待魚ㅇ,0.8279123937299775
羈旅苦地偏,旅食歲峥嶸,0.8001048986856745
羈旅苦地偏,吾道正羈束,0.8372816132812335
羈旅苦地偏,家貧苦宦卑,0.825233209120861
羈旅苦地偏,常在羇旅中,0.8022579391852434
羈旅苦地偏,多病加淹泊,0.8025197076240905
羈旅苦地偏,雖傷旅寓遠,0.8710257419702845
羈旅苦地偏,旅泊吾道窮,0.8351214902209068
羈旅苦地偏,地近慰旅愁,0.8740670696843069
羈旅苦地偏,客情投異縣,0.801284909861404
羈旅苦地偏,幸君因旅客,0.8140940448698843
羈旅苦地偏,地僻傷極目,0.8123514223872683
羈旅苦地偏,孤魂久客間,0.8141622786547128
羈旅苦地偏,軍旅西征僻,0.8187073940304197
羈旅苦地偏,具物對羈束,0.8028094162615147
羈旅苦地偏,旅次兼百憂,0.8021167888438465
羈旅苦地偏,况免軍旅喧,0.8104258504448952
羈旅苦地偏,衰年旅炎方,0.8110710154791849
羈旅苦地偏,老病客殊方,0.80240268725172
羈旅苦地偏,羈棲見汝難,0.8305334449295901
羈旅苦地偏,役役常苦辛,0.8015509442588733
羈旅苦地偏,瓜時猶旅寓,0.8252847166279935
羈旅苦地偏,旅茲殊俗遠,0.8016475680077181
羈旅苦地偏,天寒行旅稀,0.8136566259328757
羈旅苦地偏,南征爲客久,0.8041821955640895
羈旅苦地偏,羇旅病年侵,0.8323963296915236
江湖見天大,建標天地闊,0.8017693343577631
江湖見天大,江湖多風波,0.8019583516426873
江湖見天大,江湖秋水多,0.8121626981157068
江湖見天大,地平江動蜀,0.8102498759327093
江湖見天大,青天江海流,0.8501768797966589
江湖見天大,江湖萬里開,0.8427593338535933
江湖見天大,洞庭揚波江漢迴,0.8078652389567917
江湖見天大,江湖深更白,0.8159513720807468
江湖見天大,天地西江遠,0.8343912287881694
江湖見天大,遠開山嶽散江湖,0.8111966507963485
江湖見天大,江湖天闊足風濤,0.8530053753296867
江湖見天大,江湖渺霽天,0.8358629113957067
江湖見天大,風神蕩江湖,0.8081567485653083
江湖見天大,衡岳江湖大,0.8503735019602543
江湖見天大,湖光與天遠,0.8134907901611284
萬里一帆檣,三峽暮帆前,0.8065512560466467
萬里一帆檣,門泊東吴萬里船,0.8144979660853537
萬里一帆檣,江漢一歸舟,0.8034139234501063
萬里一帆檣,風帆數驛亭,0.837870286927098
萬里一帆檣,開帆八月舟,0.8208875780656453
萬里一帆檣,繫舟身萬里,0.8243006093016589
萬里一帆檣,西江萬里船,0.8289156708772376
萬里一帆檣,高帆終日征,0.805763421333966
萬里一帆檣,驚帆何惜片時程,0.8106509861126934
萬里一帆檣,萬里衡陽雁,0.8026501252482618
萬里一帆檣,片帆左郴岸,0.8251840776116488
長風可倚賴,浩蕩難倚賴,0.814552812448671
因行訪幽禪,竹深留客處,0.8039139910885207
因行訪幽禪,尋我草逕微,0.8056875722153698
因行訪幽禪,造幽無人境,0.800961128840286
因行訪幽禪,幽棲地僻經過少,0.8164397826459262
因行訪幽禪,時來訪老疾,0.8166005789734676
因行訪幽禪,隨意宿僧房,0.8236021848173471
因行訪幽禪,獨繞虚齋徑,0.8022401918149207
因行訪幽禪,幽棲誠簡略,0.8051089474872671
因行訪幽禪,問柳尋花到野亭,0.8065928960313644
因行訪幽禪,林僻此無蹊,0.8023806580708267
因行訪幽禪,久爲謝客尋幽慣,0.838389803289231
池塘夜雨聽鳴蛙,忽憶雨時秋井塌,0.8038724898327525
池塘夜雨聽鳴蛙,鷄鳴風雨交,0.8067895327255219
池塘夜雨聽鳴蛙,江雨夜聞多,0.8139302098206602
池塘夜雨聽鳴蛙,江鳴夜雨懸,0.8150798002244191
池塘夜雨聽鳴蛙,江浦雷聲喧昨夜,0.8258000482069909
老境侵尋每憶家,招尋興已專,0.8192600565433166
老境侵尋每憶家,衰年正苦病侵凌,0.8112213919879504
老境侵尋每憶家,久爲謝客尋幽慣,0.8130551559111934
白髮生來驚客鬢,數莖白髮那抛得,0.861296211671154
白髮生來驚客鬢,白髮好禁春,0.8216972339317796
白髮生來驚客鬢,已見白頭翁,0.8574592372944275
白髮生來驚客鬢,休看白髮生,0.8898408255558751
白髮生來驚客鬢,颯颯鬢毛蒼,0.8177519094656034
白髮生來驚客鬢,堂上書生空白頭,0.8069860136852296
白髮生來驚客鬢,白頭搔更短,0.8467979292781704
白髮生來驚客鬢,白髮千莖雪,0.846563943333192
白髮生來驚客鬢,能添白髮明,0.866781861835
白髮生來驚客鬢,生意甘衰白,0.8097753036069368
白髮生來驚客鬢,鄭公樗散鬢成絲,0.8402996068093167
白髮生來驚客鬢,自知白髮非春事,0.8266327164573506
白髮生來驚客鬢,白髮悲花落,0.8562887095090412
白髮生來驚客鬢,老夫清晨梳白頭,0.81471396913863
白髮生來驚客鬢,羡君齒髮新,0.8238666574338801
白髮生來驚客鬢,羞將短髮還吹帽,0.8312315124205063
白髮生來驚客鬢,鬢髮各已蒼,0.8809692277711787
白髮生來驚客鬢,白益毛髮古,0.8373430163260653
白髮生來驚客鬢,休鑷鬢毛斑,0.8578679864939609
白髮生來驚客鬢,别來頭併白,0.8632458641310272
白髮生來驚客鬢,白髮竟誰憐,0.8596107665261459
白髮生來驚客鬢,惆悵頭更白,0.8094836286700423
白髮生來驚客鬢,白頭亂髮垂過耳,0.8671545110392709
白髮生來驚客鬢,漸惜容顔老,0.8111342028381885
白髮生來驚客鬢,鬢髮還應雪滿頭,0.9030798371134765
白髮生來驚客鬢,頭白恐風寒,0.8134671976282801
白髮生來驚客鬢,未肯鬢毛衰,0.8399579414849953
白髮生來驚客鬢,如今白髮翁,0.881138135776281
白髮生來驚客鬢,百年雙白鬢,0.8933782688286718
白髮生來驚客鬢,更益鬢毛斑,0.8297218442814245
白髮生來驚客鬢,春日垂霜鬢,0.8022474811029545
白髮生來驚客鬢,春日鬢俱蒼,0.8479910564925068
白髮生來驚客鬢,那免白頭翁,0.826564094062918
白髮生來驚客鬢,似惱鬢毛蒼,0.8625749168852637
白髮生來驚客鬢,苦遭白髮不相放,0.8399109808937433
白髮生來驚客鬢,鬢髮自成絲,0.8778326414638389
白髮生來驚客鬢,何須白髮侵,0.8820350189763589
白髮生來驚客鬢,誰憂客鬢催,0.8335882626562583
白髮生來驚客鬢,悲歌鬢髮白,0.8825655274223825
白髮生來驚客鬢,鬢毛元自白,0.906201474143481
白髮生來驚客鬢,髮少何勞白,0.8435463466344992
白髮生來驚客鬢,衰白意都迷,0.8061737512516443
白髮生來驚客鬢,相視髮皓白,0.8133410515812132
白髮生來驚客鬢,總作白頭翁,0.8054263341847782
白髮生來驚客鬢,白髮少新洗,0.8344969795462873
白髮生來驚客鬢,頭白免短促,0.8198209933756041
白髮生來驚客鬢,已作白頭翁,0.8490308465366805
白髮生來驚客鬢,新梳白髮微,0.8299600812494549
白髮生來驚客鬢,馮唐毛髮白,0.8458374531012209
白髮生來驚客鬢,知吾斑鬢總如銀,0.832706341511351
白髮生來驚客鬢,身世雙蓬鬢,0.8264684996914833
白髮生來驚客鬢,白髮寐常早,0.8206079308319154
白髮生來驚客鬢,滄江白髮愁看汝,0.8458429787187304
白髮生來驚客鬢,我嘆黑頭白,0.8608029890751017
白髮生來驚客鬢,遭亂髮盡白,0.844814375658328
白髮生來驚客鬢,白髮自能梳,0.858166316181082
白髮生來驚客鬢,卽今蓬鬢改,0.865787615719072
白髮生來驚客鬢,聽歌驚白鬢,0.8263724788514915
白髮生來驚客鬢,雖悲髮鬒變,0.8126599886744761
白髮生來驚客鬢,照我衰顔忽落地,0.8202582856797656
白髮生來驚客鬢,蓬鬢稀疏久,0.8447655556185512
白髮生來驚客鬢,鬢毛垂領白,0.8914026340322455
白髮生來驚客鬢,久𢬵野鶴如雙鬢,0.8474646597652623
白髮生來驚客鬢,客間頭最白,0.8448802462982241
白髮生來驚客鬢,不堪垂老鬢,0.8297393300521775
白髮生來驚客鬢,身世白駒催,0.8062475323851487
白髮生來驚客鬢,白髮甘凋喪,0.8688172304065267
白髮生來驚客鬢,相知成白首,0.8119143448666186
白髮生來驚客鬢,日短江湖白髮前,0.8285288420594483
白髮生來驚客鬢,泛愛容霜鬢,0.8166465513574812
白髮生來驚客鬢,白蘋愁殺白頭翁,0.8141456518975119
白髮生來驚客鬢,人人傷白首,0.8072303720831452
白髮生來驚客鬢,齒髮已自料,0.8007752052195456
白髮生來驚客鬢,白首多年疾,0.8050787325926154
白髮生來驚客鬢,白髮絲難理,0.8120812574680207
白髮生來驚客鬢,相見各頭白,0.8167668771331114
白髮生來驚客鬢,入怪鬢髮空,0.8805776922578255
白髮生來驚客鬢,衰老悲人世,0.8122318783568334
黄粱炊熟又春華,崆峒小麥熟,0.8246167190095788
黄粱炊熟又春華,禾頭生耳黍穗黑,0.822516317608428
黄粱炊熟又春華,稉稻來東吳,0.8096470152897096
黄粱炊熟又春華,新炊間黄粱,0.9161211908337277
黄粱炊熟又春華,逕轉山田熟,0.808534619961067
黄粱炊熟又春華,一縣葡萄熟,0.8135962404415591
黄粱炊熟又春華,白露黄粱熟,0.8958298820842777
黄粱炊熟又春華,稻粱求未足,0.8135126856884864
黄粱炊熟又春華,豆子雨已熟,0.8399348626003427
黄粱炊熟又春華,四月熟黄梅,0.8303159114885849
黄粱炊熟又春華,稉稻卧不翻,0.8117954965364248
黄粱炊熟又春華,濁醪自初熟,0.8225455310526529
黄粱炊熟又春華,衰年催釀黍,0.8187300181926631
黄粱炊熟又春華,庭前八月梨棗熟,0.8205025477092445
黄粱炊熟又春華,已喜黍豆高,0.8269507671776822
黄粱炊熟又春華,大麥乾枯小麥黄,0.8062679581004759
黄粱炊熟又春華,稻米流脂粟米白,0.8414026544371025
黄粱炊熟又春華,稻粱須就列,0.817109394745974
黄粱炊熟又春華,椒實雨新紅,0.8035499491065654
黄粱炊熟又春華,徼麥早向熟,0.8140596521254534
黄粱炊熟又春華,彫胡炊屢新,0.8030605375282354
黄粱炊熟又春華,官雞輸稻粱,0.8387043459709131
黄粱炊熟又春華,秋菰成黑米,0.8155785448974435
黄粱炊熟又春華,玉粒足晨炊,0.8073873619010798
黄粱炊熟又春華,秔稻熟天風,0.868592106027619
黄粱炊熟又春華,稻米炊能白,0.8568852086923989
黄粱炊熟又春華,種幸房州熟,0.8090917576783818
黄粱炊熟又春華,橘洲田土仍膏腴,0.8290651819265158
百年不負膠投漆,汝伯何由髮如漆,0.8139595835385913
百年不負膠投漆,漆有用而割,0.8017549500038965
百年不負膠投漆,誰謂俄頃膠在漆,0.8401703848402835
百年不負膠投漆,田父嗟膠漆,0.823630889921648
百年不負膠投漆,陷此膠與漆,0.825200595036324
百年不負膠投漆,久存膠漆應難並,0.806132393436825
萬事相依葛與瓜,事業闇相親,0.8033387453683843
勝日主人如有酒,座對賢人酒,0.833215353248554
勝日主人如有酒,如澠之酒常快意,0.8371123907733075
勝日主人如有酒,蘆酒多還醉,0.8130137243528408
勝日主人如有酒,縱酒欲謀良夜醉,0.8207034435482746
勝日主人如有酒,人猶乞酒錢,0.8082530947592486
勝日主人如有酒,邑有佳主人,0.8164467841244523
勝日主人如有酒,鄰人有美酒,0.85373535095295
勝日主人如有酒,瓶中得酒還,0.8047796154795541
勝日主人如有酒,可但步兵偏愛酒,0.8039608031260543
勝日主人如有酒,主人送客何所作,0.8105456643496232
勝日主人如有酒,長日容杯酒,0.8057996263808943
勝日主人如有酒,錦里逢迎有主人,0.8299094522980281
勝日主人如有酒,後人將酒肉,0.8002278176715023
勝日主人如有酒,主人留上客,0.8082171435119007
勝日主人如有酒,佳人上客前,0.8023538587264645
勝日主人如有酒,割愛酒如澠,0.8078094511991512
勝日主人如有酒,對月那無酒,0.8075290532378587
勝日主人如有酒,不知有主客,0.8077258093175219
勝日主人如有酒,定醉山翁酒,0.801857275264048
勝日主人如有酒,瓮餘不盡酒,0.8105041294389255
猶堪扶病見鸎花,扶汝醉初醒,0.8035346827538437
猶堪扶病見鸎花,老病人扶再拜難,0.8046651047054405
猶堪扶病見鸎花,不堪祇老病,0.8365454681922677
猶堪扶病見鸎花,衰謝多扶病,0.815001109162801
猶堪扶病見鸎花,江邊老病雖無力,0.804382948864333
猶堪扶病見鸎花,猶記酒顛狂,0.8022493101138027
猶堪扶病見鸎花,故園猶得見殘春,0.8015218957716598
猶堪扶病見鸎花,百年多病獨登臺,0.8007710776201252
猶堪扶病見鸎花,病多猶是客,0.8281177517727291
猶堪扶病見鸎花,卧病却愁春,0.8108654337485359
人騎一馬鈍如蛙,鐵馬馳突重兩銜,0.808212568538537
人騎一馬鈍如蛙,數騎彎弓敢馳突,0.8183054048164372
人騎一馬鈍如蛙,驅馬一萬匹,0.8021458034541664
人騎一馬鈍如蛙,騎突劍吹毛,0.8100135569140421
人騎一馬鈍如蛙,士卒多騎内厩馬,0.8037856105181436
人騎一馬鈍如蛙,丈人駿馬名胡騮,0.8323234550694447
人騎一馬鈍如蛙,健如黄犢走復來,0.8270636800500935
人騎一馬鈍如蛙,能騎生馬駒,0.8293205176563244
人騎一馬鈍如蛙,臂槍走馬誰家兒,0.801324462658066
人騎一馬鈍如蛙,此皆戰騎一敵萬,0.819164423576602
人騎一馬鈍如蛙,陰山驕子汗血馬,0.8033225506026603
人騎一馬鈍如蛙,如馬戒舟航,0.8034789354357712
人騎一馬鈍如蛙,人馬皆自雄,0.8050291734731594
人騎一馬鈍如蛙,牧出令奔飛百艘,0.8029419212985426
人騎一馬鈍如蛙,安得突騎只五千,0.8217616656572287
人騎一馬鈍如蛙,天馬跛足隨氂牛,0.8109251401131256
人騎一馬鈍如蛙,狼頭如跋胡,0.8173898756343555
人騎一馬鈍如蛙,自下所騎馬,0.8220130061797615
人騎一馬鈍如蛙,争道朱蹄驕齧膝,0.804160212368942
人騎一馬鈍如蛙,胡馬何猖狂,0.8120184280684997
行向城東小隱家,城隅進小船,0.8127631141339726
行向城東小隱家,故將移住南山邊,0.8000589491312023
行向城東小隱家,我居巷南子巷北,0.8061159391932853
行向城東小隱家,深栽小齋後,0.8010528412871063
行向城東小隱家,茅齋寄在少城隈,0.830785662346951
行向城東小隱家,武侯祠屋長鄰近,0.8011963499320176
行向城東小隱家,東郭老人住青丘,0.8260144057292661
行向城東小隱家,郭南抱甕亦隱几,0.8069910950456516
道上風埃迷皂白,黄昏胡騎塵滿城,0.8082676467386841
道上風埃迷皂白,苦見塵沙黄,0.8070579266244242
道上風埃迷皂白,青雲滿後塵,0.8177725671447199
道上風埃迷皂白,胡塵暗天道路長,0.8366899638929319
道上風埃迷皂白,行蓋出風塵,0.8018308550704882
道上風埃迷皂白,直苦風塵暗,0.8230175686342531
道上風埃迷皂白,烟塵昏御道,0.8261970489648647
道上風埃迷皂白,戰地有黄塵,0.8120494532324298
道上風埃迷皂白,眼冷看征蓋,0.8051449963071734
堂前水竹湛清華,堂前自生竹,0.849208545966496
堂前水竹湛清華,竹送清溪月,0.8033985003645017
堂前水竹湛清華,玉露漙清影,0.8140379097582549
公到江南應削瓜,爲園須似邵平瓜,0.8120282829393006
樽酒光陰俱可惜,且盡芳樽戀物華,0.8102488966179506
樽酒光陰俱可惜,可惜歡娱地,0.837133857500983
樽酒光陰俱可惜,可惜春光不相見,0.8265099890116157
端須連夜發園花,摘花不插髮,0.8011301367635648
端須連夜發園花,何當看花蕊,0.8001352840084717
端須連夜發園花,黄鬚照萬花,0.8042486617384932
端須連夜發園花,何須花燼繁,0.8346992912607087
端須連夜發園花,菊花從此不須開,0.8203166410910311
吾宗端居藂百憂,登茲翻百憂,0.8029627561236591
吾宗端居藂百憂,獨立萬端憂,0.8000199906849432
吾宗端居藂百憂,吾知徐公百不憂,0.8248263970934038
吾宗端居藂百憂,旅次兼百憂,0.8215178689299699
吾宗端居藂百憂,心懷百憂復千慮,0.8205530788071476
長歌勸之肯出游,爲公歌此曲,0.8007892405941489
長歌勸之肯出游,當歌欲一放,0.8276750105854933
長歌勸之肯出游,請爲父老歌,0.8024110779110665
長歌勸之肯出游,胡兒行且歌,0.8400357295893635
長歌勸之肯出游,嗚呼一歌兮歌已哀,0.8139348053944986
長歌勸之肯出游,嗚呼二歌兮歌始放,0.834768498810053
長歌勸之肯出游,嗚呼三歌兮歌三發,0.8205499094827913
長歌勸之肯出游,嗚呼五歌兮歌正長,0.8205181353938742
長歌勸之肯出游,嗚呼六歌兮歌思遲,0.8362750177961732
長歌勸之肯出游,長歌意無極,0.8130254073823618
長歌勸之肯出游,吾醉亦長歌,0.8492031253829433
長歌勸之肯出游,勸酒欲無辭,0.8028569210341625
長歌勸之肯出游,欲報凱歌歸,0.8010003644260992
長歌勸之肯出游,長歌短咏迭相酬,0.8112758798389479
長歌勸之肯出游,長歌欲損神,0.8208587550570021
長歌勸之肯出游,逾月求我歌,0.8020978064965294
長歌勸之肯出游,一爲歌行歌主客,0.834192656288393
黄流不解涴明月,可照濁水源,0.8006179368617619
黄流不解涴明月,不知明月爲誰好,0.8059853800452117
黄流不解涴明月,濁河終不污清濟,0.8028118180975008
碧樹爲我生凉秋,留客夏簟青琅玕,0.8150565670136467
碧樹爲我生凉秋,天氣如涼秋,0.8025240076742707
碧樹爲我生凉秋,高擁木石當清秋,0.8035821306276065
碧樹爲我生凉秋,淒涼生餘寒,0.8006401502218381
碧樹爲我生凉秋,他鄉就我生春色,0.8081361808820703
叔度千頃醉即休,先𢬵一飲醉如泥,0.8082290228432465
叔度千頃醉即休,甘從千日醉,0.8162141568626882
誰倚柁樓吹玉笛,風筝吹玉柱,0.810319559555027
誰倚柁樓吹玉笛,横笛短簫悲遠天,0.8652859740769218
誰倚柁樓吹玉笛,重對秦簫發,0.8111985693717029
誰倚柁樓吹玉笛,高樓夜吹笛,0.8917907194127477
誰倚柁樓吹玉笛,羌笛暮吹哀,0.8607989798854816
誰倚柁樓吹玉笛,胡笳樓上發,0.8199836526233406
誰倚柁樓吹玉笛,正愁聞塞笛,0.8006908103449351
誰倚柁樓吹玉笛,高樓鼓角悲,0.8020819638788362
誰倚柁樓吹玉笛,始知嬴女善吹簫,0.8039137716026086
誰倚柁樓吹玉笛,横笛未休吹,0.8755638724924162
誰倚柁樓吹玉笛,吹笛秋山風月清,0.8017677251904589
誰倚柁樓吹玉笛,蕭瑟倚朱樓,0.844801015745893
誰倚柁樓吹玉笛,胡笳在樓上,0.8283451279670613
斗杓寒挂屋山頭,挂席上南斗,0.8184531631276065
斗杓寒挂屋山頭,夜臺當北斗,0.8307984956083644
斗杓寒挂屋山頭,秦城近斗杓,0.8090937905917752
斗杓寒挂屋山頭,傍見北斗向江低,0.8267525942404481
斗杓寒挂屋山頭,北斗三更席,0.8136535572177569
秋聲滿山河,曲江蕭條秋氣高,0.8147397600897086
秋聲滿山河,南風作秋聲,0.8248036371184366
秋聲滿山河,送遠秋風落,0.8012626979686572
秋聲滿山河,關河霜雪清,0.8026071985602165
秋聲滿山河,秋風動關塞,0.8429826734232391
秋聲滿山河,千崖秋氣高,0.8020078438152995
秋聲滿山河,隴山蕭瑟秋雲高,0.8380806579510447
秋聲滿山河,風吹蒼江樹,0.8014221762076208
秋聲滿山河,秋風動哀壑,0.8278633075252636
秋聲滿山河,吹笛秋山風月清,0.8139784459953547
秋聲滿山河,秋山響易哀,0.8026991597796266
行李在梁宋,亦有梁宋遊,0.8186673776739143
行李在梁宋,昔我遊宋中,0.8017256126577399
行李在梁宋,尚在行李中,0.8615173922783723
行李在梁宋,襄王薄行跡,0.80994498129718
身亦逐羣動,動静隨所激,0.8191212986317886
身亦逐羣動,爾曹身與名俱滅,0.8026117000006421
身亦逐羣動,老逐衆人行,0.8036190071373346
身亦逐羣動,病身終不動,0.8086614263520099
身亦逐羣動,群生各一宿,0.800186328330126
身亦逐羣動,喧已去人群,0.8122940230576152
身亦逐羣動,孤雲亦羣游,0.8023191056330785
身亦逐羣動,脱身亦奔竄,0.8078080150013078
霜清漁下流,沙亂雪山清,0.814586109010165
霜清漁下流,水寒長冰横,0.8008347424376375
霜清漁下流,蒼江漁子清晨集,0.8034745648604389
霜清漁下流,葉墜清渭朗,0.8157964802881205
霜清漁下流,露下天高秋水清,0.8190069873087986
霜清漁下流,渚清沙白鳥飛迴,0.8210066282306927
霜清漁下流,天寒沙水清,0.8263910536251085
橘柚入包貢,爾腹爲筐笥,0.8006140193281769
橘柚入包貢,黄知橘柚來,0.8394694669009674
橘柚入包貢,荒庭垂橘柚,0.8172707863958237
又持三十口,兩京三十口,0.8607739805074643
去作江南夢,轉作瀟湘遊,0.807499747631767
去此二十年,二年客東都,0.8319769567242874
去此二十年,且如今年冬,0.8013145613628776
去此二十年,從軍十年餘,0.817652637913976
去此二十年,公車留二年,0.8196719770953477
去此二十年,百年秋已半,0.8437510453314088
去此二十年,只今年纔十六七,0.8621264628918317
去此二十年,才名三十年,0.8193015992872685
去此二十年,君來必十月,0.8090238898361357
去此二十年,躍馬二十年,0.8786548987197711
去此二十年,今已十月後,0.8406731670626901
去此二十年,十年過父老,0.8247226334373069
去此二十年,不見旻公三十年,0.8355197630694526
去此二十年,況我與子非壯年,0.8030473455803488
去此二十年,焉知二十載,0.8552162599478504
去此二十年,别離已昨日,0.8197061768550179
去此二十年,飄蓬踰三年,0.8301191567739485
去此二十年,十年不見來何時,0.8281770867555431
去此二十年,百年已過半,0.8464599408504867
去此二十年,二月已破三月來,0.8155177136567542
去此二十年,荆蠻去幾年,0.8057934860072757
去此二十年,悲君已是十年流,0.8246241026490693
去此二十年,古老相傳二百年,0.8240589715725706
去此二十年,憶年十五心尚孩,0.810931566935159
去此二十年,卽今倏忽已五十,0.8718794317065643
去此二十年,百年嗟已半,0.8226850447729315
去此二十年,年未三十忠義俱,0.8058713313039931
去此二十年,往還二十載,0.8538867323236945
去此二十年,悠悠經十年,0.8332182132377851
去此二十年,别來忽三歲,0.847080621428363
去此二十年,愛惜已六載,0.8019713147266528
去此二十年,蹉跎有六年,0.8229330419362206
去此二十年,一年居梓州,0.8052175656512812
去此二十年,與兄行年校一歲,0.808222448343014
去此二十年,十年别荒村,0.8223148642142093
去此二十年,不見故人十年餘,0.8039710267895486
去此二十年,十年可解甲,0.8164930801269256
去此二十年,往來四十里,0.8052517542234141
去此二十年,相去四五里,0.8347232331125869
去此二十年,閉目踰十旬,0.8239140811383654
去此二十年,獨步四十年,0.8368359141245673
去此二十年,不及少年日,0.8115841816076027
去此二十年,往者十四五,0.8309558652211109
去此二十年,快意八九年,0.8203636513613279
去此二十年,别離已五年,0.8890865632167486
去此二十年,十年經碧岑,0.8030947104952546
去此二十年,消渴已三年,0.8173482623135786
去此二十年,追隨二十載,0.8426291476283727
去此二十年,一卧東山三十春,0.8030751646516403
去此二十年,于今四十年,0.8986087712889097
去此二十年,嗚呼已十年,0.8485630688771866
持家西過宋,卽將西去秦,0.8002961962637077
持家西過宋,將軍只數漢嫖姚,0.8004932178617503
持家西過宋,我軍取相州,0.834781769077567
持家西過宋,漢將獨征西,0.8298632655269194
持家西過宋,西戎外甥國,0.8085150374582526
持家西過宋,近聞寬法離新州,0.8116670183022356
持家西過宋,西漢親王子,0.8207751925267842
持家西過宋,官軍未通蜀,0.8029464587535147
持家西過宋,西取邛南兵,0.8217328258780551
持家西過宋,西南失大將,0.8167115973473342
持家西過宋,南歸自廣州,0.8032604270313428
持家西過宋,一紀出西蜀,0.8054057796790248
持家西過宋,北驅漢陽傳,0.8016195244685518
起予者白鷗,河間雙白鷗,0.816964321899918
起予者白鷗,昔如水上鷗,0.8476721549601438
起予者白鷗,白鷗元水宿,0.8175006750529203
起予者白鷗,泛渚白鷗輕,0.8104973331484567
起予者白鷗,狎鷗輕白浪,0.8546012856627331
起予者白鷗,鷗鳥鏡裏來,0.8032077393624487
起予者白鷗,沙鷗並一雙,0.8043567777300622
起予者白鷗,江晚白鷗飢,0.8083941156500575
歸興岌飛動,青雲動高興,0.8180172306961957
歸興岌飛動,意愜關飛動,0.8265686091345366
歸興岌飛動,每欲孤飛去,0.8077710200754341
宫殿明寶坊,宫女開函捧御筵,0.8115652996667784
宫殿明寶坊,宫殿居上頭,0.8561731182735002
宫殿明寶坊,九天閶闔開宫殿,0.8087543461850555
宫殿明寶坊,宫殿青門隔,0.8293695079835612
宫殿明寶坊,聞道蓬萊殿,0.8040454164697508
宫殿明寶坊,嘗聞蓬萊殿,0.803199920745254
宫殿明寶坊,退朝擎出大明宫,0.810479104529281
宫殿明寶坊,宫闕通羣帝,0.809357748378845
宫殿明寶坊,煌煌珠宫物,0.8107919016858893
宫殿明寶坊,宫中聖人奏雲門,0.8063497305898739
宫殿明寶坊,不遠明光殿,0.8320332099932695
宫殿明寶坊,白屋達公宫,0.8031683415223816
宫殿明寶坊,龍宫塔廟湧,0.8190630891752855
宫殿明寶坊,宫闕深旒綴,0.806640957703407
宫殿明寶坊,講殿闢書帷,0.80221318874522
宫殿明寶坊,南宫載勳業,0.8255823319825498
宫殿明寶坊,龍池滿舊宫,0.817410686924944
宫殿明寶坊,宫中行樂秘,0.831472715545069
宫殿明寶坊,紫殿九華燈,0.8107201010971119
宫殿明寶坊,如臨獻寶宫,0.8615466595135954
宫殿明寶坊,公宫造廣厦,0.8053858627855415
山川開禹貢,山連越嶲蟠三蜀,0.8001983203004241
破浪一帆風,輕風生浪遲,0.8289806333883101
破浪一帆風,一日過海收風帆,0.8461268159363042
破浪一帆風,春帆細雨來,0.8199288569740824
破浪一帆風,長風駕高浪,0.8023418730731393
破浪一帆風,輕摇逐浪鷗,0.8157865484001845
破浪一帆風,舟楫浪前輕,0.8090700975445003
破浪一帆風,風生洲渚錦帆開,0.8033690716622326
破浪一帆風,收帆下急水,0.8214640177703423
破浪一帆風,卷幔逐回灘,0.813289738837023
破浪一帆風,欹帆側舵入波濤,0.8543009861847626
破浪一帆風,江間波浪兼天湧,0.8066259776148617
破浪一帆風,開帆八月舟,0.8173287117022063
破浪一帆風,風期終破浪,0.81571514348559
破浪一帆風,風江颯颯亂帆秋,0.8328533840346068
破浪一帆風,江濤簸岸黄沙走,0.8294300396313228
破浪一帆風,洪河怒濤過輕舸,0.8226956396223764
破浪一帆風,逆浪開帆難,0.88095787184083
破浪一帆風,岸風翻夕浪,0.849510157261719
破浪一帆風,開帆駕洪濤,0.8297409857799354
破浪一帆風,風濤上春沙,0.8192936462629182
破浪一帆風,風高湖湧波,0.8049655952622148
破浪一帆風,風破寒江遲,0.8163704919523085
破浪一帆風,片片輕鷗下急湍,0.8468587114060808
破浪一帆風,破浪南風正,0.8820576536734286
破浪一帆風,浦浪已吹衣,0.8145503490475148
更占夢中夢,他鄉饒夢寐,0.8318433423864461
更占夢中夢,夢魂歸未得,0.8006956969850598
謝公所築埭,宋公舊池館,0.8393535657017724
謝公所築埭,誰謂築居小,0.8017921646313038
謝公所築埭,禄山北築雄武城,0.8323982784229966
謝公所築埭,韓公本意築三城,0.8058945742677088
未歎曲池平,城池未覺喧,0.8308304696934615
未歎曲池平,習池未覺風流盡,0.8038832135465322
未歎曲池平,龍喜出平池,0.8145804595411164
蘇州來賦詩,可以賦新詩,0.8158454269589623
蘇州來賦詩,吟詩許更過,0.8042911232360086
蘇州來賦詩,詩罷聞吴詠,0.8109855551545593
蘇州來賦詩,李侯有佳句,0.8412857787449235
蘇州來賦詩,揚雄更有河東賦,0.8089538070570537
蘇州來賦詩,蘇侯得數過,0.8071241185989262
蘇州來賦詩,題詩得秀句,0.8080962509704566
蘇州來賦詩,賦詩何必多,0.8275720431518886
蘇州來賦詩,嚴詩賦幾篇,0.8459009145648134
蘇州來賦詩,我有新詩何處吟,0.8043900434273848
蘇州來賦詩,得之陝郊篇,0.8148090641461043
蘇州來賦詩,有情且賦詩,0.800080771792705
蘇州來賦詩,賦詩新句穩,0.8363766257445053
蘇州來賦詩,平公今詩伯,0.8200337667135018
蘇州來賦詩,當公賦佳句,0.8515363606494253
蘇州來賦詩,謝朓每篇堪諷誦,0.8000892184844983
蘇州來賦詩,諷詠詩家流,0.8016188233385659
蘇州來賦詩,賦詩獨流涕,0.8072972737890591
蘇州來賦詩,强吟懷舊賦,0.8135958343223004
蘇州來賦詩,荆州鄭薛寄詩近,0.8672982672872878
蘇州來賦詩,何處老翁來賦詩,0.8312410409775761
蘇州來賦詩,陶冶賴詩篇,0.8116876799430481
蘇州來賦詩,賦詩猶落筆,0.8211664786854505
蘇州來賦詩,蘇氏今有之,0.8089549477790312
蘇州來賦詩,昭州詞翰與招魂,0.81096053661238
句與秋氣清,高秋爽氣澄,0.8728201734056757
句與秋氣清,氣得神仙迥,0.8095150450890549
句與秋氣清,松風肅泠泠,0.80187556684875
句與秋氣清,天宇清霜淨,0.8180201723357833
句與秋氣清,蕭索漢水清,0.802162623465128
句與秋氣清,颯爽動秋骨,0.8543614369345833
句與秋氣清,高秋爽氣相鮮新,0.8505192644142892
句與秋氣清,爽氣不可致,0.8176167108341
句與秋氣清,天氣如涼秋,0.8328193309883116
句與秋氣清,秋色有餘淒,0.8249806534322646
句與秋氣清,詩清立意新,0.8255614402636936
句與秋氣清,夜深露氣清,0.8372833983972212
句與秋氣清,佳此志氣遠,0.8182281419591231
句與秋氣清,已覺氣與嵩華敵,0.8052165269398257
句與秋氣清,江清心可瑩,0.8164160046718494
句與秋氣清,高枕形神清,0.8575682457747338
句與秋氣清,天虚風物清,0.8248642396401398
句與秋氣清,灑落惟清秋,0.8064049761479961
句與秋氣清,逸氣感清識,0.8311236493658452
句與秋氣清,復見秀骨清,0.8458216670589497
句與秋氣清,況乃氣精爽,0.8399348472888505
句與秋氣清,露下天高秋水清,0.8098276609160284
句與秋氣清,吹笛秋山風月清,0.8122106848418564
句與秋氣清,爽合風襟静,0.8140448258427564
句與秋氣清,蕭蕭理體淨,0.8028889466826471
句與秋氣清,秀氣豁煩襟,0.8102826786083122
句與秋氣清,湖月林風相與清,0.8341578365259207
僧構擅空闊,高空得蹭蹬,0.8009035171486729
僧構擅空闊,結構坐來重,0.8001931006748448
浮光飛棟甍,雲臺引棟梁,0.8178453538067401
浮光飛棟甍,明霞爛複閣,0.8147567036362542
浮光飛棟甍,浮雲連陣没,0.8042398229757393
浮光飛棟甍,朱甍半光炯,0.8499308602894496
浮光飛棟甍,翠華卷飛雪,0.8216082899724856
浮光飛棟甍,皛皛行雲浮日光,0.8017372002373979
浮光飛棟甍,梁棟日已出,0.8135283394948055
浮光飛棟甍,江闊浮高棟,0.8117461788729177
浮光飛棟甍,梁棟星辰飛,0.8467222516671469
維斗天司南,汝陽三斗始朝天,0.8002590930433859
維斗天司南,北斗司喉舌,0.8210585997721433
維斗天司南,秦城迴北斗,0.8014887930638823
維斗天司南,夜臺當北斗,0.809161515487413
維斗天司南,王城通北辰,0.8131383333375143
維斗天司南,秦城北斗邊,0.8109801027041257
維斗天司南,南極一星朝北斗,0.8102515744609866
維斗天司南,北斗故臨秦,0.8360493019358557
維斗天司南,於今向南斗,0.8345795664323274
維斗天司南,皇輿三極北,0.8075111425023866
其下百瀆傾,西極柱亦傾,0.8131163575414588
其下百瀆傾,欹傾出高岸,0.8084914048587087
其下百瀆傾,去擘山嶽傾,0.8104518712100368
其下百瀆傾,下塹萬尋岸,0.8228452832592454
其下百瀆傾,水合數百源,0.8014220784745472
其下百瀆傾,斗水何直百憂寬,0.8019227599851444
含澤遍諸生,含弘知四大,0.8146205963533275
含澤遍諸生,况蒙霈澤垂,0.8416952318386345
含澤遍諸生,霈澤施蓬蒿,0.8016143492861948
風煙侵十城,高城烟霧開,0.8208705930927289
風煙侵十城,風雲暗百蠻,0.8255399086565358
籟簫吹木末,横笛短簫悲遠天,0.8551442095653592
籟簫吹木末,擊鼓吹笙竽,0.8437340597712877
籟簫吹木末,萬籟真笙竽,0.8867626521833547
籟簫吹木末,羌笛暮吹哀,0.8487457286525295
籟簫吹木末,涼風起天末,0.8069807653329242
籟簫吹木末,鼓角凌天籟,0.8659050489525085
籟簫吹木末,吹簫間笙簧,0.8312098241153758
籟簫吹木末,行人不過聽竽籟,0.8207285599075863
籟簫吹木末,背後吹笙竽,0.839709529599393
籟簫吹木末,横笛未休吹,0.8226150404183017
籟簫吹木末,軍中吹玉笙,0.8003577017359211
籟簫吹木末,吹笛秋山風月清,0.8133069851588097
籟簫吹木末,笳簫咽暮蟬,0.8327002273627401
浪波沸庖烹,淘米少汲水,0.8025552397203625
浪波沸庖烹,執熱乃沸鼎,0.8329429604699323
浪波沸庖烹,催蓴煮白魚,0.8024582661406283
浪波沸庖烹,蒸魚聞匕首,0.8012207895638379
我來杪摇落,江湖後摇落,0.8365728874981609
我來杪摇落,窮秋正摇落,0.846580049684794
我來杪摇落,我生苦飄零,0.8027969241674899
我來杪摇落,秋天正摇落,0.8123177870547923
我來杪摇落,如何對摇落,0.8222443025109569
我來杪摇落,年年小摇落,0.8358306694673795
霜清見魚行,水深魚知聚,0.8511640729842977
霜清見魚行,水清反多魚,0.8386403534028877
霜清見魚行,水生魚復浦,0.8083134866391439
霜清見魚行,日斜魚更食,0.8017982096419027
霜清見魚行,渚清沙白鳥飛迴,0.8366984874747546
霜清見魚行,天寒沙水清,0.8060897165611572
白鷗遠飛來,白鷗没浩蕩,0.8250112724097001
白鷗遠飛來,黄鳥時兼白鳥飛,0.8421318248432711
白鷗遠飛來,青雲羡鳥飛,0.8011180785503997
白鷗遠飛來,河間雙白鷗,0.8393879515852121
白鷗遠飛來,昔如水上鷗,0.8190096341310933
白鷗遠飛來,但見羣鷗日日來,0.8480855629351242
白鷗遠飛來,泛渚白鷗輕,0.8151330499194627
白鷗遠飛來,浴鳧飛鷺晚悠悠,0.850388737834554
白鷗遠飛來,水鳥自孤飛,0.8223327541340222
白鷗遠飛來,狎鷗輕白浪,0.8342404220278361
白鷗遠飛來,水雞銜魚來去飛,0.8425009994444381
白鷗遠飛來,遠鷗浮水静,0.8480337382704186
白鷗遠飛來,一行白鷺上青天,0.8044392595680888
白鷗遠飛來,春鷗洗翅呼,0.8106838710959658
白鷗遠飛來,晴浴狎鷗分處處,0.8012514101041379
白鷗遠飛來,江浦寒鷗戲,0.8132039712878325
白鷗遠飛來,獨帆如飛鴻,0.8047430579895726
白鷗遠飛來,白鷺群飛太劇乾,0.820641451502776
白鷗遠飛來,鷗鳥鏡裏來,0.8370830921944139
白鷗遠飛來,飛來雙白鶴,0.8799324898769854
白鷗遠飛來,落雁失飛騰,0.8185756880879758
白鷗遠飛來,江湖多白鳥,0.8012772469281323
白鷗遠飛來,渚清沙白鳥飛迴,0.8186910736452113
白鷗遠飛來,沙鷗並一雙,0.8153507293792244
白鷗遠飛來,鷗輕故不還,0.8298310364240119
白鷗遠飛來,野静白鷗來,0.858623941170874
白鷗遠飛來,白鳥去邊明,0.81703177671915
白鷗遠飛來,江晚白鷗飢,0.817694282180312
白鷗遠飛來,湖雁雙雙起,0.8035861634927601
白鷗遠飛來,飛來雙白鶴,0.8799324898769854
得我若眼明,今日明人眼,0.8210278117688794
得我若眼明,吾與汝曹俱眼明,0.810722675849659
得我若眼明,畜眼未見有,0.8127557816405739
得我若眼明,分明在眼前,0.8053158226040408
得我若眼明,不見秘書心若失,0.804774617589023
得我若眼明,眼復幾時暗,0.8082025142955943
佳人歸何時,念子何當歸,0.808618509188965
佳人歸何時,此時與子空歸來,0.807625623369227
解衣繞厢榮,入林解我衣,0.8194153622411775
岸江倚帆檣,獨立見江船,0.8024091501550153
岸江倚帆檣,風生洲渚錦帆開,0.8008020042024373
岸江倚帆檣,舟楫欹斜疾,0.8178952663034893
岸江倚帆檣,危檣獨夜舟,0.8302955451118956
岸江倚帆檣,卷幔逐回灘,0.8048728777109966
岸江倚帆檣,欹帆側舵入波濤,0.8427447191803886
岸江倚帆檣,吳檣楚舵牽百丈,0.8129381390901333
岸江倚帆檣,風帆數驛亭,0.8031836677269866
岸江倚帆檣,泊舟滄江岸,0.8261712117514195
岸江倚帆檣,地坼江帆隱,0.8166678365208917
岸江倚帆檣,帆影駐江邊,0.8072465061124801
岸江倚帆檣,連檣並米船,0.8069746280593815
岸江倚帆檣,維舟倚前浦,0.8330646654831444
岸江倚帆檣,逆浪開帆難,0.8369508767466841
岸江倚帆檣,攲側風帆滿,0.8084669053189446
岸江倚帆檣,風帆倚翠蓋,0.8097795410333172
岸江倚帆檣,牙檣捩舵青樓遠,0.8240545427808399
岸江倚帆檣,片帆左郴岸,0.8725209247410985
已專北風權,誤競南風疏北客,0.8029638829545008
已專北風權,北風天正寒,0.810089372678374
已專北風權,氣待北風蘇,0.8372943168186934
已專北風權,氣却西戎回北狄,0.8210028466617301
已專北風權,北風破南極,0.8019402390720604
飛霜挾月下,林風纖月落,0.8083047816284483
飛霜挾月下,挾矢射漢月,0.8128854981250802
飛霜挾月下,何當清霜飛,0.8136279148956768
飛霜挾月下,積雪飛霜此夜寒,0.8119003908801739
飛霜挾月下,散風如飛霜,0.8125663267394581
飛霜挾月下,獨坐飛風霜,0.8136693660261028
百笮直如絃,腕促蹄高如踣鐵,0.819771551094014
百笮直如絃,摧折如斷轅,0.8054154850182245
百笮直如絃,正直朱絲絃,0.8307751058594278
百笮直如絃,達士如弦直,0.8359567702731856
緑水去清夜,秋水清無底,0.8224906334724759
緑水去清夜,江水清源曲,0.8197485316551522
緑水去清夜,永與清溪别,0.8013109378847525
緑水去清夜,出清泚,0.8405266529340774
緑水去清夜,却過清渭影,0.812840771881353
緑水去清夜,清思漢水上,0.8458400718175239
黄盧摇白煙,白狐跳梁黄狐立,0.8017325790092773
黄盧摇白煙,白狗黄牛峽,0.820223209063507
篙人持更柝,城暗更籌急,0.8061706642613962
相語聞並船,船人近相報,0.833915144954968
相語聞並船,喜得與子長夜語,0.8102623681602599
平生濯纓心,平生江海心,0.8243816348573183
平生濯纓心,平生憩息地,0.8009208194313915
平生濯纓心,平生灞上遊,0.8061104783305584
平生濯纓心,平生一釣舟,0.808348877094243
平生濯纓心,平生心已折,0.807783250176048
平生濯纓心,平生方寸心,0.8133563380431041
鷗鳥共忘年,忘機對芝草,0.8171003751895629
鷗鳥共忘年,白鷗元水宿,0.8220444413244175
鷗鳥共忘年,還同海上鷗,0.8093149607370771
鷗鳥共忘年,猿鳥聚儔侣,0.8240792554271241
鷗鳥共忘年,君看禽鳥情,0.8029871753450557
鷗鳥共忘年,鷗鳥鏡裏來,0.8236031466617302
鷗鳥共忘年,年衰鴛鷺群,0.8064027955962669
鷗鳥共忘年,水宿伴鳧鷖,0.812448917748938
風吹落塵網,魚吹細浪摇歌扇,0.8011125241779804
風吹落塵網,迴風颯颯吹沙塵,0.8171181423859959
風吹落塵網,飄颻風塵際,0.8533919948188893
風吹落塵網,風塵暗不開,0.8076446582037005
風吹落塵網,飄颻若埃塵,0.845850875875817
風吹落塵網,壯觀已塵埃,0.8021140616035742
歲星奔回旋,别來歲月周,0.8039301781725985
歲星奔回旋,時序遞回斡,0.8162109096414512
歲星奔回旋,合沓歲月徂,0.8336537626932521
歲星奔回旋,菁華歲月遷,0.8084063729041264
歲星奔回旋,歲暮日月疾,0.8195367796679329
歲星奔回旋,氣候何迴互,0.8013112985096076
險艱自得力,崇重力難勝,0.8127441757316143
險艱自得力,卽事壯重險,0.8118253362543546
險艱自得力,徒步覺自由,0.8050613408864142
險艱自得力,艱險路更跼,0.8224691690149311
險艱自得力,艱難須上策,0.8075402781448707
險艱自得力,北走經險艱,0.8186169299291731
險艱自得力,天步艱方盡,0.8153871522251646
險艱自得力,力强不可制,0.814979925555691
險艱自得力,生我不得力,0.8054421965176832
險艱自得力,躋險不自安,0.890870048861328
險艱自得力,過隴自艱難,0.8196373307292649
險艱自得力,出處各努力,0.8168175493600873
險艱自得力,險艱方自兹,0.8694986540057312
險艱自得力,艱險不易論,0.8446450008275118
險艱自得力,終身歷艱險,0.8441216694122462
險艱自得力,及茲險阻盡,0.8128245183789544
險艱自得力,時危安得真致此,0.8319314213992695
險艱自得力,修築隄防出衆力,0.806134598015587
險艱自得力,經時冒險艱,0.8451363734426856
險艱自得力,進退固其宜,0.8121000752721087
險艱自得力,國步猶艱難,0.8406150188573616
險艱自得力,艱難昧生理,0.8013988736789234
險艱自得力,天險終難立,0.8176258410570697
險艱自得力,公孫初恃險,0.8079380965656162
險艱自得力,小敵信所怯,0.808052929474558
險艱自得力,易力何深嚌,0.8047385210602893
險艱自得力,時清關失險,0.8037750977959804
險艱自得力,憂世心力弱,0.8005072907924782
險艱自得力,時危始識不世才,0.8085761470757078
險艱自得力,未憂筋力弱,0.8013600057291066
險艱自得力,氣合無險僻,0.8246448418489318
險艱自得力,艱險如跬步,0.8757148700887649
險艱自得力,湯池雖險固,0.8051330766537577
險艱自得力,履險顔益厚,0.801668495207793
險艱自得力,衆力亦不細,0.8286559609291866
險艱自得力,用意盡崎嶇,0.8071650871067204
險艱自得力,艱難體貴安,0.8059886517486878
險艱自得力,寬猛性所將,0.8185562454243551
險艱自得力,許靖力難任,0.8312710116947537
細故可棄捐,自然棄擲與時異,0.8043507795368117
細故可棄捐,恐懼棄捐忍羇旅,0.8239778586041593
細故可棄捐,撥棄不擬道,0.8391134562408682
細故可棄捐,治中實棄捐,0.8642981714301754
細故可棄捐,物微世競棄,0.8029565388294253
細故可棄捐,池塘作棄捐,0.80580544141507
細故可棄捐,棄我忽若遺,0.8293052039447995
至今夢汹汹,洶洶開奔湍,0.8307648149265343
至今夢汹汹,洶洶人寰猶不定,0.8218321029689797
呼禹濟黄川,王師下八川,0.8244001271367496
篙師救首尾,早行篙師怠,0.8149331181133341
篙師救首尾,稽留篙師怒,0.8332393589442388
我爲制中權,况今攝行大將權,0.8066946738995586
我爲制中權,朝難將帥權,0.8054242324735448
挂席滿風力,天意颯風飇,0.8080217395489411
挂席滿風力,側身注目長風生,0.8127436378770382
挂席滿風力,挂席上南斗,0.8166619615851528
挂席滿風力,卷耳況療風,0.8129324495236678
挂席滿風力,攲側風帆滿,0.8393500340920548
挂席滿風力,席掛風不正,0.8805374000981423
挂席滿風力,破浪南風正,0.8000884229679881
如推强弩絃,挽弓當挽强,0.8340658604406193
如推强弩絃,威弧不能弦,0.8091484552453162
如推强弩絃,達士如弦直,0.8293600491964019
曉放白沙口,鵁鶄鸂鶒滿晴沙,0.8050534964782965
曉放白沙口,朝來没沙尾,0.8092414535628896
曉放白沙口,沙頭暮黄鶴,0.8027718103628769
曉放白沙口,日出野船開,0.8087701838696366
曉放白沙口,殿脚插入赤沙湖,0.8136967914805509
長蘆見炊煙,煑鹽烟在川,0.8021762417088505
長蘆見炊煙,遠烟鹽井上,0.814971913024797
長蘆見炊煙,土銼冷疏烟,0.8124997800394086
長蘆見炊煙,村烟對浦沙,0.8210078590420201
長蘆見炊煙,井屋有烟起,0.8209533153470712
一葉託秋雨,風雨秋一葉,0.9151219580519103
一葉託秋雨,湘潭一葉黄,0.8191712136822178
滄江百尺船,百頃風潭上,0.807053638907689
滄江百尺船,觀水百丈湫,0.8098281047379045
滄江百尺船,屈注滄江流,0.821374908683344
滄江百尺船,百花潭水卽滄浪,0.8146143120451095
滄江百尺船,秋水纔深四五尺,0.8002161444478304
滄江百尺船,溪水纔尺餘,0.8003410803374278
滄江百尺船,樓下長江百丈清,0.8504729714403862
滄江百尺船,百丈誰家上瀨船,0.8149591137911016
滄江百尺船,山泉落滄江,0.8008313113783826
滄江百尺船,百丈内江船,0.8806374911794883
滄江百尺船,峽束滄江起,0.8000816438763947
滄江百尺船,江濤萬古峽,0.8107533786947987
滄江百尺船,滄江十月雷,0.8282752582366357
滄江百尺船,西江萬里船,0.8451597344387778
滄江百尺船,滄浪深可逾,0.804089251668733
反觀世風波,反懼江海覆,0.8049905806515218
反觀世風波,壯觀已塵埃,0.8030053002242721
誰能保長年,誰是長年者,0.8134170129354407
誰能保長年,胡命其能久,0.8013547832798505
與世闕周旋,周遷舊國容,0.8015833625193275
與世闕周旋,文律早周旋,0.8244196451535378
