황정견,두보,코사인 유사도
高大且閎深,身尊道何高,0.8054367724824575
高大且閎深,顧視清高氣深穩,0.8060712724883565
高大且閎深,易力何深嚌,0.8496708544743692
高大且閎深,要路亦高深,0.8380625250747407
高大且閎深,雅量涵高遠,0.8111616787637256
一馬統萬物,一物但荷皇天慈,0.802693173849163
一馬統萬物,一氣轉洪鈞,0.800511687891442
一馬統萬物,沸天萬乘動,0.8015492901104205
一馬統萬物,九萬一朝摶,0.827548661072556
一馬統萬物,萬馬救中原,0.8019916321197187
一馬統萬物,萬古用一夫,0.8320804287035594
一馬統萬物,萬方聲一概,0.8277111688087748
一馬統萬物,此皆戰騎一敵萬,0.8196501586668923
一馬統萬物,萬國皆戎馬,0.805375988714716
一馬統萬物,一物休盡取,0.8056453197148779
一馬統萬物,王每中一物,0.8411899653154327
一馬統萬物,聖壽宜過一萬春,0.8059415980841116
一馬統萬物,萬物附本性,0.8227496167743422
一馬統萬物,萬國尚戎馬,0.8058872383060671
一馬統萬物,萬象皆春氣,0.8330779703986009
八還見真心,福地語真傳,0.8142987598229414
八還見真心,真如會法堂,0.8379558785893809
八還見真心,開元之中常引見,0.8077639601234412
八還見真心,秉心識本源,0.8220597701246912
八還見真心,不見秘書心若失,0.8067863898354535
八還見真心,虚心味道玄,0.8145817831534631
八還見真心,衣褐向真詮,0.8062278926010815
八還見真心,終然契真如,0.8131424237729034
迺知善琴瑟,匣琴流水自須彈,0.8061323659639434
臨池濯吾足,煖湯濯我足,0.8562940248320601
臨池濯吾足,何由一洗濯,0.8397075866165298
臨池濯吾足,濯濯朱絲繩,0.802303476838807
臨池濯吾足,洗藥浣花溪,0.8040609934861191
臨池濯吾足,吾亦沼清泉,0.8000029214753482
汲水濯吾纓,清漣曳水衣,0.8145764701411091
汲水濯吾纓,煖湯濯我足,0.8355211819278079
汲水濯吾纓,何由一洗濯,0.8114711451010741
汲水濯吾纓,濯濯朱絲繩,0.833041030003937
汲水濯吾纓,洗藥浣花溪,0.8070832196267805
汲水濯吾纓,井渫泉誰汲,0.8009506523055443
塵埃一謝去,孔丘盗跖俱塵埃,0.8067616019569185
塵埃一謝去,忍爲塵埃没,0.8465059853500874
塵埃一謝去,出塵閟軌躅,0.8048529206523694
塵埃一謝去,世尊亦塵埃,0.8457557474948753
塵埃一謝去,飄颻若埃塵,0.826865081289585
塵埃一謝去,一自風塵起,0.8256946075618239
塵埃一謝去,井竈任塵埃,0.8198299601544964
塵埃一謝去,壯觀已塵埃,0.8175947038182776
塵埃一謝去,氛埃期必掃,0.8030149208191966
神與體俱清,氣得神仙迥,0.8363653531262074
神與體俱清,對此融心神,0.8014422239311608
神與體俱清,心清聞妙香,0.8177631676597907
神與體俱清,静者心多妙,0.8049876062161451
神與體俱清,與道氣相和,0.8475553308725132
神與體俱清,心跡喜雙清,0.8330966486953504
神與體俱清,江清心可瑩,0.8326339582861367
神與體俱清,皆與此圖筋骨同,0.8267161802339544
神與體俱清,高枕形神清,0.8339802041795694
神與體俱清,清絶心有向,0.8133967082252884
神與體俱清,此物神俱王,0.8076191172728231
神與體俱清,爽合風襟静,0.8182980334003156
神與體俱清,蕭蕭理體淨,0.8409926698715566
神與體俱清,虚心味道玄,0.8306289987247826
神與體俱清,清羸任體孱,0.8151665142772251
神與體俱清,骨清慮不喧,0.8295622283940878
月明漸映簷東出,魚跳日映山,0.820222356361336
月明漸映簷東出,月出山更静,0.8039313868460716
月明漸映簷東出,山迥日初沉,0.803162315551535
月明漸映簷東出,初月出不高,0.8127397545814201
月明漸映簷東出,鸕鷀西日照,0.8074471186912271
月明漸映簷東出,簷影微微落,0.813823657267076
月明漸映簷東出,落日在簾鈎,0.8047668728709406
月明漸映簷東出,江色映疏簾,0.8186431540771466
月明漸映簷東出,山頭落日半輪明,0.8310308404971287
月明漸映簷東出,入簾殘月影,0.809493922300643
月明漸映簷東出,日出寒山外,0.8081828858036451
月明漸映簷東出,日出籬東水,0.8215431571599248
月明漸映簷東出,返照斜初徹,0.8176040295207715
月明漸映簷東出,晨光映遠岫,0.8075910502000534
月明漸映簷東出,初看浴日紅,0.8031620037888719
月明漸映簷東出,輪仄半樓明,0.8201154576627325
月明漸映簷東出,日轉東方白,0.8073832450820966
月明漸映簷東出,樓高月迥明,0.8049126905445226
月明漸映簷東出,落日初霞閃餘映,0.8107418667064719
月明漸映簷東出,日出黄霧映,0.8226788450030186
月明漸映簷東出,日出野船開,0.814526366359877
月明漸映簷東出,燭斜初近見,0.8494285145223164
置枕東床夜蕭瑟,舟中得病移衾枕,0.806947147422024
置枕東床夜蕭瑟,高枕虚眠晝,0.8016208489968583
置枕東床夜蕭瑟,蕭瑟倚朱樓,0.8076324287383828
置枕東床夜蕭瑟,乘月坐胡牀,0.8132913771886684
更無俗物敗人意,殺人亦有限,0.800258140935661
更無俗物敗人意,時俗造次那得致,0.8137777900787857
更無俗物敗人意,人物世不數,0.8100142781482002
更無俗物敗人意,更被時俗惡,0.8314473169570897
更無俗物敗人意,物情尤可見,0.8134496526721346
更無俗物敗人意,造幽無人境,0.8048826522981168
更無俗物敗人意,眼邊無俗物,0.8415932182619037
更無俗物敗人意,世人皆欲殺,0.8016471607298595
更無俗物敗人意,而無人世喧,0.8045473194729362
更無俗物敗人意,山陽無俗物,0.8095402860798303
更無俗物敗人意,世人亦爲爾,0.8022419078636099
更無俗物敗人意,殊俗自人群,0.8027959791832195
更無俗物敗人意,何處異風俗,0.8007623347894455
唯有清風入吾室,在山泉水清,0.8038475616901015
唯有清風入吾室,清風爲我起,0.8066480817627096
唯有清風入吾室,府中有餘清,0.8132585970336503
唯有清風入吾室,泠泠風有餘,0.8153330955111355
唯有清風入吾室,清風獨杖藜,0.8004370886888466
唯有清風入吾室,湖月林風相與清,0.8096645698193141
唯有清風入吾室,香厨松道清涼俱,0.8014746640796597
駑駘無長塗,態與駑駘異,0.8042250158074533
駑駘無長塗,駑駘漫深泥,0.8940939530389113
駑駘無長塗,駑駘怕錦幪,0.8171531781507468
駑駘無長塗,驕蹇不復理,0.8011429387802539
駑駘無長塗,歎爾疲駑駘,0.8461203072686969
駑駘無長塗,驊騮入窮巷,0.8061383108093543
一月始千里,君來必十月,0.8484514783625368
一月始千里,今已十月後,0.8481071577313141
一月始千里,此日千里鳴,0.8219733314447667
一月始千里,别離已昨日,0.8100462671435009
一月始千里,洛城一别四千里,0.8244931932169575
一月始千里,二月已破三月來,0.8556582731639361
一月始千里,二月六夜春水生,0.8028811710619876
一月始千里,卽今倏忽已五十,0.8107713168209243
一月始千里,萬里須十金,0.8146243193601144
一月始千里,别來忽三歲,0.8142730399059023
一月始千里,復爲萬里别,0.8081981411349516
一月始千里,南方六七月,0.8024402635952492
一月始千里,相去四五里,0.8297816227040753
一月始千里,萬里寒空祇一日,0.8144938064394703
驊騮嘶清風,霜蹄千里駿,0.8121620666655192
驊騮嘶清風,暮隨肥馬塵,0.8052448832033001
驊騮嘶清風,走馬脱轡頭,0.8194889416383766
驊騮嘶清風,高生跨鞍馬,0.8166806245355585
驊騮嘶清風,驊騮開道路,0.8443156061106054
驊騮嘶清風,世復輕驊騮,0.8396042091524942
驊騮嘶清風,歸馬散霜蹄,0.8275296393557661
驊騮嘶清風,驊騮作駒已汗血,0.8519139283240658
驊騮嘶清風,如今豈無騕褭與驊騮,0.8214665517881938
驊騮嘶清風,千金裝馬鞭,0.8020567732894764
驊騮嘶清風,驄馬新鑿蹄,0.8216172250903291
驊騮嘶清風,快馬金纏轡,0.8056750574803335
驊騮嘶清風,驊騮顧主鳴,0.8270052685634497
驊騮嘶清風,驊騮不慣不得將,0.8214091458178636
驊騮嘶清風,丈人駿馬名胡騮,0.8346892203111838
驊騮嘶清風,我馬向北嘶,0.810555463638743
驊騮嘶清風,驊騮開道路,0.8443156061106054
驊騮嘶清風,有客騎驄馬,0.8151960677412254
驊騮嘶清風,能騎生馬駒,0.8376548472790846
驊騮嘶清風,馬嘶未敢動,0.80556424078257
驊騮嘶清風,霜蹄蹴踏長楸間,0.8024168165183359
驊騮嘶清風,匹馬逐秋風,0.8025648753396643
驊騮嘶清風,漢苑歸驊騮,0.8607659865696933
驊騮嘶清風,御鞍金騕褭,0.8136332032247593
驊騮嘶清風,垂鞭嚲鞚凌紫陌,0.8402473872593357
驊騮嘶清風,清晨散馬蹄,0.8377302609084218
驊騮嘶清風,驊騮事天子,0.8256277384229223
驊騮嘶清風,驊騮入窮巷,0.8301932329538292
驊騮嘶清風,嘶鳴望天衢,0.8177535655295323
驊騮嘶清風,悲鳴駟馬顧,0.8195350093817073
祇在一日耳,十日不一見顔色,0.812926023289821
祇在一日耳,祇殘鄴城不日得,0.806902328392633
祇在一日耳,十日畫一水,0.836815460824793
祇在一日耳,五日畫一石,0.8085850617533958
祇在一日耳,一日兩遣僕,0.8068119873944578
詩酒廢書史,讀書破萬卷,0.8186211510455961
詩酒廢書史,李白一斗詩百篇,0.8042895300824566
詩酒廢書史,詩書遂牆壁,0.850784052319467
詩酒廢書史,數篇吟可老,0.8034381723594506
詩酒廢書史,詩書自討論,0.8339337854408337
詩酒廢書史,讀書難字過,0.8112778075993674
詩酒廢書史,書亂誰能帙,0.8199559647528945
詩酒廢書史,把君詩過日,0.8044075445400405
詩酒廢書史,老妻書數紙,0.8011361290212038
詩酒廢書史,詩名惟我共,0.8033707230428657
詩酒廢書史,陳公讀書堂,0.8103030690029868
詩酒廢書史,但見書畫傳,0.8333915849209353
詩酒廢書史,漫卷詩書喜欲狂,0.8147785435117695
詩酒廢書史,觀我落筆中書堂,0.8038444912610383
詩酒廢書史,斗酒新詩終自疏,0.8134149516066931
詩酒廢書史,閲書百氏盡,0.810164083257084
詩酒廢書史,文包舊史善,0.810392712571857
詩酒廢書史,數篇今見古人詩,0.8193045496454421
詩酒廢書史,不敢廢詩篇,0.8034467974509423
詩酒廢書史,群書萬卷常暗誦,0.8075590999660074
詩酒廢書史,賦詩猶落筆,0.8002267216513
詩酒廢書史,情在强詩篇,0.8080278542082345
詩酒廢書史,篋書積諷諫,0.8180755260543853
詩酒廢書史,中有古刺史,0.8005003569128716
諸友勿自疑,自謂頗挺出,0.8107472494700616
諸友勿自疑,衆人貴苟得,0.8014017636906261
諸友勿自疑,慎勿出口他人狙,0.8195284646057963
諸友勿自疑,未及前賢更勿疑,0.8158637951571797
諸友勿自疑,諸公不相棄,0.815610864903451
寧爲駑駘懶,阿翁懶惰久,0.8011469238120336
寧爲駑駘懶,態與駑駘異,0.848104558358437
寧爲駑駘懶,駑駘怕錦幪,0.8431630198207087
寧爲駑駘懶,歎爾疲駑駘,0.8921599799810709
當效驊騮嘶,暮隨肥馬塵,0.807088608579368
當效驊騮嘶,走馬脱轡頭,0.8426112978386819
當效驊騮嘶,高生跨鞍馬,0.8233248433562288
當效驊騮嘶,驊騮開道路,0.855874324905781
當效驊騮嘶,未惜馬蹄遥,0.814571170562901
當效驊騮嘶,世復輕驊騮,0.8683808373801107
當效驊騮嘶,歸馬散霜蹄,0.8083378555953563
當效驊騮嘶,驌驦一骨獨當御,0.8188225104917151
當效驊騮嘶,驊騮作駒已汗血,0.8690837536749227
當效驊騮嘶,如今豈無騕褭與驊騮,0.8424966029987797
當效驊騮嘶,千金裝馬鞭,0.8109805242678365
當效驊騮嘶,金鞭折斷九馬死,0.8083089795152327
當效驊騮嘶,驄馬新鑿蹄,0.8449747762157921
當效驊騮嘶,快馬金纏轡,0.8236022079235011
當效驊騮嘶,驊騮顧主鳴,0.8792993496780044
當效驊騮嘶,驅馬一萬匹,0.8002014551761282
當效驊騮嘶,泥滑不敢騎朝天,0.8055933027855495
當效驊騮嘶,驊騮不慣不得將,0.837835111443566
當效驊騮嘶,丈人駿馬名胡騮,0.8341760045081832
當效驊騮嘶,馬驕朱汗落,0.8068484737423893
當效驊騮嘶,胡兒掣駱駝,0.8465493381461289
當效驊騮嘶,馬嘶思故櫪,0.8005543319674175
當效驊騮嘶,我馬向北嘶,0.8318865833936699
當效驊騮嘶,戲拈秃筆掃驊騮,0.8092210450012253
當效驊騮嘶,驊騮開道路,0.855874324905781
當效驊騮嘶,空煩卸馬鞍,0.8144362292961027
當效驊騮嘶,有客騎驄馬,0.8017648402099664
當效驊騮嘶,無心待馬蹄,0.800168057020361
當效驊騮嘶,能騎生馬駒,0.8366835995191262
當效驊騮嘶,馬嘶未敢動,0.8389124989778767
當效驊騮嘶,使君五馬一馬驄,0.8003217934822908
當效驊騮嘶,爲我迴轡擒西戎,0.8102211558711789
當效驊騮嘶,馬銜青草嘶,0.8053413102461979
當效驊騮嘶,忍使驊騮氣凋喪,0.8152315086178664
當效驊騮嘶,歸來散馬蹄,0.8022145314510642
當效驊騮嘶,高馬勿捶面,0.8046083575069314
當效驊騮嘶,漢苑歸驊騮,0.8559596302602558
當效驊騮嘶,紫騮隨劍几,0.8107613927911381
當效驊騮嘶,人間不解重驊騮,0.852629474240451
當效驊騮嘶,御鞍金騕褭,0.8031842552773923
當效驊騮嘶,中年胡馬驕,0.8135963968463928
當效驊騮嘶,垂鞭嚲鞚凌紫陌,0.8438702618855727
當效驊騮嘶,酒酣並轡金鞭垂,0.8031200541739247
當效驊騮嘶,清晨散馬蹄,0.8122078965905635
當效驊騮嘶,天馬跛足隨氂牛,0.8037244244873754
當效驊騮嘶,驊騮事天子,0.8531595283397473
當效驊騮嘶,驊騮入窮巷,0.8594475795395145
當效驊騮嘶,不返青絲鞚,0.8041850133328456
當效驊騮嘶,悲鳴駟馬顧,0.8275931889246844
當效驊騮嘶,争道朱蹄驕齧膝,0.8022266807773091
疏水必有源,江水清源曲,0.8062657873804182
疏水必有源,洑流何處入,0.8069560390549873
疏水必有源,恐與川浸溜,0.8000107230458824
疏水必有源,可照濁水源,0.815418754767089
疏水必有源,根斷泉源豈天意,0.8242316805472767
疏水必有源,清源多衆魚,0.8445732985600447
疏水必有源,桃源自可尋,0.8063069141967145
疏水必有源,水合數百源,0.8463482610082282
疏水必有源,根源皆太古,0.815006058654707
疏水必有源,北有澗水通青苗,0.8061910201737967
疏水必有源,通流與廚會,0.8048451867419927
疏水必有源,川廣不可泝,0.8118854233808833
疏水必有源,況乃山高水有波,0.8046204911250507
疏水必有源,枝派羅源津,0.8460616491598449
疏水必有源,分源豕韋派,0.8175717466265411
所貴論大體,衆人貴苟得,0.812431699685668
所貴論大體,身貴不足論,0.8116652814971395
所貴論大體,至性有此不,0.8089446094631797
所貴論大體,愚意會所適,0.8072636783719591
所貴論大體,末契有所及,0.8072863293553714
所貴論大體,性命苟不存,0.8144089849850633
所貴論大體,論道邦國活,0.8198793249783332
所貴論大體,計大豈輕論,0.8162530711462224
所貴論大體,政化錯迕失大體,0.8201638006796788
所貴論大體,於身色有用,0.8151979771450752
所貴論大體,所貴者聖賢,0.8171292950723481
所貴論大體,進退固其宜,0.8163287333397826
所貴論大體,實以驕貴盈,0.8035736468155278
所貴論大體,稷契易爲力,0.8098684624741339
所貴論大體,義仗知者論,0.81591543461586
所貴論大體,義無棄禮法,0.8250893377529078
所貴論大體,密論貞觀體,0.8464156962610885
所貴論大體,治國用輕刑,0.8070214560143543
所貴論大體,乃知正人意,0.804205091943033
所貴論大體,事貴當匹敵,0.8220520786211583
所貴論大體,得盡所歷妙,0.8104709466643778
所貴論大體,未達善一身,0.8326694160130232
所貴論大體,得志行所爲,0.8380531076120077
所貴論大體,艱難體貴安,0.8309016245731244
所貴論大體,終始任安義,0.828936044904705
所貴論大體,寬猛性所將,0.8228613942889731
生死命有制,亡命嬰禍羅,0.8082675730661164
生死命有制,天地有順逆,0.8001681186516783
生死命有制,生理焉得説,0.8235008222809916
生死命有制,不知死與生,0.80339282928685
生死命有制,性命由他人,0.8015623489613032
生死命有制,性命苟不存,0.8511305645238911
生死命有制,送者各有死,0.8309974300038002
生死命有制,人生亦有初,0.821856260432555
生死命有制,生事不自謀,0.8242117382962506
生死命有制,我生託子以爲命,0.8192380286134064
生死命有制,政化錯迕失大體,0.8034860556549352
生死命有制,生離與死别,0.8010824312313292
生死命有制,便有死生分,0.8235089468068089
生死命有制,生理不得論,0.8049676053491073
生死命有制,人生流滯生理難,0.8096645288860581
生死命有制,生意從此活,0.8111394226328386
生死命有制,天然生知資,0.8163450628787166
生死命有制,豈得恨命屯,0.8075437573265507
生死命有制,萬物附本性,0.8184646339615949
生死命有制,自喜遂生理,0.8214980678468043
生死命有制,意氣死生親,0.8056369662304478
富貴天取裁,身貴不足論,0.8158875852416299
富貴天取裁,實以驕貴盈,0.8188996742151122
富貴天取裁,事貴當匹敵,0.8059218916936841
富貴天取裁,無貴賤不悲,0.8105734305239792
富貴天取裁,中外貴賤殊,0.8006586865437
富貴天取裁,富貴當如此,0.8066860340555835
富貴天取裁,富貴功名焉足圖,0.8003508537483937
富貴天取裁,梁公富貴於身疏,0.8101518804490546
儻能領真意,藴真愜所遇,0.8294745056952002
儻能領真意,幽意忽不愜,0.8331233006870136
儻能領真意,至性有此不,0.801104015726209
儻能領真意,愚意會所適,0.8267523262635472
儻能領真意,披豁對吾真,0.8001368242943651
儻能領真意,放意何自若,0.8109229253861354
儻能領真意,焉得豁心胸,0.80296972041961
儻能領真意,得盡所歷妙,0.8109816703638639
何有於我哉,儒術於我何有哉,0.8986545453902142
何有於我哉,亦知窮愁安在哉,0.8203165140352242
何有於我哉,用舍何其賢,0.8057334731104596
何有於我哉,王師安在哉,0.8067416299187782
何有於我哉,斯人亦何幸,0.8384877486642685
何有於我哉,捨此復何之,0.8210720358666845
聖知在黄卷,廟堂知至理,0.8039400131477941
聖知在黄卷,孔明有知音,0.8192210181795937
聖知在黄卷,明明君臣契,0.8064458121584619
聖知在黄卷,聖聰矧多仁,0.810732410143954
聖知在黄卷,聖哲體仁恕,0.8161910416043359
聖知在黄卷,吾聞聰明主,0.8013412050802783
聖知在黄卷,孝經一通看在手,0.8007810351000908
聖知在黄卷,聖哲垂彖繫,0.8085837499949291
聖知在黄卷,聰明達所爲,0.8085093060312217
自此宜數來,致此自僻遠,0.804447082538361
自此宜數來,是以數子至,0.8067440276301021
作詩情繾綣,寸長堪繾綣,0.8344589470634849
作詩情繾綣,有情且賦詩,0.8314692418045913
作詩情繾綣,作詩呻吟内,0.8212554745225491
作詩情繾綣,情在强詩篇,0.8189806796320438
作詩情繾綣,無論再繾綣,0.8436124608296818
讀書常厭煩,讀書破萬卷,0.8279564573388052
讀書常厭煩,老來苦便静,0.8018027299922168
讀書常厭煩,讀書難字過,0.8006365568934999
讀書常厭煩,老困撥書眠,0.8023247899022861
讀書常厭煩,群書萬卷常暗誦,0.8193129556636594
讀書常厭煩,攤書解滿牀,0.8372018527555897
讀書常厭煩,耳聞讀書聲,0.8270930132098486
動静兩不適,幽意忽不愜,0.8319824947822352
動静兩不適,取適事莫並,0.8043444487965381
動静兩不適,老來苦便静,0.8216239392315063
動静兩不適,流寓理豈愜,0.8160200471372778
動静兩不適,以茲悟生理,0.8048990629184326
動静兩不適,至性有此不,0.8273303823531264
動静兩不適,浩蕩無與適,0.8467805317453876
動静兩不適,動静隨所激,0.8962894236574477
動静兩不適,吏隱適情性,0.8207372225121823
動静兩不適,愚意會所適,0.8327041869820934
動静兩不適,自顧轉無趣,0.8113368785225268
動静兩不適,盡室豈相偶,0.8018853419394066
動静兩不適,幽事亦可悦,0.8005565767192253
動静兩不適,自適固其常,0.8239416925896909
動静兩不適,貧知静者性,0.8093010029965638
動静兩不適,好静心跡素,0.8293650909231788
動静兩不適,意愜關飛動,0.8171535885047077
動静兩不適,静者心多妙,0.8332232620359276
動静兩不適,出門無與適,0.8102637123958647
動静兩不適,徒旅慘不悦,0.8034069600708719
動静兩不適,物理固自然,0.8221746943617777
動静兩不適,坦然心神舒,0.8174365651958637
動静兩不適,謝爾性所適,0.8476602893915554
動静兩不適,信美無與適,0.8322814133106853
動静兩不適,幽偏得自怡,0.8313645982414883
動静兩不適,紛然不適口,0.8149633985637661
動静兩不適,常恐性坦率,0.8193687752810015
動静兩不適,事迹可兩忘,0.812869839143334
動静兩不適,禮寬心有適,0.8206970740746029
動静兩不適,洗然順所適,0.8360624955352783
動静兩不適,受性本幽獨,0.8082737126399815
動静兩不適,意度不無神,0.8010648635134172
動静兩不適,鳴艣各有適,0.8158083006539016
動静兩不適,穎鋭物不隔,0.8091045927118649
動静兩不適,肅肅自有適,0.8468745543212468
動静兩不適,愁寂意不愜,0.8641915105260245
動静兩不適,感動百慮端,0.812347748214516
動静兩不適,喧静不同科,0.8100179931042786
動静兩不適,安爲動主理信然,0.8345971829845511
動静兩不適,自喜遂生理,0.8005805231355806
動静兩不適,得盡所歷妙,0.8148139061131207
塵勞敗天倪,復接塵事屏,0.8036485565398447
目昏生黟花,目眩隕雜花,0.8216443953494723
耳瞶喧鼓鼙,馮夷擊鼓羣龍趨,0.8110355800494781
耳瞶喧鼓鼙,悲笳數聲動,0.8032838111392511
耳瞶喧鼓鼙,垂老惡聞戰鼓悲,0.8203626387099011
耳瞶喧鼓鼙,睡美不聞鐘鼓傳,0.8159142017569085
耳瞶喧鼓鼙,喧呼聞點兵,0.8147650595924733
耳瞶喧鼓鼙,召令習鼓鞞,0.838430210111789
耳瞶喧鼓鼙,臨衰厭鼓鞞,0.8009881645373674
耳瞶喧鼓鼙,東城多鼓鼙,0.8183287315957984
耳瞶喧鼓鼙,春風入鼓鼙,0.8482696304529675
耳瞶喧鼓鼙,鼓角動江城,0.8195961870811052
耳瞶喧鼓鼙,戍鼓猶長擊,0.8249258745548265
耳瞶喧鼓鼙,椎鼓鳴鐘天下聞,0.8097269463990018
耳瞶喧鼓鼙,峽中喧擊鼓,0.8539919657249222
耳瞶喧鼓鼙,亂離聞鼓角,0.8160825217843601
耳瞶喧鼓鼙,江浦雷聲喧昨夜,0.8010125816499314
耳瞶喧鼓鼙,嚴城疊鼓鼙,0.8273922047485479
沈憂愁五神,深愁畏損神,0.824903386053836
沈憂愁五神,心懷百憂復千慮,0.8010293755610781
倦劇委四支,轉益愁向駑駘輩,0.8128415997254079
不聊終日堪,無以供日夕,0.8284960833401636
況乃久遠期,心緒亂已久,0.8076994310426107
況乃久遠期,遠戍亦有身,0.8192793265641843
況乃久遠期,因念遠戍卒,0.819409776441115
況乃久遠期,况乃胡未滅,0.8009589824733951
況乃久遠期,妻子隔絶久,0.8155493361268069
況乃久遠期,問我久遠行,0.8453644614893256
況乃久遠期,告我欲遠適,0.8058034038230093
況乃久遠期,遊子久不至,0.8123748219647451
況乃久遠期,況經長别心,0.8107477034550958
況乃久遠期,致此自僻遠,0.8071886746623309
況乃久遠期,嗟爾遠戍人,0.8062707162544605
況乃久遠期,乃知久行客,0.8485521027871261
況乃久遠期,遠送從此别,0.8287640986882556
況乃久遠期,况乃懷舊丘,0.8084078449901757
況乃久遠期,況乃久風塵,0.8325090516593181
況乃久遠期,況乃主客間,0.8029378246824427
況乃久遠期,久客慎所觸,0.8134291930842755
況乃久遠期,況乃懷故鄉,0.8144735487440953
況乃久遠期,道意久衰薄,0.81148229442911
況乃久遠期,旅茲殊俗遠,0.8063890777382473
況乃久遠期,積年仍遠别,0.8210303453906778
投書曲肱卧,老困撥書眠,0.8075589665014916
天游從所之,遊子有所之,0.8792872931366063
天游從所之,冥冥任所往,0.8263171762424772
天游從所之,駕馭何所益,0.8014454786499194
天游從所之,藥餌扶吾隨所之,0.8045024142538354
天游從所之,得志行所爲,0.8142502996775774
是身入華胥,是身如浮雲,0.8036069824376049
髣髴勝初時,憶昨狼狽初,0.8097920789628817
髣髴勝初時,憶昔初見時,0.8274721838537623
春蠶眠巨箔,鈎簾獨未眠,0.8034467936806757
夏蜩化枯枝,枯查卷拔樹,0.8432183638007765
夏蜩化枯枝,哀號待枯麥,0.8352177594135438
夏蜩化枯枝,烏鵲滿樛枝,0.8059233357535978
夏蜩化枯枝,麥倒桑枝折,0.8076854040850836
夏蜩化枯枝,歲久爲枯林,0.836195747149747
夏蜩化枯枝,季冬樹木蒼,0.822114823248586
夏蜩化枯枝,跳枝竄葉樹木中,0.8339077801057427
夏蜩化枯枝,頑根易滋蔓,0.804852813260263
夏蜩化枯枝,老樹飽經霜,0.8033371408980117
夏蜩化枯枝,枯木半龍鱗,0.8242250355752438
夏蜩化枯枝,攀援懸根木,0.8002528572686539
今之隱几者,隱者柴門内,0.8095609946222577
今之隱几者,如公復幾人,0.8105426141868546
今之隱几者,庶幾知者聽,0.8113891139315477
今之隱几者,隱几亦無心,0.8190824209841621
今之隱几者,隱几亦青山,0.8163466989183705
覺寐須臾間,反覆乃須臾,0.8100766390592046
良亦休我疲,牧馬役亦輕,0.8074674852324066
良亦休我疲,生我不得力,0.8209432593142727
良亦休我疲,乘爾亦已久,0.8215342666975289
良亦休我疲,徒旅慘不悦,0.8033342448924965
良亦休我疲,我何良歎嗟,0.8015936653434274
良亦休我疲,人馬同疲勞,0.8242764292276306
良亦休我疲,我衰不足道,0.8382040724731841
良亦休我疲,自顧亦已極,0.8178228659194966
良亦休我疲,子壯顧我傷,0.8068849390779083
良亦休我疲,勿云聽者疲,0.8145419589529981
良亦休我疲,疲苶煩親故,0.8005285203839425
良亦休我疲,歎爾疲駑駘,0.8105071260947432
良亦休我疲,吾亦驅其兒,0.8287783218741016
良亦休我疲,疲苶苟懷策,0.8217958323225655
良亦休我疲,擁滯僮僕慵,0.8088899447299954
蓋此德之歸,天人夙德升,0.8229928183406909
蓋此德之歸,修德使其來,0.8310159142137692
蓋此德之歸,德業天機秉,0.8012325801480096
蓋此德之歸,一德興王後,0.8087970998724265
蓋此德之歸,皇天德澤降,0.813242597900323
蓋此德之歸,何如儉德臨,0.8117468326543404
蓋此德之歸,天王日儉德,0.8062067390622485
誰爲今日是,今日始無雲,0.8071751536041232
誰爲今日是,誰是長年者,0.8338568114711935
誰爲今日是,昨日今日皆天風,0.8213794269020315
誰爲今日是,愁破是今朝,0.8166854621205646
誰爲今日是,何日是歸年,0.8090504403067569
誰爲今日是,不知明月爲誰好,0.8218585694210327
誰爲今日是,明年此日知何處,0.8230579575399781
二十二年非,四十明朝過,0.8430962806036087
二十二年非,百年秋已半,0.8365612214196587
二十二年非,只今年纔十六七,0.891311231485959
二十二年非,才名三十年,0.843348937853408
二十二年非,躍馬二十年,0.8465779550938173
二十二年非,今已十月後,0.8100180130986266
二十二年非,十年過父老,0.8338098521464019
二十二年非,不見旻公三十年,0.824415592632471
二十二年非,焉知二十載,0.8753760845970509
二十二年非,惆悵年半百,0.8086716607409719
二十二年非,百年已過半,0.8489729036888991
二十二年非,悲君已是十年流,0.8150229924502754
二十二年非,古老相傳二百年,0.8173879669407021
二十二年非,卽今倏忽已五十,0.83204308372494
二十二年非,百年嗟已半,0.8275276518605736
二十二年非,往還二十載,0.8300392242464464
二十二年非,蹉跎有六年,0.8329713544388822
二十二年非,四十五十無夫家,0.8136832621379722
二十二年非,獨步四十年,0.8099454054386932
二十二年非,結交三十載,0.8161775494106545
二十二年非,往者十四五,0.8040796978982852
二十二年非,快意八九年,0.8010716573749976
二十二年非,别離已五年,0.8326630929027652
二十二年非,十二年來多戰場,0.815162422369158
二十二年非,二十四迴明,0.8520808846019268
二十二年非,消渴已三年,0.8084403930717198
二十二年非,五十年間似反掌,0.8055191606252905
二十二年非,追隨二十載,0.8591291173848952
二十二年非,于今四十年,0.8801749509944795
二十二年非,五十白頭翁,0.8162161665492114
二十二年非,嗚呼已十年,0.8307327263807164
二十二年非,洞庭相逢十二秋,0.8036370058809559
大鶵銜枚來作亭,銜枚有荷戈,0.8007911770792687
小鶵銜實來種花,摘花不插髮,0.8137520438831269
小鶵銜實來種花,山梨結小紅,0.8095076505770411
小鶵銜實來種花,西蜀櫻桃也自紅,0.8004165381431643
小鶵銜實來種花,竹花不結實,0.8011440173907258
小鶵銜實來種花,山禽引子哺紅果,0.8097231402954392
兩鶵反哺聲查查,林烏反哺聲,0.8129049557639613
慈烏髮白爾成家,汝伯何由髮如漆,0.8244754858910004
慈烏髮白爾成家,白頭亂髮垂過耳,0.8013643671039608
慈烏髮白爾成家,髮少何勞白,0.8068800863796634
慈烏髮白爾成家,男兒生無所成頭皓白,0.8011878839558775
慈烏髮白爾成家,我嘆黑頭白,0.8025783413285152
梅梁丹清射寒日,赤日石林氣,0.8179533361658513
梅英飛雪點親髮,欲發照江梅,0.8160120693905037
梅英飛雪點親髮,只道梅花發,0.8030070477061597
梅英飛雪點親髮,雪雲虚點綴,0.8032605829256219
梅英飛雪點親髮,梅蕊臘前破,0.8458836747078701
梅英飛雪點親髮,梅花已飛翻,0.8147739749794763
梅英飛雪點親髮,雪籬梅可折,0.8037402313341768
梅英飛雪點親髮,雪岸叢梅發,0.8531370214993915
二鶵同味如春酒,春酒杯濃琥珀薄,0.803797563618434
二鶵同味如春酒,况挹酒如澠,0.8330804786704913
二鶵同味如春酒,味如甘露漿,0.8405828889989364
二鶵同味如春酒,如澠之酒常快意,0.8242518632326998
二鶵同味如春酒,玉觴淡無味,0.8043255116722072
二鶵同味如春酒,清觴異味情屢極,0.807996104063121
二鶵同味如春酒,香美勝牛乳,0.806573973842437
二鶵同味如春酒,味豈同金菊,0.8013873490125717
二鶵同味如春酒,不放香醪如蜜甜,0.8298406606174794
二鶵同味如春酒,氣味濃香幸見分,0.8104144862518854
二鶵同味如春酒,割愛酒如澠,0.8256862911161387
有親舉酒世上稀,座對賢人酒,0.8178587050716377
有親舉酒世上稀,主稱壽尊客,0.8106270910634263
有親舉酒世上稀,借問有酒不,0.8036606567319524
有親舉酒世上稀,會有故人杯,0.8067775137250925
有親舉酒世上稀,引爲賓客敬頗久,0.8057207004468521
生育劬勞安可報,無乃聖躬勞,0.8156033461973843
生育劬勞安可報,此生何太勞,0.8013135702410136
生育劬勞安可報,報兹劬勞願,0.8655296164669848
生育劬勞安可報,下憫萬民瘡,0.809008380404391
生育劬勞安可報,社稷蒼生計必安,0.8109455304558373
折梅傾酒著斑衣,有時顛倒著衣裳,0.8291418009231001
折梅傾酒著斑衣,把酒從衣濕,0.8172305363183674
吾家叔度天與閑,吾兄吾兄巢許倫,0.8038019581410186
晚喜著書如漆園,郎有焦校書,0.813025711154086
晚喜著書如漆園,老妻書數紙,0.807408227265916
晚喜著書如漆園,但見書畫傳,0.8018705251206119
晚喜著書如漆園,不道故人無素書,0.806264259067782
晚喜著書如漆園,及見秘書失心疾,0.8017013419369825
晚喜著書如漆園,荆南近得書,0.8042539972880455
晚喜著書如漆園,重得故人書,0.8123579356835464
臺平舊基水發源,掘壕不到水,0.8008669185601631
臺平舊基水發源,根源舊宫閟,0.8242120142439422
但聞淙淙下林巒,雲門吼瀑泉,0.8029417151094307
但聞淙淙下林巒,泉聲聞復息,0.8033832719964533
但聞淙淙下林巒,雨瀉暮簷竹,0.8055709170102723
但聞淙淙下林巒,壞道哀湍瀉,0.8155154961878301
但聞淙淙下林巒,淚下如迸泉,0.8093287538747332
但聞淙淙下林巒,潺潺石間溜,0.8493909457728508
但聞淙淙下林巒,竹竿接嵌竇,0.8102941857929282
但聞淙淙下林巒,千畦碧泉亂,0.8213057572507348
但聞淙淙下林巒,通竹溜涓涓,0.8124095692022837
但聞淙淙下林巒,石泉流暗壁,0.8036977325254455
但聞淙淙下林巒,泉源泠泠雜猿狖,0.8211149807066322
但聞淙淙下林巒,奔泉濺水珠,0.8038835101280932
一朝斬木見萬象,斬木火井窮猿呼,0.8401900560044084
一朝斬木見萬象,十里斬陰木,0.8092454979058612
吞若雲夢胸中寬,盪胸生曾雲,0.8248275565284898
漱滌泥沙出山骨,碾渦深没馬,0.8128575119195951
漱滌泥沙出山骨,遠引蟠泥沙,0.8270966060796814
漱滌泥沙出山骨,煖湯濯我足,0.8019435460854122
漱滌泥沙出山骨,出山泉水濁,0.8182963116440825
漱滌泥沙出山骨,幾道泉澆圃,0.8000046432059422
漱滌泥沙出山骨,清無沙土痕,0.8190775484475785
漱滌泥沙出山骨,白沙青石洗無泥,0.8625495966157701
漱滌泥沙出山骨,洗藥浣花溪,0.8017825552670179
漱滌泥沙出山骨,渴飲寒泉逢觝觸,0.8038410261666591
漱滌泥沙出山骨,泥沙卷涎沫,0.8057918322106276
漱滌泥沙出山骨,奔泉濺水珠,0.8095555482316341
漱滌泥沙出山骨,雨洗平沙淨,0.8022971738922045
漱滌泥沙出山骨,垢膩可溉灌,0.8035652570309144
混沌鑿竅物狀完,矯矯龍性含變化,0.8038397541149929
混沌鑿竅物狀完,巧刮造化窟,0.8584536949423167
混沌鑿竅物狀完,鑿井不盡土,0.8091516076819356
混沌鑿竅物狀完,物理固自然,0.8067423743530888
混沌鑿竅物狀完,乃知變化不可窮,0.8218506886926024
茶甘酒美汲雙井,且食雙魚美,0.817404786943291
茶甘酒美汲雙井,春酒杯濃琥珀薄,0.8113844370633507
茶甘酒美汲雙井,冰漿碗碧瑪瑙寒,0.8268367355671633
茶甘酒美汲雙井,淘米少汲水,0.8230954310274967
茶甘酒美汲雙井,汲多井水渾,0.8283760976719076
茶甘酒美汲雙井,味如甘露漿,0.8428427280369443
茶甘酒美汲雙井,玉觴淡無味,0.8182381315377327
茶甘酒美汲雙井,童兒汲井華,0.823179395026551
茶甘酒美汲雙井,碧酒隨玉粒,0.8176418132198953
茶甘酒美汲雙井,飯煑青泥坊底芹,0.8048435649917618
茶甘酒美汲雙井,香美勝牛乳,0.8247106809417935
茶甘酒美汲雙井,濁醪自初熟,0.8428607761617728
茶甘酒美汲雙井,茗飲蔗漿攜所有,0.8185821991084277
茶甘酒美汲雙井,蔗漿歸廚金碗凍,0.8639140992251739
茶甘酒美汲雙井,山瓶乳酒下青雲,0.8220927656436483
茶甘酒美汲雙井,竹裏行廚洗玉盤,0.8010639410209763
茶甘酒美汲雙井,洗杓斟新醖,0.850832129059919
茶甘酒美汲雙井,井渫泉誰汲,0.86909467719398
茶甘酒美汲雙井,玉粒足晨炊,0.8019841470608527
茶甘酒美汲雙井,煮井爲鹽速,0.8338718326577959
茶甘酒美汲雙井,割愛酒如澠,0.804172080433358
茶甘酒美汲雙井,羹煑秋蓴滑,0.8354130933485897
魚肥稻香派百泉,且食雙魚美,0.8139728982322645
魚肥稻香派百泉,香芹碧澗羹,0.844564064336686
魚肥稻香派百泉,脆添生菜美,0.8304545595418069
魚肥稻香派百泉,泉出巨魚長比人,0.8007595674103491
魚肥稻香派百泉,飯煑青泥坊底芹,0.8009080166237977
魚肥稻香派百泉,池魚涸其泥,0.8020545811721707
魚肥稻香派百泉,泉香草豐潔,0.8170040951622954
魚肥稻香派百泉,魴魚肥美知第一,0.8196109227015983
魚肥稻香派百泉,催蓴煮白魚,0.8121450193210178
魚肥稻香派百泉,清源多衆魚,0.800335806953445
魚肥稻香派百泉,稻米流脂粟米白,0.8188456062474543
魚肥稻香派百泉,黄魚出浪新,0.817630745281578
魚肥稻香派百泉,春日春盤細生菜,0.8184492908381545
魚肥稻香派百泉,千畦碧泉亂,0.8041200875439526
魚肥稻香派百泉,佇聞粳稻香,0.8034421438007628
魚肥稻香派百泉,野蔬暗泉石,0.8184199235994372
魚肥稻香派百泉,秋蔬影澗瀍,0.8083332002969259
魚肥稻香派百泉,羹煑秋蓴滑,0.8005443365082373
魚肥稻香派百泉,分減及溪魚,0.8048416030941239
魚肥稻香派百泉,秔稻熟天風,0.8186963048716269
魚肥稻香派百泉,稻米炊能白,0.8057242015474535
魚肥稻香派百泉,嘗稻雪翻匙,0.8015172996515336
魚肥稻香派百泉,野圃泉自注,0.8072934394398563
魚肥稻香派百泉,橘洲田土仍膏腴,0.8035073007578235
魚肥稻香派百泉,香聞錦帶羹,0.8137248774995981
魚肥稻香派百泉,溜匙兼煖腹,0.8092215724990945
暑風披襟著菡萏,颯爽動秋骨,0.8133601001345657
暑風披襟著菡萏,溪風爲颯然,0.8006810475800273
暑風披襟著菡萏,天風吹汝寒,0.8103698476255873
暑風披襟著菡萏,野風吹征衣,0.8117698355752867
暑風披襟著菡萏,征衣颯飄颻,0.8056509769194997
暑風披襟著菡萏,微微風動襟,0.8206456527033658
暑風披襟著菡萏,迴風颯颯吹沙塵,0.8138165736302698
暑風披襟著菡萏,天清風卷幔,0.8123197616675496
暑風披襟著菡萏,灑面若微霜,0.8000196907511274
暑風披襟著菡萏,振我粗席塵,0.8218226946704368
暑風披襟著菡萏,悲風生微綃,0.8069077977872783
暑風披襟著菡萏,秋風淅淅吹我衣,0.8229630821659902
暑風披襟著菡萏,飄颻散疏襟,0.8112306351851044
暑風披襟著菡萏,碧海吹衣裳,0.8019247227682178
暑風披襟著菡萏,秋風灑静便,0.8038420869088929
暑風披襟著菡萏,御裌侵寒氣,0.8104289096077624
暑風披襟著菡萏,江風借夕涼,0.8055573963648984
夜月洗耳聽潺湲,耳邊已似聞清猿,0.8043788563636777
夜月洗耳聽潺湲,潺潺石間溜,0.836620842926671
夜月洗耳聽潺湲,滿座涕潺湲,0.8535275886394121
夜月洗耳聽潺湲,泉源泠泠雜猿狖,0.811237935890857
夜月洗耳聽潺湲,夜聞觱篥滄江上,0.8035668885210749
夜月洗耳聽潺湲,掩抑淚潺湲,0.8099434289143731
時從甥姪置樽俎,親賓縱談謔,0.8242280703974569
時從甥姪置樽俎,慣看賓客兒童喜,0.8007610553804394
時從甥姪置樽俎,我昔近侍叨奉引,0.8176768100972924
時從甥姪置樽俎,開筵得屢供,0.8198170983425369
時從甥姪置樽俎,汝曹又宜列鼎食,0.8028299276549887
時從甥姪置樽俎,高宴諸侯禮,0.8057237194514758
時從甥姪置樽俎,從兒具緑樽,0.8550079213795294
時從甥姪置樽俎,叨陪錦帳坐,0.8035451140323744
此地端正朝諸山,此邦承平日,0.8080814611181923
此地端正朝諸山,始來茲山中,0.8066838355054704
此地端正朝諸山,四登會府地,0.8068475684538928
除書謗書兩不到,尺書前日至,0.8115013097600114
除書謗書兩不到,幾歲寄我空中書,0.8059737665575715
除書謗書兩不到,讀書破萬卷,0.8265126200071042
除書謗書兩不到,附書與六親,0.8233461427839319
除書謗書兩不到,答云一書記,0.8242799419891169
除書謗書兩不到,書記赴三捷,0.8078613098151819
除書謗書兩不到,盡捻書籍賣,0.8044986500145888
除書謗書兩不到,將軍有報書,0.8135149002205748
除書謗書兩不到,總角草書又神速,0.8152590979395007
除書謗書兩不到,焉得附書與我軍,0.8048858008474118
除書謗書兩不到,詩書遂牆壁,0.8013546189543473
除書謗書兩不到,自寄一封書,0.8334443883587548
除書謗書兩不到,來爲附家書,0.8232107974951675
除書謗書兩不到,十九授校書,0.8064459958713864
除書謗書兩不到,不寄一行書,0.842426564119912
除書謗書兩不到,人稀書不到,0.8285004472977195
除書謗書兩不到,一男附書至,0.8385810179971029
除書謗書兩不到,寄書長不達,0.8448190802089515
除書謗書兩不到,不待致書求,0.8091835776322669
除書謗書兩不到,書成無信將,0.848748581997973
除書謗書兩不到,草書何太古,0.8119900825357256
除書謗書兩不到,讀書難字過,0.8646190199874562
除書謗書兩不到,書亂誰能帙,0.8130134599903102
除書謗書兩不到,郎有焦校書,0.8334370923060455
除書謗書兩不到,祇是書應寄,0.8053870677912074
除書謗書兩不到,老妻書數紙,0.8409670340847033
除書謗書兩不到,但見書畫傳,0.8641793147607444
除書謗書兩不到,從來不奉一行書,0.8581990294841895
除書謗書兩不到,題書報旅人,0.8203657348839587
除書謗書兩不到,别家三月一書來,0.8018259750802433
除書謗書兩不到,有使卽寄書,0.8591989979027586
除書謗書兩不到,來書細作行,0.820593884434939
除書謗書兩不到,不道故人無素書,0.8108371176949174
除書謗書兩不到,無犬附書頻,0.8160077365747131
除書謗書兩不到,前後緘書報,0.841358929764983
除書謗書兩不到,閲書百氏盡,0.817869585244279
除書謗書兩不到,兵甲少來書,0.8085935320968994
除書謗書兩不到,北書不至雁無情,0.8034375306436916
除書謗書兩不到,封書兩行淚,0.8372559634611811
除書謗書兩不到,鄰舍煩書札,0.8112689286419763
除書謗書兩不到,長葛書難得,0.8018278090227906
除書謗書兩不到,書到汝爲人,0.808537456359905
除書謗書兩不到,抛書示鶺鴒,0.8008623672368752
除書謗書兩不到,不見秘書心若失,0.8311018040537292
除書謗書兩不到,及見秘書失心疾,0.8452262322765107
除書謗書兩不到,咄咄寧書字,0.8019968568671072
除書謗書兩不到,群書一萬卷,0.8363647597702839
除書謗書兩不到,成字讀亦誤,0.8149517935807116
除書謗書兩不到,群書萬卷常暗誦,0.8299813641507874
除書謗書兩不到,不是尚書期不顧,0.8101659622957866
除書謗書兩不到,念我能書數字至,0.8657188952563464
除書謗書兩不到,重得故人書,0.8121301611411416
除書謗書兩不到,肯作致書郵,0.83621144176911
除書謗書兩不到,素書一月凡一束,0.8109167683079004
除書謗書兩不到,郭欽上書見大計,0.8406592453328015
除書謗書兩不到,篋書積諷諫,0.8014996616990986
除書謗書兩不到,欲辨不成書,0.8081821983508445
除書謗書兩不到,開緘書札光,0.8220258088448039
紫煙白雲深鎖關,雲山紫邏深,0.8442344530410089
紫煙白雲深鎖關,黄蒿古城雲不開,0.8085561754168232
鄉人訟争請來决,已令請急會通籍,0.8034693889933359
鄉人訟争請來决,曉達兵家流,0.8047448699295937
鄉人訟争請來决,問兵刮寇趨下牢,0.8076445661546239
呼兒理琴蕩俗氣,呼童對經始,0.801472927198367
水墨古畫山石屏,愛畫入骨髓,0.8117441726045065
水墨古畫山石屏,刻畫城郭狀,0.81031883364407
水墨古畫山石屏,五日畫一石,0.821318136167007
水墨古畫山石屏,畫色久欲盡,0.8036619293994095
水墨古畫山石屏,圖畫在雲臺,0.8154624666464642
水墨古畫山石屏,雲臺畫形像,0.8303516099396688
水墨古畫山石屏,山水之圖張賣時,0.8037580000621137
水墨古畫山石屏,粉墨形似間,0.814554536005899
水墨古畫山石屏,昔獻書畫圖,0.8160135933804702
水墨古畫山石屏,松門似畫圖,0.8019413935598225
水墨古畫山石屏,先披古畫圖,0.8037819388866658
水墨古畫山石屏,中有古刺史,0.8010120484152419
雷起龍蛇枯木藤,深山大澤龍蛇遠,0.8127936360458782
雷起龍蛇枯木藤,仰穿龍蛇窟,0.8337634594726064
雷起龍蛇枯木藤,藤蔓曲藏蛇,0.8234808775912789
雷起龍蛇枯木藤,擘石摧林丘,0.8215107007780629
雷起龍蛇枯木藤,恐泥竄蛟龍,0.8261706643868014
雷起龍蛇枯木藤,枯查卷拔樹,0.8174674764614882
雷起龍蛇枯木藤,慘澹鬭龍蛇,0.8201631905155389
雷起龍蛇枯木藤,義動修蛇蟄,0.8481743155271461
雷起龍蛇枯木藤,龍怒拔老湫,0.8876864230633474
雷起龍蛇枯木藤,龍吟迴其頭,0.8024846006872175
雷起龍蛇枯木藤,蛟龍得雲雨,0.8056402093102117
雷起龍蛇枯木藤,蒼鼠竄古瓦,0.804702268378283
雷起龍蛇枯木藤,蒼崖吼時裂,0.80504900078896
雷起龍蛇枯木藤,偃蓋反走虬龍形,0.8153658831042776
雷起龍蛇枯木藤,翻動龍蛇窟,0.8491335002332091
雷起龍蛇枯木藤,蝮蛇長如樹,0.8306337168838622
雷起龍蛇枯木藤,出泉枯柳根,0.8126979446029927
雷起龍蛇枯木藤,長淮浪高蛟龍怒,0.8072128723533232
雷起龍蛇枯木藤,木葉黄落龍正蟄,0.8635085286324105
雷起龍蛇枯木藤,跳枝竄葉樹木中,0.8038167690050009
雷起龍蛇枯木藤,白摧朽骨龍虎死,0.839082497439154
雷起龍蛇枯木藤,虎倒龍顛委榛棘,0.866571855245447
雷起龍蛇枯木藤,斬木火井窮猿呼,0.8391546820714629
雷起龍蛇枯木藤,潛龍無聲老蛟怒,0.8556856280195626
雷起龍蛇枯木藤,日暮蛟龍改窟穴,0.8005707373861568
雷起龍蛇枯木藤,蛟龍岌相纏,0.8065434708326022
雷起龍蛇枯木藤,前有毒蛇後猛虎,0.8145970808021522
雷起龍蛇枯木藤,洪濤滔天風拔木,0.8036057563435274
雷起龍蛇枯木藤,古屋畫龍蛇,0.8339343897183358
雷起龍蛇枯木藤,風送蛟龍匣,0.8018771743709447
雷起龍蛇枯木藤,峽坼雲霾龍虎卧,0.8500223232819315
雷起龍蛇枯木藤,腥至焦長蛇,0.8600770319751201
雷起龍蛇枯木藤,聲吼纏猛虎,0.8120281653310426
雷起龍蛇枯木藤,蝮蛇暮偃蹇,0.8276579220584357
雷起龍蛇枯木藤,久陰蛟螭出,0.8299715654274447
雷起龍蛇枯木藤,蛟龍鬭不開,0.8214547387742764
雷起龍蛇枯木藤,枯木半龍鱗,0.9077461344331208
雷起龍蛇枯木藤,蛟龍纏倚劍,0.8178555509789659
雷起龍蛇枯木藤,蛟龍盤拿肉屈强,0.8206686257846976
雷起龍蛇枯木藤,衆水爲長蛇,0.8172155696040313
雷起龍蛇枯木藤,風雷搜百靈,0.8198426572922932
雷起龍蛇枯木藤,潛龍故起雲,0.8176497464042264
雷起龍蛇枯木藤,龍蛇不成蟄,0.871413666295171
雷起龍蛇枯木藤,龍蛇動篋蟠銀鈎,0.8424946380843844
雷起龍蛇枯木藤,凍埋蛟龍南浦縮,0.8358425674686576
雷起龍蛇枯木藤,雲雪埋山蒼兕吼,0.8590029179387031
雷起龍蛇枯木藤,雷霆劈長松,0.8299827277297689
雷起龍蛇枯木藤,風雷纏地脈,0.8255891403987651
雷起龍蛇枯木藤,蛟螭深作横,0.8063894860100642
雷起龍蛇枯木藤,熊羆欲蟄龍蛇深,0.8691680642641387
雷起龍蛇枯木藤,熊掛玄蛇吼,0.8402251959403568
雷起龍蛇枯木藤,濤翻黑蛟躍,0.8064003577841447
雷起龍蛇枯木藤,蛟龍欲蟄寒沙水,0.8505942741732131
雷起龍蛇枯木藤,龍虎一吟吼,0.8245878757791741
石囊嵌空自宫室,業白出石壁,0.8003751409319009
石囊嵌空自宫室,嵌空太始雪,0.8109444750548257
石囊嵌空自宫室,真骨老崖嶂,0.8005942031026285
石囊嵌空自宫室,其王轉深壁,0.8189447951532336
石囊嵌空自宫室,石壁斷空青,0.8078228173340927
六月卷簟來曲肱,枕簟入林僻,0.8013593068875747
六月卷簟來曲肱,六月風日冷,0.8011164087765327
六月卷簟來曲肱,十日畫一水,0.8006172792377584
六月卷簟來曲肱,日斜枕肘寢已熟,0.8111336466287654
松風琴瑟心可寫,松風肅泠泠,0.8203840120438123
松風琴瑟心可寫,微風韻可聽,0.8131154494044637
松風琴瑟心可寫,吹笛秋山風月清,0.819371881410702
松風琴瑟心可寫,日夜偶瑶琴,0.817799460578192
松風琴瑟心可寫,老身古寺風泠泠,0.801865092207404
松風琴瑟心可寫,琴瑟几杖柴門幽,0.8133328826300601
松風琴瑟心可寫,匣琴流水自須彈,0.833891243152642
松風琴瑟心可寫,琴瑟幾虚張,0.8241086226710996
松風琴瑟心可寫,膝有無聲琴,0.8071158748936984
水寒瓜李嚼明冰,冰漿碗碧瑪瑙寒,0.8439430443033874
水寒瓜李嚼明冰,紅梨迥得霜,0.8131560651460765
水寒瓜李嚼明冰,香芹碧澗羹,0.8121471591856844
水寒瓜李嚼明冰,瓜嚼水精寒,0.9174494048669197
水寒瓜李嚼明冰,霜橙壓香橘,0.8086115431735177
水寒瓜李嚼明冰,秋蔬擁霜露,0.8067628405773004
水寒瓜李嚼明冰,君家白碗勝霜雪,0.8007922968174916
水寒瓜李嚼明冰,蔗漿歸廚金碗凍,0.8279253720292965
水寒瓜李嚼明冰,翠瓜碧李沉玉甃,0.8218300286548876
水寒瓜李嚼明冰,赤梨蒲萄寒露成,0.8358326744877067
水寒瓜李嚼明冰,落刃嚼冰霜,0.8388509315034993
水寒瓜李嚼明冰,羹煑秋蓴滑,0.8036368124831152
水寒瓜李嚼明冰,沙村白雪仍含凍,0.802025033015441
却登夏畦視耘耔,負郭喜稉稻,0.8019548620448604
却登夏畦視耘耔,南山豆苗早荒穢,0.8178550470353618
却登夏畦視耘耔,禾生隴畝無東西,0.8047292611679291
却登夏畦視耘耔,稼穡不可救,0.8257207259476818
却登夏畦視耘耔,且耕今未賒,0.8065670971564888
却登夏畦視耘耔,得種菜與麻,0.8071619260602542
却登夏畦視耘耔,方春獨荷鋤,0.8091693121594628
却登夏畦視耘耔,日暮還灌畦,0.8450260431092422
却登夏畦視耘耔,耕田秋雨足,0.8150346571120493
却登夏畦視耘耔,逕轉山田熟,0.8053929108616924
却登夏畦視耘耔,石田又足收,0.8085003405016542
却登夏畦視耘耔,畦蔬繞舍秋,0.8393818160142004
却登夏畦視耘耔,下有良田疇,0.8216051787341101
却登夏畦視耘耔,自鋤稀菜甲,0.8210673080394721
却登夏畦視耘耔,霜中登故畦,0.8385731376317063
却登夏畦視耘耔,日併園蔬課,0.8258556381019806
却登夏畦視耘耔,蕪蔓少耘鋤,0.8634466019892888
却登夏畦視耘耔,農人望歲稔,0.8021073220521922
却登夏畦視耘耔,高田失西成,0.8109491482922642
却登夏畦視耘耔,復來薙榛蕪,0.8062261683478167
却登夏畦視耘耔,疏頑惑町畦,0.8032089427630729
却登夏畦視耘耔,荷鋤先童稚,0.8125470135909214
却登夏畦視耘耔,雨後過畦潤,0.8262437986961506
却登夏畦視耘耔,復覩耕桑民,0.8133852251976132
却登夏畦視耘耔,失望築場圃,0.8156609343009299
却登夏畦視耘耔,東屯稻畦一百頃,0.8398812495367938
却登夏畦視耘耔,堂下可以畦,0.8032718305503987
却登夏畦視耘耔,土著還力農,0.8325853355748003
却登夏畦視耘耔,山家藥正鋤,0.8162102342067024
却登夏畦視耘耔,山田麥無隴,0.8215891448843167
却登夏畦視耘耔,畦蔬繞茅屋,0.8212373238736761
却登夏畦視耘耔,田家戒其荒,0.8179077505879573
却登夏畦視耘耔,勤墾免亂常,0.8006431796534579
却登夏畦視耘耔,豐苗亦已穊,0.81060017463922
却登夏畦視耘耔,農力廢耕桑,0.835696775891525
却登夏畦視耘耔,荒榛農復秋,0.8314206432783402
却登夏畦視耘耔,深耕種數畝,0.8205724399686873
却登夏畦視耘耔,葵荒欲自鋤,0.8294546851643712
却登夏畦視耘耔,圃畦新雨潤,0.8249136396739202
却登夏畦視耘耔,畬田費火耕,0.841874942841399
却登夏畦視耘耔,又重田疇闢,0.8252105553938462
却登夏畦視耘耔,巡圃念攜鋤,0.8548718280787948
却登夏畦視耘耔,荒蕪已荷鋤,0.8268095265185397
烘顔炙背棲蒼蠅,蒼鷹饑著人,0.8140004106187547
烘顔炙背棲蒼蠅,蒼鷹饑啄泥,0.8014298315681856
烘顔炙背棲蒼蠅,有足除蒼蠅,0.8212454234308584
烘顔炙背棲蒼蠅,捩翅服蒼鷹,0.8000750773393905
