황정견,두보,코사인 유사도
新年時候夢殘妝,却憶年年人醉時,0.8257326743300595
新年時候夢殘妝,歌舞歲時新,0.8028662350916027
安眠滅念閉幽扃,身猶縳禪寂,0.8384196820297499
安眠滅念閉幽扃,幽事供高卧,0.8014493459240286
安眠滅念閉幽扃,禪龕只宴如,0.8210924611297896
安眠滅念閉幽扃,閉户人高卧,0.8054204428956648
安眠滅念閉幽扃,郊扉俗遠長幽寂,0.8121240910831866
體中忽覺有佳處,山色佳有餘,0.8013108174429027
體中忽覺有佳處,偶逢佳士亦寫真,0.8096081491757167
體中忽覺有佳處,況乃氣精爽,0.8014972522335506
體中忽覺有佳處,林中才有地,0.8034760210324863
體中忽覺有佳處,佳處領其要,0.822379176794039
讀易一篇如酒醒,讀書破萬卷,0.8305280032557021
讀易一篇如酒醒,李白一斗詩百篇,0.8355093430430608
讀易一篇如酒醒,詩罷能吟不復聽,0.8260895659805123
讀易一篇如酒醒,詩好幾時見,0.8285894079200086
讀易一篇如酒醒,數篇吟可老,0.8080036106536113
讀易一篇如酒醒,讀書難字過,0.8120436731700438
讀易一篇如酒醒,把君詩過日,0.8058705420839598
讀易一篇如酒醒,漫卷詩書喜欲狂,0.8086923843224076
讀易一篇如酒醒,示我百篇文,0.8113906469182559
讀易一篇如酒醒,成字讀亦誤,0.8075347866860334
讀易一篇如酒醒,念我能書數字至,0.8005948533623688
貞觀規模誠遠大,孝理敦國政,0.8277948121125868
貞觀規模誠遠大,翼亮貞文德,0.822965425261923
貞觀規模誠遠大,德業天機秉,0.8072214421406716
貞觀規模誠遠大,聖賢古法則,0.8256990082015963
貞觀規模誠遠大,密論貞觀體,0.8407592026155053
貞觀規模誠遠大,聖聰矧多仁,0.8079577214226209
貞觀規模誠遠大,好學尚貞烈,0.8260797795584568
貞觀規模誠遠大,聖哲體仁恕,0.8246094787789439
貞觀規模誠遠大,歷代各清規,0.8099164635516658
貞觀規模誠遠大,兼存翊贊功,0.805881267153123
貞觀規模誠遠大,崇大王法度,0.8001780135390996
貞觀規模誠遠大,自古求忠孝,0.8337197451806013
貞觀規模誠遠大,磊落貞觀事,0.8025020607424542
貞觀規模誠遠大,朗鑒存愚直,0.8351041387832551
開元宗社半存亡,宗廟尚爲灰,0.8061606109285829
開元宗社半存亡,國之社稷今若是,0.8264174691781138
開元宗社半存亡,社稷經綸地,0.8011634087337616
開元宗社半存亡,太宗社稷一朝正,0.8187251282056291
才聞冠蓋遊西蜀,二年客東都,0.804773712210493
才聞冠蓋遊西蜀,東藩駐皂蓋,0.8194458101734049
才聞冠蓋遊西蜀,近聞下詔喧都邑,0.8023216758022913
才聞冠蓋遊西蜀,憶昔霓旌下南苑,0.8337945527307973
才聞冠蓋遊西蜀,冠蓋滿京華,0.8543733091521768
才聞冠蓋遊西蜀,遊子出京華,0.8006011414851611
才聞冠蓋遊西蜀,聞道河陽近乘勝,0.8008213804024278
才聞冠蓋遊西蜀,衣冠却扈從,0.8013034029392009
才聞冠蓋遊西蜀,遥聞出巡狩,0.800242500908938
才聞冠蓋遊西蜀,忽憶兩京全盛時,0.8143255272691834
才聞冠蓋遊西蜀,聞説江陵府,0.808094956425176
才聞冠蓋遊西蜀,昔謁華蓋君,0.8095753440386955
才聞冠蓋遊西蜀,後來況接才華盛,0.8288278563158884
才聞冠蓋遊西蜀,幕府盛才賢,0.8027187854846334
才聞冠蓋遊西蜀,盛才冠巖廊,0.8044143569679205
又見干戈暗洛陽,塵埃不見咸陽橋,0.801777821540739
又見干戈暗洛陽,干戈况復塵隨眼,0.8116158217096221
又見干戈暗洛陽,兵戈不見老萊衣,0.8097805347401881
又見干戈暗洛陽,回首見旌旗,0.8146775505694415
又見干戈暗洛陽,便下襄陽向洛陽,0.8076875883670809
又見干戈暗洛陽,君不見東川節度兵馬雄,0.8098693394116367
又見干戈暗洛陽,十年厭見旌旗紅,0.8050999778496313
又見干戈暗洛陽,競棄魯陽戈,0.8028042776118356
又見干戈暗洛陽,何日干戈盡,0.8078796916004999
又見干戈暗洛陽,列國兵戈暗,0.8051920587854013
又見干戈暗洛陽,復恐征戍干戈密,0.8212621761740752
大閽當國定儲皇,經傳拱漢皇,0.806913015463753
大閽當國定儲皇,立國自有疆,0.8255967511647369
大閽當國定儲皇,虢國夫人承主恩,0.8060193095802561
大閽當國定儲皇,神堯舊天下,0.8006328607060917
大閽當國定儲皇,聖圖天廣大,0.8220933495626646
大閽當國定儲皇,帝力收三統,0.839272033293571
大閽當國定儲皇,三皇五帝前,0.8083001938882493
大閽當國定儲皇,大君先息戰,0.802321012069346
大閽當國定儲皇,羣臣從武皇,0.8044577838898147
大閽當國定儲皇,周宣中興望我皇,0.8144851635471175
大閽當國定儲皇,安危大臣在,0.8047747379373424
大閽當國定儲皇,皇皇使臣體,0.8371918633875839
大閽當國定儲皇,先帝嚴靈寢,0.8138767250502393
大閽當國定儲皇,提封漢天下,0.8113131411825965
大閽當國定儲皇,聖主國多盗,0.8111832266192079
大閽當國定儲皇,周宣漢武今王是,0.80764225698469
大閽當國定儲皇,天威已息陣堂堂,0.8047215440154407
大閽當國定儲皇,天王日儉德,0.8022227344854028
大閽當國定儲皇,終覬在皇都,0.8054104587308731
大閽當國定儲皇,贊普多教使入秦,0.8047305190667335
大閽當國定儲皇,佐佑卿相乾坤平,0.8002902551497478
大閽當國定儲皇,天下郡國向萬城,0.8027102736350351
大閽當國定儲皇,皇天實照臨,0.8068528544895076
傷心不忍前朝事,滿目悲生事,0.8130629018320246
傷心不忍前朝事,他日傷心極,0.8467463570460319
傷心不忍前朝事,傷心不忍問耆舊,0.8541034850739633
傷心不忍前朝事,已忍伶俜十年事,0.8085742273275864
傷心不忍前朝事,百年世事不勝悲,0.808844097641948
願作元龜獻未央,終得獻金門,0.808338635913751
願作元龜獻未央,鬭雞初賜錦,0.8001233961336025
願作元龜獻未央,王母獻宫桃,0.8040413836182563
萬事紛紛日日新,紛紛輕薄何須數,0.8075446704132399
萬事紛紛日日新,涼月白紛紛,0.813907862303144
萬事紛紛日日新,世上兒子徒紛紛,0.8197536749897744
萬事紛紛日日新,錦城絲管日紛紛,0.8421658555411087
萬事紛紛日日新,紛紛乘白馬,0.8049967445254499
萬事紛紛日日新,萬事糺紛猶絶粒,0.827313725919179
萬事紛紛日日新,鳴噪亦紛紛,0.8153248600361698
萬事紛紛日日新,天時人事日相催,0.810535759510665
當時題壁是前身,畫手看前輩,0.8121034999310368
寺僧物色來相訪,野寺殘僧少,0.8108762276868948
寺僧物色來相訪,春色豈相訪,0.8077894078346421
寺僧物色來相訪,相送柴門月色新,0.8182954039750598
我似昔人非昔人,古人誰復過,0.8302584344043694
我似昔人非昔人,昔時賢俊人,0.8307764281511852
我似昔人非昔人,昔者龐德公,0.8002896936439778
我似昔人非昔人,伊昔貧皆甚,0.8145405882151009
我似昔人非昔人,昔年有狂客,0.8127633699729091
我似昔人非昔人,如公復幾人,0.8019593118623651
我似昔人非昔人,觀圖憶古人,0.8040110967053631
我似昔人非昔人,不薄今人愛古人,0.8497498823165044
我似昔人非昔人,非君愛人客,0.8049463313897287
我似昔人非昔人,鄰人亦已非,0.8060362667715112
我似昔人非昔人,記憶細故非高賢,0.8114071669791922
我似昔人非昔人,昔者與高李,0.8056141447478514
我似昔人非昔人,定似昔人迷,0.8454982022098041
我似昔人非昔人,憶昔村野人,0.8338226248525176
我似昔人非昔人,禮亦如古昔,0.8252815332213622
我似昔人非昔人,乃吾故人子,0.8063655867180802
我似昔人非昔人,吾非丈夫特,0.8088363859689498
蔬畦經雨緑纖纖,緑垂風折笋,0.801873505769571
蔬畦經雨緑纖纖,脆添生菜美,0.8034330312087697
蔬畦經雨緑纖纖,春畦亂水間,0.8238242526767652
蔬畦經雨緑纖纖,細葛含風軟,0.81563160343974
蔬畦經雨緑纖纖,畦蔬繞舍秋,0.8298206401508805
蔬畦經雨緑纖纖,江畔細麥復纖纖,0.8825703627777748
蔬畦經雨緑纖纖,芳菲緣岸圃,0.8009304847908753
蔬畦經雨緑纖纖,細雨魚兒出,0.814532510697344
蔬畦經雨緑纖纖,青青竹笋迎船出,0.8205766739059834
蔬畦經雨緑纖纖,江白草纖纖,0.8197933008098586
蔬畦經雨緑纖纖,藥條藥甲潤青青,0.8421030944011734
蔬畦經雨緑纖纖,自爲摘嘉蔬,0.8080953828203598
蔬畦經雨緑纖纖,雨後過畦潤,0.8591477010258225
蔬畦經雨緑纖纖,短畦帶碧草,0.8182087426486897
蔬畦經雨緑纖纖,冬暖更纖絺,0.8007278207255268
蔬畦經雨緑纖纖,春日春盤細生菜,0.8353479585025985
蔬畦經雨緑纖纖,菜傳纖手送青絲,0.8068619128540293
蔬畦經雨緑纖纖,野露及新嘗,0.8192658349852014
蔬畦經雨緑纖纖,千畦碧泉亂,0.81109746510773
蔬畦經雨緑纖纖,引溜加溉灌,0.8087674041985845
蔬畦經雨緑纖纖,圃畦新雨潤,0.904639036748619
蔬畦經雨緑纖纖,泥筍苞初荻,0.8149046013348012
蔬畦經雨緑纖纖,沙茸出小蒲,0.8179822326612948
蔬畦經雨緑纖纖,春寒細雨出疏籬,0.8259191375025283
坐分紫石蒲萄下,回紇餧肉蒲萄宫,0.8103584048039636
坐分紫石蒲萄下,一縣葡萄熟,0.8078150741382697
坐分紫石蒲萄下,山瓶乳酒下青雲,0.8194263003493321
坐分紫石蒲萄下,赤梨蒲萄寒露成,0.8188044194252537
不怕龍須骨帽簷,羞將短髮還吹帽,0.8061963900178979
不怕龍須骨帽簷,有時顛倒著衣裳,0.8025654974735694
不怕龍須骨帽簷,何須不著鵕䴊冠,0.824531965959183
不怕龍須骨帽簷,簪稀白帽稜,0.8286050225414311
日莫凉風特特來,仲月來寒風,0.8049964040295219
日莫凉風特特來,江風借夕涼,0.811063538657921
醉呼紅燭更傳杯,客醉揮金碗,0.822135756055441
醉呼紅燭更傳杯,何知共酒杯,0.8031347339923425
醉呼紅燭更傳杯,夜闌更秉燭,0.8054247922358122
醉呼紅燭更傳杯,隔籬呼取盡餘杯,0.8482735331152755
醉呼紅燭更傳杯,對酒滿壺頻,0.8003519684522522
醉呼紅燭更傳杯,呼婢取酒壺,0.8118242390246899
醉呼紅燭更傳杯,喧呼且覆杯中渌,0.8238513667029066
醉呼紅燭更傳杯,宴引春壺酒,0.8064842628402422
醉呼紅燭更傳杯,傳杯不放杯,0.8616627351699346
歌闌興盡須歸去,故山歸興盡,0.8127574085664291
歌闌興盡須歸去,每日江頭盡醉歸,0.8011568125033547
歌闌興盡須歸去,興來今日盡君歡,0.8148181605876802
歌闌興盡須歸去,白首放歌須縱酒,0.8070819038357633
歌闌興盡須歸去,長歌意無極,0.8092459195813454
歌闌興盡須歸去,詩盡人間興,0.8043850326118152
不用繁蟬抵死催,莫計枝凋傷,0.8108647585452322
手挼紅杏醉繁香,象牀玉手亂殷紅,0.8081552232246377
手挼紅杏醉繁香,紅綻雨肥梅,0.8024609206279691
手挼紅杏醉繁香,亂插繁花向晴昊,0.813927904090996
手挼紅杏醉繁香,桃花細逐梨花落,0.8104235046422461
手挼紅杏醉繁香,山梨結小紅,0.8001731949467321
手挼紅杏醉繁香,内蕊繁於纈,0.8050258644986714
手挼紅杏醉繁香,紅入桃花嫩,0.8285120309053391
手挼紅杏醉繁香,蕊粉上蜂鬚,0.8121114517260821
手挼紅杏醉繁香,稠花亂蕊裹江濱,0.8030270653933079
手挼紅杏醉繁香,疏花披素艷,0.8096574056690669
手挼紅杏醉繁香,西蜀櫻桃也自紅,0.8267709476886211
手挼紅杏醉繁香,紫萼扶千蕊,0.8262000582253459
手挼紅杏醉繁香,艷艷待春梅,0.8060549151029788
手挼紅杏醉繁香,嫩蕊濃花滿目斑,0.8188431901590411
手挼紅杏醉繁香,霏紅洲蕊亂,0.8069728975382707
手挼紅杏醉繁香,栽桃爛熳紅,0.8258375794210786
手挼紅杏醉繁香,輕紅擘茘枝,0.8398617962814231
手挼紅杏醉繁香,點注桃花舒小紅,0.8144052669722138
手挼紅杏醉繁香,花蕊亞枝紅,0.8293036442541407
手挼紅杏醉繁香,羅韈紅蕖艷,0.8040549379813826
手挼紅杏醉繁香,手把菊花路旁摘,0.809125226764563
回首春前夢一場,春風迴首仲宣樓,0.8090621760308377
再來應是菊花黄,菊垂今秋花,0.805768858038669
再來應是菊花黄,斬新花蕊未應飛,0.8172073665591784
再來應是菊花黄,籬外黄花菊對誰,0.8168011327496703
再來應是菊花黄,只道梅花發,0.8114600319425397
再來應是菊花黄,山花已自開,0.8072506205384395
再來應是菊花黄,叢菊兩開他日淚,0.8048009259966249
再來應是菊花黄,同時待菊黄,0.8183018531096462
再來應是菊花黄,菊花從此不須開,0.8632485529663299
再來應是菊花黄,但愧菊花開,0.8165279337027215
再來應是菊花黄,落花時節又逢君,0.8211555247034843
掩袂今來對晚風,把臂共潸然,0.8058186829966907
白首同歸人不見,已見白頭翁,0.8102213784941756
白首同歸人不見,征人白骨歸,0.8227204172504099
白首同歸人不見,頭白好歸來,0.8109909050948068
白首同歸人不見,不見一人來,0.8014489279055448
白首同歸人不見,相知成白首,0.8368386302660802
白首同歸人不見,白首不相棄,0.821858251426653
白首同歸人不見,人人傷白首,0.8199910453080019
黄山依舊月明中,月是故鄉明,0.8014552855681645
黄山依舊月明中,依舊竹林青,0.8046111130292624
黄山依舊月明中,月傍關山幾處明,0.8254585708637248
百畝清陰十萬竿,與致溪邊十畝陰,0.8613483814807912
百畝清陰十萬竿,千甘二頃園,0.808913201781706
百畝清陰十萬竿,必種數竿竹,0.8077967522285161
一溪流水四圍山,自有一山川,0.8090042293483407
一溪流水四圍山,第五橋東流恨水,0.800752540681481
一溪流水四圍山,溪行一流水,0.843474387662668
一溪流水四圍山,遠川曲通流,0.8120088364259828
一溪流水四圍山,清江一曲抱村流,0.8752474394609671
一溪流水四圍山,江水流城郭,0.8356921393262278
一溪流水四圍山,野水平橋路,0.8200935060047181
一溪流水四圍山,溪邊四五家,0.8157254353649814
一溪流水四圍山,青山自一川,0.8576062252741148
太平無用經綸者,經術漢臣須,0.8047956848654914
太平無用經綸者,自昔有經綸,0.8022512710898937
太平無用經綸者,經濟慚長策,0.8156244601945137
太平無用經綸者,耕鑿安時論,0.8018459681504713
太平無用經綸者,經綸亦俱有,0.8106622794110186
乞與閑身向此閑,此身那得更無家,0.8162947885866239
乞與閑身向此閑,無家任老身,0.8064389977035991
乞與閑身向此閑,老身須付託,0.8029167788687874
文章真向古人疏,詩義早知名,0.8039447153919468
文章真向古人疏,儒術大名齊,0.8010369225326697
文章真向古人疏,鄭氏才振古,0.8153123402478059
文章真向古人疏,故獨寫真傳世人,0.8042642694776163
文章真向古人疏,文物多師古,0.863449756934439
文章真向古人疏,文章憎命達,0.8047483469472647
文章真向古人疏,世傳閭丘筆,0.8053971675684721
文章真向古人疏,吾祖詩冠古,0.8032118606121165
文章真向古人疏,尚愛卓文君,0.80629814311201
文章真向古人疏,論文或不愧,0.821154749348828
文章真向古人疏,戚聯豪貴躭文儒,0.8146351023578438
文章真向古人疏,庾信文章老更成,0.8256717546830508
文章真向古人疏,不薄今人愛古人,0.8056804571013199
文章真向古人疏,似君須向古人求,0.810805487586465
文章真向古人疏,有才繼騷雅,0.8176227199609871
文章真向古人疏,能使韋郎跡也疏,0.8130901834310303
文章真向古人疏,文章亦不盡,0.8459075432481558
文章真向古人疏,高賢世未識,0.8003955694363445
文章真向古人疏,文采風流今尚存,0.8364535804531761
文章真向古人疏,老儒不用尚書郎,0.8138088553649541
文章真向古人疏,名豈文章著,0.8212527280107387
文章真向古人疏,賦有冠古才,0.8189508625472198
文章真向古人疏,不露文章世已驚,0.831687664985334
文章真向古人疏,文翁儒化成,0.8063514134326304
文章真向古人疏,文雅見天倫,0.83269893648904
文章真向古人疏,争名古豈然,0.811149320460138
文章真向古人疏,用才文章境,0.8028511381412187
文章真向古人疏,數篇今見古人詩,0.8243290406663347
文章真向古人疏,未絶風流相國能,0.802762619272867
文章真向古人疏,文章千古事,0.8321666531647264
文章真向古人疏,草書非古空雄壯,0.8147440912362889
文章真向古人疏,質朴古人風,0.8260250728171215
文章真向古人疏,文章並我先,0.811601491734165
文章真向古人疏,時見文章士,0.8077760846897394
文章真向古人疏,已似愛文章,0.8421874126860147
文章真向古人疏,文章敢自誣,0.8096682982076342
文章真向古人疏,古來經濟才,0.8024056224058878
聊有孤懷與世殊,幽居近物情,0.8036528207391542
聊有孤懷與世殊,皆與此圖筋骨同,0.8104268191624631
陋質不堪華衮贈,不關輕紱冕,0.8201534435088539
陋質不堪華衮贈,貞質未爲賤,0.8040054359669485
陋質不堪華衮贈,紱冕已殊恩,0.8137634896210705
陋質不堪華衮贈,不愧史臣詞,0.8011237017689452
陋質不堪華衮贈,質樸謝軒墀,0.8135246123273634
陋質不堪華衮贈,不才甘朽質,0.8283021357426369
可能薏苡似明珠,此時驪龍亦吐珠,0.8127456760230919
可能薏苡似明珠,自得隋珠覺夜明,0.8332817873827849
歌舞如雲四散飛,五花散作雲滿身,0.8234133132782245
歌舞如雲四散飛,燕蹴飛花落舞筵,0.8303018791226304
歌舞如雲四散飛,歌舞散靈衣,0.8449785912957032
歌舞如雲四散飛,昔曾如意舞,0.8028394893840187
歌舞如雲四散飛,歡劇提攜如意舞,0.8079529732032144
東園籃轝醉歸時,石筍街中却歸去,0.8273407576332062
東園籃轝醉歸時,乘興還來看藥欄,0.8007944768811186
東園籃轝醉歸時,迴船罷酒上馬歸,0.8148579892250143
東園籃轝醉歸時,春船正好行,0.802501313980378
東園籃轝醉歸時,放筐亭午際,0.8001957804186479
細看春色低紅燭,曉看紅濕處,0.8185710993780932
仰折花枝墜接䍦,卑枝低結子,0.8598503195433795
仰折花枝墜接䍦,著葉滿枝翠羽蓋,0.8246767321326782
仰折花枝墜接䍦,枝撑聲窸窣,0.8185005276999195
仰折花枝墜接䍦,麥倒桑枝折,0.8222896427619268
仰折花枝墜接䍦,枝撑已在脚,0.8072144698019157
仰折花枝墜接䍦,啅雀争枝墜,0.8010226835554594
仰折花枝墜接䍦,千朶萬朶壓枝低,0.8015326516985668
仰折花枝墜接䍦,亂結枝猶墊,0.8073946493966255
仰折花枝墜接䍦,枝枝總到地,0.8017929366120624
仰折花枝墜接䍦,棲枝把翠梧,0.8289746076001593
仰折花枝墜接䍦,朱果爛枝繁,0.8113311352085146
仰折花枝墜接䍦,交柯低几杖,0.8157008136504773
仰折花枝墜接䍦,花蕊亞枝紅,0.8062144351211828
仙李回風轉長袖,拂水低回舞袖翻,0.8311379099210108
仙李回風轉長袖,急雪舞迴風,0.8040768485091438
仙李回風轉長袖,迴風吹獨樹,0.8126445651409059
仙李回風轉長袖,曾宫憑風迴,0.815621203962072
仙李回風轉長袖,香飄合殿春風轉,0.8273726750260226
仙李回風轉長袖,玉袖凌風並,0.8074434037967408
仙李回風轉長袖,朱袖拂雲和,0.825572788449013
仙李回風轉長袖,歌舞散靈衣,0.8214945617892307
仙李回風轉長袖,步壑風吹面,0.8013250616929257
仙李回風轉長袖,和風引桂楫,0.8071143539307524
仙李回風轉長袖,含風綵仗高,0.8131604485415451
仙李回風轉長袖,若舞風雩至,0.8109028430653298
野桃侵雨浸燕脂,紅綻雨肥梅,0.8032093264293262
野桃侵雨浸燕脂,林花著雨燕支濕,0.8430417427956904
野桃侵雨浸燕脂,紅入桃花嫩,0.8173094481325258
野桃侵雨浸燕脂,野花留寶靨,0.8160931138178118
野桃侵雨浸燕脂,嫩蕊濃花滿目斑,0.8051737932499432
野桃侵雨浸燕脂,衫裛翠微潤,0.812878136426666
野桃侵雨浸燕脂,露冷蓮房墜粉紅,0.8167829420069933
野桃侵雨浸燕脂,楚雨石苔滋,0.8036082391778576
野桃侵雨浸燕脂,春寒細雨出疏籬,0.8116392414423137
夜長晝短知行樂,仲夏苦夜短,0.8146424455474953
夜長晝短知行樂,語樂寄夜永,0.8183657010918495
夜長晝短知行樂,不獨夜短晝分眠,0.866301086578678
夜長晝短知行樂,長夜始堪終,0.8096980746872859
不負君家樂府詩,也知光禄最能詩,0.813446903740221
不負君家樂府詩,君有長才不貧賤,0.8043646594734166
不負君家樂府詩,不愛入州府,0.8036352743681746
不負君家樂府詩,詩家筆勢君不嫌,0.8083314952478027
湯帝咨嗟懲六事,神功協禹謨,0.8102052793350182
湯帝咨嗟懲六事,汝等豈知蒙帝力,0.8047899918392567
湯帝咨嗟懲六事,贊公湯休徒,0.8243397977544455
湯帝咨嗟懲六事,獨逢堯典日,0.8093998741860695
湯帝咨嗟懲六事,重爲告曰,0.8223540048990385
湯帝咨嗟懲六事,爲瞋王録事,0.8064480796122906
湯帝咨嗟懲六事,罹此農事苦,0.8136997260129226
湯帝咨嗟懲六事,武王親救暍,0.821102209038259
湯帝咨嗟懲六事,凶兵鑄農器,0.8053867709991644
湯帝咨嗟懲六事,祀事親聖躬,0.822122585829459
湯帝咨嗟懲六事,赤族迭罹殃,0.8029987201269593
湯帝咨嗟懲六事,空念禹功勤,0.8237155088679674
湯帝咨嗟懲六事,兼存翊贊功,0.8082810619598644
湯帝咨嗟懲六事,兼疑夏禹功,0.815211929507435
湯帝咨嗟懲六事,神其思降祥,0.8059815774322514
湯帝咨嗟懲六事,主將儉省憂艱虞,0.8186478673931206
漢庭災異劾三公,經術漢臣須,0.8014046281584188
漢庭災異劾三公,宜居漢近臣,0.811891253257152
漢庭災異劾三公,後漢今周喜再昌,0.8042283156809367
漢庭災異劾三公,顯慶年中越王作,0.8012065762690714
漢庭災異劾三公,一國實三公,0.8623646409167334
漢庭災異劾三公,禮異見羣臣,0.826673226941358
漢庭災異劾三公,羣公各典司,0.8173522966710147
漢庭災異劾三公,歷職漢庭久,0.8246227243245494
漢庭災異劾三公,寵辱自三朝,0.8189238810067593
漢庭災異劾三公,神靈漢代中興主,0.8101510705906724
漢庭災異劾三公,漢官威儀重昭洗,0.8102830842757596
漢庭災異劾三公,贊普多教使入秦,0.8078649160385944
漢庭災異劾三公,漢庭和異域,0.8346138138171172
漢庭災異劾三公,漢主追韓信,0.816156171996724
聖朝罪己恩寬大,一物但荷皇天慈,0.804042724802033
聖朝罪己恩寬大,難述二公恩,0.818715453351278
聖朝罪己恩寬大,虢國夫人承主恩,0.8551729047912655
聖朝罪己恩寬大,聖人筐篚恩,0.8315238966788687
聖朝罪己恩寬大,恐孤明主恩,0.8294300331223368
聖朝罪己恩寬大,喜遇武功天,0.8130108110817355
聖朝罪己恩寬大,流離主恩厚,0.8357880213543148
聖朝罪己恩寬大,聖圖天廣大,0.811290878283582
聖朝罪己恩寬大,又下聖明朝,0.8003357167150812
聖朝罪己恩寬大,叨逢罪己日,0.8031325454974765
聖朝罪己恩寬大,聖朝新孝理,0.8468859475276506
聖朝罪己恩寬大,端午被恩榮,0.8087431036093129
聖朝罪己恩寬大,兩朝開濟老臣心,0.8022976698353865
聖朝罪己恩寬大,同年蒙主恩,0.8386080749450295
聖朝罪己恩寬大,坐看傾危受厚恩,0.8286944745070831
聖朝罪己恩寬大,密奉聖旨恩宜殊,0.8467673068904593
聖朝罪己恩寬大,將帥蒙恩澤,0.8371755065547004
聖朝罪己恩寬大,未敢背恩私,0.8056818104819998
聖朝罪己恩寬大,君臣重修德,0.8026321606426681
聖朝罪己恩寬大,萬一皇恩下玉墀,0.8153655517743083
聖朝罪己恩寬大,明明君臣契,0.8093709771494522
聖朝罪己恩寬大,恩始夫婦恭,0.8416630575804593
聖朝罪己恩寬大,只在忠臣翊聖朝,0.8250516616545007
聖朝罪己恩寬大,主恩前後三持節,0.8432592936237173
聖朝罪己恩寬大,主恩視遇頻,0.8301686590363383
聖朝罪己恩寬大,聖聰矧多仁,0.8212759261234681
聖朝罪己恩寬大,樗散尚恩慈,0.8050391949628122
聖朝罪己恩寬大,一朝自罪己,0.8355795043479123
聖朝罪己恩寬大,聖哲體仁恕,0.8131002708103001
聖朝罪己恩寬大,恩加四海深,0.8306441429676238
聖朝罪己恩寬大,聖主國多盗,0.8148610761015846
聖朝罪己恩寬大,朝廷偏注意,0.8006044864975261
聖朝罪己恩寬大,他日有殊恩,0.8059920481710428
聖朝罪己恩寬大,聖哲爲心小一身,0.80151745583488
聖朝罪己恩寬大,常荷地主恩,0.8764550586496412
聖朝罪己恩寬大,翊戴歸先主,0.8081013110914307
聖朝罪己恩寬大,衞幕銜恩重,0.8126235077929047
聖朝罪己恩寬大,南紀赴恩私,0.8305839354984674
聖朝罪己恩寬大,佐佑卿相乾坤平,0.8207148318282191
聖朝罪己恩寬大,昔承推奬分,0.8011438204904431
聖朝罪己恩寬大,亂世少恩惠,0.8013164309447397
聖朝罪己恩寬大,無補聖明朝,0.8406741298987515
聖朝罪己恩寬大,先王實罪己,0.8466583423301784
聖朝罪己恩寬大,聖主他年貴,0.8479270067932179
聖朝罪己恩寬大,天子多恩澤,0.8525973939427246
聖朝罪己恩寬大,感恩義不小,0.8375749595342745
時雨愆期早藴隆,今秋乃淫雨,0.804810458845876
時雨愆期早藴隆,霖雨思賢佐,0.8263463796004891
時雨愆期早藴隆,久旱雨亦好,0.8015997219515663
時雨愆期早藴隆,喜遇武功天,0.8034005887029885
時雨愆期早藴隆,好雨知時節,0.817731081263642
時雨愆期早藴隆,始賀天休雨,0.8171078075381721
時雨愆期早藴隆,澤國雖勤雨,0.8050958157774415
東海得無冤死婦,紈袴不餓死,0.8041979043481589
東海得無冤死婦,有儒愁餓死,0.8222095683531857
東海得無冤死婦,斬鯨遼海波,0.8119909387978913
東海得無冤死婦,欲得東擒胡,0.8024791598556055
東海得無冤死婦,苦戰身死馬將軍,0.8013122658773193
東海得無冤死婦,銜寃有是夫,0.8044206025771791
南陽疑有卧雲龍,恐泥竄蛟龍,0.8064667776255778
南陽疑有卧雲龍,龍怒拔老湫,0.808565935369718
南陽疑有卧雲龍,蛟龍得雲雨,0.8397194949943594
南陽疑有卧雲龍,無使蛟龍得,0.8030744973451516
南陽疑有卧雲龍,蟄龍三冬卧,0.8115157436839278
南陽疑有卧雲龍,南有龍兮在山湫,0.8378589411330684
南陽疑有卧雲龍,竟日蛟龍喜,0.8104523799772767
南陽疑有卧雲龍,中有雲氣隨飛龍,0.839467560794545
南陽疑有卧雲龍,潛龍無聲老蛟怒,0.814435462661845
南陽疑有卧雲龍,魚龍偃卧高,0.8034025125416216
南陽疑有卧雲龍,青溪先有蛟龍窟,0.8451154779484651
南陽疑有卧雲龍,峽坼雲霾龍虎卧,0.8293640003358314
南陽疑有卧雲龍,不復卧南陽,0.8006298759646504
南陽疑有卧雲龍,舊俗燒蛟龍,0.8020763558422093
南陽疑有卧雲龍,蛟龍鬭不開,0.801042650509406
南陽疑有卧雲龍,龍起猶聞晉水清,0.8049397204336768
南陽疑有卧雲龍,南有龍湫北虎溪,0.8407931207243914
南陽疑有卧雲龍,潛龍故起雲,0.8652796895099681
傳聞已減大官膳,朝廷故舊禮數絶,0.8028050639464519
傳聞已減大官膳,縣官急索租,0.8174907909148141
傳聞已減大官膳,近聞下詔喧都邑,0.8490917761226948
傳聞已減大官膳,竊聞天子已傳位,0.8257684164141914
傳聞已減大官膳,自從官馬送還官,0.8135863433832313
傳聞已減大官膳,近侍歸京邑,0.8008899110356923
傳聞已減大官膳,官作既有程,0.8047393763700371
傳聞已減大官膳,近聞寬法離新州,0.820282696000862
傳聞已減大官膳,官有王司直,0.8037911035699352
傳聞已減大官膳,屢食將軍第,0.8027434003397366
傳聞已減大官膳,大官喜我來,0.8279412372600764
傳聞已減大官膳,我昔近侍叨奉引,0.8166191574392891
傳聞已減大官膳,朝廷記識蒙禄秩,0.8106591765146227
傳聞已減大官膳,已費清晨謁,0.8082218769392884
傳聞已減大官膳,義忝上官通,0.8161404329141234
傳聞已減大官膳,官免供給費,0.8161161304370897
傳聞已減大官膳,郎官幸備員,0.8163427527243994
傳聞已減大官膳,敕廚惟一味,0.8024765975627843
傳聞已減大官膳,去年米貴闕軍食,0.8376869659919208
傳聞已減大官膳,上官督有司,0.8049581996049204
肉食諸君合奏功,殊恩且列卿,0.8073779601528582
肉食諸君合奏功,侍臣諳入仗,0.8103768785525917
肉食諸君合奏功,合分雙賜筆,0.8021125289380598
肉食諸君合奏功,分明饌玉恩,0.8160865019146532
肉食諸君合奏功,總戎皆插侍中貂,0.8065887517598065
肉食諸君合奏功,一體君臣祭祀同,0.8071670803357186
肉食諸君合奏功,諸侯數賜金,0.8063353896795216
肉食諸君合奏功,分日侍諸王,0.8039076882681379
肉食諸君合奏功,宗臣則廟食,0.8047709242260117
肉食諸君合奏功,玉食亞王者,0.8110472986984294
肉食諸君合奏功,服食劉安德業尊,0.8102713371010843
南風吹雨下田塍,禾頭生耳黍穗黑,0.8055653939269523
南風吹雨下田塍,涼州白麥枯,0.8272789658179407
南風吹雨下田塍,騣尾蕭梢朔風起,0.820485677546059
南風吹雨下田塍,昨夜東風吹血腥,0.828649154649763
南風吹雨下田塍,東風吹春冰,0.8131351168841809
南風吹雨下田塍,南風作秋聲,0.8086459808023304
南風吹雨下田塍,陰風西北來,0.800488190040735
南風吹雨下田塍,曉來急雨春風顛,0.8198817124426977
南風吹雨下田塍,疾風吹塵暗河縣,0.8219515994313769
南風吹雨下田塍,耕田秋雨足,0.8089706923975224
南風吹雨下田塍,野風吹征衣,0.8159288135702434
南風吹雨下田塍,塞田始微收,0.8051965727995429
南風吹雨下田塍,頭風吹過雨,0.8362715081571745
南風吹雨下田塍,迴風颯颯吹沙塵,0.8053392528315262
南風吹雨下田塍,南國旱無雨,0.8078723510527455
南風吹雨下田塍,黄屋朔風卷,0.808183861013753
南風吹雨下田塍,北風吹蒹葭,0.8123298201304823
南風吹雨下田塍,秋耕屬地濕,0.8084569571654503
南風吹雨下田塍,秔稻熟天風,0.8187860632381234
南風吹雨下田塍,北風黄葉下,0.8108145131117024
南風吹雨下田塍,秋風欻吸吹南國,0.8101331976926123
南風吹雨下田塍,十日北風風未迴,0.8087110926549679
南風吹雨下田塍,楚岸朔風疾,0.8110725054976544
南風吹雨下田塍,春生南國瘴,0.8041960464740132
南風吹雨下田塍,破浪南風正,0.8039501531478539
田父伸眉願力耕,縱有健婦把鋤犁,0.8178083018922615
田父伸眉願力耕,農夫田父無消息,0.8110682569810108
田父伸眉願力耕,且耕今未賒,0.8031788631041226
田父伸眉願力耕,耕田秋雨足,0.8248894695021808
田父伸眉願力耕,田家敢忘勤,0.8011073284794463
田父伸眉願力耕,土著還力農,0.81259176721416
田父伸眉願力耕,安得務農息戰鬭,0.8104395583021049
田父伸眉願力耕,農力廢耕桑,0.8760314674300904
田父伸眉願力耕,家須農事歸,0.8295215075801712
田父伸眉願力耕,耕稼學山村,0.8177075017098889
田父伸眉願力耕,畬田費火耕,0.8282423834896248
田父伸眉願力耕,一寸荒田牛得耕,0.8215840118960784
麰麥明年應解好,好雨知時節,0.8115363882623343
麰麥明年應解好,農人望歲稔,0.8162650820224833
麰麥明年應解好,來歲還舒滿眼花,0.8182016783738286
麰麥明年應解好,豐苗亦已穊,0.8120985640841574
麰麥明年應解好,棣華晴雨好,0.8066545324391845
直須洗盡焦枯意,洗滌煩熱足以寧君軀,0.8129685353769709
黄卷腐儒何所用,學業醇儒富,0.8086617544502266
黄卷腐儒何所用,儒術誠難起,0.8059635745936407
黄卷腐儒何所用,儒術豈謀身,0.8150030522041171
黄卷腐儒何所用,朝廷半老儒,0.8063854070684652
黄卷腐儒何所用,腐儒衰晚謬通籍,0.8111717659094968
黄卷腐儒何所用,健兒勝腐儒,0.8157052755206514
黄卷腐儒何所用,老儒不用尚書郎,0.8688707728515876
黄卷腐儒何所用,儒生老無成,0.8011576889177312
黄卷腐儒何所用,乾坤一腐儒,0.8012938637444313
惟將歌詠報昇平,諸君何以答升平,0.8228651966717968
子雲窗下草玄經,飯抄雲子白,0.8054602602738248
子雲窗下草玄經,晴窗點檢白雲篇,0.8064275602961982
子雲窗下草玄經,讀書雲閣觀,0.8089028263266136
寒雀争喧户晝扃,空聞燕雀喧,0.8291081794677727
寒雀争喧户晝扃,柴門鳥雀噪,0.8559498532896589
寒雀争喧户晝扃,鳥雀噪户牖,0.8347161771243377
寒雀争喧户晝扃,開門野鼠走,0.8084164128535132
寒雀争喧户晝扃,籬雀暮喧繁,0.8664236936027817
寒雀争喧户晝扃,鳥雀聚枝深,0.8036284267035497
好事應無𢹂酒榼,每過得酒傾,0.805144755730826
好事應無𢹂酒榼,酒債尋常行處有,0.8125153961477718
好事應無𢹂酒榼,樽酒家貧只舊醅,0.804442066372719
好事應無𢹂酒榼,爲君酤酒滿眼酤,0.8136696066007906
好事應無𢹂酒榼,酒憶郫筒不用酤,0.8348036532352715
好事應無𢹂酒榼,數杯資好事,0.827973291651424
好事應無𢹂酒榼,事業只濁醪,0.8092472080189343
好事應無𢹂酒榼,好事就之爲攜酒,0.8191126108850191
相過聊欲煮茶缾,茶瓜留客遲,0.8001382311168552
相過聊欲煮茶缾,春風啜茗時,0.8224269586068127
相過聊欲煮茶缾,柴荆具茶茗,0.8295000005860319
相過聊欲煮茶缾,竹齋燒藥竈,0.8305646080812585
相過聊欲煮茶缾,僧飯屢過門,0.8096633962077104
相過聊欲煮茶缾,攜錢過野橋,0.8052362022510355
相過聊欲煮茶缾,乘興還來看藥欄,0.8071465134833569
相過聊欲煮茶缾,肯與鄰翁相對飲,0.8132238465206035
相過聊欲煮茶缾,茗飲蔗漿攜所有,0.8007751721832098
相過聊欲煮茶缾,呼兒間煮魚,0.8122127006223469
相過聊欲煮茶缾,野店引山泉,0.8084238350357001
相過聊欲煮茶缾,諸僧但乞齋時飯,0.8018599750859157
相過聊欲煮茶缾,端居茗續煎,0.811266832057442
癭民見我亦悠悠,吾道長悠悠,0.8125110772946841
癭民見我亦悠悠,路難悠悠常傍人,0.8099525916505232
癭民見我亦悠悠,悠悠見汝曹,0.8752632858587871
癭木累累滿道周,纍纍塠阜藏奔突,0.8258058966698736
癭木累累滿道周,纍纍塚相當,0.8551017954016565
飛舄已隨王令化,軒墀曾寵鶴,0.8023286260076621
飛舄已隨王令化,王喬隨鶴翎,0.8019116842241009
飛舄已隨王令化,青春復隨冠冕入,0.8087805416203417
飛舄已隨王令化,錫飛常近鶴,0.8028522713177607
飛舄已隨王令化,聞道王喬舄,0.810568009175209
飛舄已隨王令化,赤管隨王命,0.8107046257096655
真龍寧爲葉公留,龍身寧久藏,0.804828777793626
真龍寧爲葉公留,王宰始肯留真跡,0.8063256471359439
未能洗耳箕山去,未遑等箕潁,0.8054322887495665
且復吹笙洛浦遊,何時更得曲江遊,0.8008875336022221
且復吹笙洛浦遊,飄泊且聽歌,0.8177586066977146
且復吹笙洛浦遊,背後吹笙竽,0.8030941511776952
且復吹笙洛浦遊,軍中吹玉笙,0.8189750676926397
令人何處欲藏舟,故著浮槎替入舟,0.8033186750191245
令人何處欲藏舟,人今何處船,0.8273513007469471
令人何處欲藏舟,借問泛舟人,0.8089904693998742
老却平生夢幻身,何用浮名絆此身,0.8025128675550629
老却平生夢幻身,此生那老蜀,0.8103089336873207
老却平生夢幻身,生涯未卽抛,0.8029350073188215
老却平生夢幻身,無家任老身,0.8067491184292124
老却平生夢幻身,浮生一病身,0.8727255228335236
滿眼紛華心寂寞,寂寞向山河,0.8112799023294724
滿眼紛華心寂寞,寂寞身後事,0.806299526379892
滿眼紛華心寂寞,故人何寂寞,0.8053388500139012
滿眼紛華心寂寞,繁枝容易紛紛落,0.8014590602132343
滿眼紛華心寂寞,寂寞壯心驚,0.8223511285246965
滿眼紛華心寂寞,人事音書漫寂寥,0.8337381410634264
滿眼紛華心寂寞,江山日寂寥,0.8078949335930221
長安市上酒家人,長安市上酒家眠,0.9640535463481245
長安市上酒家人,安西都護胡青驄,0.8021047193259361
長安市上酒家人,長安水邊多麗人,0.8250089750260603
長安市上酒家人,街頭酒價常苦貴,0.8151734641868827
長安市上酒家人,南市津頭有船賣,0.8161740830842081
長安市上酒家人,小市常争米,0.8099208272702607
長安市上酒家人,長安米萬錢,0.8113300237770777
長安市上酒家人,江上人家桃樹枝,0.8132472955893908
嘶馬蕭蕭蒼草黄,鞍馬到荒林,0.8045549513964914
嘶馬蕭蕭蒼草黄,大樹日蕭蕭,0.8361936031876466
嘶馬蕭蕭蒼草黄,馬蕭蕭,0.8741201182227739
嘶馬蕭蕭蒼草黄,青石漠漠松風寒,0.801847701002395
嘶馬蕭蕭蒼草黄,曲江蕭條秋氣高,0.8217251896658592
嘶馬蕭蕭蒼草黄,涼風蕭蕭吹汝急,0.8292548611967623
嘶馬蕭蕭蒼草黄,馬鳴風蕭蕭,0.9071996191987524
嘶馬蕭蕭蒼草黄,蕭蕭北風勁,0.8377958675691698
嘶馬蕭蕭蒼草黄,原野轉蕭瑟,0.8268349259628561
嘶馬蕭蕭蒼草黄,長林何蕭蕭,0.8476202297718741
嘶馬蕭蕭蒼草黄,蕭蕭古塞冷,0.8839972862391481
嘶馬蕭蕭蒼草黄,車馬何蕭索,0.8250356020548464
嘶馬蕭蕭蒼草黄,隴草蕭蕭白,0.9119645758139312
嘶馬蕭蕭蒼草黄,江永風蕭蕭,0.8536507535747011
嘶馬蕭蕭蒼草黄,風色蕭蕭暮,0.842906799986936
嘶馬蕭蕭蒼草黄,涼氣曉蕭蕭,0.8377560531693318
嘶馬蕭蕭蒼草黄,白馬江寒樹影稀,0.8009020292350546
嘶馬蕭蕭蒼草黄,蕭蕭半死葉,0.8123219131613222
嘶馬蕭蕭蒼草黄,江風蕭蕭雲拂地,0.827103375501461
嘶馬蕭蕭蒼草黄,馬銜青草嘶,0.8222331330982803
嘶馬蕭蕭蒼草黄,蕭蕭見白日,0.8175484583457704
嘶馬蕭蕭蒼草黄,蕭蕭夜色淒,0.844008847845598
嘶馬蕭蕭蒼草黄,隴山蕭瑟秋雲高,0.8481546176205575
嘶馬蕭蕭蒼草黄,蕭蕭紫塞雁,0.8688255858419753
嘶馬蕭蕭蒼草黄,蕭蕭沙中雨,0.8539059096574708
嘶馬蕭蕭蒼草黄,蕭蕭荆楚秋,0.8268207071170348
嘶馬蕭蕭蒼草黄,蕭蕭白楊路,0.874842827026557
嘶馬蕭蕭蒼草黄,清影日蕭蕭,0.8008820517608057
嘶馬蕭蕭蒼草黄,蕭蕭掛冷枝,0.8013788215497957
嘶馬蕭蕭蒼草黄,歸興日蕭蕭,0.8123505116339294
嘶馬蕭蕭蒼草黄,蕭颯灑秋色,0.8320098752448442
嘶馬蕭蕭蒼草黄,秋風蕭蕭露泥泥,0.8624504230944707
嘶馬蕭蕭蒼草黄,無邊落木蕭蕭下,0.8594106623882011
嘶馬蕭蕭蒼草黄,蕭蕭千里足,0.8059408743244338
瓜田餘蔓有荒壠,鴒原荒宿草,0.8179329448285713
瓜田餘蔓有荒壠,南山豆苗早荒穢,0.8792315336475971
瓜田餘蔓有荒壠,石田茅屋荒蒼苔,0.8025640154839667
瓜田餘蔓有荒壠,黍地無人耕,0.8274558104285821
瓜田餘蔓有荒壠,畦蔬繞舍秋,0.8065268167026076
瓜田餘蔓有荒壠,野日荒荒白,0.8218539985528018
瓜田餘蔓有荒壠,草茅無徑欲教鋤,0.8183687328746743
瓜田餘蔓有荒壠,蕪蔓少耘鋤,0.8723888118438105
瓜田餘蔓有荒壠,荒林無徑入,0.8045343607969773
瓜田餘蔓有荒壠,短畦帶碧草,0.8258212049403018
瓜田餘蔓有荒壠,荒階蔓草茅,0.8668505704350515
瓜田餘蔓有荒壠,滋蔓户庭毁,0.8105919853582155
瓜田餘蔓有荒壠,藍田丘壑蔓寒藤,0.8506719597443932
瓜田餘蔓有荒壠,山田麥無隴,0.8059904950358241
瓜田餘蔓有荒壠,田家戒其荒,0.8222080774789278
瓜田餘蔓有荒壠,荒榛農復秋,0.8564554732492373
瓜田餘蔓有荒壠,深耕種數畝,0.8039891631616465
瓜田餘蔓有荒壠,山田飯有沙,0.803703634589678
瓜田餘蔓有荒壠,葵荒欲自鋤,0.8389524974919711
瓜田餘蔓有荒壠,荒鉏淨果林,0.8193100780798452
瓜田餘蔓有荒壠,年深荒草徑,0.8170248704736969
瓜田餘蔓有荒壠,荒蕪已荷鋤,0.8801779228190401
瓜田餘蔓有荒壠,橘洲田土仍膏腴,0.8168252064924355
瓜田餘蔓有荒壠,行路日荒蕪,0.8164675407821245
瓜田餘蔓有荒壠,一寸荒田牛得耕,0.8587383033216505
瓜田餘蔓有荒壠,故畦遺穗已蕩盡,0.8351863869201672
瓜田餘蔓有荒壠,荒蕪孟母鄰,0.8075844929514508
梨子壓枝鋪短墻,卑枝低結子,0.8484874659593509
梨子壓枝鋪短墻,緑垂風折笋,0.8236409997467287
梨子壓枝鋪短墻,著葉滿枝翠羽蓋,0.806634030675494
梨子壓枝鋪短墻,紅稠屋角花,0.8354761917017506
梨子壓枝鋪短墻,卑枝成屋椽,0.8365714624002251
梨子壓枝鋪短墻,麥倒桑枝折,0.8038894324860564
梨子壓枝鋪短墻,山梨結小紅,0.8049630830156671
梨子壓枝鋪短墻,亂結枝猶墊,0.8062443009538303
梨子壓枝鋪短墻,抽梢合過牆,0.8428568103133176
梨子壓枝鋪短墻,茅簷覆地花,0.8250381270337306
梨子壓枝鋪短墻,庭中藤刺簷,0.8249949340675027
梨子壓枝鋪短墻,新梢纔出牆,0.8426265766356528
梨子壓枝鋪短墻,輕紅擘茘枝,0.8067532437882723
梨子壓枝鋪短墻,樝梨纔綴碧,0.8600377036520086
梨子壓枝鋪短墻,朱果爛枝繁,0.820079243641843
梨子壓枝鋪短墻,翠牙穿裛蔣,0.8054551167565012
明月風煙如夢寐,相對如夢寐,0.8204031805248959
明月風煙如夢寐,他鄉饒夢寐,0.8178550708345343
明月風煙如夢寐,雲雨荒臺豈夢思,0.8006138491790049
平生親舊隔湖湘,山中儒生舊相識,0.8151233874824806
平生親舊隔湖湘,平生江海興,0.8064676864208811
平生親舊隔湖湘,平生江海心,0.8011407787254531
平生親舊隔湖湘,少逢舊親友,0.800815004599829
行行秋興已孤絶,秋來興甚長,0.8312019548322228
行行秋興已孤絶,行色秋將晚,0.8348535602618585
行行秋興已孤絶,野興每難盡,0.801099712396834
行行秋興已孤絶,秋深復遠行,0.8554039961143748
古人踽踽已先登,臨危憶古人,0.8095015094884848
後學蕭蕭不再興,功曹非復漢蕭何,0.8030755966178444
後學蕭蕭不再興,蕭瑟唐虞遠,0.8175305059034029
後學蕭蕭不再興,風流後代希,0.8109074543101044
顧我尫羸君勉强,子雖軀幹小,0.8074587426716189
顧我尫羸君勉强,東郊瘦馬使我傷,0.8192685313903354
顧我尫羸君勉强,軟弱强扶持,0.8073858844668244
顧我尫羸君勉强,我馬骨正折,0.8081973970338434
顧我尫羸君勉强,勉强終勞苦,0.8037286656477169
顧我尫羸君勉强,使我不得爾之扶持,0.8209821060878153
顧我尫羸君勉强,欲起慚筋力,0.8124789589669339
顧我尫羸君勉强,子壯顧我傷,0.8304796304169175
顧我尫羸君勉强,筋力妻孥問,0.8118888561482194
顧我尫羸君勉强,清羸任體孱,0.8194643511567768
顧我尫羸君勉强,未憂筋力弱,0.8109155015016133
顧我尫羸君勉强,此身仗兒僕,0.8013250075572844
顧我尫羸君勉强,吾笑汝身長,0.801171479683505
顧我尫羸君勉强,余病汝知之,0.8303145301902022
顧我尫羸君勉强,疲苶苟懷策,0.804990216244943
百年漂忽甚風燈,垂老獨漂萍,0.8003538177573136
百年漂忽甚風燈,世亂遭飄蕩,0.8015466863683378
百年漂忽甚風燈,惆悵年半百,0.8054382827034554
百年漂忽甚風燈,飄蓬踰三年,0.8098615838558334
百年漂忽甚風燈,百年嗟已半,0.8044809197231253
百年漂忽甚風燈,飄零任轉蓬,0.8401564150188146
百年漂忽甚風燈,我生苦飄零,0.8007217754724507
百年漂忽甚風燈,各逐萍流轉,0.8008416293953349
百年漂忽甚風燈,老去苦飄蓬,0.8148149298329045
百年漂忽甚風燈,亂代飄零予到此,0.804537469723981
百年漂忽甚風燈,飄轉任浮生,0.8215223926618537
百年漂忽甚風燈,飄零仍百里,0.8021257567453072
百年漂忽甚風燈,人事傷蓬轉,0.8008742639469308
百年漂忽甚風燈,年年小摇落,0.8020869281606915
百年漂忽甚風燈,漂零已是滄浪客,0.8014457695961736
百年漂忽甚風燈,暮年漂泊恨,0.8397511051913809
空名不繫身輕重,何用浮名絆此身,0.8303035707103938
空名不繫身輕重,何得尚浮名,0.8048946009124801
空名不繫身輕重,一官羈絆實藏身,0.8163364022729214
空名不繫身輕重,長大不容身,0.8230212718953198
空名不繫身輕重,輕輕不下鷗,0.8014815322467346
空名不繫身輕重,梁公富貴於身疏,0.809021339716983
此道當如命廢興,此道今人棄如土,0.8243776996759371
此道當如命廢興,吾道竟如何,0.8179200074767237
此道當如命廢興,此病蓋有因,0.8015856621457152
髣髴古人前日事,古人誰復過,0.835385082857272
髣髴古人前日事,生還今日事,0.8005462868015408
髣髴古人前日事,人生七十古來稀,0.8056268708608596
髣髴古人前日事,舊來好事今能否,0.8365350762068828
髣髴古人前日事,觀圖憶古人,0.8042639701538207
髣髴古人前日事,前輩復誰繼,0.8125970857269162
髣髴古人前日事,眼前今古意,0.8383324626312548
髣髴古人前日事,共誰論昔事,0.8104936483613694
髣髴古人前日事,今日幾人存,0.8017234644842697
解衣捫蝨對青燈,解榻秋露懸,0.8050270204432567
解衣捫蝨對青燈,衰顔動覓藜牀坐,0.8011329316326216
秋蟲振羽驚寒夢,森木亂鳴蟬,0.8112502191469266
秋蟲振羽驚寒夢,抱葉寒蟬静,0.8238602287715174
秋蟲振羽驚寒夢,秋蟲聲不去,0.8342404482932816
秋蟲振羽驚寒夢,哀猿透却墜,0.8107162570220425
秋蟲振羽驚寒夢,冷猿秋雁不勝悲,0.8076083472444522
秋蟲振羽驚寒夢,秋風動哀壑,0.8161290111215493
秋蟲振羽驚寒夢,風逆羽毛傷,0.8303552153208729
秋蟲振羽驚寒夢,秋山響易哀,0.801060172752788
秋蟲振羽驚寒夢,九秋驚雁序,0.8021858243261155
秋蟲振羽驚寒夢,秋砧醒却聞,0.8085639265131255
秋蟲振羽驚寒夢,落樹有驚蟬,0.843845313601854
秋蟲振羽驚寒夢,旅櫬網蟲懸,0.8067222106568699
秋蟲振羽驚寒夢,天寒鶬鴰呼,0.8044995514870461
秋蟲振羽驚寒夢,寒蟬碧樹秋,0.8164654918224343
河漢西斜夜獨興,河漢聲西流,0.8341239288044098
河漢西斜夜獨興,黄河北岸海西軍,0.8078006545654133
河漢西斜夜獨興,日暮東臨大江哭,0.8016948277570018
河漢西斜夜獨興,銀河没半輪,0.8020654241726908
河漢西斜夜獨興,落日悲江漢,0.8009756313674692
欲罷不能呼子起,當歌欲一放,0.8146457804443097
欲罷不能呼子起,對酒不能喫,0.8145686167118801
欲罷不能呼子起,詩罷能吟不復聽,0.8075287022796914
欲罷不能呼子起,身病不能拜,0.8034381835012692
欲罷不能呼子起,欲起慚筋力,0.8089692513956243
欲罷不能呼子起,欲罷不能忘,0.8944765823905692
欲罷不能呼子起,余病不能起,0.8173615761474308
欲罷不能呼子起,白頭老罷舞復歌,0.8038815292075581
