황정견,두보,코사인 유사도
冶城謝公墩,宋公舊池館,0.808509797604788
冶城謝公墩,我住錦官城,0.8066405140288083
冶城謝公墩,公孫白帝城,0.8204754359283825
冶城謝公墩,曾城有高樓,0.8067038759418683
冶城謝公墩,閬州城東靈山白,0.8174307582648339
冶城謝公墩,閬州城北玉臺碧,0.810214676545244
冶城謝公墩,亦擁專城居,0.8028682868055166
冶城謝公墩,韓公本意築三城,0.8245346834032148
冶城謝公墩,詩接謝宣城,0.8142864872678763
冶城謝公墩,茅齋定王城郭門,0.8113703787224116
牛渚蕩子婦,新秋照牛女,0.8121559815190588
何時快登臨,臨眺獨躊躇,0.8069429073075232
何時快登臨,登臨未銷憂,0.810460692519452
何時快登臨,何時更得曲江遊,0.8151754366108142
何時快登臨,落景惜登臨,0.8195032018727435
何時快登臨,登臨意惘然,0.8303373041178448
何時快登臨,留眼共登臨,0.8172988378489439
篙師分牛酒,篙師煩爾送,0.8074703497513942
江湖吞天胸,長鯨吞九州,0.839929687214529
江湖吞天胸,江湖多風波,0.810329677130566
江湖吞天胸,青天江海流,0.8444392604847926
江湖吞天胸,吳吞水府寬,0.8085074342385609
江湖吞天胸,江間波浪兼天湧,0.8007972505682529
江湖吞天胸,天地西江遠,0.8041000682867394
江湖吞天胸,江湖天闊足風濤,0.8185749427343
江湖吞天胸,江湖渺霽天,0.8123837585341193
江湖吞天胸,風神蕩江湖,0.8275307757752564
蛟龍垂涎口,蛟螭乘九皋,0.835436599916374
蛟龍垂涎口,仰穿龍蛇窟,0.8080161678117297
蛟龍垂涎口,恐泥竄蛟龍,0.8339975947645032
蛟龍垂涎口,龍怒拔老湫,0.8394721550730753
蛟龍垂涎口,龍吟迴其頭,0.8045165091365825
蛟龍垂涎口,蛟龍得雲雨,0.8164985220743894
蛟龍垂涎口,翻動龍蛇窟,0.8072185226307242
蛟龍垂涎口,蟄龍三冬卧,0.8118489389055763
蛟龍垂涎口,面勢龍泓頭,0.802865366061299
蛟龍垂涎口,蛟龍半缺落,0.8115801376301734
蛟龍垂涎口,長淮浪高蛟龍怒,0.8193862290144267
蛟龍垂涎口,竟日蛟龍喜,0.8329855687195372
蛟龍垂涎口,蛟龍不自謀,0.8013841763594722
蛟龍垂涎口,旂尾蛟龍會,0.8093111120583859
蛟龍垂涎口,蛟龍亦狼狽,0.8290922904603888
蛟龍垂涎口,潛龍無聲老蛟怒,0.8695904178757172
蛟龍垂涎口,日暮蛟龍改窟穴,0.8160421089945056
蛟龍垂涎口,泥沙困老龍,0.8055738357192124
蛟龍垂涎口,蛟龍無定窟,0.8195514438999695
蛟龍垂涎口,青溪先有蛟龍窟,0.8098220126270277
蛟龍垂涎口,蛟龍引子過,0.8161880184054333
蛟龍垂涎口,風送蛟龍匣,0.8228442592857007
蛟龍垂涎口,峽坼雲霾龍虎卧,0.8005810260917212
蛟龍垂涎口,野水失蛟螭,0.859275358194907
蛟龍垂涎口,舊俗燒蛟龍,0.8070283274347121
蛟龍垂涎口,腥至焦長蛇,0.829445878075094
蛟龍垂涎口,久陰蛟螭出,0.854280354892658
蛟龍垂涎口,蛟龍鬭不開,0.8633432583474533
蛟龍垂涎口,枯木半龍鱗,0.8080593254636073
蛟龍垂涎口,魚龍迴夜水,0.821925774297463
蛟龍垂涎口,泥沙卷涎沫,0.8374115721535582
蛟龍垂涎口,蛟龍纏倚劍,0.8371949246996286
蛟龍垂涎口,一斛舊水藏蛟龍,0.8225747448762509
蛟龍垂涎口,蛟龍盤拿肉屈强,0.8121452199587196
蛟龍垂涎口,蛟龍窟宅尊,0.8076450235763777
蛟龍垂涎口,蛟之横,0.8143772836953125
蛟龍垂涎口,龍蛇不成蟄,0.8310751461613944
蛟龍垂涎口,龍蛇動篋蟠銀鈎,0.8332925295127926
蛟龍垂涎口,蛟螭出無痕,0.8585763302953257
蛟龍垂涎口,凍埋蛟龍南浦縮,0.8695335969538871
蛟龍垂涎口,蛟螭深作横,0.8581440045289677
蛟龍垂涎口,熊羆欲蟄龍蛇深,0.840766790842344
蛟龍垂涎口,回首蛟龍池,0.8127584559500864
蛟龍垂涎口,蛟龍欲蟄寒沙水,0.8635900707566004
養軀無千金,未覺千金滿高價,0.8267362327218015
養軀無千金,千金裝馬鞭,0.8168323017358087
養軀無千金,百金裝刀頭,0.8305623612703087
養軀無千金,王孫善保千金軀,0.87351706556276
養軀無千金,家書抵萬金,0.8308264385286627
養軀無千金,萬里須十金,0.8327524422781905
養軀無千金,豈聞一絹直萬錢,0.800971693318058
養軀無千金,黄金傾有無,0.8242577112935409
養軀無千金,八分一字直百金,0.8004331502711715
養軀無千金,三寸如黄金,0.8227468956007306
養軀無千金,今幸樂國養微軀,0.8084487825758466
特爲親故厚,情親見君意,0.8017088501795887
特爲親故厚,受此厚貺情,0.8062218286753282
特爲親故厚,不知親故恩,0.842549917701087
特爲親故厚,既親亦有故,0.8114221119521854
本心非華軒,本無軒冕意,0.8296798514659609
本心非華軒,龐公任本性,0.8041599252555615
而與馬争走,暮隨肥馬塵,0.8119333226972083
而與馬争走,不與八駿俱先鳴,0.8363576195489626
而與馬争走,骨肉不得同馳驅,0.817397594500424
而與馬争走,其俗善馳突,0.8073239866096005
而與馬争走,不比俗馬空多肉,0.8070782881466756
而與馬争走,而無車馬喧,0.827626333649883
而與馬争走,賤子且奔走,0.8043019699932441
而與馬争走,喧争懶著鞭,0.8005613037807142
而與馬争走,雁兒争水馬,0.8076130298571014
而與馬争走,走鹿無反顧,0.8083374537298607
而與馬争走,争道朱蹄驕齧膝,0.8100327401372169
教兒耨葱韮,呼兒具梨棗,0.8112787905691505
教兒耨葱韮,得種菜與麻,0.8122285833348464
教兒耨葱韮,畦蔬繞舍秋,0.8025671758065935
教兒耨葱韮,日併園蔬課,0.8042762824060259
教兒耨葱韮,加點瓜薤間,0.8063073716919562
將老猶掣肘,猶能掣巨鼇,0.8023432475553551
將老猶掣肘,君今幸未成老翁,0.830412547185892
將老猶掣肘,已老尚書郎,0.8102210036583777
將老猶掣肘,將老已失子孫憂,0.8033873137350096
安能詭隨人,所用皆鷹騰,0.8087350416281381
安能詭隨人,出處庶可齊,0.80028281678241
安能詭隨人,詭怪何得參人謀,0.8530899565953849
安能詭隨人,脱略誰能馴,0.8019017637723519
安能詭隨人,世亂敢求安,0.804906526519845
曲折作杞柳,舊繡移曲折,0.801005387645116
曲折作杞柳,曲折方屢渡,0.8169020977125268
曲折作杞柳,摧折如斷轅,0.8227908968061073
楚國不龜手,吳楚守王度,0.8134205555595323
生涯但如此,生涯盡幾回,0.8238398976418868
生涯但如此,爛醉是生涯,0.8069375427190917
生涯但如此,天意薄浮生,0.8071577325684176
生涯但如此,生涯似衆人,0.8490055054679001
生涯但如此,此生隨所遭,0.8216254903150166
生涯但如此,流水生涯盡,0.8074159301105086
生涯但如此,生涯能幾何,0.8651156364293382
生涯但如此,達生豈是足,0.8123343492296378
生涯但如此,生意春如昨,0.8153780694753434
生涯但如此,生涯抵弧矢,0.8186300961828357
生涯但如此,此生那老蜀,0.8131238550942936
生涯但如此,人生歡會豈有極,0.8089524565300604
生涯但如此,吾生亦有涯,0.8758483986881558
生涯但如此,便有死生分,0.8075293945783887
生涯但如此,人生流滯生理難,0.8228013604705046
生涯但如此,生涯未卽抛,0.863345916973693
生涯但如此,生意從此活,0.832534189588519
生涯但如此,人生忽如昨,0.8048773363142577
生涯但如此,此地生涯晚,0.8716260708297099
生涯但如此,浮生卽有涯,0.8792765757700993
生涯但如此,富貴任生涯,0.8188679638837032
生涯但如此,生涯已寥落,0.811743896079925
那問託婚友,少逢舊親友,0.8079294290636063
久陰快夜晴,陰陽割昏曉,0.8027750377728189
久陰快夜晴,今秋乃淫雨,0.8068971653692036
久陰快夜晴,久旱雨亦好,0.8056356098007641
久陰快夜晴,既雨晴亦佳,0.8486464919693415
久陰快夜晴,一旬半雷雨,0.812513679374228
久陰快夜晴,邊秋陰易夕,0.8024942990660066
久陰快夜晴,今雨喜容易,0.8014601419671239
久陰快夜晴,小雨夜復密,0.8207581908883128
久陰快夜晴,昨日晚晴今日黑,0.8056748752817151
久陰快夜晴,未有不陰時,0.8003869570803301
久陰快夜晴,驟雨清秋夜,0.8167839622024153
久陰快夜晴,陰晴屢不分,0.8622350966359071
天文若科斗,天文北照秦,0.8230378252881074
天文若科斗,三移斗柄春,0.8070253073812355
天文若科斗,夜臺當北斗,0.8279824697960505
天文若科斗,北斗故臨秦,0.8040791474012985
天文若科斗,星拆台衡地,0.8073005291364695
天文若科斗,星辰北斗深,0.838699198965042
天文若科斗,真宜法斗魁,0.8209916172705398
天文若科斗,南斗避文星,0.8603257126865564
天文若科斗,尚書踐台斗,0.8134895730796566
天文若科斗,干戈北斗深,0.8054896986535434
村南鬼火寒,東郊尚烽火,0.8264213473059057
村南鬼火寒,連山暗烽燧,0.8030035729679017
村南鬼火寒,陰房鬼火青,0.8583887787604221
村南鬼火寒,西征問烽火,0.8010974539934546
村南鬼火寒,烽疏火不燒,0.8247391491106095
村南鬼火寒,獵人吹戍火,0.8463560799396748
村南鬼火寒,村依野廟堧,0.8064488732809003
村南鬼火寒,山鬼吹燈滅,0.8428473172966527
村南鬼火寒,家人鑽火用青楓,0.8040517083994239
村北風虎吼,鷄鳴風雨交,0.8019578166208036
村北風虎吼,空村虎豹争,0.823698866466599
村北風虎吼,啼畏虎狼聞,0.8170852577547045
村北風虎吼,雷吼徒咆哮,0.813462363386412
村北風虎吼,魑魅嘯有風,0.8246727963372946
村北風虎吼,庭前猛虎卧,0.8074646273046304
村北風虎吼,風塵澒洞兮豺虎咬人,0.8183176109024769
村北風虎吼,風雨聞號呼,0.8029203894804797
村北風虎吼,聲吼纏猛虎,0.8303289894938304
村北風虎吼,風飇虎忽聞,0.8428905566765948
村北風虎吼,風號聞虎豹,0.8461123983375147
村北風虎吼,岸上空村盡豺虎,0.8374950342205294
野人驅鷄豚,野人對腥羶,0.8120832818108039
野人驅鷄豚,被驅不異犬與雞,0.8446234013176586
野人驅鷄豚,殺戮到鷄狗,0.8163508938098623
野人驅鷄豚,客至雞鬭争,0.8182015133980158
野人驅鷄豚,雞狗亦得將,0.8131585051596946
野人驅鷄豚,雞犬各相放,0.8373307368774817
野人驅鷄豚,官雞輸稻粱,0.8013543456669329
野人驅鷄豚,小奴縛雞向市賣,0.8341771837157982
野人驅鷄豚,家中厭雞食蟲蟻,0.8357513029783556
野人驅鷄豚,不知雞賣還遭烹,0.8159799259675159
野人驅鷄豚,不及村野人,0.8011778220158795
野人驅鷄豚,牛羊識僮僕,0.8339421244977974
野人驅鷄豚,鄰雞野哭如昨日,0.8168672577794509
縛落堅纏守,結根失所纏風霜,0.8005469070527524
縛落堅纏守,疏布纏枯骨,0.8082190465732504
劉郎弓石八,薛公十一鶴,0.8022599447614246
劉郎弓石八,曹劉不待薛郎中,0.8342838536267787
劉郎弓石八,顔氏之子才孤標,0.8015284539937728
猛氣厭馮婦,猛氣猶思戰場利,0.8306490649048908
猛氣厭馮婦,忽思格猛獸,0.807429727933183
猛氣厭馮婦,猛士思滅胡,0.84124489920074
猛氣厭馮婦,猛士塞風飇,0.8106935896954657
一試金僕姑,我始爲奴僕,0.8103106507174342
一試金僕姑,一日兩遣僕,0.8331285920504499
一試金僕姑,清朝遣婢僕,0.8147545563866491
歸飲軟臂酒,春酒杯濃琥珀薄,0.8048951007223738
歸飲軟臂酒,客醉揮金碗,0.8262367197318983
歸飲軟臂酒,醉則騎馬歸,0.8082706663491068
歸飲軟臂酒,勸客駝蹄羹,0.8007528747887642
歸飲軟臂酒,屢得飲馬窟,0.8118383045717128
歸飲軟臂酒,縱酒欲謀良夜醉,0.8201051820038583
歸飲軟臂酒,對酒不能喫,0.8154944514147124
歸飲軟臂酒,速宜相就飲一斗,0.8029333785607959
歸飲軟臂酒,驅兒羅酒漿,0.8252920518407116
歸飲軟臂酒,濁醪自初熟,0.8030966505196593
歸飲軟臂酒,爲君酤酒滿眼酤,0.8010968802531617
歸飲軟臂酒,邀我嘗春酒,0.8273274429793999
歸飲軟臂酒,主人罷鱠還傾杯,0.8022235200908054
歸飲軟臂酒,把臂開樽飲我酒,0.8542744595374852
歸飲軟臂酒,迴船罷酒上馬歸,0.8308378748234075
歸飲軟臂酒,先𢬵一飲醉如泥,0.8264191053331376
歸飲軟臂酒,纔傾一盞卽醺人,0.8016505434807795
歸飲軟臂酒,呼婢取酒壺,0.8052506074225403
歸飲軟臂酒,罷酒酣歌拓金戟,0.8098705504559218
歸飲軟臂酒,酒酣並轡金鞭垂,0.8205777079559105
歸飲軟臂酒,氣若酣杯酒,0.8120233282364084
歸飲軟臂酒,夜醉長沙酒,0.8225133524945824
歸飲軟臂酒,醉酒或連朝,0.8071691450736809
前日發大雷,何得空裏雷,0.8059151415013998
前日發大雷,大江動我前,0.8161142708260625
前日發大雷,昨宵殷其雷,0.8367986652537212
前日發大雷,驚惶致雷雨,0.8272826641783981
前日發大雷,翻風轉日木怒號,0.8066539354306463
前日發大雷,昨夜有奔雷,0.8294152602960551
前日發大雷,十月荆南雷怒號,0.8057047036322309
前日發大雷,來如雷霆收震怒,0.8334613414169831
前日發大雷,初宵鼓大罏,0.8006827087931299
真成料虎頭,何年顧虎頭,0.8109685991367646
今日伐鼓出,今年大作社,0.8200293768101192
今日伐鼓出,北城擊柝復欲罷,0.806719877825758
棹歌傲陽侯,仍唱夷歌飲都市,0.8168390782457343
棹歌傲陽侯,嗚呼二歌兮歌始放,0.8052484647663978
棹歌傲陽侯,桂楫帶酣歌,0.8056447598730767
滄江百折來,屈注滄江流,0.8412775137480173
滄江百折來,防河赴滄海,0.8241827499708395
滄江百折來,大江東流去,0.8121151899864378
滄江百折來,樓下長江百丈清,0.8057547844156545
滄江百折來,清江轉山急,0.8126607915575014
滄江百折來,江長注海奔,0.8074643452191157
滄江百折來,百丈内江船,0.8132027656621282
滄江百折來,峽束滄江起,0.8464949495570924
滄江百折來,江濤萬古峽,0.8010609988644526
滄江百折來,不盡長江滚滚來,0.8058713339196486
滄江百折來,峽險江驚急,0.8059663408916419
滄江百折來,洞庭揚波江漢迴,0.8156433900081748
及此始東流,及觀泉源漲,0.8096790176688393
及此始東流,下愧東逝流,0.8089662719801787
及此始東流,峽門自此始,0.8179656032779871
及此始東流,湘流東逝深,0.8136002937483626
東流會賓客,賓客滿堂上,0.817050935615173
東流會賓客,我公會賓客,0.8585301843910698
東流會賓客,賓客引調同,0.8119386944907416
東流會賓客,還聞賓客過,0.8178500690172428
東流會賓客,鄭莊賓客地,0.8099400405392492
建德椎羊牛,起檣必椎牛,0.8177710054128702
野語尚信然,來書語絶妙,0.8077024875947787
野語尚信然,紛然不適口,0.8058155025157444
野語尚信然,知音兼衆語,0.806676027960082
小市黄蘆洲,白沙翠竹江村暮,0.8060406140733605
小市黄蘆洲,已映洲前蘆荻花,0.8096471125004748
唯有采薪翁,山中疾采薇,0.821663208047345
經營往來舟,扁舟任往來,0.8109823963153113
櫧櫪盡斤斧,操持郢匠斤,0.8062671378756626
櫧櫪盡斤斧,不顧剪伐殘,0.803524404931625
櫧櫪盡斤斧,鋒鏑供鋤犁,0.8079663564795596
櫧櫪盡斤斧,筋力交彫喪,0.8142767675725391
櫧櫪盡斤斧,刻剥及錐刀,0.8072632483026769
山童煙雨愁,久雨巫山暗,0.8086234290897323
山童煙雨愁,烟雨封巫峽,0.8152362341357571
山童煙雨愁,壤童犁雨雪,0.8096019341041361
山童煙雨愁,山鬼迷春竹,0.8036089242173291
鬱鬱窈窈天官宅,窈窕清禁闥,0.8063915310682983
鬱鬱窈窈天官宅,杳窕入雲漢,0.8060668980600924
鬱鬱窈窈天官宅,窈窕入風磴,0.8022723462749042
鬱鬱窈窈天官宅,窅窕一林麓,0.8397738184938809
鬱鬱窈窈天官宅,峰巒窈窕溪谷黑,0.8020315346125809
諸峰排霄帝不隔,玉山高並兩峯寒,0.8003076481561295
諸峰排霄帝不隔,天台隔三江,0.8217534088288707
諸峰排霄帝不隔,杳窕入雲漢,0.8082501676735521
諸峰排霄帝不隔,中天積翠玉臺遥,0.8136738726365292
諸峰排霄帝不隔,青嶂插雕梁,0.800016638117282
諸峰排霄帝不隔,天門鬱嵯峨,0.8256895227409919
諸峰排霄帝不隔,獨立縹緲之飛樓,0.8106124119154057
諸峰排霄帝不隔,不隔崑崙岑,0.8225259362047477
六時謁天開關鑰,雲幕隨開府,0.8255870022150164
六時謁天開關鑰,九天閶闔開宫殿,0.8505177226994382
六時謁天開關鑰,詔從三殿去,0.8046249615141803
六時謁天開關鑰,下詔闢荆門,0.813599323814373
六時謁天開關鑰,二天開寵餞,0.8002442800495864
六時謁天開關鑰,宫中聖人奏雲門,0.821474922939071
六時謁天開關鑰,鐵鎖欲開關,0.8203162879854289
六時謁天開關鑰,晨趨閶闔内,0.8098341611408509
六時謁天開關鑰,幕府初交辟,0.8189480579353512
六時謁天開關鑰,函關猶出將,0.8393866660628354
六時謁天開關鑰,閶闔開黄道,0.8587335434103918
六時謁天開關鑰,洞主降接武,0.8233241287367494
高真衆靈思我還,兹山朝百靈,0.804699684910412
高真衆靈思我還,羣仙不愁思,0.8199932574775581
高真衆靈思我還,虚覺神靈聚,0.8100459772972837
石盆之中有甘露,味如甘露漿,0.8441107747863047
石盆之中有甘露,碧酒隨玉粒,0.8013717141790976
石盆之中有甘露,落月如金盆,0.8023060788663912
石盆之中有甘露,置在迎風露寒之玉壺,0.8030598529476458
石盆之中有甘露,巨石水中央,0.8066420330167368
石盆之中有甘露,赤梨蒲萄寒露成,0.8011570616016559
石盆之中有甘露,白露團甘子,0.8235681259820218
石盆之中有甘露,掌中琥珀鍾,0.8197507670256522
青牛駕我山谷路,驊騮開道路,0.8038234590882873
青牛駕我山谷路,驊騮開道路,0.8038234590882873
青牛駕我山谷路,牛羊歸徑險,0.8192697789866787
爐香四百六十載,騎驢十三載,0.8202396991256782
爐香四百六十載,四十明朝過,0.8081705988144554
爐香四百六十載,一飯四五起,0.8077285839497486
爐香四百六十載,龍飛四十春,0.8092681712608905
爐香四百六十載,只今年纔十六七,0.8502949887134488
爐香四百六十載,躍馬二十年,0.8195400496018921
爐香四百六十載,焉知二十載,0.8089640090022574
爐香四百六十載,古老相傳二百年,0.8002190925746433
爐香四百六十載,往還二十載,0.8362227939586607
爐香四百六十載,禽獸已斃十七八,0.806270170658709
爐香四百六十載,四十五十無夫家,0.8485753784008172
爐香四百六十載,十有八九負薪歸,0.8047386427791139
爐香四百六十載,往來四十里,0.8158065183705077
爐香四百六十載,獨步四十年,0.8259922200440002
爐香四百六十載,肉食三十萬,0.8184035494559428
爐香四百六十載,往者十四五,0.8598905957149956
爐香四百六十載,二十四迴明,0.8342430626746091
爐香四百六十載,追隨二十載,0.8225380574491727
爐香四百六十載,一卧東山三十春,0.8258735986211134
爐香四百六十載,于今四十年,0.8237266033824049
爐香四百六十載,嗚呼已十年,0.8043924831470507
開山者誰梁寶公,蔡侯静者意有餘,0.8068221802717314
開山者誰梁寶公,誰能與公子,0.8026630189772949
開山者誰梁寶公,昔者龐德公,0.812048100185407
開山者誰梁寶公,梓中豪俊大者誰,0.8177332876976257
開山者誰梁寶公,上公有記者,0.8374919709549079
開山者誰梁寶公,明公出此圖,0.8004627131505561
開山者誰梁寶公,昔有佳人公孫氏,0.8459434029028368
開山者誰梁寶公,蘇氏今有之,0.802398717330882
築屋皖公城,巳公茅屋下,0.8004702153138008
築屋皖公城,宋公舊池館,0.8072441563317574
築屋皖公城,僻近城南樓,0.8217903234819509
築屋皖公城,築城潼關道,0.8131990313798597
築屋皖公城,秦州城北寺,0.8190063895904397
築屋皖公城,孤城石谷間,0.8087423104863276
築屋皖公城,曾城填華屋,0.8288058896968963
築屋皖公城,我住錦官城,0.8346506575804487
築屋皖公城,誰謂築居小,0.8014973646587142
築屋皖公城,茅齋寄在少城隈,0.8390794889791472
築屋皖公城,禄山北築雄武城,0.8759181273503116
築屋皖公城,曾城有高樓,0.8228581735802176
築屋皖公城,築城依白帝,0.8281641622459868
築屋皖公城,閬州城東靈山白,0.8174697574128573
築屋皖公城,閬州城北玉臺碧,0.8093998803843593
築屋皖公城,亦擁專城居,0.8146266806677396
築屋皖公城,東城抱春岑,0.8054162592958889
築屋皖公城,白屋達公宫,0.8087803613950559
築屋皖公城,韓公本意築三城,0.8283670815592872
築屋皖公城,武侯祠屋長鄰近,0.8388655656535544
築屋皖公城,嵯峨白帝城東西,0.8072243759351234
築屋皖公城,卜宅近前峰,0.8110194253329659
築屋皖公城,山城近百層,0.8034481086285257
築屋皖公城,茅齋定王城郭門,0.8249060899608032
築屋皖公城,旗亭壯邑屋,0.8026542607722016
築屋皖公城,衡山雖小邑,0.8134967612771042
歲晚對煙景,日暮倚修竹,0.8035935413329844
歲晚對煙景,日晚烟花亂,0.8002981347001539
歲晚對煙景,翠屏宜晚對,0.8199233097573113
人家橘柚間,居人有萬家,0.8016632536730142
人家橘柚間,家家迎薊子,0.8013149212201536
人家橘柚間,荒庭垂橘柚,0.811198327559755
人家橘柚間,茅齋依橘柚,0.8170691682913835
人家橘柚間,江上人家桃樹枝,0.8070266214871183
獨秀司命峰,卓立羣峰外,0.804976007314742
衆口讓高寒,衆壑生寒早,0.8284885469527516
松竹二橋宅,山扉花竹幽,0.8113137859073078
松竹二橋宅,萬里橋西宅,0.8310202582777146
松竹二橋宅,溪邊四五家,0.8102919266508418
松竹二橋宅,松門似畫圖,0.8039486641942173
雪雲三祖山,去年白帝雪在山,0.8013376839488371
衰懷造勝境,幽意忽不愜,0.8144762496461051
衰懷造勝境,向來幽興極,0.8097901519408683
衰懷造勝境,此志常覬豁,0.8019428600761032
衰懷造勝境,旅懷殊不愜,0.8074450895348924
衰懷造勝境,造幽無人境,0.8218461872866734
衰懷造勝境,幽偏得自怡,0.8155283982681886
衰懷造勝境,幽居近物情,0.8476324692498569
衰懷造勝境,窮途衰謝意,0.8046931552752289
衰懷造勝境,情忘發興奇,0.830297354718309
衰懷造勝境,高懷見物理,0.8281590779215238
衰懷造勝境,曠懷掃氛翳,0.8254953574356165
衰懷造勝境,鬒變負人境,0.8144945705592088
衰懷造勝境,曠絶經目趣,0.8483902931801526
衰懷造勝境,遠遊凌絶境,0.8159471298098755
衰懷造勝境,幽獨移佳境,0.8310595168446151
衰懷造勝境,窮迫挫曩懷,0.8167362874062286
轉覺落筆難,老大意轉拙,0.8043728068226226
轉覺落筆難,淒涼憐筆勢,0.8016053027229533
轉覺落筆難,落筆四座驚,0.8401949797275492
蘇李工五字,李白一斗詩百篇,0.8133093721099967
蘇李工五字,陸機二十作文賦,0.8168373848015129
蘇李工五字,十五富文史,0.8177663397253205
蘇李工五字,不通姓氏粗豪甚,0.8034769835720684
蘇李工五字,文章一小技,0.8115627001201784
蘇李工五字,鵝費羲之墨,0.8147018589857626
蘇李工五字,辯眼工小字,0.8547205355110439
大靈壽日月,大明韜日月,0.8548647091534571
大靈壽日月,聖圖天廣大,0.8106477382183079
大靈壽日月,宗祀日光輝,0.800803400358677
大靈壽日月,大火運金氣,0.8032796795552062
大靈壽日月,聖壽宜過一萬春,0.8267695311544613
大靈壽日月,天王日儉德,0.8304154084759098
大靈壽日月,百祀發光輝,0.8008773812319927
大靈壽日月,堯有四岳明至理,0.8321838807850269
大靈壽日月,玄元皇帝聖雲孫,0.8024189092796479
化石皖公陂,禹功饒斷石,0.8065679196054368
化石皖公陂,二公化爲土,0.8292980264716927
偶無斧斤尋,常持小斧柯,0.8173872462369032
偶無斧斤尋,交横集斧斤,0.8082534765030529
偶無斧斤尋,斤斧任樵童,0.8312222084068757
偶無斧斤尋,寂無斤斧響,0.8343743392146232
偶無斧斤尋,源花費獨尋,0.8060719195333069
不作宰上碑,不作河西尉,0.8220590704773012
不作宰上碑,邑中上客有柱史,0.8292661532221788
傾首若有謂,歡喜每傾倒,0.8004640040179296
傾首若有謂,低昂各有意,0.8114419684042131
指泉來自西,云自陝城來,0.8168160764318783
指泉來自西,瀘水復西來,0.8013037207558227
泉甘崖木老,漱壑松柏秃,0.8644678470156986
泉甘崖木老,松悲天水冷,0.804158084434087
泉甘崖木老,山寒少茯苓,0.8138710293953837
泉甘崖木老,出泉枯柳根,0.8446409248083924
泉甘崖木老,霜濃木石滑,0.8231789378265906
泉甘崖木老,霜埋翠竹根,0.8237634795780088
泉甘崖木老,頑根易滋蔓,0.8088706465303745
泉甘崖木老,枯木半龍鱗,0.8000974417844765
泉甘崖木老,古廟杉松巢水鶴,0.8037485167341727
泉甘崖木老,井渫泉誰汲,0.8242465711197446
泉甘崖木老,崖蜜松花熟,0.8383055103046275
泉甘崖木老,野蔬暗泉石,0.834872282140722
泉甘崖木老,秋蔬影澗瀍,0.8220386058138773
泉甘崖木老,凍泉依細石,0.8041047335239351
泉甘崖木老,秋枯洞庭石,0.8000505811636933
坐笑欲忘歸,歸醉每無愁,0.8234239694446659
坐笑欲忘歸,對食暫餐還不能,0.8046880425109408
坐笑欲忘歸,歸來省醉眠,0.8099947937210092
坐笑欲忘歸,舒卷忘寢食,0.8015131505507681
坐笑欲忘歸,歡罷念歸旋,0.8189323203738094
坐笑欲忘歸,欲罷不能忘,0.8402880897476565
坐笑欲忘歸,語盡還成開口笑,0.8013182816035411
坐笑欲忘歸,愜當久忘筌,0.8325187711666333
坐笑欲忘歸,吾儕醉不歸,0.8113365401714245
風流裴通直,清峻流輩伯,0.816449692638629
風流裴通直,文雅涉風騷,0.8051486652132458
風流裴通直,風流吾賢紹,0.8048965650254287
商略從我嬉,文學與我游,0.8115558197600476
商略從我嬉,解袂從此旋,0.8081950887701714
蒔梅盈百科,盈盈當雪杏,0.8164948263474949
洗石出崛奇,出入巨石礙,0.8280550605565136
洗石出崛奇,西崖特秀發,0.8013541955269556
洗石出崛奇,江間饒奇石,0.8247954481741219
洗石出崛奇,劍池石壁仄,0.8085740754448911
洗石出崛奇,雙崖洗更青,0.8030514469846062
洗石出崛奇,渴日絶壁出,0.8049202725225306
舅弟妙學古,學業醇儒富,0.816461356612672
舅弟妙學古,學詩猶孺子,0.8189807443509822
舅弟妙學古,岑參兄弟皆好奇,0.8010206298523513
舅弟妙學古,鄭氏才振古,0.8234139268252612
舅弟妙學古,蔡子勇成癖,0.818427645860011
舅弟妙學古,白水見舅氏,0.8081357779345044
舅弟妙學古,諸翁乃仙伯,0.8042959330814498
舅弟妙學古,近聞韋氏妹,0.8363696416715367
舅弟妙學古,乃知畫師妙,0.8148317826282159
舅弟妙學古,夫子嵇阮流,0.8037881577914556
舅弟妙學古,昔者龐德公,0.8086826512253182
舅弟妙學古,嗣宗諸子姪,0.8173810214526991
舅弟妙學古,有弟有弟在遠方,0.802831765523057
舅弟妙學古,學書初學衞夫人,0.802549653435433
舅弟妙學古,集賢學士如堵牆,0.800493946039484
舅弟妙學古,聖賢古法則,0.8039368292980633
舅弟妙學古,俊才得之子,0.8020638629313648
舅弟妙學古,宗生實於此,0.8046877423364043
舅弟妙學古,好學尚貞烈,0.8169926814270644
舅弟妙學古,學蔚醇儒姿,0.8232312294997667
舅弟妙學古,孟氏好兄弟,0.8594530238305285
舅弟妙學古,訓子學誰門,0.802743043566161
舅弟妙學古,吾宗老孫子,0.8331913659337116
舅弟妙學古,梁公曾孫我姨弟,0.8272317937405063
舅弟妙學古,吾人詩家秀,0.8094973211463352
舅弟妙學古,學並盧王敏,0.8111390979819371
舅弟妙學古,弟子四五人,0.801960118377447
舅弟妙學古,吾賢富才術,0.8237286128399502
舅弟妙學古,素聞趙公節,0.8089582383376215
舅弟妙學古,恭聞魏夫人,0.814266138816873
舅弟妙學古,吾慕漢初老,0.811612420784968
舅弟妙學古,風流吾賢紹,0.8009226511533494
亦復古須眉,猱玃鬚髯古,0.8058109912009452
卿家北海公,宋公舊池館,0.8151381802686092
卿家北海公,卿家舊賜公取之,0.8027559650774758
卿家北海公,府中韋使君,0.8060070289376382
卿家北海公,周南太史公,0.8121430486221639
卿家北海公,憶昔南海使,0.8010057307737996
卿家北海公,郭薛俱才賢,0.8051178526816086
卿家北海公,卿家兄弟功名震,0.8001677309360378
卿家北海公,子干東諸侯,0.8057729794182374
卿家北海公,昔在嚴公幕,0.8050826496561858
卿家北海公,宗英李端公,0.8344378945546054
筆法可等夷,義無棄禮法,0.805235263684951
筆法可等夷,設法害生成,0.8049626296542143
筆法可等夷,雅論在兵機,0.8045817928123974
爲我書斯文,陳公讀書堂,0.8102071322790827
爲我書斯文,示我百篇文,0.8324094580115571
爲我書斯文,昔獻書畫圖,0.8096701140056286
爲我書斯文,爲報欲論詩,0.8014463948286973
爲我書斯文,書到汝爲人,0.8183877710281842
爲我書斯文,在汝更用文章爲,0.8257095828607833
爲我書斯文,念我能書數字至,0.8205790088249323
要與斗牛垂,北斗司喉舌,0.8066628103285655
要與斗牛垂,夜臺當北斗,0.8121767183023474
要與斗牛垂,星辰北斗深,0.8082168438154845
吏部文章萬世,文物多師古,0.8098510926739342
吏部文章萬世,文包舊史善,0.8572011315423185
吏部文章萬世,用才文章境,0.8116632011200142
吏部文章萬世,文章千古事,0.8134407165967787
吏部文章萬世,在汝更用文章爲,0.80233069095041
吏部文章萬世,文章並我先,0.834774425098767
吏部文章萬世,海内文章伯,0.8227764772701864
吾求善本編窺,乃知畫師妙,0.8066844527370273
吾求善本編窺,静求元精理,0.8041305832868058
吾求善本編窺,畫師不是無心學,0.8016635109262804
吾求善本編窺,畫地求所歷,0.8106027304752362
散帙雲窗棐几,晴窗點檢白雲篇,0.8167133212034821
散帙雲窗棐几,花嶼讀書床,0.8179821051566147
散帙雲窗棐几,傍架齊書帙,0.8127689474501889
散帙雲窗棐几,散亂牀上書,0.8041004043802903
散帙雲窗棐几,散帙壁魚乾,0.8524201749323848
散帙雲窗棐几,風牀展書卷,0.8156290868852254
丹鈆點勘書詩,晴窗點檢白雲篇,0.8283744494794367
丹鈆點勘書詩,詩書自討論,0.8025294796060435
丹鈆點勘書詩,看題檢藥囊,0.8182913064993541
丹鈆點勘書詩,銜泥點污琴書内,0.8046686540230825
丹鈆點勘書詩,讀書難字過,0.8205616510381563
丹鈆點勘書詩,蟲篆丹青廣,0.8196225407589111
莫惜借行千里,問君適萬里,0.8025968805169411
莫惜借行千里,歸客千里至,0.8006280420981335
莫惜借行千里,東行萬里堪乘興,0.80242419943377
莫惜借行千里,留滯莫辭勞,0.8097781479955413
莫惜借行千里,不辭萬里長爲客,0.8230323116910849
黑雲平屋簷,片雲頭上黑,0.8064480214711576
黑雲平屋簷,亂雲低薄暮,0.8030380458875943
黑雲平屋簷,浮雲連陣没,0.8102488804440657
黑雲平屋簷,山雲低度牆,0.8405164185858327
黑雲平屋簷,山晚黄雲合,0.801085411354539
黑雲平屋簷,連峰積長陰,0.8018216441823949
黑雲平屋簷,低空有斷雲,0.8001080942183596
黑雲平屋簷,茅簷覆地花,0.8321590727031858
黑雲平屋簷,欹蓋擁高簷,0.8020192124821144
黑雲平屋簷,落構垂雲雨,0.8026365125653996
黑雲平屋簷,長林卷霧齊,0.8220094236808668
黑雲平屋簷,疊嶺宿霾雲,0.8452502670420947
黑雲平屋簷,數看黄霧亂玄雲,0.802994452991852
黑雲平屋簷,晴雲滿户團傾蓋,0.8137616872966916
黑雲平屋簷,熱雲初集黑,0.8186545140579788
黑雲平屋簷,雲長出斷山,0.8048921386762249
晨夜隔星月,不夜月臨關,0.8006537079214365
晨夜隔星月,一别星橋夜,0.8036755840398814
晨夜隔星月,銀漢會雙星,0.8037433966272804
晨夜隔星月,早晚到星躔,0.8158349435473778
晨夜隔星月,明星惜此筵,0.8003459614754063
晨夜隔星月,今夜文星動,0.8409272261800114
曉裝商旅前,俶裝逐徒旅,0.8282881401839468
曉裝商旅前,初筵閲軍裝,0.8191333768983495
冰底泥活活,眼花落井水底眠,0.8130788381318035
冰底泥活活,汲多井水渾,0.8004880618266474
冰底泥活活,所向泥活活,0.8621528957138
冰底泥活活,路有凍死骨,0.8003100651179412
冰底泥活活,陰火煑玉泉,0.8132826245641351
冰底泥活活,飯煑青泥坊底芹,0.8058699268588487
冰底泥活活,掘壕不到水,0.8073934798308369
冰底泥活活,池魚涸其泥,0.8312908626867591
冰底泥活活,暗汲石底井,0.8124078471882021
