황정견,두보,코사인 유사도
瓜葛附婚友,與子姻婭間,0.8078023769117135
平生各轉蓬,吾衰同泛梗,0.8045897213238757
平生各轉蓬,生涯獨轉蓬,0.9209793162973416
平生各轉蓬,我生苦飄蕩,0.8094023240909493
平生各轉蓬,此日嘗新任轉蓬,0.8180158637976174
平生各轉蓬,飄零任轉蓬,0.8472800462778101
平生各轉蓬,我生苦飄零,0.8005251410990568
平生各轉蓬,各逐萍流轉,0.8337628456917205
平生各轉蓬,老去苦飄蓬,0.826036545815366
平生各轉蓬,各云厭轉蓬,0.8886649230350497
平生各轉蓬,飄轉任浮生,0.845256718651598
平生各轉蓬,身世雙蓬鬢,0.8065351326655494
平生各轉蓬,人事傷蓬轉,0.8354574778419014
平生各轉蓬,無勞問轉蓬,0.80684173808286
平生各轉蓬,生理飄蕩拙,0.8286970550364172
未曾接樽酒,何時一樽酒,0.8327516125752921
未曾接樽酒,何知共酒杯,0.8207296109722733
未曾接樽酒,對酒不能喫,0.8000568073803
未曾接樽酒,寧辭酒盞空,0.8117181846364898
未曾接樽酒,開樽獨酌遲,0.8090973724082566
未曾接樽酒,誰能載酒開金盞,0.8336540273245368
未曾接樽酒,謫官樽酒定常開,0.8086999419550831
未曾接樽酒,日夜倒芳樽,0.8143150602508799
未曾接樽酒,邀我嘗春酒,0.8264405678355992
未曾接樽酒,洗盞開嘗對馬軍,0.8128690344033663
未曾接樽酒,清樽幸不空,0.8171806479465467
未曾接樽酒,未許醉相留,0.8092359689514592
未曾接樽酒,把臂開樽飲我酒,0.8541568344525761
未曾接樽酒,爛漫倒芳樽,0.8010076312746361
未曾接樽酒,行酒賦詩殊未央,0.8067117948882385
未曾接樽酒,宿昔奉清樽,0.8197205856241203
未曾接樽酒,開筵得屢供,0.8058670640147556
未曾接樽酒,衢尊不重飲,0.8169774591736887
寄聲維勞勤,勞心焦思補四方,0.8081747001285343
寄聲維勞勤,報兹劬勞願,0.8055167291338188
寄聲維勞勤,畦丁告勞苦,0.8078757987294821
寄聲維勞勤,翅垂口噤心勞勞,0.8024787430828195
江路常永久,會合苦不久,0.8051170660431008
節物居然秋,時物正蕭森,0.8240487735500767
蜕蟲悲高柳,森木亂鳴蟬,0.8100365075841818
蜕蟲悲高柳,葉密鳴蟬稠,0.8069561370474218
蜕蟲悲高柳,抱葉寒蟬静,0.8076205094743845
蜕蟲悲高柳,凋喪先蒲柳,0.8024716346423282
蜕蟲悲高柳,窮猿失木悲,0.8091945676479408
蜕蟲悲高柳,落樹有驚蟬,0.8165840125938117
蜕蟲悲高柳,寒蟬碧樹秋,0.822188791017709
傳聞闢學館,竊聞天子已傳位,0.8088677133673574
傳聞闢學館,傳道東柯谷,0.8108496521809812
傳聞闢學館,聞道蓬萊殿,0.8215669482216752
傳聞闢學館,嘗聞蓬萊殿,0.8271896435893804
傳聞闢學館,家遠傳書日,0.8000119136009084
傳聞闢學館,遥聞盛禮新,0.8036404856883408
傳聞闢學館,宅入先賢傳,0.8179005233902905
傳聞闢學館,遠聞房太尉,0.8199083575344233
傳聞闢學館,初傳發閬州,0.8167969982148167
傳聞闢學館,間道傳玉册,0.8010748043986784
傳聞闢學館,昔觀文苑傳,0.8441207083358031
傳聞闢學館,講殿闢書帷,0.8491412298247452
傳聞闢學館,曾聞宋玉宅,0.8215955487412656
傳聞闢學館,重聞西方止觀經,0.8129288155579825
傳聞闢學館,晚聞多妙教,0.8216177073854063
皷士薦豚韭,野果充糇糧,0.8085279019952241
皷士薦豚韭,黄雀飽野粟,0.8105385471398969
能使珥筆黔,啖侯筆不停,0.8062286978142807
能使珥筆黔,筆陣獨掃千人軍,0.8015946223574323
能使珥筆黔,縱使盧王操翰墨,0.8648488068552832
能使珥筆黔,直筆在史臣,0.8185966365546442
能使珥筆黔,厲階董狐筆,0.805857154403836
稍知忠信有,詩義早知名,0.8091207429703331
稍知忠信有,所愧國士知,0.8032216789595772
稍知忠信有,終古立忠義,0.8012492141582193
稍知忠信有,義仗知者論,0.8061166688291626
稍知忠信有,乃知君子心,0.8083255378361278
稍知忠信有,熟知二謝將能事,0.8031378649828893
稍知忠信有,可憐忠與孝,0.8173282673434044
稍知忠信有,自古求忠孝,0.8196026932938766
稍知忠信有,老夫今始知,0.8016694762594847
稍知忠信有,未見有知音,0.8141715463276942
驕虎縮爪距,猛噬失蹻騰,0.8098943265415552
驕虎縮爪距,鷹隼亦屈猛,0.8292767979673501
驕虎縮爪距,蒼鼠竄古瓦,0.8089853837444696
驕虎縮爪距,猛虎立我前,0.8122483748618203
驕虎縮爪距,欲出畏虎狼,0.8139864113673847
驕虎縮爪距,騂弓金爪鏑,0.8503051315601005
驕虎縮爪距,猛虎憑其威,0.8035547075130292
驕虎縮爪距,蒼鷹饑啄泥,0.8108910991121405
驕虎縮爪距,前有毒蛇後猛虎,0.8175088152460013
驕虎縮爪距,峽深豺虎驕,0.8098659572487318
驕虎縮爪距,羣盗亂豺虎,0.8066981417089951
驕虎縮爪距,聲吼纏猛虎,0.8043455119041291
驕虎縮爪距,觜距還污席,0.8189531474014606
驕虎縮爪距,貙虎噉豺狼,0.8198684559878879
驕虎縮爪距,蛟龍盤拿肉屈强,0.8043048066908925
驕虎縮爪距,猛蛟突獸紛騰逃,0.819128548554668
驕虎縮爪距,角鷹倒翻壯士臂,0.8037669811652131
驕虎縮爪距,猛虎卧在岸,0.8367512547180498
驕虎縮爪距,牛馬毛寒縮如蝟,0.8075089504209438
詩禮開户牖,朝光入甕牖,0.8065678401641196
詩禮開户牖,誰復依户牖,0.8349308308531405
詩禮開户牖,鑿翠開户牖,0.8645798798994786
詩禮開户牖,户牖憑高發興新,0.8173446231309831
詩禮開户牖,户牖粲可數,0.8315171957584596
詩禮開户牖,鳥雀噪户牖,0.8000328014291076
詩禮開户牖,真氣驚户牖,0.8582805567791549
事勝感邦人,事殊興極憂思集,0.828951983057659
事勝感邦人,思吴勝事繁,0.8260152713048268
伐山謀不朽,戰骨當速朽,0.8210488166765042
伐山謀不朽,製此今頽朽,0.8012175115343367
伐山謀不朽,晉山雖自棄,0.8013635656666813
伐山謀不朽,不顧剪伐殘,0.8052758991503419
伐山謀不朽,未念將朽骨,0.8024489807461246
伐山謀不朽,伐叛必全懲,0.8016671990401487
伐山謀不朽,不才甘朽質,0.8297276758457979
武功筆如椽,筆陣獨掃千人軍,0.8121922289178054
武功筆如椽,凌雲健筆意縱横,0.8042463327295333
武功筆如椽,才力應難跨數公,0.8191332835266615
武功筆如椽,行諸直如筆,0.8101874341818076
武功筆如椽,聲華當健筆,0.8169024700594576
武功筆如椽,波濤良史筆,0.8034413578668228
武功筆如椽,詩家筆勢君不嫌,0.8166796849958069
文字爛瓊玖,雕章五色筆,0.8329867098641776
文字爛瓊玖,高文擲綵箋,0.8160100972230264
謂予有書癖,學詩猶孺子,0.811773903670431
謂予有書癖,蔡子勇成癖,0.8389156366624375
謂予有書癖,鄧公馬癖人共知,0.8239829932285005
謂予有書癖,有子賢與愚,0.801076314446485
謂予有書癖,知余懶是真,0.8007119036133064
謂予有書癖,爲人性僻耽佳句,0.8268102653101388
謂予有書癖,漫卷詩書喜欲狂,0.8050033363735797
謂予有書癖,書偕褚薛能,0.8029547693320835
謂予有書癖,我病書不成,0.81091519888475
摹篆寫科斗,蟲篆丹青廣,0.820055127044481
摹篆寫科斗,大字猶在牓,0.8301105813286835
摹篆寫科斗,蟲蛇穿畫壁,0.8087007261774225
摹篆寫科斗,辯眼工小字,0.8305213932375655
不珍金石刻,秋花錦石誰能數,0.8060482547139718
不珍金石刻,刻銘天山石,0.8382918077352258
不珍金石刻,金璞無留礦,0.86192459283612
不珍金石刻,頭陀琬琰鐫,0.8010313711873798
不珍金石刻,刻泥爲之最易得,0.8137677382267208
不珍金石刻,保愛金石堅,0.8178943137855555
要我一揮肘,折尾能一掉,0.8188498287739046
要我一揮肘,窮秋一揮淚,0.8061440770886319
要我一揮肘,爲我一澘然,0.8040359179807839
要我一揮肘,脱粟爲爾揮,0.8400782160896905
要我一揮肘,失涕萬人揮,0.806344749592114
安知乃兒戲,信知生男惡,0.8114363366761734
安知乃兒戲,健兒寧鬭死,0.8141145385740324
安知乃兒戲,男兒生世間,0.818853617999814
安知乃兒戲,遥憐小兒女,0.821550486259204
安知乃兒戲,男兒性命絶可憐,0.8252288288368552
安知乃兒戲,自嗟貧家女,0.8006649159272441
安知乃兒戲,癡兒不知父子禮,0.8242271225618151
安知乃兒戲,小兒五歲氣食牛,0.8090161610293904
安知乃兒戲,丈夫生兒有如此二雛者,0.8022699461110857
安知乃兒戲,學語小兒知姓名,0.8056264343265536
安知乃兒戲,自哂同嬰孩,0.8019881618991396
安知乃兒戲,豈惟長兒童,0.846122675273101
安知乃兒戲,何似兒童歲,0.81369971465448
安知乃兒戲,相識自兒童,0.8119715867077553
安知乃兒戲,何幸飫兒童,0.8020076621979332
安知乃兒戲,乃知苦苣輩,0.8023665829839479
安知乃兒戲,此身仗兒僕,0.8126862393270081
安知乃兒戲,遠遊長兒子,0.8077880035224231
敢傳萬世後,迥繼先父祖,0.821041203793294
敢傳萬世後,千秋萬歲名,0.8260039007752575
敢傳萬世後,世祖修高廟,0.8177662029278849
敢傳萬世後,古老相傳二百年,0.8041479178742164
敢傳萬世後,此堂豈千年,0.801614793832587
敢傳萬世後,不知百載後,0.852122128641533
敢傳萬世後,勿矜千載後,0.8561782650146387
敢傳萬世後,宅入先賢傳,0.8213219594332846
敢傳萬世後,付與後世傳,0.8830723966864411
敢傳萬世後,誰並百代則,0.8329436814391049
敢傳萬世後,嶷然大賢後,0.8024985383050829
敢傳萬世後,豈獨勸後世,0.8274029229895865
敢傳萬世後,古者三皇前,0.8050470754586738
敢傳萬世後,丈人嗣三葉,0.8243347013307849
敢傳萬世後,尚書勳業超千古,0.807261924216166
敢傳萬世後,風流後代希,0.8231317057289413
摩拂幼婦篇,虚傳幼婦碑,0.8133839396625657
公其勤勞來,告我欲遠適,0.8218534150173455
公其勤勞來,胡爲君遠行,0.8135114976676945
公其勤勞來,勉强終勞苦,0.8035191936976593
公其勤勞來,藏身方告勞,0.818498646822322
公其勤勞來,此生何太勞,0.8005390329185627
公其勤勞來,遠行不勞吉日出,0.8142329161607731
公其勤勞來,報兹劬勞願,0.8184330620385216
公其勤勞來,畦丁告勞苦,0.847420172280017
公其勤勞來,謝爾從者勞,0.8501966318462941
嘉政民父母,嘉謨及遠黎,0.8270136045410346
嘉政民父母,孝理敦國政,0.8014293556676835
嘉政民父母,聖人筐篚恩,0.8201727393393925
嘉政民父母,實願邦國活,0.8140457033547646
嘉政民父母,所愧爲人父,0.8017289309470097
嘉政民父母,家貧仰母慈,0.8134547850587176
嘉政民父母,仗爾布嘉惠,0.849766832661088
嘉政民父母,族父領元戎,0.8003582331304695
嘉政民父母,其王願助順,0.8215701372082129
嘉政民父母,父母養我時,0.854570774995572
嘉政民父母,今王德教淳,0.8147479395908124
嘉政民父母,恩始夫婦恭,0.8232921610959736
嘉政民父母,皇天德澤降,0.8016774436365861
嘉政民父母,歷職匪父任,0.8223173162637357
嘉政民父母,祀事親聖躬,0.820782656144234
嘉政民父母,天子惟孝孫,0.8099142541878663
嘉政民父母,下憫萬民瘡,0.8104162159997413
嘉政民父母,天王日儉德,0.8531719761337049
嘉政民父母,實維親弟昆,0.8098546989280746
嘉政民父母,邦人思之比父母,0.8403683179420514
嘉政民父母,爾之高祖母,0.8031613170234395
嘉政民父母,賢良歸盛族,0.8059483075034314
不用琢蒼崖,業白出石壁,0.8026205182367885
不用琢蒼崖,能添老樹巔崖裏,0.8358598535000037
不用琢蒼崖,蒼崖吼時裂,0.8078785181918002
不用琢蒼崖,真骨老崖嶂,0.8184591639337041
不用琢蒼崖,刻銘天山石,0.8018566035740677
不用琢蒼崖,雪崖纔變石,0.8037258454340872
豐碑在人口,孤嶂秦碑在,0.8141553790259399
豐碑在人口,汝書猶在壁,0.8005772044245514
豐碑在人口,碑碣舊製存,0.8230809411330617
豐碑在人口,大字猶在牓,0.8084634418355197
豐碑在人口,吾家碑不昧,0.8164075753993146
虎豹文章非一斑,名豈文章著,0.8048147056914835
虎豹文章非一斑,怪爾常穿虎豹羣,0.8074362359635419
乳雉五色蜃胎寒,龍鱗犀甲相錯落,0.8036262745294952
乳雉五色蜃胎寒,銅盤燒蠟光吐日,0.8015386658525603
天生材器各有用,物性固難奪,0.8155283653543086
天生材器各有用,至性有此不,0.802308625908736
天生材器各有用,材力爾精靈,0.8364716099441174
天生材器各有用,生事不自謀,0.8426207649681914
天生材器各有用,物理固自然,0.8315952665444474
天生材器各有用,方知不材者,0.8095025015332742
天生材器各有用,政化錯迕失大體,0.8217948619670009
天生材器各有用,詭怪何得參人謀,0.80052298885946
天生材器各有用,於身色有用,0.812512356663986
天生材器各有用,將軍畫善蓋有神,0.8053441506819927
天生材器各有用,生理不得論,0.8109448026849269
天生材器各有用,人生流滯生理難,0.804195375562463
天生材器各有用,當時無凡材,0.8180037224521168
天生材器各有用,古來材大難爲用,0.8638460612447267
天生材器各有用,安危須仗出羣材,0.8037682028483129
天生材器各有用,天然生知資,0.811957099997512
天生材器各有用,全生或用奇,0.8259090722767468
天生材器各有用,人生快意多所辱,0.81447200583235
天生材器各有用,於時國用富,0.8147108511684436
天生材器各有用,有才無命百僚底,0.8161556916071062
天生材器各有用,時危始識不世才,0.801678135022199
天生材器各有用,生男墮地要膂力,0.8169913194435899
天生材器各有用,人生萬事無不有,0.8127945543912758
天生材器各有用,理亂豈恒數,0.8012685590348861
天生材器各有用,神器資强幹,0.8112903641398042
相如名獨重太山,不獨卿相尊,0.8433004570201579
相如名獨重太山,郭薛俱才賢,0.8117265624822637
相如名獨重太山,安石名高晉,0.8127154959511325
相如名獨重太山,之官宅相賢,0.8067145061086213
相如名獨重太山,顔氏之子才孤標,0.8038278293226526
相如名獨重太山,名器重雙全,0.8037157526899958
風流小謝宣城後,王謝風流遠,0.878114523599597
風流小謝宣城後,詩接謝宣城,0.8637424702394962
風流小謝宣城後,風流漢署郎,0.8013362604155058
風流小謝宣城後,風流後代希,0.8186411783120027
少年如春膽如斗,少壯幾時奈老何,0.821890004376971
少年如春膽如斗,宏壯不如初,0.8098772624780222
少年如春膽如斗,壯士淚如水,0.807455016918762
裕陵書藁公不朽,其人骨已朽,0.8003291446364029
裕陵書藁公不朽,青青不朽豈楊梅,0.8183214003966603
裕陵書藁公不朽,庾信文章老更成,0.8070831468908033
裕陵書藁公不朽,郎有焦校書,0.8085150806388071
裕陵書藁公不朽,君不見金粟堆前松柏裏,0.8123326971498868
裕陵書藁公不朽,老儒不用尚書郎,0.8282680031903906
裕陵書藁公不朽,青史字不泯,0.8073825440259825
裕陵書藁公不朽,尚思未朽骨,0.8320719174383491
裕陵書藁公不朽,秦有李斯漢蔡邕,0.8083708843847425
裕陵書藁公不朽,已老尚書郎,0.8002441314053659
裕陵書藁公不朽,君不見夔子之國杜陵翁,0.8121386667661836
裕陵書藁公不朽,尚書勳業超千古,0.8086808930660456
裕陵書藁公不朽,賈生骨已朽,0.8133524763243976
裕陵書藁公不朽,盛事垂不朽,0.8081259598438286
裕陵書藁公不朽,弟姪雖存不得書,0.8117769645575947
裕陵書藁公不朽,吾家碑不昧,0.8043573969872784
持心鐵石要長久,保愛金石堅,0.8097705080271915
八月梨棗紅,六月風日冷,0.8192769310823982
八月梨棗紅,七月六日苦炎蒸,0.8091493145204127
八月梨棗紅,豆子雨已熟,0.8063599769985395
八月梨棗紅,四月熟黄梅,0.8592743254940711
八月梨棗紅,三月桃花浪,0.8035964574111141
八月梨棗紅,二月六夜春水生,0.8160844879953222
八月梨棗紅,庭前八月梨棗熟,0.9328692272161218
八月梨棗紅,後於桃李熟,0.8159136889777302
八月梨棗紅,重來梨葉赤,0.8054789005989651
八月梨棗紅,赤梨蒲萄寒露成,0.8009216979155385
八月梨棗紅,六月青稻多,0.8134327177473935
繞墻風自落,葉稀風更落,0.8180645769862451
繞墻風自落,秋庭風落果,0.8024101107359491
江南風雨餘,移因風雨秋,0.8090626161263405
江南風雨餘,江南瘴癘地,0.827034477647427
江南風雨餘,天涯歇滯雨,0.8015598397673914
江南風雨餘,終嗟風雨頻,0.8083292861785168
江南風雨餘,宿雨南江漲,0.8402695402367903
江南風雨餘,南國旱無雨,0.8006405240601925
江南風雨餘,江北江南春冬花,0.8232900980187003
江南風雨餘,江上日多雨,0.835335734881993
江南風雨餘,荆揚冬春異風土,0.8022334154916926
江南風雨餘,荆揚風土暖,0.800345609898774
江南風雨餘,江上今朝寒雨歇,0.847929154103437
江南風雨餘,江中風浪雨冥冥,0.8335404866374904
江南風雨餘,江雨舊無時,0.8054753713333245
江南風雨餘,十月荆南雷怒號,0.8030733065456965
江南風雨餘,江湖春欲暮,0.8088208930734472
江南風雨餘,北風昨夜雨,0.8278221794497141
江南風雨餘,風雨暗荆蠻,0.8570394400384569
江南風雨餘,湖南冬不雪,0.8113936298405875
江南風雨餘,正是江南好風景,0.8049559960087076
未覺衣衾薄,雲卧衣裳冷,0.8290552604953436
未覺衣衾薄,衣冷欲裝綿,0.815172079436998
未覺衣衾薄,衾裯稍羅列,0.8285466499874625
未覺衣衾薄,山添扇枕涼,0.8033023809388552
未覺衣衾薄,歲暮衣裳單,0.8361127995120526
未覺衣衾薄,天寒翠袖薄,0.8273692362816396
未覺衣衾薄,寒重繡被眠,0.8114411162857702
未覺衣衾薄,我實衣裳單,0.8192401259433308
未覺衣衾薄,衣乾枕席清,0.8315694733693353
未覺衣衾薄,布衾多年冷似鐵,0.8235855063757583
未覺衣衾薄,冬來只薄寒,0.8043790759192035
未覺衣衾薄,地偏初衣裌,0.8087611080584547
未覺衣衾薄,寒衣寬總長,0.8028451299427953
未覺衣衾薄,舟中得病移衾枕,0.8050425636640575
未覺衣衾薄,微冷先枕席,0.8242373945233025
未覺衣衾薄,寒膩黑貂裘,0.8231886170251412
未覺衣衾薄,御裌侵寒氣,0.831359946872868
未覺衣衾薄,覺君衣裳單,0.8798669534085077
壁蟲憂寒來,坐客寒無氈,0.8158023601462495
壁蟲憂寒來,救汝寒凛慄,0.8034531342600535
壁蟲憂寒來,老雁春忍饑,0.8249588404029726
壁蟲憂寒來,且復傷其寒,0.8016515919966498
壁蟲憂寒來,味苦夏蟲避,0.827757490650771
壁蟲憂寒來,秋蟲聲不去,0.8133040896825646
壁蟲憂寒來,無衣牀夜寒,0.8116518376415689
壁蟲憂寒來,飢寒日啾啾,0.8328818399568774
壁蟲憂寒來,苦飢始得食一蟲,0.8016794653658952
壁蟲憂寒來,秋至轉飢寒,0.8149866543286495
壁蟲憂寒來,誅叛經寒温,0.8085739955642025
壁蟲憂寒來,饑寒迫向隅,0.8039224391599278
催婦織衣著,嫁女與征夫,0.8221818237383395
催婦織衣著,促織甚微細,0.8057090246470238
催婦織衣著,故使籠寬織,0.8002552415804136
催婦織衣著,女長裁褐穩,0.8203413723084861
荒畦杞菊花,南山豆苗早荒穢,0.8380414023029243
荒畦杞菊花,庭前甘菊移時晚,0.807966391570609
荒畦杞菊花,時菊碎榛叢,0.8571839874264715
荒畦杞菊花,雨荒深院菊,0.8080769517241861
荒畦杞菊花,藩籬帶松菊,0.8232595054419414
荒畦杞菊花,寒城菊自花,0.8043052152249333
荒畦杞菊花,芳菲緣岸圃,0.8057495286019561
荒畦杞菊花,籬外黄花菊對誰,0.8206690128890846
荒畦杞菊花,蕪蔓少耘鋤,0.8238139119487239
荒畦杞菊花,藩籬生野徑,0.8106274933007622
荒畦杞菊花,短畦帶碧草,0.8003052433631366
荒畦杞菊花,荒階蔓草茅,0.8365830370081162
荒畦杞菊花,荒榛農復秋,0.83502377473034
荒畦杞菊花,疏籬野蔓懸,0.8080607447830095
荒畦杞菊花,荒蕪已荷鋤,0.828454765798831
荒畦杞菊花,蕪没瀟岸千株菊,0.8041781813891491
荒畦杞菊花,故畦遺穗已蕩盡,0.8085137052193658
猶用充羹臛,蔬食常不飽,0.8084584947583664
猶用充羹臛,誰與討蓴羹,0.8148348042754607
猶用充羹臛,野果充糇糧,0.8096798184782615
猶用充羹臛,猶得備晨炊,0.8127513676983528
猶用充羹臛,充腸多薯蕷,0.8182460279756572
猶用充羹臛,蔗漿歸廚金碗凍,0.8049717967020703
猶用充羹臛,催蓴煮白魚,0.8034826588838573
猶用充羹臛,肉味不足登鼎俎,0.8535965448393896
猶用充羹臛,欲須供給家無粟,0.8027419536408218
猶用充羹臛,愧客茹藜羹,0.8235104737901189
猶用充羹臛,蒸魚聞匕首,0.8154498590439428
猶用充羹臛,充庖爾輩堪,0.8079754025616359
猶用充羹臛,脂膏兼飼犬,0.8013576805372805
猶用充羹臛,肉食哂菜色,0.8180104870307107
猶用充羹臛,香飯兼苞蘆,0.8053359578930726
猶用充羹臛,試問甘藜藿,0.8059535267134792
猶用充羹臛,敕廚惟一味,0.8329797022660363
猶用充羹臛,羹煑秋蓴滑,0.8384805432602525
猶用充羹臛,飯糲添香味,0.8208368480163877
猶用充羹臛,山家蒸栗暖,0.8046204479364376
猶用充羹臛,焦糖幸一柈,0.8440572346002206
猶用充羹臛,盤飧詎糝藜,0.8552846483141521
猶用充羹臛,魚饑費香餌,0.8066306582391418
猶用充羹臛,溜匙兼煖腹,0.8044336826229219
猶用充羹臛,强飯蓴添滑,0.8118978598043943
連日無酒飲,緑樽須盡日,0.8051121321875971
連日無酒飲,沽酒不復疑,0.8324066387352336
連日無酒飲,密沽斗酒諧終宴,0.805959430140127
連日無酒飲,借問有酒不,0.8013629778303554
連日無酒飲,每過得酒傾,0.8472979649746559
連日無酒飲,如今足斟酌,0.8103520887744191
連日無酒飲,縱酒欲謀良夜醉,0.8379855007136077
連日無酒飲,對酒不能喫,0.8110302811529981
連日無酒飲,速宜相就飲一斗,0.8006115756799007
連日無酒飲,十觴亦不醉,0.8206758860783725
連日無酒飲,爲君酤酒滿眼酤,0.824189424559685
連日無酒飲,邀我嘗春酒,0.8195942603788593
連日無酒飲,無忘酒共持,0.8106765599059008
連日無酒飲,把臂開樽飲我酒,0.8349737899621541
連日無酒飲,勸酒欲無辭,0.8507235158179973
連日無酒飲,長日容杯酒,0.8436349992804633
連日無酒飲,酒憶郫筒不用酤,0.8118785998813587
連日無酒飲,先𢬵一飲醉如泥,0.8031401995781873
連日無酒飲,共給酒一斛,0.8074669252467648
連日無酒飲,對月那無酒,0.8214507218126683
連日無酒飲,暇日從時飲,0.8116857540803197
連日無酒飲,瓮餘不盡酒,0.8717338114871385
連日無酒飲,衢尊不重飲,0.8180520553995785
連日無酒飲,醉酒或連朝,0.8634554765198641
連日無酒飲,市鬻充杯酒,0.8036771333933111
令人風味惡,相逢苦覺人情好,0.8080105692522934
令人風味惡,更被時俗惡,0.8284322589958671
令人風味惡,遠遊令人瘦,0.8033652332213146
令人風味惡,形勝有餘風土惡,0.8327899497007432
頗似揚子雲,君不見徐卿二子生絶奇,0.8066392649699511
頗似揚子雲,似聞昨者赤松子,0.8058206161321382
頗似揚子雲,昔有佳人公孫氏,0.8055196801023884
家貧官落魄,貧窶有倉卒,0.8193647469754743
家貧官落魄,居人莽牢落,0.8150608057948382
家貧官落魄,家貧苦宦卑,0.8482514724144301
家貧官落魄,貧病轉零落,0.8133132669263028
家貧官落魄,貧病他鄉老,0.8062245123023863
家貧官落魄,將老憂貧窶,0.8075771913269737
家貧官落魄,家貧卧炎蒸,0.8179314033472126
家貧官落魄,牢落官軍遠,0.8060252389319102
家貧官落魄,兵久食恐貧,0.8002681032701275
家貧官落魄,牢落吾安放,0.8121931953469472
家貧官落魄,此去苦家貧,0.853706214088588
家貧官落魄,貧窮老瘦家賣屩,0.8242729190150194
家貧官落魄,家貧無供給,0.8193554497953802
忽聞輶軒書,但見書畫傳,0.8120626829489075
忽聞輶軒書,昔獻書畫圖,0.8013371207458401
澁讀勞輔齶,遷延胝研瘡,0.8026764376271759
虚堂漏刻間,隨肩趨漏刻,0.8014870569760479
虚堂漏刻間,可惜刻漏隨更箭,0.8050312762644967
九土可領略,九里信不通,0.8030215420931366
喜我識字博,李邕求識面,0.802494990957591
喜我識字博,猥誦佳句新,0.8135831785842287
喜我識字博,問之不肯道姓名,0.8157794949979642
喜我識字博,記一不識十,0.8159115511411121
喜我識字博,老病不識路,0.839073761049468
喜我識字博,未必能達道,0.8006240152600927
喜我識字博,默識蓋不早,0.8146596696065477
喜我識字博,向子識損益,0.8199970517919215
喜我識字博,畜眼未見有,0.8273057661768519
喜我識字博,但見書畫傳,0.8050205710750821
喜我識字博,豈識悔吝先,0.8085067219193752
喜我識字博,識者安肯哂,0.8116777504251611
喜我識字博,小兒學問止論語,0.8155981912967456
喜我識字博,不復見顔鮑,0.809230707602713
喜我識字博,成字讀亦誤,0.8304409536802216
喜我識字博,辯眼工小字,0.832941487215898
喜我識字博,念我能書數字至,0.8233470362861881
設心更自笑,小心恐懼閉其口,0.8068767248109396
往時抱經綸,有時經契闊,0.8154998633073399
往時抱經綸,自昔有經綸,0.8743592346673172
往時抱經綸,經綸中興業,0.8065606588145285
往時抱經綸,志屈偃經綸,0.8320848755179852
往時抱經綸,賢豪贊經綸,0.8032715004966111
往時抱經綸,經綸亦俱有,0.8447127085547271
卜師非熊羆,畋獵舊非熊,0.8450166163872597
卜師非熊羆,熊羆守翠微,0.8060787221712962
卜師非熊羆,熊羆咆我東,0.8564958681816666
卜師非熊羆,渭老得熊羆,0.8557085489815959
卜師非熊羆,熊羆覺自肥,0.8084521264752931
卜師非熊羆,號怒怪熊羆,0.8055237528075805
卜師非熊羆,空荒咆熊羆,0.8060638869604396
卜師非熊羆,熊羆載吕望,0.8289290477483988
夢相解靡索,感應吉夢相追隨,0.8078947143556632
所欲吾未奢,役夫敢伸恨,0.8005219544287828
所欲吾未奢,所須亦易求,0.8228266703186726
所欲吾未奢,吾衰未自由,0.815233574352089
所欲吾未奢,我衰不足道,0.811891113253872
所欲吾未奢,吾衰尤計拙,0.805016947731513
所欲吾未奢,衆力亦不細,0.8146173714992018
所欲吾未奢,賤子欲適從,0.812671590067759
所欲吾未奢,得志行所爲,0.8283059585146677
儻使耕可穫,稼穡不可救,0.8421626171607621
儻使耕可穫,故者或可掘,0.8097959191540767
儻使耕可穫,一寸荒田牛得耕,0.8080532651182702
今年美牟麥,且如今年冬,0.8322376192823675
今年美牟麥,崆峒小麥熟,0.8099334375016967
今年美牟麥,今秋乃淫雨,0.822698748657738
今年美牟麥,稉稻來東吳,0.8342657776665872
今年美牟麥,今已十月後,0.8098712401050827
今年美牟麥,賴知禾黍收,0.8130067308582988
今年美牟麥,春苗九月交,0.8094493893330252
今年美牟麥,豆子雨已熟,0.8285555279221108
今年美牟麥,已喜黍豆高,0.8178186312403606
今年美牟麥,農人望歲稔,0.8180008377712327
今年美牟麥,此物頗豐熟,0.8037253348018969
今年美牟麥,今春看又過,0.8100862965852578
今年美牟麥,徼麥早向熟,0.8123115870792176
今年美牟麥,野多青青麥,0.8024298316162685
今年美牟麥,山田麥無隴,0.8038243403948515
今年美牟麥,六月青稻多,0.8285235898645266
今年美牟麥,豐苗亦已穊,0.8332014309586813
今年美牟麥,漸知秋實美,0.8222471541062834
今年美牟麥,種幸房州熟,0.81562905656612
今年美牟麥,昨日晚晴今日黑,0.8059385125962792
今年美牟麥,今年米賤太傷農,0.808213938435945
今年美牟麥,橘洲田土仍膏腴,0.8051449910083583
厨饌豐餅拓,御厨絡繹送八珍,0.8222233751851444
厨饌豐餅拓,爲我力致美肴膳,0.8435052007800177
厨饌豐餅拓,野果充糇糧,0.8287192961549588
厨饌豐餅拓,新炊間黄粱,0.8002781863731437
厨饌豐餅拓,香美勝牛乳,0.8101215164568409
厨饌豐餅拓,充腸多薯蕷,0.806386429223275
厨饌豐餅拓,蔗漿歸廚金碗凍,0.8453502691416791
厨饌豐餅拓,催蓴煮白魚,0.8014913614554793
厨饌豐餅拓,肉味不足登鼎俎,0.8538733029872325
厨饌豐餅拓,稻米流脂粟米白,0.8095108980003974
厨饌豐餅拓,彫胡炊屢新,0.8320104851650921
厨饌豐餅拓,裂餅嘗所愛,0.8170751809273253
厨饌豐餅拓,蒙將玉饌俱,0.8031400943682733
厨饌豐餅拓,肉食哂菜色,0.8164842375987319
厨饌豐餅拓,入鼎資過熟,0.800576345793955
厨饌豐餅拓,玉粒足晨炊,0.8060835371563149
厨饌豐餅拓,富家厨肉臭,0.8097642003425791
厨饌豐餅拓,敕廚惟一味,0.8270674549737054
厨饌豐餅拓,羹煑秋蓴滑,0.8179392765189125
厨饌豐餅拓,飯糲添香味,0.8131444087367314
厨饌豐餅拓,焦糖幸一柈,0.8174094799211307
厨饌豐餅拓,敕廚倍常羞,0.8052318750082941
厨饌豐餅拓,盤飧詎糝藜,0.8013340609355073
厨饌豐餅拓,魚饑費香餌,0.8226524329039544
厨饌豐餅拓,客子庖厨薄,0.8053259465786585
厨饌豐餅拓,市鬻充杯酒,0.817397242395234
摩莎腹中書,腹中書籍幽時曬,0.8367833417256654
摩莎腹中書,經書滿腹中,0.8545274391330502
安知非糟粕,性亦嗜醇酎,0.8023050906473022
安知非糟粕,吾知拙養尊,0.8143922387956588
心解廢耳目,幽事亦可悦,0.800638009479572
心解廢耳目,畜眼未見有,0.8077925267742163
心解廢耳目,令我心悦懌,0.8267484859110882
短生行衰謝,鄙夫行衰謝,0.8618217242340728
短生行衰謝,無才日衰老,0.8282698608343477
短生行衰謝,我衰更懶拙,0.8104926816427431
短生行衰謝,衰謝多扶病,0.8123555337773478
短生行衰謝,窮途衰謝意,0.8167728261126859
短生行衰謝,衰病已成翁,0.8014324434219684
短生行衰謝,殘生一老翁,0.804152518730237
短生行衰謝,歎及老夫衰,0.8003490390490625
短生行衰謝,吾衰怯行邁,0.8409878021931876
短生行衰謝,我今衰老才力薄,0.8089844276388642
短生行衰謝,衰老自成病,0.810398325992995
短生行衰謝,留滯嗟衰疾,0.8145580911961603
短生行衰謝,攲倒衰年廢,0.8226047118041008
黄落看草木,雨中百草秋爛死,0.8217616869539551
黄落看草木,歲暮百草零,0.806049803727054
黄落看草木,取别何草草,0.8030706992843333
黄落看草木,積屍草木腥,0.8164140186783484
黄落看草木,零落依草木,0.8722404674251707
黄落看草木,草木歲月晚,0.812461458862396
黄落看草木,山谷落葉赤,0.8016572682051406
黄落看草木,草木未黄落,0.9278451142647377
黄落看草木,鹵中草木白,0.8758749706417831
黄落看草木,空山草木長,0.8315664593645318
黄落看草木,清秋草木黄,0.8415541717408874
黄落看草木,黄落驚山樹,0.8320385215674484
黄落看草木,青草萋萋盡枯死,0.8091765541172279
無懷世不知,人實不易知,0.8030169620456244
無懷世不知,君意人莫知,0.8236878440996888
無懷世不知,不示知禁情,0.8091539838481465
無懷世不知,不知有主客,0.8254682631836632
有酒客可速,有客雖安命,0.8134154881228106
有酒客可速,沽酒不復疑,0.8366807416148534
有酒客可速,借問有酒不,0.8808297009026957
有酒客可速,如澠之酒常快意,0.8324288721740417
有酒客可速,每過得酒傾,0.800402583312485
有酒客可速,縱酒欲謀良夜醉,0.8135853907452044
有酒客可速,對酒不能喫,0.8148202959377044
有酒客可速,久客得無淚,0.8032285590682352
有酒客可速,有客有客字子美,0.8690258585675119
有酒客可速,鄰人有美酒,0.8265766038449758
有酒客可速,瓶中得酒還,0.8078160092264159
有酒客可速,主人送客何所作,0.8208270163706128
有酒客可速,勸酒欲無辭,0.8157307726795971
有酒客可速,對月那無酒,0.8062353179655279
有酒客可速,不知有主客,0.8082528061193801
有酒客可速,瓮餘不盡酒,0.8296379450944986
誰能縛詩書,可以賦新詩,0.8061068540410964
誰能縛詩書,誰能更拘束,0.8238990674528197
誰能縛詩書,焉得附書與我軍,0.8229358175267059
誰能縛詩書,詩書遂牆壁,0.8171535621384467
誰能縛詩書,書亂誰能帙,0.838463693494649
誰能縛詩書,老妻書數紙,0.8058602532779036
誰能縛詩書,老儒不用尚書郎,0.8007768673023827
誰能縛詩書,念我能書數字至,0.8021364542866718
誰能縛詩書,人日題詩寄草堂,0.8020992773474624
閉門抱羈獨,吾道正羈束,0.800295319703628
閉門抱羈獨,抱病昏忘集,0.8027481810861372
閉門抱羈獨,多病獨愁常閴寂,0.8156153307176346
閉門抱羈獨,柴門老病身,0.826177048043583
閉門抱羈獨,吾老抱疾病,0.8181449850152642
閉門抱羈獨,躊躇慰羈束,0.8022419880638514
閉門抱羈獨,孤城早閉門,0.8505064121281498
閉門抱羈獨,抱病排金門,0.827124286444411
閉門抱羈獨,閉户人高卧,0.8180630917048277
閉門抱羈獨,衰年怯幽獨,0.8104522999011896
閉門抱羈獨,拘悶出門遊,0.8210023375901558
閉門抱羈獨,各已閉柴門,0.8300270412275487
閉門抱羈獨,寒燈亦閉門,0.8031345994577985
閉門抱羈獨,久客掩柴扉,0.8423019615551617
披襟臨江臯,矧茲遠江皋,0.8131368044993521
披襟臨江臯,臨江久徘徊,0.8010461204952187
披襟臨江臯,會子臨江樓,0.8257925849380856
披襟臨江臯,披襟得鄭僑,0.8163042869344395
萬籟發空谷,陰壑生虚籟,0.9062355206322655
萬籟發空谷,萬籟真笙竽,0.8605078432962593
萬籟發空谷,有時自發鐘磬響,0.8484598129908234
萬籟發空谷,鼓角凌天籟,0.8152191506073432
萬籟發空谷,夜鐘清萬户,0.8089709186278116
萬籟發空谷,萬壑樹聲滿,0.8341283182615181
萬籟發空谷,秋風動哀壑,0.8101289912710203
萬籟發空谷,發軔在遠壑,0.8232077853478682
萬籟發空谷,晨溪響虚駃,0.8100423919132076
萬籟發空谷,千崖無人萬壑静,0.843499614244168
萬籟發空谷,欻吸領地靈,0.8050137457060227
風力斜鴈行,風急手足寒,0.8179182994703171
風力斜鴈行,風逆雁無行,0.8759679584659665
山光森雨足,山色佳有餘,0.8192788444152211
山光森雨足,野潤烟光薄,0.8082028425195478
山光森雨足,竹光團野色,0.8445915007761993
山光森雨足,竹風連野色,0.8083196677542999
山光森雨足,林花潤色分,0.8283707850574326
山光森雨足,山庭嵐氣侵,0.8560664500192294
壁蟲先知寒,老雁春忍饑,0.8166040440172768
壁蟲先知寒,味苦夏蟲避,0.82421160028442
壁蟲先知寒,秋蟲聲不去,0.8216521761001294
壁蟲先知寒,誅叛經寒温,0.8021990066029006
機織日夜促,促織甚微細,0.8160232827411157
機織日夜促,貝錦無停織,0.8047216968160937
機織日夜促,織女機絲虚夜月,0.8513236996569346
機織日夜促,良會苦短促,0.8060407758509438
居人思行人,婦人在軍中,0.8074689902834364
居人思行人,當念居者思,0.8151712457144467
裘褐誰結束,短褐風霜入,0.8048618621807047
裘褐誰結束,敝衣何啻聯百結,0.8289856012023771
裘褐誰結束,被褐短窄鬢如絲,0.8008696658771779
裘褐誰結束,諸生舊短褐,0.8365440823925341
裘褐誰結束,與宴非短褐,0.818666714567653
裘褐誰結束,煖客貂鼠裘,0.8365180834885173
裘褐誰結束,尸寢驚敝裘,0.8181463349890513
裘褐誰結束,妻子衣百結,0.8361073293696828
裘褐誰結束,顛倒在裋褐,0.8000885069895398
裘褐誰結束,裋褐卽長夜,0.8376662226284792
裘褐誰結束,裋褐更無營,0.8305891922808166
裘褐誰結束,永夜攬貂裘,0.8049426575426453
裘褐誰結束,貂餘季子裘,0.8196126274319704
裘褐誰結束,苦寒贈我青羔裘,0.8185835368555943
裘褐誰結束,季子黑貂敝,0.8248187549207147
裘褐誰結束,誰憫敝貂裘,0.8112491952051232
行人喜歸來,閭里送我行,0.8139533977152591
行人喜歸來,歸來始自憐,0.8106879851155454
行人喜歸來,今歸行在所,0.8231028063285369
行人喜歸來,歸來權可取,0.8124180556995735
行人喜歸來,歸客千里至,0.8153879914396024
行人喜歸來,客行新安道,0.802889170208704
行人喜歸來,此去必不歸,0.8117417465583978
行人喜歸來,此時與子空歸來,0.8024414193434678
行人喜歸來,東行應暫别,0.808309226944605
行人喜歸來,客從何鄉來,0.8077219409184311
行人喜歸來,歸舟應獨行,0.8519853310432881
行人喜歸來,歸來知路難,0.8631996472619949
行人喜歸來,鄰里喜我歸,0.8399422063296547
行人喜歸來,避熱時來歸,0.8038339470627547
行人喜歸來,歡罷念歸旋,0.804770181423892
行人喜歸來,春歸客未還,0.8503639571332795
行人喜歸來,來歲如今歸未歸,0.8147243283015037
行人喜歸來,歸徑行已昨,0.8168159703174503
行人喜歸來,少年早歸來,0.8238528914404093
行人喜歸來,歸路從此迷,0.800328574806877
邂逅天從欲,邂逅亦相遇,0.8395546049671738
可柰甑生塵,香汗清塵汙顔色,0.8086198797957844
可柰甑生塵,忍爲塵埃没,0.8175832629053601
可柰甑生塵,況我墮胡塵,0.812085166895502
可柰甑生塵,從容静塞塵,0.8125599503845713
可柰甑生塵,塵滿萊蕪甑,0.8048854368014756
可柰甑生塵,世尊亦塵埃,0.8013190915108501
可柰甑生塵,虚殿日塵埃,0.8035758482588318
可柰甑生塵,舊瘴無復似塵埃,0.8101957939867698
可柰甑生塵,舟中無日不沙塵,0.8172398180738554
可柰甑生塵,井竈任塵埃,0.8176570787096247
嚴霜凍杞菊,澗道餘寒歷冰雪,0.8000523209217587
嚴霜凍杞菊,竹枝霜不蕃,0.8231590553930974
嚴霜凍杞菊,霜嚴衣帶斷,0.8062312506819244
嚴霜凍杞菊,救汝寒凛慄,0.8408713634078118
嚴霜凍杞菊,昊天積霜露,0.8298628502395349
嚴霜凍杞菊,陰崖却承霜雪幹,0.8067006810080114
嚴霜凍杞菊,寒城菊自花,0.8018877404160601
嚴霜凍杞菊,不獨避霜雪,0.8245380552305912
嚴霜凍杞菊,秋蔬擁霜露,0.8539024687398774
嚴霜凍杞菊,關河霜雪清,0.816939307678932
嚴霜凍杞菊,增寒抱雪霜,0.8533330858003014
嚴霜凍杞菊,天寒霜雪繁,0.8745630534435673
嚴霜凍杞菊,野客頻留懼雪霜,0.8067234008876962
嚴霜凍杞菊,玄冬霜雪積,0.8805397230040344
嚴霜凍杞菊,紅取風霜實,0.8056711841808424
嚴霜凍杞菊,未效風霜勁,0.8159934491422807
嚴霜凍杞菊,丹桂風霜急,0.8231364234523152
嚴霜凍杞菊,楓丹不爲霜,0.8085451394059445
嚴霜凍杞菊,老樹飽經霜,0.809041978258703
嚴霜凍杞菊,霜露凍階闥,0.8234512141453633
嚴霜凍杞菊,清霜大澤凍,0.8571092683639403
嚴霜凍杞菊,歲暮有嚴霜,0.8535652324419075
嚴霜凍杞菊,天涯霜雪霽寒宵,0.80581417025919
嚴霜凍杞菊,凛冽倦玄冬,0.82710907696246
嚴霜凍杞菊,落刃嚼冰霜,0.8121883406891076
嚴霜凍杞菊,清霜殺氣得憂虞,0.8288794853566661
嚴霜凍杞菊,雪籬梅可折,0.8082745466526711
嚴霜凍杞菊,是日霜風凍七澤,0.8060741485928344
嚴霜凍杞菊,無令霜雪殘,0.8581439462056357
嚴霜凍杞菊,積雪飛霜此夜寒,0.8269210915630867
嚴霜凍杞菊,雖當霰雪嚴,0.8125411819992393
嚴霜凍杞菊,朔雲寒菊倍離憂,0.8205818011164419
春風倚樽俎,且盡芳樽戀物華,0.8057607436855598
春風倚樽俎,日夜倒芳樽,0.8069639522529306
春風倚樽俎,清樽日復斜,0.8070152267562499
春風倚樽俎,玉樽移晚興,0.8026065989844167
緑髮少年時,白髮好禁春,0.8275699844778746
緑髮少年時,羡君齒髮新,0.8076101588743856
緑髮少年時,如今白髮翁,0.8089343090906288
緑髮少年時,百年雙白鬢,0.8069580979679565
緑髮少年時,白髮少新洗,0.8393242295438696
緑髮少年時,花發去年叢,0.8317740272570446
緑髮少年時,不及少年日,0.8032022915518093
緑髮少年時,新梳白髮微,0.8017514918063071
緑髮少年時,漫看年少樂,0.8150626553020658
緑髮少年時,未怪及時少年子,0.8179659343975619
緑髮少年時,但遇新少年,0.804023288766742
酒膽大如斗,酒盡沙頭雙玉瓶,0.8031068542186373
酒膽大如斗,酒闌插劍肝膽露,0.8431513534296585
酒膽大如斗,氣若酣杯酒,0.8137059476924328
當時淮海知,四海猶多難,0.8225077565947967
當時淮海知,平生江海興,0.8047040023845166
當時淮海知,平生江海心,0.8103013766003249
當時淮海知,時邀江海人,0.8224943760622818
當時淮海知,江海由來合,0.8152836585444969
醉眼㮣九州,老氣横九州,0.8264772728515553
何嘗識憂悲,不復同苦辛,0.8038905898177225
何嘗識憂悲,不須聞此意慘愴,0.8025396628022843
何嘗識憂悲,向來哀樂何其多,0.8061172066768281
何嘗識憂悲,如何不飲令心哀,0.8063246895336558
何嘗識憂悲,悲辛但狂顧,0.8111420592561163
何嘗識憂悲,令人幾悲吒,0.8040321687492584
何嘗識憂悲,相遇益愁辛,0.8083101932446042
何嘗識憂悲,我何苦哀傷,0.8381355562297683
何嘗識憂悲,使我嘆恨傷精魂,0.8071770705169492
何嘗識憂悲,亂離減憂慼,0.8026376282973883
何嘗識憂悲,何以慰我悲,0.8467826186292708
何嘗識憂悲,何時免客愁,0.8296428540443892
何嘗識憂悲,多憂增内傷,0.8019183162570861
看雲飛翰墨,揮毫落紙如雲烟,0.8323565651236792
看雲飛翰墨,計疏疑翰墨,0.804850801074293
看雲飛翰墨,還有五雲飛,0.8027309834339575
看雲飛翰墨,青雲羡鳥飛,0.8011153605152854
看雲飛翰墨,坐看綵翮長,0.809526744198302
看雲飛翰墨,出遊翰墨場,0.8000426329920478
看雲飛翰墨,南圖卷雲水,0.8026800003071544
秀句詠蛛絲,猥誦佳句新,0.8312925303741766
秀句詠蛛絲,題詩得秀句,0.8318373365491893
秀句詠蛛絲,新詩句句好,0.8331691223269329
秀句詠蛛絲,清詞麗句必爲隣,0.8413868030565175
秀句詠蛛絲,高詠寶劍篇,0.8011270083557339
秀句詠蛛絲,賦詩新句穩,0.8287322645672935
秀句詠蛛絲,詞人取佳句,0.804887855153332
秀句詠蛛絲,朗詠六公篇,0.8035666140203259
秀句詠蛛絲,新詩近玉琴,0.801222052430911
秀句詠蛛絲,清詩句句盡堪傳,0.8171377638274733
秀句詠蛛絲,佳句染華箋,0.8160706716179893
秀句詠蛛絲,詩家秀句傳,0.8148271230957179
樂如同隊魚,潛魚本同河,0.8025859794045551
樂如同隊魚,水深魚極樂,0.8053231968997328
游泳清水湄,江水清源曲,0.8187934665812311
游泳清水湄,近經潏水湄,0.8150917288287176
游泳清水湄,清源多衆魚,0.815034501376587
游泳清水湄,豈惟清溪上,0.8020519741781198
游泳清水湄,水有在藻鱗,0.8033646475900382
游泳清水湄,出清泚,0.8014897243830073
游泳清水湄,漾舟清光旁,0.8279020414138145
游泳清水湄,同遊錦水濱,0.8341827105527099
游泳清水湄,清思漢水上,0.8199285637041731
波濤倏相失,交流空湧波,0.8017987795344504
波濤倏相失,海圖拆波濤,0.8067358931916921
波濤倏相失,咫尺波濤永相失,0.822780996785965
波濤倏相失,洶洶開奔湍,0.8252538979955384
波濤倏相失,歘激懦氣奔,0.8042892215617747
波濤倏相失,灧澦險相迫,0.8011030946544838
波濤倏相失,洪波忽争道,0.8134193268493219
歲月秣馬馳,走馬脱轡頭,0.8017383473101112
歲月秣馬馳,骨肉不得同馳驅,0.8099285107769691
歲月秣馬馳,驄馬新鑿蹄,0.8129637681473281
歲月秣馬馳,别來歲月周,0.8148023846997654
歲月秣馬馳,我馬向北嘶,0.8125022971531612
歲月秣馬馳,戎馬交馳際,0.8091416369422624
歲月秣馬馳,能騎生馬駒,0.8222169457418411
歲月秣馬馳,使君五馬一馬驄,0.8203034180836059
歲月秣馬馳,歲月亦已久,0.8156346087926116
歲月秣馬馳,鞍馬下秦塞,0.8056423923337974
歲月秣馬馳,合沓歲月徂,0.8100374511335626
歲月秣馬馳,征西車馬羽書馳,0.8338335092157696
歲月秣馬馳,中年胡馬驕,0.8063774453729865
歲月秣馬馳,車輪徒已斲,0.8067529803029636
歲月秣馬馳,菁華歲月遷,0.8143437987582861
歲月秣馬馳,歲暮日月疾,0.8438908257737666
歲月秣馬馳,遊子慎馳騖,0.821019853485008
歲月秣馬馳,鞭撻日月久,0.8187693118014783
歲月秣馬馳,歲月不我與,0.8144710252207428
歲月秣馬馳,悲鳴駟馬顧,0.8081229899130022
歲月秣馬馳,白馬東北來,0.8023086238189673
客事走京洛,二年客東都,0.8053665588783508
客事走京洛,旅食京華春,0.8167315957920263
客事走京洛,胡騎潛京縣,0.8318058651658682
客事走京洛,近侍歸京邑,0.800029877281043
客事走京洛,雜種抵京室,0.8026697365999018
客事走京洛,冠蓋滿京華,0.8032450861107827
客事走京洛,遊子出京華,0.8519086329233398
客事走京洛,逐客雖皆萬里去,0.8205022351811404
客事走京洛,我遊都市間,0.805789396145531
客事走京洛,復道收京邑,0.8152564611025386
客事走京洛,五載客蜀郡,0.8044329017411763
客事走京洛,往在西京日,0.8215808004586158
客事走京洛,十年戎馬暗南國,0.8002699048761539
客事走京洛,師老荒京都,0.8230463382040922
客事走京洛,宫闕限奔走,0.809042127362817
