황정견,두보,코사인 유사도
莫遣弓角鳴,鳴弓射獸能,0.8038527228248395
莫遣弓角鳴,臂懸兩角弓,0.8004311645864101
莫遣弓角鳴,草動只怕長弓射,0.8070839569775745
莫遣弓角鳴,莫徭射雁鳴桑弓,0.8214407057491171
驚飛不成字,書成無過雁,0.8104362435433093
驚飛不成字,欲辨不成書,0.8162601336453574
仙人駕飛騎,倒衣還命駕,0.8033708924257732
仙人駕飛騎,夜騎天駟超天河,0.8138760648025936
仙人駕飛騎,安得騎鴻鵠,0.8016020275243441
仙人駕飛騎,安得仙人九節杖,0.8146762458413928
仙人駕飛騎,常思仙仗過崆峒,0.8047634879181007
仙人駕飛騎,鶴駕通宵鳳輦備,0.8001164847233532
仙人駕飛騎,有客騎驄馬,0.8175896888860437
仙人駕飛騎,霧裏仙人來,0.8317094861221724
仙人駕飛騎,使君騎紫馬,0.8237911311953477
仙人駕飛騎,亦遣馭清風,0.8165321803537287
仙人駕飛騎,龍駕具層空,0.8025921419831661
仙人駕飛騎,冥冥翠龍駕,0.818953684200885
仙人駕飛騎,飛兔不近駕,0.8499046702845094
仙人駕飛騎,車駕既云還,0.8124208901903637
仙人駕飛騎,或騎騏驎翳鳳凰,0.8297487891995954
仙人駕飛騎,驂驔飄赤汗,0.8216135696354596
仙人駕飛騎,矯如群帝驂龍翔,0.8245284131534723
仙人駕飛騎,天馬長鳴待駕馭,0.8258034594168154
仙人駕飛騎,羣仙夾翺翔,0.817344298448942
仙人駕飛騎,或驂鸞騰天,0.8239584187363969
仙人駕飛騎,仙山引舟航,0.8395213833278972
仙人駕飛騎,直欲泛仙槎,0.8007919370643956
朝會白雲衢,雲幕隨開府,0.8011662712850733
朝會白雲衢,歸家初散紫宸朝,0.8039402161242797
朝會白雲衢,早發雲臺仗,0.8088037068482311
朝會白雲衢,鳴玉朝來散紫宸,0.8203393237158256
朝會白雲衢,先朝常宴會,0.8118038916143986
朝會白雲衢,門閥冠雲霄,0.8020678103553155
老驥不伏乘,雄姿未受伏櫪恩,0.812860369695084
老驥不伏乘,别養驥子憐神駿,0.8125107689848787
老驥不伏乘,吾聞良驥老始成,0.8126455873542877
老驥不伏乘,不合用騏驥,0.8427219292393255
老驥不伏乘,後來未識猶駿奔,0.8110515013200363
老驥不伏乘,老驥倦驤首,0.8544170516172138
老驥不伏乘,飛兔不近駕,0.8135846269193842
老驥不伏乘,放蹄知赤驥,0.8121033658085197
老驥不伏乘,才如伏波不得驕,0.8135406956492439
老驥不伏乘,渥水出騏驥,0.8131894260384196
老驥不伏乘,騄驥人得有,0.8027408030976921
清唳徹九虚,天宇清霜淨,0.8132151387407549
清唳徹九虚,洞澈有清識,0.8162418390929655
清唳徹九虚,天虚風物清,0.807275604476152
清唳徹九虚,響下清虚裏,0.8690288754431901
清唳徹九虚,清襟照等夷,0.8047153233540818
野田篁竹底,旁舍連高竹,0.8294113302248717
野田篁竹底,春畦亂水間,0.8328189236209057
野田篁竹底,畦蔬繞舍秋,0.8075259318494461
野田篁竹底,隨事有田園,0.8039588716255652
野田篁竹底,竹細野池幽,0.8472702395512782
野田篁竹底,野竹獨修修,0.8002666680354681
野田篁竹底,開渠斷竹根,0.8120709161540373
野田篁竹底,藩籬生野徑,0.8133114567530488
野田篁竹底,野外堂依竹,0.802216491550841
野田篁竹底,有竹一頃餘,0.8016256132387445
野田篁竹底,短畦帶碧草,0.8080381093009221
野田篁竹底,必種數竿竹,0.8102402044371297
野田篁竹底,藍田丘壑蔓寒藤,0.8051098315473717
野田篁竹底,畦蔬繞茅屋,0.8071351194772312
野田篁竹底,野蔬暗泉石,0.8117136424323789
野田篁竹底,深耕種數畝,0.8036322335023198
野田篁竹底,野店引山泉,0.8005788834245455
野田篁竹底,耕稼學山村,0.8000997889664322
野田篁竹底,疏籬野蔓懸,0.8148376306763168
野田篁竹底,畬田費火耕,0.8046671502046178
野田篁竹底,柴扉臨野碓,0.8134543974129866
毰毸伴雞鳧,相趁鳧雛入蔣牙,0.8104800458816912
毰毸伴雞鳧,沙鷗並一雙,0.8155142103185562
毰毸伴雞鳧,水宿伴鳧鷖,0.8284853392392715
時因長風起,烈風無時休,0.8275419190687031
時因長風起,迴風吹獨樹,0.8038278908627312
時因長風起,南風作秋聲,0.804992991778803
時因長風起,時危慘澹來悲風,0.8251338901919989
時因長風起,風悲浮雲去,0.8269315203502959
時因長風起,涼風起天末,0.8189709275372451
時因長風起,北風起寒文,0.8284136832662556
時因長風起,悲風稍稍飛,0.8066997717319877
時因長風起,日暮風亦起,0.8250107725468101
時因長風起,悲風爲我從天來,0.812459070574283
時因長風起,長風中怒號,0.8517352980197062
時因長風起,長風駕高浪,0.8334658795459303
時因長風起,絶筆長風起纖末,0.8100351275991788
時因長風起,東南飄風動地至,0.8299188413525668
時因長風起,况乃迴風吹,0.826169064760885
時因長風起,悲風爲我起,0.851138589326986
時因長風起,清風爲我起,0.8352852921277103
時因長風起,亦遣馭清風,0.8027525331759855
時因長風起,江風颯長夏,0.8043337070545191
時因長風起,回風起清曙,0.8387003895134035
時因長風起,秋風亦已起,0.8067999723730683
時因長風起,迴風吹早秋,0.8085549624610917
時因長風起,常如中風走,0.8178207811356013
時因長風起,飄風過無時,0.829269446350021
時因長風起,散風如飛霜,0.8154986292613906
猶欲試南圖,圖南未可料,0.8013362325704294
韋侯常喜作羣馬,士卒多騎内厩馬,0.8072413446525333
韋侯常喜作羣馬,京師皆騎汗血馬,0.8048823919876249
韋侯常喜作羣馬,韋侯韋侯數相見,0.8259161464772447
韋侯常喜作羣馬,公侯出異人,0.8029089899015637
韋侯常喜作羣馬,蘇侯據鞍喜,0.8446198671643841
韋侯常喜作羣馬,吾孫騎曹不記馬,0.8086816913768546
韋侯常喜作羣馬,諸侯舊上計,0.8170098466405027
韋侯常喜作羣馬,刺史諸侯貴,0.8311850977385971
韋侯常喜作羣馬,羅網羣馬籍馬多,0.8183583492837516
韋侯常喜作羣馬,尚爲諸侯客,0.827822816404308
韋侯常喜作羣馬,早作諸侯客,0.8106380444978203
杜陵詩中如見畫,李侯有佳句,0.81442217525394
杜陵詩中如見畫,今之畫圖無乃是,0.8016859311276086
杜陵詩中如見畫,題詩得秀句,0.8021937260995746
杜陵詩中如見畫,酒後常稱老畫師,0.8273027247056326
杜陵詩中如見畫,詩好幾時見,0.8183360387772903
杜陵詩中如見畫,但見書畫傳,0.8244392869395577
杜陵詩中如見畫,畫工如山貌不同,0.8070160180012897
杜陵詩中如見畫,黄卷真如律,0.8019599046947312
杜陵詩中如見畫,人間長見畫,0.8115863608052732
杜陵詩中如見畫,平公今詩伯,0.811314840879999
杜陵詩中如見畫,數篇今見古人詩,0.8408866821650309
杜陵詩中如見畫,清詩句句盡堪傳,0.8260230136717581
杜陵詩中如見畫,荆州鄭薛寄詩近,0.812875238069144
杜陵詩中如見畫,新詩錦不如,0.8013979216101507
忽開短卷六馬圖,讀書破萬卷,0.861782839761015
忽開短卷六馬圖,但見書畫傳,0.8027233355031091
忽開短卷六馬圖,今之新圖有二馬,0.8166127039402545
忽開短卷六馬圖,觀我落筆中書堂,0.8248168067123482
忽開短卷六馬圖,燋卷有生意,0.8050091953108292
忽開短卷六馬圖,堂上指圖畫,0.8079669307866659
忽開短卷六馬圖,前後百卷文,0.8103599338176837
忽開短卷六馬圖,昔獻書畫圖,0.8209204362719069
忽開短卷六馬圖,飛閣卷簾圖畫裏,0.8004341634374449
忽開短卷六馬圖,群書一萬卷,0.8472303782704242
忽開短卷六馬圖,開卷得佳句,0.8177178863248976
忽開短卷六馬圖,群書萬卷常暗誦,0.83386246188631
忽開短卷六馬圖,年少今開萬卷餘,0.8125505539483743
忽開短卷六馬圖,先披古畫圖,0.8183494689897872
忽開短卷六馬圖,今晨散帙眼忽開,0.8072013207399369
忽開短卷六馬圖,南圖卷雲水,0.8157191580567622
想見詩老醉騎驢,醉則騎馬歸,0.8168709493952864
想見詩老醉騎驢,誦得老夫詩,0.8012523496608859
想見詩老醉騎驢,酒後常稱老畫師,0.8241798209072235
想見詩老醉騎驢,詩好幾時見,0.8178695662246216
想見詩老醉騎驢,猶記酒顛狂,0.801333615478898
想見詩老醉騎驢,何處老翁來賦詩,0.8093995632171402
想見詩老醉騎驢,吟詩正憶渠,0.801958372975209
想見詩老醉騎驢,自吟詩送老,0.8190765234040168
至今似覺韋偃少,畢宏已老韋偃少,0.876442747110683
一洗萬古凡馬空,驅馬一萬匹,0.8135562538944782
一洗萬古凡馬空,萬古用一夫,0.819383931459452
一洗萬古凡馬空,一洗萬古凡馬空,1.0
一洗萬古凡馬空,萬里起古色,0.8088207746104563
一洗萬古凡馬空,萬古一骸骨,0.8458086967599802
一洗萬古凡馬空,萬古一死生,0.8489197904717001
句法如此今誰工,佳句法如何,0.853409855545712
句法如此今誰工,今之畫圖無乃是,0.8514622963870491
句法如此今誰工,故獨寫真傳世人,0.8438087101138961
句法如此今誰工,畫師亦無數,0.8083735009879953
句法如此今誰工,老去新詩誰與傳,0.8245900610895359
句法如此今誰工,乃知畫師妙,0.8407632202005217
句法如此今誰工,知我憐渠畫無敵,0.8001901020903421
句法如此今誰工,清詞麗句必爲隣,0.8013630112590899
句法如此今誰工,此鷹寫真在左綿,0.8030950935711276
句法如此今誰工,畫工如山貌不同,0.8222430771269715
句法如此今誰工,亦能畫馬窮殊相,0.813368113078415
句法如此今誰工,幹惟畫肉不畫骨,0.8036667550309498
句法如此今誰工,今之新圖有二馬,0.8097600651440977
句法如此今誰工,無乃傳其狀,0.8237870412595094
句法如此今誰工,刻畫竟誰傳,0.8564725678049221
句法如此今誰工,數篇今見古人詩,0.8010359774898987
句法如此今誰工,清詩句句盡堪傳,0.8509622797220275
句法如此今誰工,詩家秀句傳,0.8138419693152532
句法如此今誰工,詩家筆勢君不嫌,0.8134641289788443
句法如此今誰工,將詩不必萬人傳,0.8042071424205708
句法如此今誰工,蘇氏今有之,0.8013834399651585
句法如此今誰工,兼工古體詩,0.8275037497286268
句法如此今誰工,意氣今誰見,0.8431322920289916
往逢醉許在長安,昔隨劉氏定長安,0.8092381383260736
往逢醉許在長安,至今夢想仍猶左,0.8023955871817892
久不下筆或經年,不下十年餘,0.8153360136971441
異時踏門闖白首,花門剺面請雪恥,0.8075481620558748
異時踏門闖白首,出門搔白首,0.8607416353501236
異時踏門闖白首,爲郎從白首,0.8112470667891197
巾冠欹斜更索酒,頭戴小烏巾,0.8023926931867471
巾冠欹斜更索酒,陶公漉酒巾,0.8079497454938458
巾冠欹斜更索酒,呼兒正葛巾,0.816488039496126
巾冠欹斜更索酒,欹斜坐不成,0.8014199677612059
巾冠欹斜更索酒,簪稀白帽稜,0.8045581721847036
巾冠欹斜更索酒,葛巾攲側未迴船,0.8666635509472405
巾冠欹斜更索酒,數語攲紗帽,0.8248585417971384
舉杯意氣欲翻盆,酒闌插劍肝膽露,0.8003453400104987
舉杯意氣欲翻盆,喜心翻倒極,0.8053388216235102
舉杯意氣欲翻盆,放筯未覺金盤空,0.8012312794741894
舉杯意氣欲翻盆,主人罷鱠還傾杯,0.8072832094413185
舉杯意氣欲翻盆,纔傾一盞卽醺人,0.8018582124047817
舉杯意氣欲翻盆,坐接春杯氣,0.815693698903923
舉杯意氣欲翻盆,攲傾煩注眼,0.810122415439158
舉杯意氣欲翻盆,喧呼且覆杯中渌,0.847210822049892
舉杯意氣欲翻盆,傳杯不放杯,0.8251261509109572
舉杯意氣欲翻盆,潦倒新亭濁酒杯,0.8055302684230334
舉杯意氣欲翻盆,氣若酣杯酒,0.8428534941651302
舉杯意氣欲翻盆,誰欲致杯甖,0.8117470984376879
倒卧虚樽將八九,日夜倒芳樽,0.8018856392847008
倒卧虚樽將八九,爛漫倒芳樽,0.8154841555677779
倒卧虚樽將八九,潦倒新亭濁酒杯,0.8013983364421777
倒卧虚樽將八九,殘樽下馬復同傾,0.8122314731090877
醉拈枯筆墨淋浪,揮毫落紙如雲烟,0.8492420112876558
醉拈枯筆墨淋浪,健筆凌鸚鵡,0.819722690895005
醉拈枯筆墨淋浪,筆落驚風雨,0.8317250271421299
醉拈枯筆墨淋浪,戲拈秃筆掃驊騮,0.8491968586593656
醉拈枯筆墨淋浪,請公放筆爲直幹,0.8120390246920035
醉拈枯筆墨淋浪,凌雲健筆意縱横,0.8111637564943643
醉拈枯筆墨淋浪,壯筆過飛泉,0.8406544432361918
醉拈枯筆墨淋浪,落筆四座驚,0.8057572035052106
醉拈枯筆墨淋浪,墨淡字攲傾,0.8132535579131965
醉拈枯筆墨淋浪,筆架霑窗雨,0.821101300677985
醉拈枯筆墨淋浪,賦詩猶落筆,0.840042117148408
醉拈枯筆墨淋浪,走索背秋毫,0.8036361306841662
醉拈枯筆墨淋浪,揮手灑衰淚,0.8079181550759751
勢若山崩不停手,崩石欹山樹,0.8237262476235155
勢若山崩不停手,疾風高岡裂,0.8162428829938584
勢若山崩不停手,地軸爲之翻,0.8080624206153872
勢若山崩不停手,迴斡裂地軸,0.8177285406681326
勢若山崩不停手,舟楫恐失墜,0.8047534460501209
勢若山崩不停手,地用莫如馬,0.8129785031360393
勢若山崩不停手,千巖自崩奔,0.8025726971125399
勢若山崩不停手,崖傾路何難,0.8016473432422176
勢若山崩不停手,勢屈難爲功,0.8153483931964538
勢若山崩不停手,能者操舟疾若風,0.8037756306098967
勢若山崩不停手,不崩亦不騫,0.8594913327458321
勢若山崩不停手,江動將崩未崩石,0.8876585217238528
勢若山崩不停手,去擘山嶽傾,0.8097583346026238
勢若山崩不停手,浪簸船應坼,0.8081974553097184
勢若山崩不停手,來往若崩波,0.8405825112738767
勢若山崩不停手,崩崖欲壓牀,0.8489574549815824
勢若山崩不停手,天險終難立,0.8135203427869402
勢若山崩不停手,江流石不轉,0.8438522189597657
勢若山崩不停手,撇漩捎濆無險阻,0.8263548551858523
勢若山崩不停手,崩凍嵐陰昈,0.8018629100984369
勢若山崩不停手,地與山根裂,0.8136770481133144
勢若山崩不停手,翻風轉日木怒號,0.8103905048762019
勢若山崩不停手,壞舟百板坼,0.8012425433523693
勢若山崩不停手,沙虚岸只摧,0.8000728398513336
數尺江山萬里遥,迢迢萬里餘,0.8419718920437531
數尺江山萬里遥,咫尺雪山路,0.813856909158466
數尺江山萬里遥,蒼山入百里,0.8535457001405515
數尺江山萬里遥,天寒落萬里,0.8115642706002264
數尺江山萬里遥,咫尺應須論萬里,0.8310403788470445
數尺江山萬里遥,南浦清江萬里橋,0.8213740991597335
數尺江山萬里遥,萬里清江上,0.8362495268908333
數尺江山萬里遥,兩鄉千里夢相思,0.8127122411678547
數尺江山萬里遥,相看萬里外,0.8349323256397999
數尺江山萬里遥,迢迢百餘尺,0.8327314161730915
數尺江山萬里遥,關塞三千里,0.8219753697895783
數尺江山萬里遥,烟花一萬重,0.8138465234858465
數尺江山萬里遥,臨川視萬里,0.8125843481253672
數尺江山萬里遥,羇遊萬里闊,0.8218215168240756
數尺江山萬里遥,峽開四千里,0.8022822564882013
數尺江山萬里遥,江月去人只數尺,0.8083040341094639
數尺江山萬里遥,萬里蒼茫外,0.8100792360951456
數尺江山萬里遥,江湖萬里開,0.8352800179812561
數尺江山萬里遥,黛色參天二千尺,0.8009455966356751
數尺江山萬里遥,萬里遥相望,0.8453907116598953
數尺江山萬里遥,萬里黄山北,0.8607689363564817
數尺江山萬里遥,中有萬里之長江,0.8249600696146149
數尺江山萬里遥,萬里巴渝曲,0.8156599956801731
數尺江山萬里遥,沅湘萬里秋,0.8222006924667373
數尺江山萬里遥,萬里故鄉情,0.8077557914840198
數尺江山萬里遥,萬里長江邊,0.8432797256346819
數尺江山萬里遥,西江萬里船,0.8159667622928999
數尺江山萬里遥,江國踰千里,0.8661087502191613
數尺江山萬里遥,千里侵江樹,0.8234598033545866
數尺江山萬里遥,萬里衡陽雁,0.8004796405359031
數尺江山萬里遥,雲白山青萬餘里,0.8198611759272649
滿堂風物冷蕭蕭,蕭然淨客心,0.8014912030533219
滿堂風物冷蕭蕭,大樹日蕭蕭,0.8477490102683181
滿堂風物冷蕭蕭,馬蕭蕭,0.8592808147376041
滿堂風物冷蕭蕭,曲江蕭條秋氣高,0.8249539845150398
滿堂風物冷蕭蕭,歸路翻蕭颯,0.8423914383424298
滿堂風物冷蕭蕭,涼風蕭蕭吹汝急,0.8558943202081488
滿堂風物冷蕭蕭,馬鳴風蕭蕭,0.8469681588391611
滿堂風物冷蕭蕭,蕭索漢水清,0.801441574624504
滿堂風物冷蕭蕭,秋色正蕭灑,0.8854716803724698
滿堂風物冷蕭蕭,蕭蕭北風勁,0.8738534499665545
滿堂風物冷蕭蕭,颯爽動秋骨,0.8158397982323871
滿堂風物冷蕭蕭,原野轉蕭瑟,0.8479620220005567
滿堂風物冷蕭蕭,長林何蕭蕭,0.8328896338457938
滿堂風物冷蕭蕭,蕭蕭古塞冷,0.8545903789397482
滿堂風物冷蕭蕭,車馬何蕭索,0.8206570773268563
滿堂風物冷蕭蕭,秋風已颯然,0.8171035123861348
滿堂風物冷蕭蕭,瓠葉轉蕭疏,0.8209538200027118
滿堂風物冷蕭蕭,隴草蕭蕭白,0.8363563969851169
滿堂風物冷蕭蕭,蕭摵寒籜聚,0.8213755988686027
滿堂風物冷蕭蕭,江永風蕭蕭,0.8549980292975697
滿堂風物冷蕭蕭,風色蕭蕭暮,0.9128580331137015
滿堂風物冷蕭蕭,涼氣曉蕭蕭,0.8935248644736271
滿堂風物冷蕭蕭,蕭蕭半死葉,0.823743347045802
滿堂風物冷蕭蕭,不堪人事日蕭條,0.8178670332701105
滿堂風物冷蕭蕭,江風蕭蕭雲拂地,0.8449914633054525
滿堂風物冷蕭蕭,蕭蕭梁棟秋,0.8385591094212266
滿堂風物冷蕭蕭,淅淅野風秋,0.8122810113235962
滿堂風物冷蕭蕭,蕭蕭夜色淒,0.8795532585840682
滿堂風物冷蕭蕭,隴山蕭瑟秋雲高,0.8207207124073077
滿堂風物冷蕭蕭,蕭蕭紫塞雁,0.8046118960304105
滿堂風物冷蕭蕭,蕭蕭沙中雨,0.836259795326322
滿堂風物冷蕭蕭,蕭蕭荆楚秋,0.8344697827170429
滿堂風物冷蕭蕭,蕭蕭白楊路,0.8175922793554025
滿堂風物冷蕭蕭,蕭蕭白映梳,0.8216555293163792
滿堂風物冷蕭蕭,秋風淅淅吹我衣,0.8093923664760607
滿堂風物冷蕭蕭,清影日蕭蕭,0.8764848740966582
滿堂風物冷蕭蕭,蕭蕭掛冷枝,0.8649091832108782
滿堂風物冷蕭蕭,歸興日蕭蕭,0.8597172485602087
滿堂風物冷蕭蕭,蕭蕭理體淨,0.8175360928077583
滿堂風物冷蕭蕭,蕭颯灑秋色,0.8903029232811597
滿堂風物冷蕭蕭,秋風蕭蕭露泥泥,0.8139127860861344
滿堂風物冷蕭蕭,蕭疏聽晚蟬,0.8208148225684961
滿堂風物冷蕭蕭,蕭瑟浸寒空,0.8516045897783827
滿堂風物冷蕭蕭,風江颯颯亂帆秋,0.8020793731802005
滿堂風物冷蕭蕭,無邊落木蕭蕭下,0.8652929243009206
滿堂風物冷蕭蕭,於今獨蕭索,0.8231198018508442
滿堂風物冷蕭蕭,天雨蕭蕭滯茅屋,0.8343785111550235
滿堂風物冷蕭蕭,俛仰俱蕭瑟,0.8233474978470396
滿堂風物冷蕭蕭,蕭蕭千里足,0.8223659669147634
滿堂風物冷蕭蕭,風濤颯颯寒山陰,0.803684215713902
滿堂風物冷蕭蕭,時物正蕭森,0.8581533118150593
山僧歸寺童子後,貌得山僧及童子,0.8584066166955728
山僧歸寺童子後,梵放時出寺,0.8159780041735126
山僧歸寺童子後,野寺殘僧少,0.8576766902883123
山僧歸寺童子後,僧飯屢過門,0.8186503158849736
山僧歸寺童子後,葉裏松子僧前落,0.8172685186345852
山僧歸寺童子後,隨意宿僧房,0.8111044464522754
山僧歸寺童子後,山僧高下居,0.8026829637133664
山僧歸寺童子後,聞汝依山寺,0.8150026173073592
漁伯欲渡行人招,道旁過者問行人,0.8011999887735719
漁伯欲渡行人招,落日更見渔樵人,0.8255350127925188
漁伯欲渡行人招,漁人縈小楫,0.8199928711946792
漁伯欲渡行人招,舟人漁子入浦溆,0.8276826337958441
漁伯欲渡行人招,漁人漾舟沉大網,0.8131903954226773
漁伯欲渡行人招,信宿漁人還汎汎,0.8219783003565753
漁伯欲渡行人招,夷歌幾處起漁樵,0.8001117044942527
漁伯欲渡行人招,舟人漁子歌回首,0.8368125145064758
漁伯欲渡行人招,借問泛舟人,0.800316362208502
先君笑指溪上宅,誤疑茅堂過江麓,0.8124274439455816
先君笑指溪上宅,應指釣璜溪,0.8176241766731732
先君笑指溪上宅,吹汝江上宅,0.8090884827516291
先君笑指溪上宅,似得廬山路,0.8075350476220868
先君笑指溪上宅,爲問南溪竹,0.8090197283453189
先君笑指溪上宅,浣花溪裏花饒笑,0.8141884713576953
先君笑指溪上宅,時訪武陵溪,0.8064888835122868
盧鷀白鷺如相識,河間雙白鷗,0.8361729413841031
盧鷀白鷺如相識,相親相近水中鷗,0.8118088080505153
盧鷀白鷺如相識,白鷗元水宿,0.8109248724620166
盧鷀白鷺如相識,但見羣鷗日日來,0.8004898558541849
盧鷀白鷺如相識,浴鳧飛鷺晚悠悠,0.8051827571916463
盧鷀白鷺如相識,狎鷗輕白浪,0.8181904791669248
盧鷀白鷺如相識,莫須驚白鷺,0.8019344510783788
盧鷀白鷺如相識,沙頭宿鷺聯拳静,0.8040732601384382
盧鷀白鷺如相識,白鷺群飛太劇乾,0.835718195153877
盧鷀白鷺如相識,暮春鴛鷺立洲渚,0.8034551253656133
盧鷀白鷺如相識,寒空見鴛鷺,0.8020996124697125
盧鷀白鷺如相識,沙鷗並一雙,0.8432109500777375
許生再拜謝不能,誰能久不顧,0.8239779767273112
許生再拜謝不能,不見旻公三十年,0.8127171722107116
許生再拜謝不能,故老多再拜,0.8452894522533747
許生再拜謝不能,不見李生久,0.8198814133672926
許生再拜謝不能,我見常再拜,0.8774275423837767
許生再拜謝不能,身病不能拜,0.8459528683644266
許生再拜謝不能,天王拜跪畢,0.8022855670187301
許生再拜謝不能,不復見顔鮑,0.810061844689661
許生再拜謝不能,再拜故人謝佳政,0.8468420082711638
許生再拜謝不能,王生早曾拜顔色,0.8516818041145173
許生再拜謝不能,蒼生起謝安,0.8114667602336411
元是天機非筆力,非關足無力,0.8208346305866887
元是天機非筆力,應接非本性,0.821219864803072
元是天機非筆力,畫師不是無心學,0.8176505151961039
元是天機非筆力,指揮能事迴天地,0.811404495462734
元是天機非筆力,英雄割據非天意,0.8014264790004862
元是天機非筆力,扶持自是神明力,0.8419925131938032
元是天機非筆力,正直元因造化功,0.8379964074961539
元是天機非筆力,出處各天機,0.8072795174484045
元是天機非筆力,天機自明斷,0.8287179616247149
自言年少眼明時,少年努力縱談笑,0.8170151759850257
自言年少眼明時,漫看年少樂,0.8066910027785279
自言年少眼明時,未怪及時少年子,0.8420545831212718
自言年少眼明時,眼中萬少年,0.8074004207621084
手揮八幅錦江絲,揮毫落紙如雲烟,0.8134431373627922
手揮八幅錦江絲,巴牋染翰光,0.82178204187305
贈行卷送張京兆,閭里送我行,0.8039277233025618
心知李成是我師,乃知畫師妙,0.8401985053357451
心知李成是我師,汝病是天意,0.8100625374607933
心知李成是我師,轉益多師是汝師,0.8368867346948755
心知李成是我師,畫師不是無心學,0.8457595814762391
心知李成是我師,乃知君子心,0.8129650410004887
心知李成是我師,李陵蘇武是吾師,0.8348307143209639
心知李成是我師,熟知二謝將能事,0.8026840727665463
心知李成是我師,汝門請從曾翁説,0.8040730560295329
心知李成是我師,余病汝知之,0.8111637643610864
心知李成是我師,吾舅盡知名,0.8255660839596463
流落不知今主誰,寥落無其人,0.8177178747510949
流落不知今主誰,不知明月爲誰好,0.8054436618942493
流落不知今主誰,不知有主客,0.8129162079007771
大梁畫肆閲水墨,東至集壁西梁洋,0.8174722704121317
大梁畫肆閲水墨,山水之圖張賣時,0.8160105476784401
我君槃礴忘揖客,幸君因旅客,0.8110420367413873
我君槃礴忘揖客,我公會賓客,0.8103756459972653
我君槃礴忘揖客,愧客茹藜羹,0.8052861413336699
我君槃礴忘揖客,坐客强盤飧,0.8339687808391679
我君槃礴忘揖客,愜當久忘筌,0.823017097959966
蛛絲煤尾意昏昏,蛛絲仍未收,0.8055702361951009
蛛絲煤尾意昏昏,蛛絲罥鬢長,0.8121909801138637
雨雪涔涔滿寺庭,驟雨落河魚,0.8100920520217207
雨雪涔涔滿寺庭,涔涔塞雨繁,0.8788792197604438
四圖冷落讓丹青,交合丹青地,0.8070780414060554
四圖冷落讓丹青,丹青野殿空,0.8077760186327791
四圖冷落讓丹青,形象丹青逼,0.8107365078068722
四圖冷落讓丹青,丹青照臺閣,0.804109311370909
四圖冷落讓丹青,遺廟丹青落,0.8489944968113441
四圖冷落讓丹青,曹霸丹青已白頭,0.8070610899080544
笑詶肆翁十萬錢,家無儋石輸百萬,0.8219286159386918
笑詶肆翁十萬錢,左相日興費萬錢,0.8022483204908541
笑詶肆翁十萬錢,恰有三百青銅錢,0.818619338908255
笑詶肆翁十萬錢,無錢卽買繫籬旁,0.8083558213603135
笑詶肆翁十萬錢,萬里須十金,0.821307103669279
笑詶肆翁十萬錢,豈聞一絹直萬錢,0.8565342955807678
笑詶肆翁十萬錢,賣薪得錢應供給,0.8035413362416993
笑詶肆翁十萬錢,長安米萬錢,0.8237513853818446
笑詶肆翁十萬錢,肉食三十萬,0.8060811748089853
笑詶肆翁十萬錢,共給酒一斛,0.8124473381197209
笑詶肆翁十萬錢,憑將百錢卜,0.8078792693101985
笑詶肆翁十萬錢,瓮餘不盡酒,0.808611830086905
笑詶肆翁十萬錢,俸錢時散士子盡,0.8108363626286375
笑詶肆翁十萬錢,撥棄潭州百斛酒,0.8002446062057031
王丞來觀皆失席,干謁侯王頗歷抵,0.8177431945498196
四時風物入句圖,畫滿地圖雄,0.8227771921392228
四時風物入句圖,賦詩分氣象,0.8081464860416846
我持此圖二十年,公車留二年,0.8008040022797351
我持此圖二十年,只今年纔十六七,0.8163141696518188
我持此圖二十年,躍馬二十年,0.8037710863032654
我持此圖二十年,不見旻公三十年,0.8350596677743536
我持此圖二十年,況我與子非壯年,0.8124415971451201
我持此圖二十年,焉知二十載,0.8003819234970241
我持此圖二十年,古老相傳二百年,0.8120726541577802
我持此圖二十年,今之新圖有二馬,0.8100851397704343
我持此圖二十年,明公出此圖,0.8288112721775223
我持此圖二十年,獨步四十年,0.8161277412461332
我持此圖二十年,昔獻書畫圖,0.808034811245494
我持此圖二十年,于今四十年,0.8311171683825233
我持此圖二十年,嗚呼已十年,0.8016996245155334
眼見緑髮皆華顛,已見白頭翁,0.8285481272364492
眼見緑髮皆華顛,休看白髮生,0.8497281361436961
眼見緑髮皆華顛,頭白眼暗坐有胝,0.8188636461737133
眼見緑髮皆華顛,及歸盡華髮,0.8118258790417713
眼見緑髮皆華顛,羡君齒髮新,0.8217673249728374
眼見緑髮皆華顛,鬢髮各已蒼,0.8455028312078681
眼見緑髮皆華顛,眼暗髮垂素,0.8472034926585682
眼見緑髮皆華顛,白頭亂髮垂過耳,0.8387964526839315
眼見緑髮皆華顛,鬢髮還應雪滿頭,0.8248571638859002
眼見緑髮皆華顛,如今白髮翁,0.8155194922670332
眼見緑髮皆華顛,春日鬢俱蒼,0.8052399504839247
眼見緑髮皆華顛,悲歌鬢髮白,0.8131411336425107
眼見緑髮皆華顛,會面嗟黧黑,0.8031351185359223
眼見緑髮皆華顛,相視髮皓白,0.8281150538640323
眼見緑髮皆華顛,萬事已黄髮,0.8060275801407955
眼見緑髮皆華顛,白髮少新洗,0.8150840084479329
眼見緑髮皆華顛,新梳白髮微,0.8001361861325811
眼見緑髮皆華顛,遭亂髮盡白,0.8138302239705998
眼見緑髮皆華顛,卽今蓬鬢改,0.8042026823647973
眼見緑髮皆華顛,雖悲髮鬒變,0.8129928773299894
眼見緑髮皆華顛,鬢毛垂領白,0.8292369765858029
眼見緑髮皆華顛,相見各頭白,0.8151035006601494
眼見緑髮皆華顛,余髮喜却變,0.8060306367666512
眼見緑髮皆華顛,入怪鬢髮空,0.8257756967048117
衆史弄筆摩青天,下筆如有神,0.8063153952672277
衆史弄筆摩青天,揮毫落紙如雲烟,0.8325211536222173
衆史弄筆摩青天,健筆凌鸚鵡,0.800680688703722
衆史弄筆摩青天,凌雲健筆意縱横,0.8176105673443472
衆史弄筆摩青天,觀我落筆中書堂,0.8103397968635917
衆史弄筆摩青天,直筆在史臣,0.8163631017725252
衆史弄筆摩青天,呼兒具紙筆,0.8213461791282797
君家枯松出老翟,養子黑柏顛,0.8130325408843593
君家枯松出老翟,獨樹老夫家,0.8209237697773701
君家枯松出老翟,知子松根長茯苓,0.8284961357886773
君家枯松出老翟,孔明廟前有老柏,0.8044817151624964
君家枯松出老翟,歸號故松柏,0.8126899603691107
君家枯松出老翟,似聞昨者赤松子,0.8113936076726737
風煙枯枝倚崩石,崩石欹山樹,0.8639897730247114
風煙枯枝倚崩石,逕危抱寒石,0.8159166594820476
風煙枯枝倚崩石,菱荷枯折隨風濤,0.8247854827596589
風煙枯枝倚崩石,騣尾蕭梢朔風起,0.8032469811771361
風煙枯枝倚崩石,疾風高岡裂,0.8195855983688543
風煙枯枝倚崩石,擘石摧林丘,0.8535046347377655
風煙枯枝倚崩石,枯查卷拔樹,0.8329540675350089
風煙枯枝倚崩石,漱壑松柏秃,0.8036658090264286
風煙枯枝倚崩石,摧頽蒼松根,0.8493339442284866
風煙枯枝倚崩石,蒼崖吼時裂,0.8332613193403045
風煙枯枝倚崩石,秋花危石底,0.8133149331904448
風煙枯枝倚崩石,古木巃嵸枝相樛,0.8074908850851029
風煙枯枝倚崩石,石上走長根,0.8074862772898329
風煙枯枝倚崩石,跳枝竄葉樹木中,0.8010749954083736
風煙枯枝倚崩石,山木盡亞洪濤風,0.8255990566156437
風煙枯枝倚崩石,屈鐵交錯迴高枝,0.8059718823130341
風煙枯枝倚崩石,斬木火井窮猿呼,0.8068960666984192
風煙枯枝倚崩石,斬根削皮如紫玉,0.8068216185057546
風煙枯枝倚崩石,崩崖欲壓牀,0.8328969283163319
風煙枯枝倚崩石,洪濤滔天風拔木,0.8219249956407937
風煙枯枝倚崩石,石根青楓林,0.8080082372361429
風煙枯枝倚崩石,扶桑西枝對斷石,0.8212212446829033
風煙枯枝倚崩石,柯如青銅根如石,0.81215920037852
風煙枯枝倚崩石,翻風轉日木怒號,0.8011238164195552
風煙枯枝倚崩石,哀壑杈枒浩呼洶,0.808430699966469
風煙枯枝倚崩石,倒石賴藤纏,0.8128282291279068
風煙枯枝倚崩石,乳贙號攀石,0.8004464314737432
風煙枯枝倚崩石,鎖石藤梢元自落,0.8122155007229332
風煙枯枝倚崩石,倚天松骨見來枯,0.801280758855029
風煙枯枝倚崩石,壁立石城横塞起,0.8000178448906857
風煙枯枝倚崩石,攀援懸根木,0.8286274728487273
風煙枯枝倚崩石,老夫困石根,0.8065731531659938
風煙枯枝倚崩石,江石缺裂青楓摧,0.8284279796083425
風煙枯枝倚崩石,雲雪埋山蒼兕吼,0.8081082851476874
風煙枯枝倚崩石,扶顛待柱石,0.8114657381327459
蠧穿風物君愛惜,經過自愛惜,0.8188016492526745
蠧穿風物君愛惜,看君妙爲政,0.8390074950264308
不誣方將有人識,甚知丈人真,0.8075031492864537
不誣方將有人識,人實不易知,0.8185448461230891
不誣方將有人識,至性有此不,0.8073047044573806
不誣方將有人識,丈人視要處,0.8200174221636151
不誣方將有人識,有識笑苻堅,0.8054361421773769
不誣方將有人識,方知不材者,0.8251714166317345
不誣方將有人識,使人不疑見本根,0.8263543901101573
不誣方將有人識,世人皆欲殺,0.8163207186092354
不誣方將有人識,時有西域胡僧識,0.8021227274379876
不誣方將有人識,賢人識定分,0.8445932486630879
不誣方將有人識,聞道嬖孽能全生,0.8090094213640694
不誣方將有人識,少有外人知,0.807543724696173
不誣方將有人識,不道諸公無表來,0.8160210332752971
不誣方將有人識,乃知正人意,0.8266074146230298
不誣方將有人識,太守得之更不疑,0.8158393746167374
不誣方將有人識,得喪初難識,0.8053949364229978
不誣方將有人識,故人知善誘,0.8055276132935937
不誣方將有人識,騄驥人得有,0.8085957213662629
不誣方將有人識,古時喪亂皆可知,0.8085988430315083
追隨城西園,二年客東都,0.8237640029764185
追隨城西園,我遊都市間,0.8105199983956455
追隨城西園,復作遊西川,0.8079440956592102
追隨城西園,追隨幽薊兒,0.8299586614983558
追隨城西園,欲歸瀼西宅,0.8057369262967919
追隨城西園,昔我遊山東,0.8092617922197902
殘暑欲退席,餘熱亦已末,0.8007434632998496
殘暑欲退席,徂暑終衰歇,0.8116360413984516
殘暑欲退席,微冷先枕席,0.8167591169099597
殘暑欲退席,冒暑初有適,0.8081739072230241
殘暑欲退席,暑雨留蒸濕,0.8082677011335855
夜凉雨新休,今秋乃淫雨,0.8337148930767391
夜凉雨新休,衣霑春雨時,0.8073586126977959
夜凉雨新休,久旱雨亦好,0.8069414931922161
夜凉雨新休,既雨晴亦佳,0.8323959906201858
夜凉雨新休,一旬半雷雨,0.8035356341889754
夜凉雨新休,曉來急雨春風顛,0.8136865183916653
夜凉雨新休,好雨知時節,0.8031700208477326
夜凉雨新休,昨屬愁春雨,0.8000925845111351
夜凉雨新休,雨後過畦潤,0.8001032004282023
夜凉雨新休,今雨喜容易,0.8166949344004693
夜凉雨新休,始賀天休雨,0.8226717248636988
夜凉雨新休,小雨晨光内,0.8113953392274287
夜凉雨新休,東渚雨今足,0.8037515969817268
夜凉雨新休,小雨夜復密,0.8445931620065373
夜凉雨新休,江上今朝寒雨歇,0.805763497183752
夜凉雨新休,昨日晚晴今日黑,0.8112295080147873
夜凉雨新休,驟雨清秋夜,0.8794973827372894
夜凉雨新休,秋天昨夜涼,0.8045839099412291
夜凉雨新休,北風昨夜雨,0.8023708557669084
城譙掛蒼璧,高臺面蒼陂,0.8153297802172836
城譙掛蒼璧,碧瓦朱甍照城郭,0.8285368463140597
城譙掛蒼璧,城攲連粉堞,0.8177836286530342
城譙掛蒼璧,烽櫓蟠城隍,0.816594568289018
佳人携手嬉,攜手日同行,0.8513377378256417
佳人携手嬉,手中各有攜,0.8138858448365136
佳人携手嬉,劉侯歡我攜客來,0.837714216329147
佳人携手嬉,怡然共攜手,0.8434627151766466
佳人携手嬉,復攜美人登綵舟,0.8315042332567446
佳人携手嬉,偶攜老妻去,0.8050752243353841
佳人携手嬉,同人惜解攜,0.8106935952317618
調笑忘日夕,語樂寄夜永,0.8016086565707162
調笑忘日夕,操紙終夕酣,0.8078823174450143
調笑忘日夕,無以供日夕,0.8079758875724041
劉侯本將家,劉侯天機精,0.8001038406061824
劉侯本將家,我本良家子,0.8444873933417135
劉侯本將家,諸侯非棄擲,0.8090881142458246
劉侯本將家,韋侯韋侯數相見,0.8046213909439599
劉侯本將家,諸侯春不貢,0.8151024834588734
劉侯本將家,焉知李廣未封侯,0.8005393761786272
劉侯本將家,諸侯舊上計,0.8008326935056371
劉侯本將家,温温諸侯門,0.8056216796032147
劉侯本將家,子干東諸侯,0.8702215633941557
今爲讀書客,讀書破萬卷,0.8335520303190267
今爲讀書客,讀書難字過,0.8050806073975847
今爲讀書客,匡山讀書處,0.8098854434541577
今爲讀書客,郎有焦校書,0.8200655014381024
今爲讀書客,陳公讀書堂,0.8596918603494682
今爲讀書客,但見書畫傳,0.8013386590676279
今爲讀書客,讀書雲閣觀,0.8099982215903101
今爲讀書客,今我一賤老,0.8049510515119025
今爲讀書客,觀我落筆中書堂,0.8047406437389999
今爲讀書客,解榻再見今,0.8043392961878197
今爲讀書客,讀書東嶽中,0.8257625011076681
今爲讀書客,昔獻書畫圖,0.8256917164672886
今爲讀書客,客至罷琴書,0.8056066374303097
今爲讀書客,愛客尚書重,0.8023487938348175
今爲讀書客,念我能書數字至,0.824704870753466
今爲讀書客,重得故人書,0.8032017969434924
詩名二十年,龍飛四十春,0.8202161124456373
詩名二十年,只今年纔十六七,0.8311421473179745
詩名二十年,才名三十年,0.9508113323773786
詩名二十年,躍馬二十年,0.8368562414165452
詩名二十年,不見旻公三十年,0.8229512636908797
詩名二十年,焉知二十載,0.8238425937233282
詩名二十年,古老相傳二百年,0.855974113368975
詩名二十年,年未三十忠義俱,0.8065911046402533
詩名二十年,將軍得名三十載,0.8513733211124901
詩名二十年,已聞老成名,0.8003454450093215
詩名二十年,獨步四十年,0.8221600104668382
詩名二十年,結交三十載,0.8110277019632715
詩名二十年,十二年來多戰場,0.8093276135404184
詩名二十年,追隨二十載,0.8348576212425867
詩名二十年,于今四十年,0.8514954239214574
詩名二十年,嗚呼已十年,0.8174024114459293
風雅自推激,風雅靄孤鶱,0.8082591648053024
風雅自推激,再使風俗淳,0.8132496427110422
風雅自推激,義聲紛感激,0.8022695434054288
風雅自推激,風俗盡還淳,0.8079362527024107
風雅自推激,風騷共推激,0.9220232992080588
風雅自推激,歌辭自作風格老,0.8170606828805249
風雅自推激,風俗方再造,0.8000249936899386
風雅自推激,陳留風俗衰,0.8015383839733063
風雅自推激,有才繼騷雅,0.8254569939753131
風雅自推激,好學尚貞烈,0.8017886811432517
風雅自推激,文雅見天倫,0.8167373242416381
風雅自推激,風流儒雅亦吾師,0.8219061537620789
風雅自推激,未絶風流相國能,0.8010159751115414
風雅自推激,質朴古人風,0.822359959778235
風雅自推激,風流俱善價,0.8263793360964105
風雅自推激,近有風流作,0.801842184319041
風雅自推激,高興潛有激,0.800917155432284
風雅自推激,文雅涉風騷,0.8536628648939617
風雅自推激,飄風争所操,0.8096257992204203
風雅自推激,風流後代希,0.8163886970945524
風雅自推激,雅節在周防,0.8019088875599709
風雅自推激,風流吾賢紹,0.8095369360908315
牛鐸調黄鍾,睡美不聞鐘鼓傳,0.8053796457827161
牛鐸調黄鍾,椎鼓鳴鐘天下聞,0.8365224495392236
牛鐸調黄鍾,金吼霜鐘徹,0.8010209434661988
食無千户封,家無儋石輸百萬,0.8044608876433812
食無千户封,鼎食分門户,0.8039762460723833
食無千户封,城中十萬户,0.803986338239032
食無千户封,欲須供給家無粟,0.8268012035930498
食無千户封,窮谷無粟帛,0.8111858326592132
食無千户封,家貧無供給,0.8008441266422357
句有萬人敵,賦料揚雄敵,0.8027736708388014
句有萬人敵,筆陣獨掃千人軍,0.8155703456938694
句有萬人敵,故人得佳句,0.8004743455286449
句有萬人敵,精鋭舊無敵,0.8362031774897213
句有萬人敵,詩應有神助,0.811917917346263
句有萬人敵,此皆戰騎一敵萬,0.8136139276835354
句有萬人敵,賦有冠古才,0.8111857511413039
句有萬人敵,氣敵萬人將,0.8494917008164444
句有萬人敵,詞人取佳句,0.8258779602709876
句有萬人敵,清詩句句盡堪傳,0.83314001395649
句有萬人敵,詩家秀句傳,0.8098779448456538
句有萬人敵,詩家筆勢君不嫌,0.8013975649250087
句有萬人敵,將詩不必萬人傳,0.8507394069427283
頗類鄴侯家,屢喜王侯宅,0.8021946031321994
頗類鄴侯家,公侯出異人,0.8077471078494474
頗類鄴侯家,王侯第宅皆新主,0.8075502804190904
頗類鄴侯家,頗謂秦晉匹,0.8004243653758762
頗類鄴侯家,尚爲諸侯客,0.8125019176988675
連墻架書册,牀上書連屋,0.8558749930321079
連墻架書册,詩書遂牆壁,0.8349061868117469
連墻架書册,花嶼讀書床,0.8154323244061326
連墻架書册,傍架齊書帙,0.877026664284402
連墻架書册,篋書積諷諫,0.8000695373782456
殘編汲縣冢,獨留青塚向黄昏,0.8075718084284089
半隸鴻都壁,詩書遂牆壁,0.820294741584122
願公多購獲,竊效貢公喜,0.8110038087677387
願公多購獲,賢良雖得禄,0.8028593797242409
願公多購獲,從人雖獲多,0.8175326082349745
竟須卜比鄰,卜鄰南山幽,0.8000018141451409
竟須卜比鄰,卜宅從茲老,0.8112524570764268
竟須卜比鄰,誅茅卜居總爲此,0.8080673087577482
竟須卜比鄰,暫往比隣去,0.8058684960861079
竟須卜比鄰,何須棟宇隣,0.8201479717754372
竟須卜比鄰,定卜瀼西居,0.8164148206061268
竟須卜比鄰,卜鄰慚近舍,0.824204144650807
竟須卜比鄰,捨舟應卜地,0.8168364262778832
勞苦相飲食,不復同苦辛,0.8237197580665905
勞苦相飲食,庶往共饑渴,0.8178442869687055
勞苦相飲食,不辭辛苦行,0.8155267404441668
勞苦相飲食,人馬同疲勞,0.8029423685143064
勞苦相飲食,是日慰飢渴,0.8174803182759327
勞苦相飲食,苦飢始得食一蟲,0.8147445544290695
勞苦相飲食,近辭痛飲徒,0.8039035925948125
勞苦相飲食,飢有易子食,0.806561353512873
勞苦相飲食,且爲辛苦行,0.8041044042889014
勞苦相飲食,役役常苦辛,0.8176410479738028
勞苦相飲食,痛飲情相親,0.8073639329097839
勞苦相飲食,畦丁告勞苦,0.8033086623834533
勞苦相飲食,遠作辛苦行,0.8091695239371258
勞苦相飲食,長大常苦饑,0.8164785832649111
身有小醜女,生女猶得嫁比鄰,0.8156608474150702
身有小醜女,有似幽并兒,0.8233498814006152
身有小醜女,荒歲兒女瘦,0.8096581884537226
身有小醜女,自有兩兒郎,0.8305956465649582
身有小醜女,遥憐小兒女,0.8251957552080689
身有小醜女,牀前兩小女,0.8187183744885327
身有小醜女,自恐二男兒,0.8334430163299602
身有小醜女,自嗟貧家女,0.8398980568481614
身有小醜女,小兒成老翁,0.8059695173785641
身有小醜女,恐有無母雛,0.8153519587605207
身有小醜女,丈夫生兒有如此二雛者,0.8449903151132558
身有小醜女,使君自有婦,0.8287604595542906
身有小醜女,豈惟長兒童,0.8130453242844025
身有小醜女,自説二女齧臂時,0.813858162723048
身有小醜女,婦女多在官軍中,0.8157889792732863
身有小醜女,别家長兒女,0.809308629108629
身有小醜女,嗟汝未嫁女,0.816288783692158
身有小醜女,自云帝季女,0.8128764773619566
身有小醜女,況聞處處鬻男女,0.8000127006069122
身有小醜女,得辭兒女醜,0.8274184235958164
已自喜翰墨,計疏疑翰墨,0.8598175842344797
已自喜翰墨,縱使盧王操翰墨,0.8026216409433069
已自喜翰墨,臨池真盡墨,0.8203557736684566
已自喜翰墨,出遊翰墨場,0.8204117242275447
要傳未見書,人稀書不到,0.802857635141957
要傳未見書,寄書長不達,0.8060893277681136
要傳未見書,書成無信將,0.8260151395095865
要傳未見書,讀書難字過,0.8296254502603266
要傳未見書,拾遺曾奏數行書,0.8056354558227201
要傳未見書,畜眼未見有,0.8133282088173748
要傳未見書,家遠傳書日,0.8066039933794997
要傳未見書,但見書畫傳,0.8782527661375517
要傳未見書,有使卽寄書,0.8323220199845196
要傳未見書,不道故人無素書,0.8158219708710279
要傳未見書,前後緘書報,0.8261258453779152
要傳未見書,閲書百氏盡,0.8003132927445566
要傳未見書,不見秘書心若失,0.8496096273678743
要傳未見書,及見秘書失心疾,0.8547734703083908
要傳未見書,成字讀亦誤,0.8081442521285482
要傳未見書,經術竟相傳,0.8001429354509086
要傳未見書,不是尚書期不顧,0.8053330914087483
要傳未見書,念我能書數字至,0.8432991294585827
要傳未見書,未見有知音,0.8566266568282337
要傳未見書,重得故人書,0.8110648297920036
要傳未見書,郭欽上書見大計,0.8050284082073775
要傳未見書,欲辨不成書,0.8251559283485798
要傳未見書,遠道素書稀,0.8216767384798644
遮眼差有益,畜眼未見有,0.8400753650315562
遮眼差有益,近身見損益,0.8021318253876604
遮眼差有益,下筯還小益,0.8194066929352551
人生但安樂,人生半哀樂,0.8477204677113346
人生但安樂,此生隨所遭,0.8015635463197921
人生但安樂,人生會合不可常,0.8134560597019899
人生但安樂,人生不相見,0.8090406060867201
人生但安樂,達生豈是足,0.8234880934261131
人生但安樂,人生亦有初,0.8290986775573286
人生但安樂,安貧亦士常,0.8308464203047372
人生但安樂,生事不自謀,0.8022275579554333
人生但安樂,吾徒胡爲縱此樂,0.8016995200859243
人生但安樂,人生歡會豈有極,0.829537442053937
人生但安樂,人生不再好,0.8298302299821859
人生但安樂,吾生亦有涯,0.8058139141794598
人生但安樂,人生流滯生理難,0.8014080636075569
人生但安樂,人生在世間,0.8387959198771563
人生但安樂,人生意氣合,0.814363994814396
人生但安樂,丈人但安坐,0.8326313589098421
人生但安樂,人生萬事無不有,0.8027268207895032
人生但安樂,人生貴是男,0.8266389683199482
券外豈吾力,不謂矜餘力,0.8156582053298181
券外豈吾力,取用及吾身,0.819184481690195
券外豈吾力,非關足無力,0.8205156177473403
券外豈吾力,用拙存吾道,0.8115943685993665
券外豈吾力,自誇足膂力,0.803067968550564
券外豈吾力,筋力豈能及,0.8370387493068159
券外豈吾力,豈知身効能,0.810753663918895
券外豈吾力,竭力機杼中,0.8041002892168925
券外豈吾力,冗長吾敢取,0.806143346059949
亡羊路南北,欲往城南望城北,0.814997359199193
亡羊路南北,東西南北更誰論,0.8062678653334082
公今百寮底,每於百僚上,0.8084072901475561
雪髮不勝幘,白髮好禁春,0.806376620516599
雪髮不勝幘,被褐短窄鬢如絲,0.8052511147706662
雪髮不勝幘,白髮千莖雪,0.8157562500691304
雪髮不勝幘,顔色白勝雪,0.8137711686411162
雪髮不勝幘,羞將短髮還吹帽,0.8251267409966055
雪髮不勝幘,白益毛髮古,0.8105651742129361
雪髮不勝幘,摘花不插髮,0.8074027471461105
雪髮不勝幘,白髮竟誰憐,0.8067194696701467
雪髮不勝幘,鬢髮還應雪滿頭,0.8288056345072996
雪髮不勝幘,頭白恐風寒,0.8238237292646275
雪髮不勝幘,何須白髮侵,0.8306679890026256
雪髮不勝幘,髮少何勞白,0.8269820779837291
雪髮不勝幘,竹冷髮堪梳,0.839558015363668
雪髮不勝幘,新梳白髮微,0.8263911100866033
雪髮不勝幘,經齒冷於雪,0.8106633163631988
雪髮不勝幘,簪稀白帽稜,0.8216729174485564
雪髮不勝幘,白髮自能梳,0.8360750976543225
雪髮不勝幘,鬢毛垂領白,0.802436277862804
雪髮不勝幘,髮短不勝篦,0.8880392954842037
雪髮不勝幘,雪岸叢梅發,0.8107061148645918
顧我已頭白,歸來頭白還戍邊,0.8001174082358296
顧我已頭白,已見白頭翁,0.8839898045011534
顧我已頭白,休看白髮生,0.8304471337266703
顧我已頭白,頭白眼暗坐有胝,0.841282505520915
顧我已頭白,堂上書生空白頭,0.809317769730423
顧我已頭白,今晨梳我頭,0.8396502034500719
顧我已頭白,白頭搔更短,0.8376693162904054
顧我已頭白,能添白髮明,0.8221333754203611
顧我已頭白,獨贈白頭翁,0.8250606085064054
顧我已頭白,老夫清晨梳白頭,0.8319916813650303
顧我已頭白,生子毛盡赤,0.8034625036802269
顧我已頭白,羡君齒髮新,0.8194994501032702
顧我已頭白,樂極傷頭白,0.8079190057340526
顧我已頭白,鬢髮各已蒼,0.8308728930128237
顧我已頭白,白益毛髮古,0.8297319215471213
顧我已頭白,出門搔白首,0.8185138953253323
顧我已頭白,眼暗髮垂素,0.8029483649189285
顧我已頭白,休鑷鬢毛斑,0.8006506240199479
顧我已頭白,别來頭併白,0.8789301974500413
顧我已頭白,白髮竟誰憐,0.8049816098726725
顧我已頭白,惆悵頭更白,0.8748715416516646
顧我已頭白,白頭亂髮垂過耳,0.8343782706133609
顧我已頭白,鬢髮還應雪滿頭,0.8229640416934305
顧我已頭白,頭白好歸來,0.8093774062808325
顧我已頭白,頭白恐風寒,0.8339646491912847
顧我已頭白,如今白髮翁,0.843370170545249
顧我已頭白,那免白頭翁,0.8423394712211472
顧我已頭白,悲歌鬢髮白,0.8362216844470793
顧我已頭白,鬢毛元自白,0.8355697485636389
顧我已頭白,髮少何勞白,0.8335627350633922
顧我已頭白,相視髮皓白,0.8614984932398069
顧我已頭白,總作白頭翁,0.801312740279679
顧我已頭白,男兒生無所成頭皓白,0.8144092551118594
顧我已頭白,比公頭上冠,0.8056377268689947
顧我已頭白,頭白免短促,0.8248173663141548
顧我已頭白,執熱露白頭,0.8062566942183957
顧我已頭白,起予幸斑白,0.8497823547624435
顧我已頭白,已作白頭翁,0.8525746717013469
顧我已頭白,其如鑷白休,0.8011319919127551
顧我已頭白,新梳白髮微,0.8177857189346202
顧我已頭白,爲郎從白首,0.803600877598642
顧我已頭白,馮唐毛髮白,0.8366485760795492
顧我已頭白,半頂梳頭白,0.8200666359449865
顧我已頭白,與子俱白頭,0.8286421014038602
顧我已頭白,脱我頭上簪,0.8140640196733502
顧我已頭白,白髮寐常早,0.8219446250727486
顧我已頭白,我嘆黑頭白,0.9461808666035906
顧我已頭白,遭亂髮盡白,0.8069972140935671
顧我已頭白,白髮自能梳,0.8237896722647077
顧我已頭白,鬢毛垂領白,0.839726165988039
顧我已頭白,客間頭最白,0.8581014308520529
顧我已頭白,相知成白首,0.8155505871739714
顧我已頭白,哭君餘白頭,0.8616041275051378
顧我已頭白,餞爾白頭日,0.8264916150201254
顧我已頭白,白蘋愁殺白頭翁,0.808157015936199
顧我已頭白,相見各頭白,0.8751086599512506
顧我已頭白,入怪鬢髮空,0.8090518653824853
顧我已頭白,五十白頭翁,0.8249817328764548
劉侯惠我大玄璧,李侯有佳句,0.8253699011822573
劉侯惠我大玄璧,蔡侯静者意有餘,0.8040493186083233
劉侯惠我大玄璧,君王問長卿,0.8063265760527475
劉侯惠我大玄璧,卿家舊賜公取之,0.8199932610125255
劉侯惠我大玄璧,劉侯天機精,0.8011373300360498
劉侯惠我大玄璧,白水見舅氏,0.8153129750953922
劉侯惠我大玄璧,岐有薛大夫,0.8153647363648759
劉侯惠我大玄璧,昔者龐德公,0.8176146427744595
劉侯惠我大玄璧,人憐漢公主,0.8002037454608396
劉侯惠我大玄璧,龐公至死藏,0.8004646797478212
劉侯惠我大玄璧,韋侯别我有所適,0.8019762756031854
劉侯惠我大玄璧,李侯重有此節度,0.8011103382392026
劉侯惠我大玄璧,代公尉通泉,0.8165350227528658
劉侯惠我大玄璧,婁公不語宋公語,0.8003261925131814
劉侯惠我大玄璧,玄冬示我胡國刀,0.8029015087397181
劉侯惠我大玄璧,蘇氏今有之,0.8082572994951662
上有雌雄雙鳳跡,麟角鳳觜世莫辨,0.8176918940553408
上有雌雄雙鳳跡,池上于今有鳳毛,0.8056527673585874
上有雌雄雙鳳跡,一毛生鳳穴,0.8035088846982557
上有雌雄雙鳳跡,靈鳳在赤霄,0.8222218625447503
鵝溪水練落春雪,青春波浪芙蓉園,0.802468061277385
鵝溪水練落春雪,金城土酥淨如練,0.805735713867399
鵝溪水練落春雪,浣花溪水水西頭,0.8036324717619929
鵝溪水練落春雪,練練峰上雪,0.8531968384254718
鵝溪水練落春雪,竹寒沙碧浣花溪,0.8424926017042427
鵝溪水練落春雪,漰口江如練,0.8357529153295216
鵝溪水練落春雪,遠逗錦江波,0.8028710903075589
鵝溪水練落春雪,潏水帶寒淤,0.805028716256367
鵝溪水練落春雪,江雲飄素練,0.8022114444351887
粟面一杯增目力,洗盞開嘗對馬軍,0.8001072553867006
