황정견,두보,코사인 유사도
彈炙則求鴞,求飽或三鱣,0.8138452560428308
彈炙則求鴞,飛鳥數求食,0.8179373058554105
圍棊飯後約,僧飯屢過門,0.8085759672781903
圍棊飯後約,耕巖進弈棋,0.8402307073535051
煨栗夜深邀,鄰火夜深明,0.8147723143667788
煨栗夜深邀,虚燒夜燭花,0.8097640161559709
爾來數到門,出門復入門,0.8490074193789479
爾來數到門,君來必十月,0.8014034827824386
爾來數到門,出師亦多門,0.8109744370002273
爾來數到門,到扉開復閉,0.801644437605894
爾來數到門,西行過此門,0.8504185628370406
爾來數到門,我來入蜀門,0.8332970149184771
爾來數到門,城郭喜我來,0.8052937280056975
爾來數到門,問我數能來,0.8391429646529207
爾來數到門,長者來在門,0.8036268250845615
玉趾不憚遥,未惜馬蹄遥,0.8385751235268031
相期淡薄處,相於契託饒,0.8233893888802155
行樂亦云聊,徐行得自娱,0.8178057695876111
行樂亦云聊,吾徒胡爲縱此樂,0.8163513514325373
行樂亦云聊,行止復何有,0.8109157313642479
行樂亦云聊,行止各雲浮,0.8418796753875746
行樂亦云聊,興饒行處樂,0.8391475466525272
甘泉沸午鼎,香芹碧澗羹,0.8103298582713201
甘泉沸午鼎,陰火煑玉泉,0.8598167841456581
甘泉沸午鼎,味如甘露漿,0.8196918553082506
甘泉沸午鼎,血以當醴泉,0.8028511032469805
甘泉沸午鼎,蔗漿歸廚金碗凍,0.823208733787494
甘泉沸午鼎,執熱乃沸鼎,0.8334398095608877
甘泉沸午鼎,淑氣含公鼎,0.801287083458222
甘泉沸午鼎,井渫泉誰汲,0.8112051693109803
甘泉沸午鼎,溜匙兼煖腹,0.8226895621951693
茗椀方屢澆,春風啜茗時,0.8183230233453687
茗椀方屢澆,濁醪自初熟,0.8123307232875312
茗椀方屢澆,茗飲蔗漿攜所有,0.8233529221703386
茗椀方屢澆,洗杓斟新醖,0.8212786547715192
茗椀方屢澆,蟻浮仍臘味,0.8055470580254918
茗椀方屢澆,晚年務置醴,0.8077627301286219
昏鴉相送歸,昏鴉已滿林,0.8357510804976702
昏鴉相送歸,昏鴉接翅稀,0.8056696544936421
昏鴉相送歸,有待至昏鴉,0.8426362188741912
風枝撼調調,風筝吹玉柱,0.8534768866804869
風枝撼調調,枝撑聲窸窣,0.8157945573964704
風枝撼調調,枝高聽轉新,0.8143675299544105
風枝撼調調,風飄律吕相和切,0.8079461897939961
男兒强飲食,長安壯兒不敢騎,0.819428214535961
男兒强飲食,男兒死無時,0.8609870992060757
男兒强飲食,饑鷹未飽肉,0.8066066893591473
男兒强飲食,男兒功名遂,0.8220820604341317
男兒强飲食,健兒寧鬭死,0.8590985968180986
男兒强飲食,幼子餓已卒,0.8084312538638819
男兒强飲食,男兒生世間,0.800733282744348
男兒强飲食,驥子好男兒,0.8304553975223915
男兒强飲食,癡女饑咬我,0.8141510415326572
男兒强飲食,小兒强解事,0.8450334364654327
男兒强飲食,自恐二男兒,0.8400588018254641
男兒强飲食,男兒性命絶可憐,0.8342725323110587
男兒强飲食,肥男有母送,0.8180069226868294
男兒强飲食,男兒既介胄,0.8062646331169571
男兒强飲食,苦飢始得食一蟲,0.8079244312153897
男兒强飲食,小兒五歲氣食牛,0.8572918277728514
男兒强飲食,自從盛酒長兒孫,0.8230478247987941
男兒强飲食,豈惟長兒童,0.8401004714915794
男兒强飲食,健兒勝腐儒,0.831665921830383
男兒强飲食,妻子寄他食,0.8043272660430569
男兒强飲食,飢有易子食,0.8058410467366978
男兒强飲食,貧窮取給行艓子,0.8064930741352087
男兒强飲食,賤夫美一睡,0.8158838061931397
男兒强飲食,何幸飫兒童,0.8381914053774389
男兒强飲食,妻兒待米且歸去,0.805063462875212
男兒强飲食,無食無兒一婦人,0.8270361563769146
男兒强飲食,十五男兒志,0.8307711922941694
男兒强飲食,況聞處處鬻男女,0.8078795041477671
男兒强飲食,得辭兒女醜,0.8119926797737174
富貴但蹔熱,街頭酒價常苦貴,0.8288242788937266
富貴但蹔熱,榮貴如糞土,0.8163837730563036
富貴但蹔熱,富貴於我如浮雲,0.816600765019702
富貴但蹔熱,實以驕貴盈,0.8122297097024985
富貴但蹔熱,處貴如白屋,0.814050749218082
富貴但蹔熱,富貴任生涯,0.8266293393425521
富貴但蹔熱,富家厨肉臭,0.80944846288659
富貴但蹔熱,一生富貴傾邦國,0.8133908791979847
富貴但蹔熱,無貴賤不悲,0.823935858085526
富貴但蹔熱,無富貧亦足,0.8177089691926627
富貴但蹔熱,中外貴賤殊,0.8318112050840587
富貴但蹔熱,富貴當如此,0.8343325111487019
名聲適爲祅,聲名從此大,0.8295831977463966
名聲適爲祅,名聲豈浪垂,0.8113341061225796
名聲適爲祅,蕭疏外聲利,0.8148319544109659
世事寒暑耳,歎息腸内熱,0.8046827344072623
世事寒暑耳,艱難世事迫,0.8084846804067691
世事寒暑耳,局促老一世,0.8044852483859165
世事寒暑耳,世情惡衰歇,0.8012534767576422
世事寒暑耳,世情只益睡,0.804267177394823
四時旋斗杓,北斗司喉舌,0.8312299921798594
四時旋斗杓,舉意八極周,0.8103000840783235
四時旋斗杓,三移斗柄春,0.8469478001571901
四時旋斗杓,夜臺當北斗,0.8179228363701739
四時旋斗杓,秦城近斗杓,0.8011825367937353
四時旋斗杓,北辰當宇宙,0.8140694445979136
四時旋斗杓,南極一星朝北斗,0.800738873588641
四時旋斗杓,傍見北斗向江低,0.802260456218092
四時旋斗杓,星辰北斗深,0.8137647833424688
勿學懷沙賦,强吟懷舊賦,0.8102483705781676
勿學懷沙賦,终然學楚吟,0.8056354675474104
離魂不可招,招得幾時魂,0.8538194531410213
離魂不可招,血污遊魂歸不得,0.822690735103899
離魂不可招,應有未招魂,0.8414146523701922
離魂不可招,不返舊征魂,0.8350201256579892
離魂不可招,故鄉不可思,0.8013396748572352
離魂不可招,魂招不來歸故鄉,0.8291827231740831
離魂不可招,老魂招不得,0.8842225715797368
離魂不可招,難招病客魂,0.8421340883536945
離魂不可招,離魂去住銷,0.8304304793379035
離魂不可招,無夢寄歸魂,0.8043690985482299
離魂不可招,難招楚客魂,0.8486509297899035
離魂不可招,夢魂歸未得,0.8345730307595977
魏侯得名能治劇,李侯金閨彦,0.8034735135422577
魏侯得名能治劇,李侯有佳句,0.8182347855489105
魏侯得名能治劇,韋賢初相漢,0.8174486013753103
魏侯得名能治劇,鄭氏才振古,0.8108202817516299
魏侯得名能治劇,蘇侯得數過,0.8459323301010264
魏侯得名能治劇,須存武威郡,0.8029444824121543
魏侯得名能治劇,才大今詩伯,0.8061916748297218
魏侯得名能治劇,黄公豈事秦,0.8111398570663255
魏侯得名能治劇,韋侯韋侯數相見,0.8389415997024692
魏侯得名能治劇,尚愛卓文君,0.8207482646369204
魏侯得名能治劇,戚聯豪貴躭文儒,0.8027806165917641
魏侯得名能治劇,不通姓氏粗豪甚,0.8226810088655311
魏侯得名能治劇,縱使盧王操翰墨,0.8112788407382592
魏侯得名能治劇,能名自潁川,0.8139472551094147
魏侯得名能治劇,代公尉通泉,0.8004825687928474
魏侯得名能治劇,郭薛俱才賢,0.8559792336876129
魏侯得名能治劇,焉知李廣未封侯,0.8007121590575181
魏侯得名能治劇,將軍魏武之子孫,0.8094214794480918
魏侯得名能治劇,名豈文章著,0.8131219309384211
魏侯得名能治劇,平公今詩伯,0.8189946487109927
魏侯得名能治劇,公才或守雌,0.8151002895625832
魏侯得名能治劇,君臣尚論兵,0.8085590910216662
魏侯得名能治劇,文包舊史善,0.8020065583270228
魏侯得名能治劇,劇談王侯門,0.8151704072901389
魏侯得名能治劇,斯文崔魏徒,0.8223739963726147
魏侯得名能治劇,恐是漢代韓張良,0.8221734078994756
魏侯得名能治劇,李陵蘇武是吾師,0.8094766252113164
魏侯得名能治劇,秦有李斯漢蔡邕,0.8154873931672949
魏侯得名能治劇,尚書韓擇木,0.8104525001084697
魏侯得名能治劇,吳郡張顛誇草書,0.8365122529233898
魏侯得名能治劇,荆南芮公得將軍,0.8192717170036035
魏侯得名能治劇,荆州遇薛孟,0.8129696557063625
魏侯得名能治劇,荆州鄭薛寄詩近,0.8249792466822842
魏侯得名能治劇,竟能盡説諸侯入,0.8090785828328897
魏侯得名能治劇,書偕褚薛能,0.8296266602685964
魏侯得名能治劇,刺史諸侯貴,0.8317120615062564
魏侯得名能治劇,姦雄惡少皆封侯,0.8029116306040212
魏侯得名能治劇,顧於韓蔡内,0.8026877908903063
魏侯得名能治劇,子干東諸侯,0.8181107331559666
魏侯得名能治劇,衞侯不易得,0.8152517185247848
魏侯得名能治劇,漢主追韓信,0.8021968734295191
魏侯得名能治劇,曹公屈壯圖,0.8153708079910065
魏侯得名能治劇,盛名富事業,0.8035894077619228
魏侯得名能治劇,劉侯奉使光推擇,0.801003353665354
魏侯得名能治劇,高誇周宋鐔,0.8109451064185392
江湖作吏聲籍籍,跡籍臺觀舊,0.8008614735585369
江湖作吏聲籍籍,籍籍名家孫,0.8457276775628221
江湖作吏聲籍籍,途中非阮籍,0.806069260719761
人言才似鉅鹿公,鄭氏才振古,0.8003007782962539
人言才似鉅鹿公,鄧公馬癖人共知,0.8256857413764893
人言才似鉅鹿公,如公盡雄俊,0.8218034595374849
人言才似鉅鹿公,人道我卿絶世無,0.8307152385289253
人言才似鉅鹿公,郭薛俱才賢,0.8174414401513223
人言才似鉅鹿公,若道士無英俊才,0.8226690079060928
人言才似鉅鹿公,舅氏多人物,0.8301757177812015
人言才似鉅鹿公,賦有冠古才,0.8040907833642883
人言才似鉅鹿公,多術怪仙公,0.8243969075702349
人言才似鉅鹿公,千載少似朱雲人,0.8011177270660426
人言才似鉅鹿公,才名賈傅多,0.8078653843645243
人言才似鉅鹿公,昔有佳人公孫氏,0.8009407091002003
人言才似鉅鹿公,主人不世才,0.8098192216544239
人言才似鉅鹿公,詩家筆勢君不嫌,0.8143227397691382
人言才似鉅鹿公,逍遥公後世多賢,0.8025139177932306
人言才似鉅鹿公,賈傅才未有,0.8000463947466447
人言才似鉅鹿公,褚公書絶倫,0.8227923763864673
人言才似鉅鹿公,之子俊才稀,0.8012751620809955
人言才似鉅鹿公,龐公不浪出,0.8009104565159112
詔書擢守二千石,附書與六親,0.8066098527705824
詔書擢守二千石,書記赴三捷,0.8249096009384265
詔書擢守二千石,詔書引上殿,0.8258612913117246
詔書擢守二千石,奉詔發金微,0.8021015520067141
詔書擢守二千石,幸爲達書賢府主,0.8278402629241809
詔書擢守二千石,將軍得名三十載,0.805897559639391
詔書擢守二千石,黄霸璽書增,0.8071564274834024
詔書擢守二千石,拜跪題封賀端午,0.8071866865250077
詔書擢守二千石,郭欽上書見大計,0.8071551334144724
詔書擢守二千石,龍鍾還忝二千石,0.830019776137367
前日見賢後得罪,賢良復幾人,0.804926913043917
前日見賢後得罪,背後何所見,0.8201537125510181
前日見賢後得罪,前賢命可傷,0.8202938772111781
前日見賢後得罪,不覺前賢畏後生,0.8755919181327205
前日見賢後得罪,未及前賢更勿疑,0.8344691737747713
前日見賢後得罪,前者途中一相見,0.8045160093326724
前日見賢後得罪,賢良不必展,0.8009093882631007
前日見賢後得罪,見賢心靡他,0.8088482186533327
前日見賢後得罪,上公有記者,0.8024340457708066
前日見賢後得罪,嶷然大賢後,0.8218068603280568
前日見賢後得罪,往者武后朝,0.8182472104337428
前日見賢後得罪,大賢之後竟陵遲,0.8021516390714044
前日見賢後得罪,太后當朝多巧詆,0.8139247211966221
前日見賢後得罪,前聖畏後生,0.8743738309617117
前日見賢後得罪,李也疑丞曠前後,0.8560531641869088
前日見賢後得罪,分明曩賢計,0.803840870500727
前日見賢後得罪,昨見狄相孫,0.8026482713698431
前日見賢後得罪,有跡負前賢,0.82270589432036
牛刀割雞不作難,焉得并州快剪刀,0.815074987006609
牛刀割雞不作難,不知雞賣還遭烹,0.8493527075373561
牛刀割雞不作難,大食寶刀聊可比,0.8039771374515634
牛刀割雞不作難,割慈忍愛還租庸,0.8002614056584203
牛刀割雞不作難,刻剥及錐刀,0.8022841434128606
秋陰細細壓茅堂,獨並陰崖白茅屋,0.8028871592140086
秋陰細細壓茅堂,雨瀉暮簷竹,0.8129047790259911
秋陰細細壓茅堂,牽蘿補茅屋,0.8006469762405022
秋陰細細壓茅堂,茅茨疏易濕,0.8419336602472747
秋陰細細壓茅堂,細雨更移橙,0.802074192209103
秋陰細細壓茅堂,竹細野池幽,0.8013146321948817
秋陰細細壓茅堂,茅簷覆地花,0.8093418600687793
秋陰細細壓茅堂,茅堂石筍西,0.8112387719037808
秋陰細細壓茅堂,春寒細雨出疏籬,0.8483521238665072
吟蟲啾啾昨夜凉,天陰雨濕聲啾啾,0.837288798369947
吟蟲啾啾昨夜凉,雨聲颼颼催早寒,0.8094809228713165
吟蟲啾啾昨夜凉,啾啾棲鳥過,0.8334230119560531
吟蟲啾啾昨夜凉,飢寒日啾啾,0.873235074995106
吟蟲啾啾昨夜凉,五月髣髴聞寒蟬,0.8435244805219051
吟蟲啾啾昨夜凉,啾啾黄雀啄,0.8225182322293676
吟蟲啾啾昨夜凉,寒砧昨夜聲,0.851676067974797
吟蟲啾啾昨夜凉,永夜角聲悲自語,0.8253535900879058
吟蟲啾啾昨夜凉,啾啾唧唧爲何人,0.8540819080564941
吟蟲啾啾昨夜凉,江浦雷聲喧昨夜,0.8154980440857196
吟蟲啾啾昨夜凉,朔風鳴淅淅,0.8170540895329128
吟蟲啾啾昨夜凉,秋天昨夜涼,0.820722325298715
砧聲已急不可緩,五夜漏聲催曉箭,0.8112674487113748
砧聲已急不可緩,警急烽常報,0.8116596312810043
砧聲已急不可緩,城暗更籌急,0.8032163547261703
砧聲已急不可緩,急急能鳴雁,0.8453542064219757
簷景既短難爲長,仲夏苦夜短,0.8057910786290257
簷景既短難爲長,迫此短景急,0.8161293860878702
簷景既短難爲長,寒日經簷短,0.8070723848850799
簷景既短難爲長,深山催短景,0.8060763361008588
簷景既短難爲長,短景難高卧,0.8052450201881998
狐裘斷縫棄墻角,被褐短窄鬢如絲,0.8072485280424172
狐裘斷縫棄墻角,煖客貂鼠裘,0.8167818428476853
狐裘斷縫棄墻角,顛倒在裋褐,0.8093450387333401
狐裘斷縫棄墻角,其皮割剥甚,0.8400199015822907
狐裘斷縫棄墻角,裋褐更無營,0.815811684723177
豈念晏歲多繁霜,歲暮百草零,0.8090356483972745
豈念晏歲多繁霜,豈知秋禾登,0.8015460403955658
豈念晏歲多繁霜,不獨避霜雪,0.8112990400096827
豈念晏歲多繁霜,天寒霜雪繁,0.809227531242433
豈念晏歲多繁霜,玄冬霜雪積,0.820548641472169
豈念晏歲多繁霜,此物歲不稔,0.8009299918582589
豈念晏歲多繁霜,歲暮有嚴霜,0.8717361776139094
豈念晏歲多繁霜,艱難苦恨繁霜鬢,0.8325929407304916
豈念晏歲多繁霜,冰霜昨夜除,0.8038513212084875
豈念晏歲多繁霜,無令霜雪殘,0.8087822359378827
茅堂索索秋風發,秋色正蕭灑,0.808848937491125
茅堂索索秋風發,蕭蕭北風勁,0.8200323080874619
茅堂索索秋風發,風色蕭蕭暮,0.8087016236221286
茅堂索索秋風發,蕭颯灑秋色,0.8112609242364754
茅堂索索秋風發,於今獨蕭索,0.8213270138723876
茅堂索索秋風發,天雨蕭蕭滯茅屋,0.8123683349789341
行遶空庭紫苔滑,隨意坐莓苔,0.8490504652587465
行遶空庭紫苔滑,玉殿莓苔青,0.8640228332688868
行遶空庭紫苔滑,苔蘚山門古,0.8035517876803882
行遶空庭紫苔滑,獨繞虚齋徑,0.8018392993346471
行遶空庭紫苔滑,石柱仄青苔,0.8368588341509213
行遶空庭紫苔滑,細草留連侵坐軟,0.8091803191073622
行遶空庭紫苔滑,階面青苔老更生,0.838177621797973
行遶空庭紫苔滑,歸休步紫苔,0.8423108260639295
行遶空庭紫苔滑,騎馬入青苔,0.8041668437111018
行遶空庭紫苔滑,荒階蔓草茅,0.8016611392683279
行遶空庭紫苔滑,階前短草泥不亂,0.8463878685331349
行遶空庭紫苔滑,古苔生迮地,0.846410115933381
行遶空庭紫苔滑,年深荒草徑,0.8063993583479308
行遶空庭紫苔滑,楚雨石苔滋,0.8082001292020984
行遶空庭紫苔滑,石苔凌几杖,0.8072087502565077
行遶空庭紫苔滑,轆轤凍階戺,0.8014885072148179
蛙號池上晚來雨,菱熟經時雨,0.807760336828492
蛙號池上晚來雨,驟雨落河魚,0.8080699369617572
蛙號池上晚來雨,露翻兼雨打,0.8027909497514174
蛙號池上晚來雨,溪喧獺趁魚,0.8124985284258606
蛙號池上晚來雨,忽憶雨時秋井塌,0.8092461740892792
蛙號池上晚來雨,秋雨欲生魚,0.8328551856464561
蛙號池上晚來雨,曉來急雨春風顛,0.8110496809304547
蛙號池上晚來雨,細雨魚兒出,0.8311400258550059
蛙號池上晚來雨,初來葉上聞,0.8031999318481536
鵲轉南枝夜深月,枝驚夜鵲棲,0.8627673130385923
鵲轉南枝夜深月,烏鵲滿樛枝,0.8165484919304855
鵲轉南枝夜深月,向夜月休弦,0.8056743611253292
鵲轉南枝夜深月,月細鵲休飛,0.8111330996337802
鵲轉南枝夜深月,夜久燭花偏,0.8161451469339971
翻手覆手不可期,翻手作雲覆手雨,0.8399925083970874
翻手覆手不可期,令我手足輕欲旋,0.8092044542572516
翻手覆手不可期,好手不可遇,0.8125150946967017
一死一生交道絶,真堪託死生,0.8295537422147837
一死一生交道絶,人生交契無老少,0.8099194640878402
一死一生交道絶,不知死與生,0.8045483895971877
一死一生交道絶,諸生困一經,0.8081857705517128
一死一生交道絶,生死論交地,0.8565235200544659
一死一生交道絶,浪迹同生死,0.8199124183339852
一死一生交道絶,便有死生分,0.832437245189134
一死一生交道絶,支離委絶同死灰,0.814159286134752
一死一生交道絶,偷生唯一老,0.8001284143296203
一死一生交道絶,萬古一死生,0.828108740870315
一死一生交道絶,意氣死生親,0.817026730135116
湖水無端浸白雲,秋水清無底,0.8143653285987809
湖水無端浸白雲,江湖秋水多,0.8024960698825317
湖水無端浸白雲,水深雲光廓,0.8070172789732102
湖水無端浸白雲,江間波浪兼天湧,0.8035198388692479
故人書斷孤鴻没,天上多鴻雁,0.8288387242264206
故人書斷孤鴻没,不寄一行書,0.8070424924274027
故人書斷孤鴻没,鴻雁幾時到,0.8101929148005553
故人書斷孤鴻没,别時孤雲今不飛,0.8096441950362436
故人書斷孤鴻没,歸雁喜青天,0.8224811334468469
故人書斷孤鴻没,遥空秋雁滅,0.8139995534190456
故人書斷孤鴻没,書成無過雁,0.8259514176388474
故人書斷孤鴻没,腸斷江城雁,0.8153992629579319
故人書斷孤鴻没,書歸故國樓,0.8320285915335728
故人書斷孤鴻没,一聲何處送書雁,0.8224071780495127
故人書斷孤鴻没,鳧雁終高去,0.8008427376550327
故人書斷孤鴻没,北書不至雁無情,0.8262636032255435
故人書斷孤鴻没,北雁塞聲微,0.8174731930410062
故人書斷孤鴻没,舊國霜前白雁來,0.8539094190692603
故人書斷孤鴻没,白鳥去邊明,0.8009116986430682
故人書斷孤鴻没,故舊短書稀,0.808467729265945
故人書斷孤鴻没,鴻雁影來連峽内,0.8101199835983568
故人書斷孤鴻没,秋來把雁書,0.821661604823923
故人書斷孤鴻没,過雁歸鴉錯迴首,0.8073810651250223
故人書斷孤鴻没,塞雁一行鳴,0.8172340172922853
故人書斷孤鴻没,旅雁上雲歸紫塞,0.8312711638509214
故人書斷孤鴻没,相憶無南雁,0.8243233839671655
故人書斷孤鴻没,萬里衡陽雁,0.801208380607046
故人書斷孤鴻没,書信中原闊,0.8097949189657168
團扇如明月,團團日隱牆,0.8095158488404786
團扇如明月,團圓思弟妹,0.8115335018574021
團扇如明月,月生初學扇,0.8079270127117892
團扇如明月,明月照我膝,0.8007310102773227
團扇如明月,月朗自明船,0.800758665505356
動摇微風興,天意颯風飇,0.8039078966553197
動摇微風興,輕風生浪遲,0.8060067936410481
動摇微風興,魚吹細浪摇歌扇,0.8145702357908386
動摇微風興,漂蕩隨高風,0.8163830506221763
動摇微風興,溪風爲颯然,0.8020476343591918
動摇微風興,細動迎風燕,0.8117519201417769
動摇微風興,輕摇逐浪鷗,0.8046756205467973
動摇微風興,况乃迴風吹,0.8113627521459368
動摇微風興,微微風動襟,0.8819726532064205
動摇微風興,涼風動萬里,0.8066421202255392
動摇微風興,秋風嫋嫋動高旌,0.8009952701880934
動摇微風興,曳月揚微風,0.8491713602735107
動摇微風興,影動倒景摇瀟湘,0.8072940505189534
動摇微風興,飄颻散疏襟,0.8160415405215689
動摇微風興,秋風灑静便,0.8062375528508081
動摇微風興,湖山合動摇,0.8032395073321589
屏去坐上熱,觸熱生病根,0.8109558279396476
袪遂盤中蠅,未脱衆魚腹,0.8010274483422337
袪遂盤中蠅,身上須繒腹中實,0.8087551753420723
有用何提挈,手中各有攜,0.8118821816118031
有用何提挈,内顧無所攜,0.813884926348188
有用何提挈,無以應提攜,0.8596945021271059
有用何提挈,罟弋畢提攜,0.8032570664951291
有用何提挈,提攜頗在綱,0.8474860020751982
有用何提挈,饔醬落提攜,0.804940587810834
無心分愛憎,于汝定無嫌,0.8023419992168617
無心分愛憎,勿受外嫌猜,0.8092187149539318
無心分愛憎,不是愛微軀,0.8163764452927664
無心分愛憎,我生無倚著,0.800061322406453
無心分愛憎,脱身無所愛,0.8260232847277134
無心分愛憎,畏人嫌我真,0.8024590774258524
炎炎雖可貴,炎天避鬱蒸,0.815016883892137
炎炎雖可貴,况當朱炎赫,0.8109670838517091
炎炎雖可貴,陰氣不黲黷,0.8045621937890912
炎炎雖可貴,殺氣薄炎熾,0.8206472546077426
炎炎雖可貴,地僻昏炎瘴,0.8067280840984123
炎炎雖可貴,五嶺炎蒸地,0.8034135060120313
炎炎雖可貴,五嶺皆炎熱,0.8400259357122488
炎炎雖可貴,清涼破炎毒,0.8167003549321538
炎炎雖可貴,炎方慘如燬,0.8156353773140844
炎炎雖可貴,江間雖炎瘴,0.8395403422698671
炎炎雖可貴,未辭炎瘴毒,0.80527531272341
棄置奈寒冰,此道今人棄如土,0.8047318238017338
棄置奈寒冰,恐懼棄捐忍羇旅,0.8485443195954498
棄置奈寒冰,救汝寒凛慄,0.8137954131875029
棄置奈寒冰,委棄非汝能周防,0.8008047507214284
棄置奈寒冰,不獨凍餒迫,0.8078336582507806
麈髦副白玉,頻抽白玉簪,0.8043426549602815
揮弄柔毿毿,揮弄滑且柔,0.830705652627167
不獨效擊拂,奮怒向我落,0.8133191767676602
不獨效擊拂,志士惜妄動,0.8096865607145904
不獨效擊拂,手持白羽未敢釋,0.802844466149272
與君爲指南,爲我指山隅,0.8372993359269585
諸生臨廣坐,諸生困一經,0.8007171009169314
辯口劇春蠶,結舌防讒柄,0.8322472844946718
此物爲解紛,紛披爲誰秀,0.8174333354745371
此物爲解紛,自是衆木亂紛紛,0.8363131478422046
此物爲解紛,皆爲掃氛妖,0.8002214981567248
此物爲解紛,紛然喪亂際,0.8028761948397145
此物爲解紛,皆因此人手,0.8014017234727808
吾常見不談,見爾不能無,0.8225226800352621
吾常見不談,孟子論文更不疑,0.8016927191476213
吾常見不談,病中吾見弟,0.8066244230944384
沈埋寒泉骨,路有凍死骨,0.8010183176673418
沈埋寒泉骨,寒月照白骨,0.8063548631095938
沈埋寒泉骨,沉吟屈蟠樹,0.8026515245706183
沈埋寒泉骨,應悲寒甃沉,0.8412707292437183
沈埋寒泉骨,掘獄知埋劍,0.8154230401532225
沈埋寒泉骨,何處埋爾骨,0.829679346317681
沈埋寒泉骨,白摧朽骨龍虎死,0.8030374493222935
沈埋寒泉骨,冥寞憐香骨,0.8152952206267766
沈埋寒泉骨,朱李沉不冷,0.8166177186673786
沈埋寒泉骨,没齒埋冰炭,0.8315840623447825
成器世乃重,實恐人事稠,0.8042557820156935
成器世乃重,古來材大難爲用,0.8166798909927042
成器世乃重,於時國用富,0.8053374113677985
成器世乃重,名數頗具陳,0.8002107527989022
成器世乃重,事貴當匹敵,0.8011744716827311
成器世乃重,盛名富事業,0.8149362950941046
成器世乃重,名器重雙全,0.8797739914861047
成器世乃重,子等成大名,0.8217897460709422
成器世乃重,神器資强幹,0.8143768981140722
賢於曲肱樂,部曲異平生,0.8024798556377202
輾轉不傾動,絆之欲動轉欹側,0.857146963433197
輾轉不傾動,萬事隨轉燭,0.8000296494865837
輾轉不傾動,三歲如轉燭,0.8006459232811737
輾轉不傾動,展轉屢鳴雞,0.8159033085324374
六月塵埃閒,百里風塵昏,0.8554665635547878
六月塵埃閒,孔丘盗跖俱塵埃,0.8348837973604658
六月塵埃閒,六月風日冷,0.8009510685628927
六月塵埃閒,忍爲塵埃没,0.8326806044717783
六月塵埃閒,足以静風塵,0.8007990255114359
六月塵埃閒,風塵爲客日,0.8119472993712914
六月塵埃閒,直苦風塵暗,0.801183098593913
六月塵埃閒,世尊亦塵埃,0.8261126123492567
六月塵埃閒,虚殿日塵埃,0.8269955682936208
六月塵埃閒,風塵淹别日,0.8091540030138125
六月塵埃閒,飄颻若埃塵,0.8082870034127572
六月塵埃閒,舊瘴無復似塵埃,0.8065999660244609
六月塵埃閒,舟中無日不沙塵,0.8036912959480849
六月塵埃閒,井竈任塵埃,0.814456624651634
六月塵埃閒,壯觀已塵埃,0.8448317384239691
頭爲涔涔痛,涔涔塞雨繁,0.8490652683498094
頭爲涔涔痛,行藥病涔涔,0.8056013126893209
一卧洗煩勞,撫事煎百慮,0.8107436648550617
一卧洗煩勞,坐覺妖氛豁,0.8025301044459797
一卧洗煩勞,何由一洗濯,0.8388522391209705
一卧洗煩勞,一洗蒼生憂,0.8240296375125697
一卧洗煩勞,無以洗心胸,0.825754013035696
一卧洗煩勞,洗滌煩熱足以寧君軀,0.8559962881145318
一卧洗煩勞,曠懷掃氛翳,0.8195667281821736
一卧洗煩勞,徒爲百慮牽,0.8159258479447814
一卧洗煩勞,促觴激百慮,0.8013110020092581
舊物最所惜,故物獨石馬,0.8118469735162324
舊物最所惜,所遇多被傷,0.8183287995138366
舊物最所惜,惜哉俗態好蒙蔽,0.8155178898382103
舊物最所惜,覽物想故國,0.8124713857634372
舊物最所惜,君王無所惜,0.8092380935593818
舊物最所惜,周南留滯古所惜,0.8024518968978107
舊物最所惜,王子自愛惜,0.8067798116196792
舊物最所惜,感君意氣無所惜,0.8034106295790635
當年楚山秋,商山猶入楚,0.8159960449590271
當年楚山秋,去秋涪江木落時,0.800105818168585
當年楚山秋,三年望東吴,0.8279811378417788
當年楚山秋,楚山經月火,0.822979668940127
當年楚山秋,春深秦山秀,0.8161068850285335
當年楚山秋,楚貢何年絶,0.8099057931808255
當年楚山秋,兩見巫山楚水春,0.8039055948727454
當年楚山秋,高唐暮冬雪壯哉,0.8027044277770619
林下千金得,未覺千金滿高價,0.8525032646152247
林下千金得,家書抵萬金,0.8213485039953115
林下千金得,黄金傾有無,0.8027145637353648
寒光不染著,但取不磷緇,0.8015406364656105
寒光不染著,寒水光難定,0.8027853607735559
寒光不染著,寒刮肌膚北風利,0.8076297618440255
夐與塵泥隔,永與奥區固,0.8019132211097266
夐與塵泥隔,人寰可超越,0.8009412935282056
夐與塵泥隔,一望幽燕隔,0.8120190910350167
夐與塵泥隔,海内風塵諸弟隔,0.80265445848855
夐與塵泥隔,世尊亦塵埃,0.8004721570079338
落日照江波,秋日亂清暉,0.8095366228805885
落日照江波,落日平臺上,0.8362919246549833
落日照江波,落日照大旗,0.8677610996533821
落日照江波,落雁浮寒水,0.8330655013845109
落日照江波,月照白水山,0.8018908689830422
落日照江波,鸕鷀西日照,0.8055066288799152
落日照江波,孤城返照紅將斂,0.8037389877110904
落日照江波,落日在簾鈎,0.8351132611868891
落日照江波,九江日落醒何處,0.8151840568183001
落日照江波,日落青龍見水中,0.8222360197274676
落日照江波,舍影漾江流,0.8030156322938723
落日照江波,山頭落日半輪明,0.8198931897446341
落日照江波,江月滿江城,0.818133703911269
落日照江波,清江白日落欲盡,0.8346142852885285
落日照江波,遲日深江水,0.8067189544338655
落日照江波,江城孤照日,0.8643347819022136
落日照江波,日動映江幕,0.8442838419025118
落日照江波,日落望鄉臺,0.8066860153315991
落日照江波,秋風落日斜,0.8688225361721604
落日照江波,月湧大江流,0.8019977000891004
落日照江波,落月去清波,0.8380228936187002
落日照江波,山木蒼蒼落日曛,0.8147364010705953
落日照江波,日出清江望,0.812284747812889
落日照江波,返照入江翻石壁,0.8032942583966545
落日照江波,日氣射江深,0.8125969411957048
落日照江波,杜陵斜晚照,0.8104131154460696
落日照江波,落月動沙虚,0.8421546849279744
落日照江波,日夜向滄洲,0.8062176090300694
落日照江波,蝥弧照夕曛,0.8025072246754299
落日照江波,落日九江流,0.914771065105404
落日照江波,落日悲江漢,0.8660651647471813
落日照江波,江城秋日落,0.8807110889694887
落日照江波,連山晚照紅,0.8245488164272653
落日照江波,落杵光輝白,0.815350432524945
落日照江波,水花寒落岸,0.8315593114788905
落日照江波,落日渭陽情,0.8329882293852644
落日照江波,落日初霞閃餘映,0.8611954432907158
落日照江波,青山落日江湖白,0.8770801501482363
落日照江波,帆影駐江邊,0.8242728936418686
落日照江波,落日對春華,0.8247535725151905
依俙比顔色,使我顔色好,0.8101219064595083
依俙比顔色,顔色同日老,0.8120984207389285
依俙比顔色,猶疑照顔色,0.8192283457049379
依俙比顔色,老妻覩我顔色同,0.8066668456646986
依俙比顔色,少須顔色好,0.8198452162851926
依俙比顔色,深知好顔色,0.8257195173795899
依俙比顔色,自此無顔色,0.8127225396095299
依俙比顔色,見我顔色温,0.80597654077809
依俙比顔色,去棹依顔色,0.8220870403676401
依俙比顔色,京華應見無顔色,0.8005181914213324
依俙比顔色,滿眼顔色好,0.8035704160517787
依俙比顔色,紅顔白面花映肉,0.8123109936202525
飛蚊遠床帷,繐帷紛曾空,0.8094611247880028
微凉忽透𨻶,醒酒微風入,0.8103742643440646
微凉忽透𨻶,荷淨納涼時,0.8008248570321547
微凉忽透𨻶,山添扇枕涼,0.8296276695133855
微凉忽透𨻶,當暑著來清,0.8037553757863295
微凉忽透𨻶,稍待秋風涼冷後,0.8167097012678479
微凉忽透𨻶,開軒納微涼,0.8249275270994678
微凉忽透𨻶,微微風動襟,0.8431837395924802
微凉忽透𨻶,風吹暈已生,0.8008886787868126
微凉忽透𨻶,衫裛翠微潤,0.8027741487243727
微凉忽透𨻶,微冷先枕席,0.8367021267293653
微凉忽透𨻶,竹露夕微微,0.8069774652711668
微凉忽透𨻶,爽氣春淅瀝,0.8049098864832676
微凉忽透𨻶,稍通綃幕霽,0.8083395753849589
微凉忽透𨻶,御裌侵寒氣,0.8069966747639743
微凉忽透𨻶,江上早來涼,0.8056835504575024
念彼無㡡者,當念居者思,0.8338319180411126
念彼無㡡者,痛彼道邊人,0.8190819586710454
中夜何歎及,客子中夜發,0.8131714890489912
中夜何歎及,仲夏苦夜短,0.8085307860349233
中夜何歎及,我何良歎嗟,0.840755685122861
中夜何歎及,中夜尚未安,0.8337403555956218
中夜何歎及,夜來復何如,0.827142329420081
中夜何歎及,復令識者久嘆嗟,0.8012131690160081
中夜何歎及,流慟嗟何及,0.8371264596723464
中夜何歎及,風雨嗟何及,0.8357558438389879
天下同安眠,三軍同晏眠,0.8006858804039034
天下同安眠,天下尚未寧,0.8029985220627658
天下同安眠,伏枕雲安縣,0.8001815141168489
西風向秋急,悲風日暮多,0.8214077678677683
西風向秋急,涼風蕭蕭吹汝急,0.8446781677577684
西風向秋急,騣尾蕭梢朔風起,0.8173253068655179
西風向秋急,氣酣日落西風來,0.802979123170227
西風向秋急,昨夜東風吹血腥,0.8129532094135248
西風向秋急,東風吹春冰,0.8006778814776164
西風向秋急,南風作秋聲,0.8756639535720299
西風向秋急,送遠秋風落,0.8333708005736987
西風向秋急,蕭蕭北風勁,0.8396177092600985
西風向秋急,陰風西北來,0.8251499805637978
西風向秋急,曉來急雨春風顛,0.8093860658511804
西風向秋急,朔風飄胡雁,0.8140772230114559
西風向秋急,涼風起天末,0.836836795838239
西風向秋急,秋風已颯然,0.8197561652845671
西風向秋急,北風起寒文,0.8212525923606113
西風向秋急,秋至拭清砧,0.814719531076783
西風向秋急,秋風吹若何,0.8397513172696105
西風向秋急,悲風稍稍飛,0.8105078726857169
西風向秋急,多病秋風落,0.8299288457538854
西風向秋急,秋風動關塞,0.8282325688552801
西風向秋急,野風吹征衣,0.8068247229977568
西風向秋急,八月秋高風怒號,0.8275336208214307
西風向秋急,落木更高風,0.8201004879178926
西風向秋急,江風颯長夏,0.8097723451043342
西風向秋急,來衝風飇急,0.8007955995563459
西風向秋急,寒事颯高秋,0.818384030768143
西風向秋急,匹馬逐秋風,0.802224830273335
西風向秋急,高城秋自落,0.8027195441589452
西風向秋急,秋風落日斜,0.8169411973397944
西風向秋急,秋風早下來,0.8620484067591971
西風向秋急,晚風爽烏匼,0.8018894799857703
西風向秋急,黄屋朔風卷,0.8056607046176365
西風向秋急,秋風動哀壑,0.8222820707734406
西風向秋急,秋風淅淅吹巫山,0.8013466046040841
西風向秋急,北風吹蒹葭,0.8211928240608577
西風向秋急,秋風亦已起,0.8381919303761034
西風向秋急,迴風吹早秋,0.8475294725280894
西風向秋急,秋風灑静便,0.8055905209910201
西風向秋急,秋風吹几杖,0.8000551977158901
西風向秋急,北風黄葉下,0.8624383110352265
西風向秋急,悲秋向夕終,0.8008783262675663
西風向秋急,猛風中夜吹白屋,0.8021130933774498
西風向秋急,江風借夕涼,0.8122363417250831
西風向秋急,北風天正寒,0.8382531485372867
西風向秋急,十日北風風未迴,0.8147849341715812
西風向秋急,楚岸朔風疾,0.8408573932572181
西風向秋急,北風昨夜雨,0.8267253922544433
西風向秋急,北風破南極,0.8202319405321199
西風向秋急,朔風吹桂水,0.8058701748222324
西風向秋急,破浪南風正,0.8117240051569259
錢君佳少年,李侯金閨彦,0.8006801325026915
錢君佳少年,李侯有佳句,0.8160447468183263
錢君佳少年,人間好少年,0.800404547449113
錢君佳少年,況我與子非壯年,0.8226031775820531
錢君佳少年,憶昔少壯日,0.8187776293018278
錢君佳少年,長安卿相多少年,0.8206773796292384
錢君佳少年,不及少年日,0.8106464929969355
錢君佳少年,昔有佳人公孫氏,0.8078733449566068
錢君佳少年,河陽實少年,0.8077448298804297
錢君佳少年,但遇新少年,0.8126374494434184
濯濯春月柳,濯濯朱絲繩,0.841081356360512
開談屢逼人,親賓縱談謔,0.8157708332343555
開談屢逼人,開筵得屢供,0.8017006425448204
開談屢逼人,清談慰老夫,0.8055921471620229
落筆若揮帚,下筆如有神,0.8097147688692756
落筆若揮帚,揮毫落紙如雲烟,0.8845928629055695
落筆若揮帚,啖侯筆不停,0.8031591367717208
落筆若揮帚,筆陣獨掃千人軍,0.8234404294352755
落筆若揮帚,揮灑亦莫比,0.8339719559213254
落筆若揮帚,詩成珠玉在揮毫,0.8050029552217794
落筆若揮帚,筆落驚風雨,0.8374868268341021
落筆若揮帚,戲拈秃筆掃驊騮,0.8266774058782931
落筆若揮帚,請公放筆爲直幹,0.810332253410035
落筆若揮帚,凌雲健筆意縱横,0.8288906853710778
落筆若揮帚,縱使盧王操翰墨,0.801380854090221
落筆若揮帚,揮灑容數人,0.825187319026927
落筆若揮帚,壯筆過飛泉,0.8332788047092887
落筆若揮帚,落筆四座驚,0.8436963153480468
落筆若揮帚,指揮若定失蕭曹,0.8000983664818642
落筆若揮帚,直欲數秋毫,0.8001646403935703
落筆若揮帚,賦詩猶落筆,0.8358450498868228
落筆若揮帚,走索背秋毫,0.8180597165060384
落筆若揮帚,揮手灑衰淚,0.813899724003168
落筆若揮帚,錯揮鐵如意,0.8105245973108721
鳧雁菰蒲中,鳧雁宿張燈,0.8092683117121137
鳧雁菰蒲中,渚蒲牙白水荇青,0.8103983922291993
鳧雁菰蒲中,渚秀蘆笋緑,0.82364417750263
鳧雁菰蒲中,江浦寒鷗戲,0.8012852316243402
鳧雁菰蒲中,蒲稗各自長,0.8121006643391669
鳧雁菰蒲中,雁矯銜蘆内,0.8376173924390165
鳧雁菰蒲中,别浦雁賓秋,0.8006634567686657
英材頗時有,英雄有時亦如此,0.8621922868624183
英材頗時有,有美生人傑,0.8124300967220126
英材頗時有,才傑俱登用,0.8169614885752089
英材頗時有,英賢遇轗軻,0.816020965898448
英材頗時有,令姪才俊茂,0.8049477985374507
英材頗時有,經濟實藉英雄姿,0.8437588914516088
英材頗時有,時來展才力,0.8161778436904388
英材頗時有,昔時賢俊人,0.844436106291035
英材頗時有,豈無濟時策,0.8008683995780965
英材頗時有,英雄徒自强,0.8168497022875001
英材頗時有,如公盡雄俊,0.8314929457659188
英材頗時有,同遊英俊人,0.8070879045218591
英材頗時有,豪俊初未遇,0.8274352789969471
英材頗時有,臺郎選才俊,0.8033503128682224
英材頗時有,若道士無英俊才,0.8575347795326453
英材頗時有,藴藉異時輩,0.8046494774930246
英材頗時有,俊才得之子,0.8119738513009734
英材頗時有,時危挹佳士,0.8046409999361825
英材頗時有,丈夫多英雄,0.8354199914589377
英材頗時有,賦有冠古才,0.8409375311880447
英材頗時有,當時無凡材,0.8377882509746513
英材頗時有,駕馭英雄材,0.8218793029707656
英材頗時有,亂世想賢才,0.801091697476933
英材頗時有,京兆先時傑,0.804405309788159
英材頗時有,時危始識不世才,0.8230346432823945
英材頗時有,時危可仗真豪俊,0.8490799986186495
英材頗時有,吾賢富才術,0.8226280041693507
英材頗時有,才士得神秀,0.8103069077907044
英材頗時有,俊傑思自致,0.8411960891661874
英材頗時有,賈傅才未有,0.8168190486979369
英材頗時有,丈人藉才地,0.8042899754245774
英材頗時有,之子俊才稀,0.8142604817414272
英材頗時有,濟世宜引英俊人,0.8512085345045741
英材頗時有,我丈特英特,0.8262569667093485
英材頗時有,宜與英俊厚,0.8299220918059492
英材頗時有,節制收英髦,0.8163262020384743
英材頗時有,盛才冠巖廊,0.8138566198073833
同聲傾夙期,時赴鄭老同襟期,0.8031203666185802
同聲傾夙期,喜結仁里歡,0.8006339878298623
同聲傾夙期,後會且深期,0.8075293725659353
同聲傾夙期,佳聲斯共遠,0.8022171509678472
異姓接婚友,宅相榮姻戚,0.8042788556289072
異姓接婚友,諸弟各異方,0.8467383942344902
異姓接婚友,異縣逢舊友,0.8304918799734291
異姓接婚友,分曹失異同,0.8240039663494282
異姓接婚友,交朋列友于,0.8104359359481121
異姓接婚友,良友昔相於,0.8081096975752382
異姓接婚友,與子姻婭間,0.8390117388476034
異姓接婚友,少逢舊親友,0.808822379323044
會面始八九,閏八月初吉,0.8043211146252138
會面始八九,異方驚會面,0.8066170238742405
會面始八九,快意八九年,0.8333826092238144
會面始八九,開元已來數八分,0.8102185876711188
會面始八九,長成忽會面,0.8148442923823196
會面始八九,幾年一會面,0.8135667924548613
時時過薄飯,春風啜茗時,0.8087287412390963
時時過薄飯,時時乞酒錢,0.8795444820336548
時時過薄飯,僧飯屢過門,0.8167900817606478
時時過薄飯,粗飯依他日,0.8229045089712648
時時過薄飯,諸僧但乞齋時飯,0.8112008800849502
時時過薄飯,暇日從時飲,0.8067607725435113
卯坐常至酉,春秋二時歸至尊,0.8300590710658808
卯坐常至酉,閏八月初吉,0.8140285818318297
卯坐常至酉,季冬日已長,0.8017433225082107
卯坐常至酉,自卯將及酉,0.901872427532536
卯坐常至酉,元年建巳月,0.8142729216071453
卯坐常至酉,元年建巳月,0.8142729216071453
卯坐常至酉,冬至至後日初長,0.8200111971603311
卯坐常至酉,三伏適已過,0.8075684563103243
卯坐常至酉,逆行值吉日,0.8012048845393521
今日得休沐,重來休沐地,0.8646076570712282
今日得休沐,生還今日事,0.8070905677720686
今日得休沐,今日起爲官,0.8016489820174684
今日得休沐,朝野少暇日,0.8077391674466949
今日得休沐,昨日今日皆天風,0.8286323993344704
今日得休沐,今朝好晴景,0.8276629685790047
今日得休沐,幸得過清朝,0.8079848482504761
今日得休沐,如今九日至,0.8032742543005772
今日得休沐,今日苦短昨日休,0.8539863127931044
今日得休沐,昨日晚晴今日黑,0.8438221640922043
方醺步兵酒,宜憂阮步兵,0.8011428926988935
方醺步兵酒,縱酒欲謀良夜醉,0.8071506512876794
方醺步兵酒,方外酒徒稀醉眠,0.8132819541447268
方醺步兵酒,邀我嘗春酒,0.8012715769075545
方醺步兵酒,可但步兵偏愛酒,0.8055781172580956
方醺步兵酒,纔傾一盞卽醺人,0.8299481025725888
方醺步兵酒,西郊牛酒再,0.8089397214411376
方醺步兵酒,離筵罷多酒,0.8002734635060935
方醺步兵酒,瓮餘不盡酒,0.8051922301996711
聞子車馬南,吾聞天子之馬走千里,0.8513803099933733
聞子車馬南,吾聞駕鼓車,0.81758503783634
聞子車馬南,我馬向北嘶,0.8050938090439583
聞子車馬南,雖有車馬客,0.8357458580429992
聞子車馬南,使君五馬一馬驄,0.8358958803098782
聞子車馬南,聞道乘驄發,0.800625166776513
聞子車馬南,征西車馬羽書馳,0.8147984082015356
聞子車馬南,聞説荆南馬,0.8402934924358529
聞子車馬南,騎馬忽憶少年時,0.8002348226502687
聞子車馬南,聞道南行市駿馬,0.8665300325879877
欲餞輒掣肘,奮怒向我落,0.8056390971436755
欲餞輒掣肘,握手淚再滴,0.8022896199259315
欲餞輒掣肘,欲起時被肘,0.8192838080426958
欲餞輒掣肘,解榻再見今,0.8159583479824919
欲餞輒掣肘,解袂從此旋,0.8181157606489502
