황정견,두보,코사인 유사도
意氣索然成老翁,愁吟獨老翁,0.8435732058719627
意氣索然成老翁,顔狀老翁爲,0.8227750624095507
意氣索然成老翁,飄然時危一老翁,0.8104065993515732
意氣索然成老翁,況乃氣精爽,0.8006141386583966
意氣索然成老翁,肺氣久衰翁,0.836693525744737
所有鬢髮猶未白,數莖白髮那抛得,0.829548146560639
所有鬢髮猶未白,已見白頭翁,0.8425557283907024
所有鬢髮猶未白,休看白髮生,0.8222410881773548
所有鬢髮猶未白,頭白眼暗坐有胝,0.8279253680470298
所有鬢髮猶未白,颯颯鬢毛蒼,0.8051819418911558
所有鬢髮猶未白,白髮千莖雪,0.8216818133030228
所有鬢髮猶未白,能添白髮明,0.8423291724272955
所有鬢髮猶未白,老夫清晨梳白頭,0.8063384305842285
所有鬢髮猶未白,生子毛盡赤,0.8013970724361819
所有鬢髮猶未白,羡君齒髮新,0.83462031415672
所有鬢髮猶未白,鬢髮各已蒼,0.9162431338324213
所有鬢髮猶未白,白益毛髮古,0.8642865236121612
所有鬢髮猶未白,眼暗髮垂素,0.829187348172997
所有鬢髮猶未白,休鑷鬢毛斑,0.836881212483866
所有鬢髮猶未白,白髮竟誰憐,0.8290106970746771
所有鬢髮猶未白,白頭亂髮垂過耳,0.8345498043481139
所有鬢髮猶未白,掃除白髮黄精在,0.8005289898594825
所有鬢髮猶未白,鬢髮還應雪滿頭,0.883089704776771
所有鬢髮猶未白,頭白恐風寒,0.8044997262568565
所有鬢髮猶未白,未肯鬢毛衰,0.8391877536250336
所有鬢髮猶未白,如今白髮翁,0.8629678725125238
所有鬢髮猶未白,百年雙白鬢,0.8253640059560942
所有鬢髮猶未白,更益鬢毛斑,0.8259714183153795
所有鬢髮猶未白,春日鬢俱蒼,0.8245574227582422
所有鬢髮猶未白,似惱鬢毛蒼,0.8280999384325098
所有鬢髮猶未白,苦遭白髮不相放,0.8083337748218291
所有鬢髮猶未白,鬢髮自成絲,0.8369870082498206
所有鬢髮猶未白,何須白髮侵,0.8435052210601972
所有鬢髮猶未白,悲歌鬢髮白,0.8523669235770968
所有鬢髮猶未白,鬢毛元自白,0.8668479747331507
所有鬢髮猶未白,會面嗟黧黑,0.8004358814705145
所有鬢髮猶未白,髮少何勞白,0.8290451844710753
所有鬢髮猶未白,相視髮皓白,0.8506535827669579
所有鬢髮猶未白,白髮少新洗,0.8239042190771204
所有鬢髮猶未白,頭白免短促,0.8189702255635479
所有鬢髮猶未白,起予幸斑白,0.8166659952685753
所有鬢髮猶未白,已作白頭翁,0.8000029651316971
所有鬢髮猶未白,獨立發皓齒,0.8021689168757253
所有鬢髮猶未白,新梳白髮微,0.8171269584404497
所有鬢髮猶未白,馮唐毛髮白,0.8552908943139578
所有鬢髮猶未白,君今幸未成老翁,0.815089614819585
所有鬢髮猶未白,知吾斑鬢總如銀,0.8289525587186317
所有鬢髮猶未白,白髮寐常早,0.8424800201420624
所有鬢髮猶未白,我嘆黑頭白,0.860407395462208
所有鬢髮猶未白,遭亂髮盡白,0.8423007192233953
所有鬢髮猶未白,白髮自能梳,0.8306402365671709
所有鬢髮猶未白,卽今蓬鬢改,0.8232375410915485
所有鬢髮猶未白,雖悲髮鬒變,0.8239158114486784
所有鬢髮猶未白,鬢毛垂領白,0.8759723938019037
所有鬢髮猶未白,客間頭最白,0.8124573116596476
所有鬢髮猶未白,白髮甘凋喪,0.8238865075204378
所有鬢髮猶未白,齒髮已自料,0.8269852079699485
所有鬢髮猶未白,相見各頭白,0.8132226606595712
所有鬢髮猶未白,入怪鬢髮空,0.8519822688679461
閑居爲婦執薪爨,客居課童僕,0.8024937721887511
宿處野人争卧席,會傍主人飛,0.8000588031509769
宿處野人争卧席,野人半巢居,0.8127497929313559
宿處野人争卧席,處分聽人主,0.8223429947867953
宿處野人争卧席,晴浴狎鷗分處處,0.8019608776695185
昔壯今衰殆不如,衰容豈壯夫,0.8395145785131239
昔壯今衰殆不如,少壯幾時奈老何,0.8439182435602727
昔壯今衰殆不如,盛業今如此,0.8073307792953396
昔壯今衰殆不如,昔何勇鋭今何愚,0.8191391916422844
昔壯今衰殆不如,吾衰往未期,0.8314521749634973
昔壯今衰殆不如,明公壯年值時危,0.8017148071071147
昔壯今衰殆不如,製此今頽朽,0.8034095529790493
昔壯今衰殆不如,衰疾悲宿昔,0.8430075220323239
昔壯今衰殆不如,況我與子非壯年,0.8364799758346959
昔壯今衰殆不如,不恨我衰子貴時,0.8080898912753631
昔壯今衰殆不如,少壯能幾時,0.8012961402453542
昔壯今衰殆不如,未遇猶視今,0.8035904105784275
昔壯今衰殆不如,伊昔貧皆甚,0.8126406055346365
昔壯今衰殆不如,吾衰未自由,0.8083013764344716
昔壯今衰殆不如,衰病已成翁,0.8124186122444643
昔壯今衰殆不如,當年亦壯哉,0.8273214201611794
昔壯今衰殆不如,歎及老夫衰,0.8313330963183307
昔壯今衰殆不如,宏壯不如初,0.836214941585504
昔壯今衰殆不如,七齡思卽壯,0.8092559692341177
昔壯今衰殆不如,君今幸未成老翁,0.8393120607687226
昔壯今衰殆不如,少壯欺老翁,0.8187924035158219
昔壯今衰殆不如,我今衰老才力薄,0.8448690818784761
昔壯今衰殆不如,古人成敗子如何,0.8078774856461488
昔壯今衰殆不如,吾人淹老病,0.8006303200318822
昔壯今衰殆不如,未怪及時少年子,0.8036935055237848
昔壯今衰殆不如,老夫今始知,0.8186582269533917
昔壯今衰殆不如,今晨非盛怒,0.8066610985259064
昔壯今衰殆不如,蹉跎病于斯,0.8012288299409907
昔壯今衰殆不如,逢迎少壯非吾道,0.8136912782631212
昔壯今衰殆不如,于今四十年,0.8068543415943332
吾恐未必不爲福,未敢辭路難,0.8031664500583088
吾恐未必不爲福,我行怪此安敢出,0.8189464583622237
吾恐未必不爲福,此事或恐爲神羞,0.8318569970779878
吾恐未必不爲福,恐致稻粱難,0.8030429665141887
吾恐未必不爲福,吾知徐公百不憂,0.8243056497246338
吾恐未必不爲福,未必不爲福,0.9612322424542129
吾恐未必不爲福,豈知身効能,0.8046626540819858
吾恐未必不爲福,世人亦爲爾,0.8085470658328744
吾恐未必不爲福,園吏未足怪,0.8059888546542167
吾恐未必不爲福,不爲困窮寧有此,0.8047945240664762
寄聲諸老善自愛,致此自僻遠,0.8030423308197857
寄聲諸老善自愛,爲人性僻耽佳句,0.8002683132787295
寄聲諸老善自愛,諸葛蜀人愛,0.8217396544419766
寄聲諸老善自愛,龐公任本性,0.8017085351162239
寄聲諸老善自愛,寄語惡少年,0.8006817635425705
寄聲諸老善自愛,惠愛南翁悦,0.8191049753442087
客行努力更强食,爲我力致美肴膳,0.8092826620786735
客行努力更强食,少年努力縱談笑,0.8014316633750019
客行努力更强食,力强不可制,0.8209528913297148
客行努力更强食,欲别上馬身無力,0.8247195786757633
客行努力更强食,要我下馬行,0.8114295606709364
客行努力更强食,努力事戎行,0.8219501677503169
客行努力更强食,生我不得力,0.8072052842980656
客行努力更强食,出處各努力,0.8060809510530796
客行努力更强食,力疾坐清曉,0.8175613046025001
客行努力更强食,此别應須各努力,0.8003525518319561
客行努力更强食,筋力豈能及,0.8087458423577797
客行努力更强食,僕夫行不進,0.8210691552758622
客行努力更强食,吾徒且加餐,0.8029798379942614
客行努力更强食,欲起慚筋力,0.8365496562135537
客行努力更强食,貧窮取給行艓子,0.8036963284570562
客行努力更强食,筋力不辭煩,0.8356423396106205
客行努力更强食,且爲辛苦行,0.8121883243450261
客行努力更强食,筋力妻孥問,0.8224358123982636
客行努力更强食,未憂筋力弱,0.8282095756723542
客行努力更强食,多病久加飯,0.820704854806469
客行努力更强食,勸勉防縱恣,0.8068294785239117
客行努力更强食,春生力更無,0.8143812945066627
門前種柳今幾長,門前百草長,0.8154795950636688
門前種柳今幾長,草堂少花今欲栽,0.8112135625424983
門前種柳今幾長,堂西長筍别開門,0.8112783147592805
戒兒勿令打鸂鶒,兒童莫信打慈鴉,0.8242247859803917
戒兒勿令打鸂鶒,使我晝立煩兒孫,0.8184622634157641
春晚歸來躑躅間,歸來尋舊蹊,0.826549199189166
春晚歸來躑躅間,歸休步紫苔,0.8046258993330007
爲公置酒臨江閣,清夜置酒臨前除,0.8002566886376169
爲公置酒臨江閣,佐酒望雲亭,0.8035676358635888
爲公置酒臨江閣,爲公歌此曲,0.800606019274427
爲公置酒臨江閣,開樽獨酌遲,0.8067274552993207
爲公置酒臨江閣,别酒寄江濤,0.8075537594466641
爲公置酒臨江閣,置酒高林下,0.8208462030229976
爲公置酒臨江閣,爲我謝賈公,0.815212627174404
爲公置酒臨江閣,當公賦佳句,0.8041447610404049
爲公置酒臨江閣,會子臨江樓,0.8345667689660873
爲公置酒臨江閣,臨軒望山閣,0.8113144573258136
爲公置酒臨江閣,抱病起登江上臺,0.8045091464369625
爲公置酒臨江閣,他日臨江待,0.8016229668473644
缺月欲峥嶸,碣石歲峥嶸,0.8305994201210838
缺月欲峥嶸,秋月仍圓夜,0.8033897037940323
缺月欲峥嶸,缺月未生天,0.8299327569599738
鳴雞有期信,近有平陰信,0.8032226479949709
鳴雞有期信,雙魚會早傳,0.823005249166116
鳴雞有期信,歸期願早知,0.8120096393515019
鳴雞有期信,雞鳴問前館,0.8029036003609739
征人催夙駕,惟應促駕還,0.8049926647809439
征人催夙駕,征戍聽所從,0.8011217662473338
征人催夙駕,南征問懸榻,0.8137296959849807
征人催夙駕,人來故北征,0.804945500874457
征人催夙駕,歸來覬命駕,0.8217040104516609
客夢未渠盡,客意已驚秋,0.8012595624287624
客夢未渠盡,客愁殊未已,0.8327575569478192
客夢未渠盡,夢魂歸未得,0.8006743196373753
野荒多斷橋,龍門横野斷,0.8305992283704118
野荒多斷橋,山危一徑盡,0.8012063069115947
野荒多斷橋,天寒荒野外,0.8103954022260083
野荒多斷橋,野老籬邊江岸迴,0.8169056144704563
野荒多斷橋,野日荒荒白,0.8311552629122603
野荒多斷橋,野橋齊渡馬,0.8272552564954065
野荒多斷橋,橋斷却尋溪,0.8282796861970079
野荒多斷橋,怯見野亭荒,0.8386196752482116
野荒多斷橋,藩籬生野徑,0.8103479275278653
野荒多斷橋,斷橋無復板,0.820657826460278
野荒多斷橋,野橋分子細,0.8029684058726945
野荒多斷橋,野水平橋路,0.8476214051449986
野荒多斷橋,荒林無徑入,0.8193551308083049
野荒多斷橋,山荒人民少,0.8086015900541023
野荒多斷橋,村依野廟堧,0.8087696958568276
野荒多斷橋,疏籬野蔓懸,0.8182061636288654
野荒多斷橋,柴扉臨野碓,0.809923106804457
野荒多斷橋,野屋流寒水,0.8019346440745936
河凍無裂璺,聞道洪河坼,0.8003698248378954
河凍無裂璺,交河幾蹴曾冰裂,0.8678079017135755
河凍無裂璺,沙汰江河濁,0.8048770010268824
河凍無裂璺,路有凍死骨,0.8000449319924998
河凍無裂璺,古色沙土裂,0.8122108566567938
河凍無裂璺,壞道哀湍瀉,0.8077374333828284
河凍無裂璺,蒼崖吼時裂,0.816699275907599
河凍無裂璺,河凍味魚不易得,0.8169486581264275
河凍無裂璺,鑿冰恐侵河伯宫,0.8290929841613248
河凍無裂璺,掘壕不到水,0.8088692283519419
河凍無裂璺,塞水不成河,0.8296674071034108
河凍無裂璺,石與厚地裂,0.8514716329283336
河凍無裂璺,水寒長冰横,0.8317890587916714
河凍無裂璺,江動將崩未崩石,0.8453130721442248
河凍無裂璺,江流石不轉,0.8014305399110013
河凍無裂璺,崩凍嵐陰昈,0.8276376007909907
河凍無裂璺,地與山根裂,0.8339388457937488
河凍無裂璺,決渠當斷岸,0.8183561852367789
河凍無裂璺,江石缺裂青楓摧,0.837821385633791
河凍無裂璺,崑崙天關凍應折,0.8247151767384904
河凍無裂璺,安得春泥補地裂,0.8035150538667177
羸馬踏冰翻,騎馬到階除,0.83089688931156
羸馬踏冰翻,風入四蹄輕,0.8027955056319085
羸馬踏冰翻,霜蹄千里駿,0.8166096139283338
羸馬踏冰翻,暮隨肥馬塵,0.809036239933774
羸馬踏冰翻,更調鞍馬狂歡賞,0.8129291079103629
羸馬踏冰翻,軟裘快馬當冰雪,0.8553079308130527
羸馬踏冰翻,走馬脱轡頭,0.8368138814865403
羸馬踏冰翻,未惜馬蹄遥,0.8136460403543551
羸馬踏冰翻,碾渦深没馬,0.8372024847977636
羸馬踏冰翻,歸馬散霜蹄,0.878480471436691
羸馬踏冰翻,暫蹶霜蹄未爲失,0.8222172560408014
羸馬踏冰翻,蹴踏崖谷滑,0.8317739662848015
羸馬踏冰翻,白馬嚼齧黄金勒,0.8033251609510881
羸馬踏冰翻,驄馬新鑿蹄,0.8464065984581868
羸馬踏冰翻,鐵馬汗常趨,0.8170361778252399
羸馬踏冰翻,安得赤脚踏層冰,0.8540748794095381
羸馬踏冰翻,脚下高蹄削寒玉,0.8558057047970277
羸馬踏冰翻,要我下馬行,0.8005369532278473
羸馬踏冰翻,白馬蹴微雪,0.8568660233983536
羸馬踏冰翻,馬驕朱汗落,0.82263126112134
羸馬踏冰翻,馬寒防失道,0.819002248736393
羸馬踏冰翻,雪没錦鞍韉,0.8153491742068197
羸馬踏冰翻,初調見馬鞭,0.800251694145701
羸馬踏冰翻,廏馬解登仙,0.8048227813958935
羸馬踏冰翻,我馬向北嘶,0.8066669815418261
羸馬踏冰翻,坐看千里當霜蹄,0.8291951581906354
羸馬踏冰翻,空煩卸馬鞍,0.8157897450101093
羸馬踏冰翻,無心待馬蹄,0.807457181480429
羸馬踏冰翻,倚杖穿花聽馬嘶,0.8373392613321513
羸馬踏冰翻,馬嘶未敢動,0.827604395350904
羸馬踏冰翻,騎馬行春徑,0.8023873224960854
羸馬踏冰翻,直愁騎馬滑,0.8545031916315662
羸馬踏冰翻,蠶崖鐵馬瘦,0.8030814737433021
羸馬踏冰翻,馬銜青草嘶,0.8243371962569894
羸馬踏冰翻,霜蹄蹴踏長楸間,0.8615547388615182
羸馬踏冰翻,歸來散馬蹄,0.8254012451203018
羸馬踏冰翻,高馬勿捶面,0.8017152787402912
羸馬踏冰翻,杖藜妨躍馬,0.8156164401001391
羸馬踏冰翻,鞍馬下秦塞,0.8030777807255881
羸馬踏冰翻,騎馬入青苔,0.8318330478873972
羸馬踏冰翻,崑崙虞泉入馬蹄,0.8043146349628374
羸馬踏冰翻,實少銀鞍傍險行,0.8254494661751256
羸馬踏冰翻,清晨散馬蹄,0.8347935979686851
羸馬踏冰翻,扶行幾屐穿,0.802960960178793
羸馬踏冰翻,全身學馬蹄,0.812415005761853
羸馬踏冰翻,悲鳴駟馬顧,0.8017798821597014
羸馬踏冰翻,争道朱蹄驕齧膝,0.834700483561666
疑狐觸林遁,巢多衆鳥鬭,0.803024414085898
疑狐觸林遁,鳥驚出死樹,0.8157139081258933
疑狐觸林遁,空村虎豹争,0.8055426669153773
疑狐觸林遁,野鼠拱亂穴,0.8090167918332323
疑狐觸林遁,啼畏虎狼聞,0.808200551165079
疑狐觸林遁,欲出畏虎狼,0.8081383281560821
疑狐觸林遁,林黑鳥應棲,0.8036590935096315
疑狐觸林遁,魑魅嘯有風,0.8052999170159343
疑狐觸林遁,禪枝宿衆鳥,0.8028938386790223
疑狐觸林遁,天寒鳥獸伏,0.8107875199885705
疑狐觸林遁,前有毒蛇後猛虎,0.8093377496392171
疑狐觸林遁,抨弓落狖鼯,0.8085410521930272
疑狐觸林遁,怪爾常穿虎豹羣,0.8200728163417426
疑狐觸林遁,號怒怪熊羆,0.8046695004148344
疑狐觸林遁,深蟠絶壁來,0.8021577455060864
疑狐觸林遁,號山無定鹿,0.8181553933446402
疑狐觸林遁,風號聞虎豹,0.8028025222009243
疑狐觸林遁,豺虎亂雄猜,0.8075792950699074
清風蕩初日,秋日亂清暉,0.8320797718807801
清風蕩初日,清暉回羣鷗,0.8097392123725777
清風蕩初日,竹日淨暉暉,0.8001687990945316
清風蕩初日,曳月揚微風,0.8050656879516247
清風蕩初日,回風起清曙,0.8190681561713573
清風蕩初日,和風日冲融,0.8150369581016178
清風蕩初日,迴風滔日孤光動,0.802772803462086
清風蕩初日,清旭步北林,0.8079200919101366
清風蕩初日,漾舟清光旁,0.8047234648895492
清風蕩初日,風神蕩江湖,0.801412447103945
喬木囀幽韻,森木亂鳴蟬,0.8138612602717106
喬木囀幽韻,千章夏木清,0.8062681395127885
喬木囀幽韻,野寺隱喬木,0.8054624802320552
喬木囀幽韻,遠岸富喬木,0.8002551343740297
喬木囀幽韻,擇木知幽鳥,0.8406017753206205
喬木囀幽韻,喬木易高風,0.8148518856881959
喬木囀幽韻,舂容轉林篁,0.8156714420760882
喬木囀幽韻,林木在庭户,0.8095710742437923
崧高忽在眼,望中疑在野,0.8121170464265293
崧高忽在眼,極目高崒兀,0.8005772751874932
崧高忽在眼,高秋視吴嶽,0.8158205033539309
崧高忽在眼,天畔登樓眼,0.809320449667365
崧高忽在眼,青山各在眼,0.831415644681736
岌峨臨數郡,崇岡擁象設,0.837924249965452
岌峨臨數郡,古鎮峰巒集,0.8409577233994112
岌峨臨數郡,山連越嶲蟠三蜀,0.8252830073647439
岌峨臨數郡,諸龕遍崔嵬,0.8034257381550528
岌峨臨數郡,天門鬱嵯峨,0.8499379073670639
岌峨臨數郡,雄圖曆數屯,0.8070172977866539
岌峨臨數郡,嵯峨閶門北,0.8468126696858129
岌峨臨數郡,巫岫鬱嵯峨,0.8303740152635477
岌峨臨數郡,嵯峨白帝城東西,0.828732154143464
岌峨臨數郡,西北樓成雄楚都,0.8167975745201126
岌峨臨數郡,山城近百層,0.8310694480850116
岌峨臨數郡,南瞻按百越,0.8036812413798828
意有萬里潤,問君適萬里,0.8015747859844528
意有萬里潤,安得萬里風,0.8141579129131784
意有萬里潤,窟壓萬丈内,0.8041537809487125
意有萬里潤,俯見千里豁,0.8020990158747175
意有萬里潤,萬里不以力,0.85021408987571
意有萬里潤,佳客適萬里,0.8086496791820298
意有萬里潤,萬里起古色,0.8175138627027863
寒暗不成雨,山寒雨不開,0.8243432038597276
寒暗不成雨,密雲復無雨,0.8264007621022882
寒暗不成雨,山雨不作泥,0.811300882915453
寒暗不成雨,小雨夜復密,0.810261170935171
寒暗不成雨,雲細不成衣,0.8048142729698048
寒暗不成雨,天寒不成寐,0.8459558624884447
寒暗不成雨,寒水不成潮,0.8065870829406919
寒暗不成雨,帶雨不成花,0.846365221580661
寒暗不成雨,凍雨裛沉綿,0.8160113534084794
卷懷就膚寸,揚論展寸心,0.8025746179105322
觀象思古人,古來無人境,0.8016048334436785
觀象思古人,因見古人情,0.8332695591891515
觀象思古人,觀圖憶古人,0.90548500236098
觀象思古人,聖賢古法則,0.8095343022465253
觀象思古人,古人不可見,0.8304274572705594
觀象思古人,禮亦如古昔,0.812601450383696
動静配天運,契合動昭融,0.8458602921643547
動静配天運,一氣轉洪鈞,0.8453558731173357
動静配天運,以茲悟生理,0.8006158141059294
動静配天運,沸天萬乘動,0.8446475182773041
動静配天運,動静隨所激,0.8359780304871274
動静配天運,天地有順逆,0.8368282936694065
動静配天運,開闢乾坤正,0.8128904639296606
動静配天運,萬方思助順,0.839664169508713
動静配天運,應接非本性,0.8053004776728394
動静配天運,静求元精理,0.8463750484957016
動静配天運,祚永固有開,0.8036545855100167
動静配天運,秉心識本源,0.8125827065979148
動静配天運,學貫天人際,0.8097933250429187
動静配天運,必驗升沉體,0.8118320598565966
動静配天運,静一資隄防,0.8059566436758767
動静配天運,出處各天機,0.8128924088971419
動静配天運,安爲動主理信然,0.8330377542798264
動静配天運,放神八極外,0.8034182290050332
動静配天運,欻吸領地靈,0.8007882690147798
動静配天運,寬猛性所將,0.8035373026757084
物來斯一時,四時無失序,0.8264198859558123
物來斯一時,盛事會一時,0.8305439803464608
物來斯一時,四序本平分,0.8239738645896941
無得乃至順,至性有此不,0.8704572074742236
無得乃至順,動静隨所激,0.8154955139493083
無得乃至順,天地有順逆,0.8472901123043456
無得乃至順,愚意會所適,0.8021538577718783
無得乃至順,四極我得制,0.8136305788291275
無得乃至順,其王願助順,0.8014445043945644
無得乃至順,況乃王師順,0.8074143203552395
無得乃至順,自適固其常,0.8208441147979118
無得乃至順,性命由他人,0.8006785050885277
無得乃至順,性命苟不存,0.8320373521439682
無得乃至順,物理固自然,0.8062882380655623
無得乃至順,進退固其宜,0.8108635144748793
無得乃至順,常恐性坦率,0.8041632111515998
無得乃至順,洗然順所適,0.8205795865857748
無得乃至順,因知邪干正,0.8184317200863425
無得乃至順,得無順逆辨,0.8971032140739545
無得乃至順,此病蓋有因,0.8129821786644407
無得乃至順,萬物附本性,0.817107671449705
無得乃至順,安爲動主理信然,0.8327134637121609
無得乃至順,乃知正人意,0.8260792941204829
無得乃至順,得罪永泰末,0.8180346673097499
無得乃至順,順從衆多意,0.8129509720629603
無得乃至順,未達善一身,0.8153947878973749
無得乃至順,得志行所爲,0.800280080445009
無得乃至順,終始任安義,0.8136730467708844
無得乃至順,寬猛性所將,0.8471166610820482
凉暄但循環,將恐及環堵,0.8189480790853227
用捨誰喜愠,用舍何其賢,0.8023979338044255
用捨誰喜愠,諸天必歡喜,0.8088723429750126
安得忘言者,尚謂求無形,0.8164301064848021
安得忘言者,貧知静者性,0.8218659521835479
安得忘言者,客居安可忘,0.8386420993026279
安得忘言者,愜當久忘筌,0.8167407848729564
與講齊物論,重與細論文,0.8037304289885222
與講齊物論,經綸皆新語,0.8024404266674929
與講齊物論,遠近理亦齊,0.8040840490575587
與講齊物論,出處庶可齊,0.8160553608446418
與講齊物論,可以物理推,0.8004281927655852
與講齊物論,時論以儒稱,0.8067601861584615
與講齊物論,請從丈人論,0.8046116375206007
與講齊物論,物理直難齊,0.8192881710524702
與講齊物論,庶與達者論,0.8389437957118877
與講齊物論,聞見事略同,0.8050306407951643
與講齊物論,雅論在兵機,0.8158045053203198
暮天𢹂手步河梁,握手步道周,0.8083944263717658
把酒淹留斜日光,竟日陽光留,0.8470332870807629
把酒淹留斜日光,竟日淹留佳客坐,0.8449704321638787
把酒淹留斜日光,長日容杯酒,0.8254058348634639
把酒淹留斜日光,落日對春華,0.8131366788675405
生當有别各異方,各在天一涯,0.8098091037403614
生當有别各異方,此生隨所遭,0.8090772105402848
生當有别各異方,生理焉得説,0.8040973977580166
生當有别各異方,諸弟各異方,0.8842328987524426
生當有别各異方,人生會合不可常,0.827726910138409
生當有别各異方,孰知是死别,0.8001068220149945
生當有别各異方,人生有離合,0.8555190641132424
生當有别各異方,人生無家别,0.8182267870655129
生當有别各異方,送者各有死,0.80981880146816
生當有别各異方,人生亦有初,0.8184457285376789
生當有别各異方,雲端各異方,0.8590626578225893
生當有别各異方,人生歡會豈有極,0.8376627136404639
生當有别各異方,異方驚會面,0.8030558609914804
生當有别各異方,生離與死别,0.8543034015498894
生當有别各異方,分曹失異同,0.8123893509207587
生當有别各異方,便有死生分,0.8396958830599877
生當有别各異方,人生流滯生理難,0.8262451648626954
生當有别各異方,乘時各有人,0.8049265840584441
生當有别各異方,殊方聽有異,0.8188380869160139
生當有别各異方,亂離生有别,0.8291848313777894
生當有别各異方,群生各一宿,0.8410961411130182
生當有别各異方,君臣各有分,0.8266902182912976
古人嗟此樂難當,惟生哀我未平復,0.8030758372090316
古人嗟此樂難當,古人誰復過,0.8006765027436731
古人嗟此樂難當,吾道屬艱難,0.811847104524362
古人嗟此樂難當,古人稱逝矣,0.8298909027883823
古人嗟此樂難當,斯人亦何幸,0.8277777600153102
古人嗟此樂難當,不薄今人愛古人,0.8221059072027838
古人嗟此樂難當,行路難如此,0.8034875846834557
古人嗟此樂難當,臨危憶古人,0.8012408189162912
古人嗟此樂難當,此樂幾難朽,0.8239824098163476
古人嗟此樂難當,艱難人不免,0.8223361485690299
古人嗟此樂難當,古人成敗子如何,0.812655956081813
古人嗟此樂難當,猶嗟行路難,0.8010660565437873
古人嗟此樂難當,斯人難並居,0.8111684951499002
古人嗟此樂難當,生别古所嗟,0.8212230832539982
古人嗟此樂難當,古時喪亂皆可知,0.818714719769722
大梁嬉遊少年場,暫遊阻詞伯,0.8015017996213851
大梁嬉遊少年場,甫昔少年日,0.8105526736547162
大梁嬉遊少年場,長安少年氣欲盡,0.8060648036191331
大梁嬉遊少年場,漁陽豪俠地,0.8039035370606772
大梁嬉遊少年場,長安卿相多少年,0.8124154360417434
大梁嬉遊少年場,優游謝康樂,0.8056441377187868
大梁嬉遊少年場,都非少壯時,0.8096680687957133
大梁嬉遊少年場,同遊英俊人,0.8038001497126601
大梁嬉遊少年場,出遊翰墨場,0.8244163963454663
大梁嬉遊少年場,漫看年少樂,0.8272454869115895
大梁嬉遊少年場,二州豪俠場,0.8160014323303759
大梁嬉遊少年場,十二年來多戰場,0.8232228471487046
春風花枝囀鸝黄,蛺蝶飛來黄鸝語,0.8256438200916162
春風花枝囀鸝黄,鶯歌暖正繁,0.813645086886513
春風花枝囀鸝黄,鶯囀皇州春色闌,0.8628847085283218
春風花枝囀鸝黄,鳴鳩乳燕青春深,0.8185738501918083
春風花枝囀鸝黄,雀啄江頭黄柳花,0.8364021312473556
春風花枝囀鸝黄,囀枝黄鳥近,0.8324731151441324
春風花枝囀鸝黄,宫鶯罷囀春,0.861499453121437
春風花枝囀鸝黄,兩箇黄鸝鳴翠柳,0.8167028671574527
節物謝徂歲渠央,甘與歲時遷,0.8049619723360661
節物謝徂歲渠央,此物歲不稔,0.8481894673782274
節物謝徂歲渠央,長番歲時久,0.8160360938964708
節物謝徂歲渠央,百餘年間未災變,0.8099778180439648
節物謝徂歲渠央,客堂序節改,0.8212305426818408
節物謝徂歲渠央,時序遞回斡,0.8048351622019324
節物謝徂歲渠央,少留改歲年,0.8014135254315354
節物謝徂歲渠央,植物半蹉跎,0.8025438609701474
節物謝徂歲渠央,忽已歲時遷,0.8581429442090929
節物謝徂歲渠央,今古歲方寧,0.8006885992753136
節物謝徂歲渠央,菁華歲月遷,0.8332166636021869
節物謝徂歲渠央,物色歲時晏,0.8022646750039499
來自江南登君堂,我經華原來,0.828922226330085
來自江南登君堂,重上君子堂,0.8344149298153689
來自江南登君堂,始來茲山中,0.8161722762136085
來自江南登君堂,去年登高郪縣北,0.8044394294849972
來自江南登君堂,昔我去草堂,0.8163843642914596
來自江南登君堂,今我歸草堂,0.8323040222348106
來自江南登君堂,今年思我來嘉州,0.8303651044599686
來自江南登君堂,會子臨江樓,0.8084661860533571
來自江南登君堂,昔我遊山東,0.8054218177267607
秋氣欲動聞寒螿,森木亂鳴蟬,0.8093249452698301
秋氣欲動聞寒螿,落景聞寒杵,0.8358798465158356
秋氣欲動聞寒螿,嚴警當寒夜,0.8120574940303317
秋氣欲動聞寒螿,涼風蕭蕭吹汝急,0.804187306608577
秋氣欲動聞寒螿,雨聲颼颼催早寒,0.8608654737080634
秋氣欲動聞寒螿,悲笳數聲動,0.8464414900533401
秋氣欲動聞寒螿,南風作秋聲,0.830557331968283
秋氣欲動聞寒螿,西征海氣寒,0.8122805663094457
秋氣欲動聞寒螿,颯爽動秋骨,0.8398168501207457
秋氣欲動聞寒螿,秋聽殷地發,0.8027859120954943
秋氣欲動聞寒螿,抱葉寒蟬静,0.838604716998403
秋氣欲動聞寒螿,邊秋一雁聲,0.8087449579698145
秋氣欲動聞寒螿,涼風起天末,0.8070306214604364
秋氣欲動聞寒螿,秋風已颯然,0.8048307569348198
秋氣欲動聞寒螿,北風起寒文,0.8177923106141922
秋氣欲動聞寒螿,秋至拭清砧,0.8224355566374317
秋氣欲動聞寒螿,秋蟲聲不去,0.8368640547888211
秋氣欲動聞寒螿,天風吹汝寒,0.8025173708977604
秋氣欲動聞寒螿,秋風動關塞,0.8036737091810203
秋氣欲動聞寒螿,窮秋正摇落,0.8017209675396264
秋氣欲動聞寒螿,蕭摵寒籜聚,0.8018081310850884
秋氣欲動聞寒螿,山寒夜中泣,0.8012154040673041
秋氣欲動聞寒螿,颼颼林響交,0.8146551024713715
秋氣欲動聞寒螿,寒雨颯颯枯樹濕,0.8375155382604911
秋氣欲動聞寒螿,城闕秋生畫角哀,0.8046971461652469
秋氣欲動聞寒螿,秋至轉飢寒,0.8288696274415859
秋氣欲動聞寒螿,蟬聲集古寺,0.8105292183142715
秋氣欲動聞寒螿,江雨夜聞多,0.80108266161279
秋氣欲動聞寒螿,涼氣曉蕭蕭,0.8049493675521631
秋氣欲動聞寒螿,凛凛悲秋意,0.8104177861178261
秋氣欲動聞寒螿,五月髣髴聞寒蟬,0.8286300013312542
秋氣欲動聞寒螿,八月秋高風怒號,0.8273373976139937
秋氣欲動聞寒螿,落木更高風,0.8144997045336919
秋氣欲動聞寒螿,冷猿秋雁不勝悲,0.8243642560200377
秋氣欲動聞寒螿,三更風起寒浪湧,0.8196021341804847
秋氣欲動聞寒螿,寒砧昨夜聲,0.8341776739084468
秋氣欲動聞寒螿,千崖秋氣高,0.8031344036385164
秋氣欲動聞寒螿,江風颯長夏,0.8069679412389077
秋氣欲動聞寒螿,因驚四月雨聲寒,0.8188929478355778
秋氣欲動聞寒螿,永夜角聲悲自語,0.8150503498202382
秋氣欲動聞寒螿,寒事颯高秋,0.8626791052716452
秋氣欲動聞寒螿,淅淅野風秋,0.8254800920288936
秋氣欲動聞寒螿,老去聞悲角,0.8159930604352177
秋氣欲動聞寒螿,晚風爽烏匼,0.804144009173127
秋氣欲動聞寒螿,秋風動哀壑,0.8534118847585748
秋氣欲動聞寒螿,金吼霜鐘徹,0.8356318037853698
秋氣欲動聞寒螿,天寒奈九秋,0.8009457352274202
秋氣欲動聞寒螿,秋風淅淅吹巫山,0.8131313328996248
秋氣欲動聞寒螿,秋風淅淅吹我衣,0.8143190359227117
秋氣欲動聞寒螿,清秋草木黄,0.8010802013545463
秋氣欲動聞寒螿,秋氣動衰顔,0.8096305402600903
秋氣欲動聞寒螿,五更鼓角聲悲壯,0.8353339358549003
秋氣欲動聞寒螿,春城雨色動微寒,0.8030995985448106
秋氣欲動聞寒螿,哀猿更起坐,0.8076759427879905
秋氣欲動聞寒螿,秋山響易哀,0.820736909053158
秋氣欲動聞寒螿,天清木葉聞,0.8384680078321094
秋氣欲動聞寒螿,秋風楚竹冷,0.8019408212436405
秋氣欲動聞寒螿,秋砧醒却聞,0.8314270443199674
秋氣欲動聞寒螿,風急天高猿嘯哀,0.8225867804579836
秋氣欲動聞寒螿,寒風疏草木,0.8302437242444021
秋氣欲動聞寒螿,猿鳴秋淚缺,0.8175781603604121
秋氣欲動聞寒螿,朔風鳴淅淅,0.8149564114003676
秋氣欲動聞寒螿,嘹唳吟笳發,0.8076700065736322
秋氣欲動聞寒螿,北風天正寒,0.8003112650452294
秋氣欲動聞寒螿,風濤颯颯寒山陰,0.8205135428526836
秋氣欲動聞寒螿,塞曲三更欻悲壯,0.8144878994646321
秋氣欲動聞寒螿,天寒鶬鴰呼,0.8107508668344467
秋氣欲動聞寒螿,五月寒風冷佛骨,0.8070062963863689
秋氣欲動聞寒螿,秋天昨夜涼,0.804553941612248
秋氣欲動聞寒螿,寒蟬碧樹秋,0.8698269634268528
會幾何日今别長,今夕何夕歲云徂,0.8081154632991494
會幾何日今别長,昔别是何處,0.8025646716368755
會幾何日今别長,明年此會知誰健,0.8096579666735167
會幾何日今别長,今夕復何夕,0.8179327933620082
會幾何日今别長,别離已昨日,0.8393083520304326
會幾何日今别長,十年不見來何時,0.8234452943279431
會幾何日今别長,此會共能幾,0.8152773674300533
會幾何日今别長,今復在何許,0.802966292859369
會幾何日今别長,一時今夕會,0.8226259685525201
會幾何日今别長,今日苦短昨日休,0.8627142821767377
會幾何日今别長,明年共我長,0.8252734216982438
會幾何日今别長,幾年一會面,0.8280300831909303
會幾何日今别長,今年人日空相憶,0.8116475010686265
會幾何日今别長,明年此日知何處,0.8013879145987942
會幾何日今别長,苟活到今日,0.8000596102155482
與子觀化言兩忘,事迹可兩忘,0.8474602508874067
與子觀化言兩忘,愜當久忘筌,0.8130060497611531
浩歌放船入莽蒼,長歌激越捎林莽,0.81490996477634
浩歌放船入莽蒼,放歌破愁絶,0.8008983110914604
浩歌放船入莽蒼,放浪陶彭澤,0.8024041211487589
浩歌放船入莽蒼,浩浩略蒼梧,0.8395459785918512
緑藻刺眼紅蕖香,青春波浪芙蓉園,0.8250339848525379
緑藻刺眼紅蕖香,菱葉荷花淨如拭,0.8289375586131937
緑藻刺眼紅蕖香,渚蒲牙白水荇青,0.8233724850362725
緑藻刺眼紅蕖香,水荇牽風翠帶長,0.8058793445587845
緑藻刺眼紅蕖香,洗魚磨刀魚眼紅,0.8175304909943275
緑藻刺眼紅蕖香,弱藻舒翠縷,0.8173602770845134
緑藻刺眼紅蕖香,内蕊繁於纈,0.8019862926091091
緑藻刺眼紅蕖香,紅入桃花嫩,0.808762567388648
緑藻刺眼紅蕖香,嫩蕊濃花滿目斑,0.8243406432756424
緑藻刺眼紅蕖香,兼疑菱荇香,0.8162526463744769
緑藻刺眼紅蕖香,長洲芰荷香,0.8082282255050363
緑藻刺眼紅蕖香,城邊野池蓮欲紅,0.8070119151376072
緑藻刺眼紅蕖香,羅韈紅蕖艷,0.8179541168135451
湖月夜飛衣袂凉,人間月影清,0.8073755586437332
湖月夜飛衣袂凉,明涵客衣淨,0.8101807946546249
湖月夜飛衣袂凉,雲江月上軒,0.8017474554491566
湖月夜飛衣袂凉,夜深露氣清,0.8154513331415707
湖月夜飛衣袂凉,江湖墮清月,0.8165961879972935
相從宴坐歌胡床,相與博塞爲歡娱,0.8143242974602201
相從宴坐歌胡床,牀下意相親,0.8044832281167638
相從宴坐歌胡床,並坐石堂下,0.8202379634676912
相從宴坐歌胡床,乘月坐胡牀,0.8131012431820657
相從宴坐歌胡床,坐客强盤飧,0.800450375809467
相從宴坐歌胡床,借汝遷居停宴遊,0.8016681438466153
相從宴坐歌胡床,白頭供宴語,0.8174264162733802
贈言錦繡邀報章,詩成得繡袍,0.8024664863998179
贈言錦繡邀報章,朝罷須裁五色詔,0.8291627036301237
贈言錦繡邀報章,爲官採美箭,0.8015327896866329
贈言錦繡邀報章,重之不減錦繡段,0.8209747372723277
贈言錦繡邀報章,問絹錦官城,0.8085937534682064
贈言錦繡邀報章,雕章五色筆,0.8002644259651015
贈言錦繡邀報章,賜予出金銀,0.8044514774510652
贈言錦繡邀報章,託贈卿家有,0.8020969738893342
贈言錦繡邀報章,新詩錦不如,0.821399672962075
君心温良志則剛,惟王心不寧,0.8006731944777317
君心温良志則剛,孝理敦國政,0.8064894218784876
君心温良志則剛,道足示懷柔,0.8221879898548625
君心温良志則剛,惟良待士寬,0.8017972009945168
君心温良志則剛,終古立忠義,0.8165494016921864
君心温良志則剛,幽貞貴雙全,0.8005071720956844
君心温良志則剛,温温士君子,0.8460191310528411
君心温良志則剛,吾子色愈謹,0.8123095477124922
君心温良志則剛,其氣心匪石,0.8254567447958535
君心温良志則剛,賈誼徒忠貞,0.8170271091949451
君心温良志則剛,愛其謹潔極,0.809069792670681
君心温良志則剛,好學尚貞烈,0.8183225256317964
君心温良志則剛,乃知君子心,0.8234014325023677
君心温良志則剛,君臣節儉足,0.8318636647189233
君心温良志則剛,嫉惡懷剛腸,0.8081000514848076
君心温良志則剛,慰此貞良臣,0.8146700130382465
君心温良志則剛,自古求忠孝,0.8063489068660153
君心温良志則剛,干請傷直性,0.8017897037109655
君心温良志則剛,保愛金石堅,0.8044953683489822
君心温良志則剛,深衷見士則,0.8043531217622236
君心温良志則剛,致君樸直詞,0.8088336236455342
不能牛下學歌商,不忘舜謳歌,0.8011560030835644
欲謝世紛自翺翔,卑飛欲何待,0.8185760271928464
果行此策無乃良,此馬臨陣久無敵,0.8116696518365865
果行此策無乃良,此行既特達,0.8142716976118826
果行此策無乃良,至性有此不,0.8134887477712349
果行此策無乃良,此行入奏計未小,0.8013144468378426
果行此策無乃良,濟時信良哉,0.8015589851978321
果行此策無乃良,賢良不必展,0.8013492554944881
果行此策無乃良,用才復擇誰,0.8420463788334585
果行此策無乃良,此行非不濟,0.8341421834269459
果行此策無乃良,乃知正人意,0.8037361003518468
果行此策無乃良,恕己獨在此,0.8023556484162675
昔人所學浩渺茫,茫茫何所開,0.8019590130317272
昔人所學浩渺茫,宿昔浩茫然,0.8458955416287497
海涵地負無抵當,普天無川梁,0.8122719317242207
海涵地負無抵當,蕩析川無梁,0.8089879218982365
棄捐其人及粃糠,恐懼棄捐忍羇旅,0.8307154737671525
棄捐其人及粃糠,治中實棄捐,0.8104069127015899
棄捐其人及粃糠,黎民糠籺窄,0.8288927350268034
棄捐其人及粃糠,糠籺對童孺,0.8165363378204782
棄捐其人及粃糠,視汝如莠蒿,0.8073464819198004
帝王之功一豪芒,手畫三軍勢,0.8035647619990895
帝王之功一豪芒,材力爾精靈,0.8000326611835302
帝王之功一豪芒,八州刺史思一戰,0.8008158196614967
帝王之功一豪芒,霸王并吞在物情,0.8275558474249634
既趨世故自遐遑,在野無所違,0.8023481323487622
既趨世故自遐遑,世亂敢求安,0.8248968607632973
何異臧穀俱亡羊,被驅不異犬與雞,0.8026874929557503
何異臧穀俱亡羊,谿谷無異石,0.8038048159077589
何異臧穀俱亡羊,溪虎野羊俱辟易,0.8115945970907963
以生隨之中道傷,以茲悟生理,0.8034602814735873
以生隨之中道傷,於身色有用,0.8125777298487962
以生隨之中道傷,天然生知資,0.8029142893510264
以生隨之中道傷,勞生繫一物,0.8087296392328756
止吾已知終必亡,蓋棺事則已,0.8064759674066468
止吾已知終必亡,斯人今則亡,0.8091530474255573
止吾已知終必亡,吾道卜終焉,0.8015839039792727
止吾已知終必亡,死者卽已休,0.8159157172879425
止吾已知終必亡,斯人已云亡,0.8227187630288773
止吾已知終必亡,亦知行不逮,0.8106532877804642
止吾已知終必亡,有虞今則亡,0.8073083791996395
我亦聞之未能行,君見途窮哭,0.8030627537860604
我亦聞之未能行,君不聞,0.8233214346753751
我亦聞之未能行,不須聞此意慘愴,0.8024482118501297
我亦聞之未能行,問我久遠行,0.8261273975756984
我亦聞之未能行,學母無不爲,0.8020275241230844
我亦聞之未能行,君行雖不遠,0.8095210463249121
我亦聞之未能行,我行怪此安敢出,0.851771967029372
我亦聞之未能行,僕夫行不進,0.8182408243416213
我亦聞之未能行,我行得遺跡,0.814021333127871
我亦聞之未能行,君王不復行,0.8287731782539762
我亦聞之未能行,我衰不足道,0.8312153894088995
我亦聞之未能行,吾衰怯行邁,0.8047487251576981
我亦聞之未能行,欲罷不能忘,0.8189046095336487
我亦聞之未能行,行遲更學仙,0.800869135119193
我亦聞之未能行,致君君未聽,0.8105474233013393
我亦聞之未能行,亦知行不逮,0.8195586823382806
我亦聞之未能行,老夫不知其所往,0.803056474762514
我亦聞之未能行,我病書不成,0.8246943056901719
我亦聞之未能行,我行何到此,0.8200241274584811
我亦聞之未能行,余病汝知之,0.8071774613328604
我亦聞之未能行,我之曾老姑,0.8017232495818866
慨今無策可伏藏,嗟爾五犀不經濟,0.8014568781400457
脱身自當及康强,取用及吾身,0.8331926376917378
脱身自當及康强,委棄非汝能周防,0.8265256389547748
脱身自當及康强,時來不得誇身强,0.8067502951310357
脱身自當及康强,焉用身獨完,0.803645686225635
脱身自當及康强,不須羡其强,0.8246829259557382
脱身自當及康强,富貴應須致身早,0.8060666040605597
脱身自當及康强,吾衰未自由,0.8004397594571572
脱身自當及康强,未達善一身,0.801256282790298
脱身自當及康强,早據要路思捐軀,0.8014363724371858
不待齒疏髮蒼浪,何須白髮侵,0.8168898551085548
優游濠上如惠莊,遨遊宿南山,0.8159590971607644
優游濠上如惠莊,優游謝康樂,0.8586643863496979
優游濠上如惠莊,遂得文公廬,0.8003352258454783
優游濠上如惠莊,此都好遊湘西寺,0.8017203919465993
論交莫逆與子相,相許寧論兩相直,0.8259879871901017
論交莫逆與子相,聰慧與誰論,0.8129665278636515
論交莫逆與子相,人生交契無老少,0.800066044819095
論交莫逆與子相,自失論文友,0.8024629040837529
論交莫逆與子相,敢論才見忌,0.8072151062614192
論交莫逆與子相,非君誰與論,0.8059956321638375
論交莫逆與子相,一論朋友難,0.8029395592719293
論交莫逆與子相,討論實解頤,0.8018659999453834
論交莫逆與子相,論交翻恨晚,0.8316194642765331
人生俱行役,貴賤俱物役,0.862249627440397
人生俱行役,人生半哀樂,0.8094890898165636
人生俱行役,人生交契無老少,0.8014497419753508
人生俱行役,人生有離合,0.821363961991519
人生俱行役,人生無家别,0.8470558659995719
人生俱行役,行邁心多違,0.8019661949210757
人生俱行役,他鄉復行役,0.8269208074423581
人生俱行役,人生流滯生理難,0.8528330623132987
人生俱行役,人生在世間,0.8454424822768083
人生俱行役,人生意氣合,0.8006424744983724
人生俱行役,浮生看物變,0.8037066394982768
人生俱行役,行止各雲浮,0.8013786692607877
浮楂在江湖,欲浮江海去,0.8318982411635949
浮楂在江湖,江湖秋水多,0.8046986425865429
浮楂在江湖,是身如浮雲,0.8021505697382942
浮楂在江湖,富貴於我如浮雲,0.8021237959115288
浮楂在江湖,十載江湖客,0.8189126243812503
浮楂在江湖,江湖春欲暮,0.8126359193174474
浮楂在江湖,江湖墮清月,0.80656415061043
浮楂在江湖,養拙江湖外,0.8076973838394952
浮楂在江湖,身事五湖南,0.8139642919760756
邂逅一相觸,邂逅豈卽非良圖,0.8067588558157672
邂逅一相觸,離索晚相逢,0.8220347444618172
邂逅一相觸,邂逅無端出餞遲,0.8024153623739869
邂逅一相觸,暫時相賞莫相違,0.8155968420020143
邂逅一相觸,漂泊難相遇,0.8214123973284496
邂逅一相觸,相遇卽諸昆,0.8063086613180788
邂逅一相觸,忽漫相逢是别筵,0.8052625311705162
邂逅一相觸,離别重相逢,0.8146178262577863
邂逅一相觸,邂逅亦相遇,0.9337044712401583
邂逅一相觸,一談一笑俗相看,0.8007146564786409
天邊數年别,别離經死地,0.8152646947266604
天邊數年别,況經長别心,0.808402919506441
天邊數年别,天際傷愁别,0.8020687000222152
天邊數年别,天涯故人少,0.8043816219270662
天邊數年别,天邊同客舍,0.8058044114490004
天邊數年别,十年别荒村,0.8153895935051738
天邊數年别,天邊長作客,0.8277716428831094
天邊數年别,别離已五年,0.8284454248920429
天邊數年别,故國三年一消息,0.8136006049805624
天邊數年别,積年仍遠别,0.8041720627125402
故人有陳叔,故人情義晚誰似,0.8096561354257377
故人有陳叔,故人有孫宰,0.8779085474192513
故人有陳叔,見我故人遇,0.8118077779340741
故人有陳叔,江漢故人少,0.8022905520527444
故人有陳叔,記憶細故非高賢,0.8031098078036658
故人有陳叔,孔明多故事,0.8010448020683112
故人有陳叔,平公今詩伯,0.8199197828859177
故人有陳叔,不道故人無素書,0.8032734126505626
故人有陳叔,王今叔父尊,0.8028662827070538
故人有陳叔,故人有遊子,0.8365721003877464
故人有陳叔,故人持雅論,0.8113165517333222
故人有陳叔,昔有佳人公孫氏,0.8011643897302498
故人有陳叔,故人猶遠謫,0.8110938145472792
故人有陳叔,故人知善誘,0.8139277518124266
故人有陳叔,乃吾故人子,0.8378977242150356
故人有陳叔,蘇氏今有之,0.8109575434593754
故人有陳叔,嵇康有故人,0.8492909012837215
誰云區區葉,凡馬徒區區,0.8236334075680938
車馬肯來辱,暮隨肥馬塵,0.8098624909690848
車馬肯來辱,後來鞍馬何逡巡,0.8180960617307036
車馬肯來辱,世復輕驊騮,0.8121224032619828
車馬肯來辱,衣馬不復能輕肥,0.8100205791594758
車馬肯來辱,豈知驅車復同軌,0.8022611157164654
車馬肯來辱,而無車馬喧,0.8214326189324849
車馬肯來辱,雖有車馬客,0.8377771777457406
車馬肯來辱,高車駟馬帶傾覆,0.8090749773390974
清樽聽夜語,聽詩静夜分,0.8358876156143787
清樽聽夜語,夜久語聲絶,0.8229157192527649
清樽聽夜語,廚人語夜闌,0.8203537523054312
常灺三四燭,共此燈燭光,0.8000772841859869
常灺三四燭,三歲如轉燭,0.8296938645052767
劇談連古今,論兵邁古風,0.8348091128335362
劇談連古今,到今耆舊悲,0.800977630968518
劇談連古今,豪華看古往,0.8237993160953283
劇談連古今,眼前今古意,0.8107918076887201
劇談連古今,古往今來共一時,0.8238608338028472
劇談連古今,古往今來皆涕淚,0.8124312792617516
天漢瀉崖谷,雲門吼瀑泉,0.8087566117587521
天漢瀉崖谷,洪河左瀅濴,0.8095064405644592
天漢瀉崖谷,連天走窮谷,0.8116990731939727
天漢瀉崖谷,蒼崖吼時裂,0.8119971178599437
天漢瀉崖谷,經天復東注,0.802469091519407
天漢瀉崖谷,嵌竇潛洩瀨,0.8123982368432334
天漢瀉崖谷,赤岸水與銀河通,0.8365162563066322
天漢瀉崖谷,城峻隨天壁,0.8170195130721485
天漢瀉崖谷,河漢騰烟柱,0.8202190430575922
天漢瀉崖谷,天雲浮絶壁,0.8103127724848638
天漢瀉崖谷,東得平岡出天壁,0.8016243772388246
天漢瀉崖谷,竹竿接嵌竇,0.8167237834745559
天漢瀉崖谷,天銜闊岸紆,0.8024822627074433
高材歎加壯,衰容豈壯夫,0.8044908748535043
高材歎加壯,才傑俱登用,0.8159159362547886
高材歎加壯,張公歎其材盡下,0.8178361699702446
高材歎加壯,丈人才力猶强健,0.8208756775607075
高材歎加壯,丈夫貴壯健,0.8148813778224343
高材歎加壯,英雄徒自强,0.820224462574801
高材歎加壯,才高心不展,0.834545173371457
高材歎加壯,才力應難跨數公,0.8084956946775979
高材歎加壯,未效風霜勁,0.8072379138214067
高材歎加壯,激烈傷雄才,0.8383604458446043
高材歎加壯,少壯跡頗疏,0.8035021072140758
高材歎加壯,丈夫多英雄,0.8146643382366799
高材歎加壯,豪俊貴勳業,0.8018236163036232
高材歎加壯,高才日陵替,0.8385256122221587
高材歎加壯,時危可仗真豪俊,0.8217681593379318
高材歎加壯,俊傑思自致,0.8050251037110321
高材歎加壯,艱危氣益增,0.8006611703227119
高材歎加壯,高賢迫形勢,0.8231779344723564
高材歎加壯,掄材愧杞柟,0.8388833448107594
高材歎加壯,高興激荆衡,0.8085949802334425
高材歎加壯,暮年慚激昂,0.8154645275801577
高材歎加壯,勇鋭白起强,0.8002695300862389
高材歎加壯,高誇周宋鐔,0.8081051651339723
所向動乖俗,衆人貴苟得,0.8100127491160684
所向動乖俗,知歸俗所忌,0.8073362185270474
所向動乖俗,取適事莫並,0.8224495942822916
所向動乖俗,流寓理豈愜,0.8135420281314206
所向動乖俗,苦遭此物聒,0.8056174116787442
所向動乖俗,時俗造次那得致,0.810779067938998
所向動乖俗,動静隨所激,0.8455548674186601
所向動乖俗,吏隱適情性,0.8020999554846574
所向動乖俗,此生隨所遭,0.8072626986038723
所向動乖俗,愚意會所適,0.8349157487517501
所向動乖俗,末契有所及,0.8202630624603147
所向動乖俗,所遇多被傷,0.8292576054770162
所向動乖俗,同惡隨蕩析,0.8088492414760322
所向動乖俗,放逐寧違性,0.8203916411858657
所向動乖俗,失意見遷斥,0.8009941425714177
所向動乖俗,謝爾性所適,0.8493601193929226
所向動乖俗,喧卑方避俗,0.8092227330532892
所向動乖俗,物賤事已暌,0.8216049023695942
所向動乖俗,卧痾遣所便,0.8183793623091066
所向動乖俗,常恐性坦率,0.8256940447717533
所向動乖俗,客裏有所適,0.8079790454877284
所向動乖俗,異俗更喧卑,0.8233211113880596
所向動乖俗,志士惜妄動,0.8289531155178208
所向動乖俗,喧卑俗累牽,0.8032140329834818
所向動乖俗,久客慎所觸,0.8345885588737646
所向動乖俗,經過倦俗態,0.8218111999078552
所向動乖俗,在野無所違,0.8332953267148182
所向動乖俗,困學違從衆,0.8175611990864542
所向動乖俗,理生那免俗,0.83015235730192
所向動乖俗,旅茲殊俗遠,0.8101837104214982
所向動乖俗,氣合無險僻,0.802238361142229
所向動乖俗,舉動見老醜,0.8123705882354126
所向動乖俗,羈離暫愉悦,0.8043881910576305
所向動乖俗,瑣細隘俗務,0.8149779602769385
所向動乖俗,喧卑俗事牽,0.8178902545981166
我官塵土閒,世尊亦塵埃,0.8184252973274575
我官塵土閒,井竈任塵埃,0.8017930280338896
强折腰不曲,淒涼爲折腰,0.8014223028857199
强折腰不曲,非供折腰具,0.8168395642386882
强折腰不曲,顔回竟短折,0.8099377819622287
飽飯逐人行,晚飯越中行,0.8498718665002544
飽飯逐人行,但使殘年飽喫飯,0.8305005446793716
飽飯逐人行,軟炊香飯緣老翁,0.8004002395487647
飽飯逐人行,行子傍水餐,0.8043052023250172
飽飯逐人行,僧飯屢過門,0.8119879141341594
飽飯逐人行,老逐衆人行,0.8008613243191863
飽飯逐人行,粗飯依他日,0.8007640740403363
飽飯逐人行,野膳隨行帳,0.8068170780918938
飽飯逐人行,追隨飯葵堇,0.8080215166158393
飽飯逐人行,一飯未曾留俗客,0.803563508328015
飽飯逐人行,飯糲添香味,0.8054721078277661
飽飯逐人行,諸僧但乞齋時飯,0.8083188973883633
飽飯逐人行,吾輩碌碌飽飯行,0.8142194636101463
君來方拭目,君來慰眼前,0.8851206069043133
君來方拭目,我見常再拜,0.8054802253722098
汝潁無奇士,濟南名士多,0.8189032528941704
汝潁無奇士,食之豪健西域無,0.8083521466029273
汝潁無奇士,汝與山東李白好,0.8070687935994103
汝潁無奇士,老夫生平好奇古,0.8075329826868195
汝潁無奇士,自矜胡騮奇絶代,0.8092928102046633
汝潁無奇士,江間饒奇石,0.8079805712665198
汝潁無奇士,君不見徐卿二子生絶奇,0.8220944282724637
汝潁無奇士,能名自潁川,0.8212206999875555
汝潁無奇士,郭薛俱才賢,0.8142289074134494
汝潁無奇士,全蜀多名士,0.8231631195659154
汝潁無奇士,荆州愛山簡,0.8019749891910735
汝潁無奇士,若道士無英俊才,0.8219677305096231
汝潁無奇士,俊才得之子,0.8105534004097333
汝潁無奇士,今之黄潁川,0.8043729818559641
汝潁無奇士,諸葛蜀人愛,0.8089489249755735
汝潁無奇士,多病鄴中奇,0.8030330555594436
汝潁無奇士,吾人詩家秀,0.8073584928172908
汝潁無奇士,吾憐滎陽秀,0.8390198794569328
汝潁無奇士,主人不世才,0.8005736582726899
汝潁無奇士,才士得神秀,0.8010796881802029
汝潁無奇士,顔氏之子才孤標,0.8075845413725216
汝潁無奇士,彭城英雄種,0.8030399420701028
僕夫催結束,大兒結束隨商旅,0.830366150869884
僕夫催結束,老病忌拘束,0.8081083553609918
僕夫催結束,僕夫問盥櫛,0.8026179536485701
僕夫催結束,擁滯僮僕慵,0.8307553365420217
來少去苦速,畏我復却去,0.804351593507968
來少去苦速,苦道來不易,0.8027025550914829
來少去苦速,客去亦不息,0.8217284207050077
來少去苦速,汝去幾時來,0.8024441030097249
來少去苦速,今日苦短昨日休,0.8078926877094208
來少去苦速,歲暮日月疾,0.8288283874792972
愛德心不足,惟王心不寧,0.8022617294639545
愛德心不足,不是愛微軀,0.8205909117772945
愛德心不足,貧知静者性,0.8060303214261575
愛德心不足,識子用心苦,0.8030664197869299
愛德心不足,好静心跡素,0.8031770935152225
愛德心不足,才高心不展,0.8132139107554006
愛德心不足,君子慎止足,0.8005166039636473
愛德心不足,濟時敢愛死,0.8016871865508928
愛德心不足,非君愛人客,0.8023970965575393
愛德心不足,我衰不足道,0.8202475191930851
愛德心不足,其氣心匪石,0.8220148734321533
愛德心不足,不獨觀酒德,0.8045347621531314
愛德心不足,愛其謹潔極,0.8381833858825045
愛德心不足,乃知君子心,0.8301762934557653
愛德心不足,君辱敢愛死,0.8026710349540795
愛德心不足,用之不高亦不庳,0.8179380174844043
愛德心不足,王子自愛惜,0.8081246767858821
愛德心不足,貴人豈不仁,0.8152650191121282
愛德心不足,保愛金石堅,0.8247582829858182
歲晚託懿親,歲晚莫情疏,0.8147854851697981
歲晚託懿親,深潛託所親,0.8019753486234242
歲晚託懿親,親朋日暮迴,0.8095319230446164
歲晚託懿親,歲晚寸心違,0.8381499130290169
歲晚託懿親,晚將末契託年少,0.8214967868016532
歲晚託懿親,孤陋忝末親,0.8250842156677822
歲晚託懿親,鄙人奉末眷,0.8018933664066841
歲晚託懿親,所親問淹泊,0.8134289918434755
清義迺愈篤,平居孝義稱,0.8353389762256964
清義迺愈篤,學業醇儒富,0.8068621032095095
清義迺愈篤,詩義早知名,0.8084737513381778
清義迺愈篤,孝理敦國政,0.8592051627855262
清義迺愈篤,清峻流輩伯,0.8016762185143678
清義迺愈篤,清詩近道要,0.8325936628294485
清義迺愈篤,始與道侣敦,0.8282439664421173
清義迺愈篤,看君用高義,0.818478182320193
清義迺愈篤,終古立忠義,0.8123754234362416
清義迺愈篤,吾子色愈謹,0.85431651490797
清義迺愈篤,密論貞觀體,0.8025242349384076
清義迺愈篤,賈誼徒忠貞,0.8335230028104441
清義迺愈篤,愛其謹潔極,0.8192827787251532
清義迺愈篤,好學尚貞烈,0.8561693674459347
清義迺愈篤,見此忠孝門,0.807648872754094
清義迺愈篤,承家節操尚不泯,0.8271137203762957
清義迺愈篤,質朴古人風,0.8245729523812959
清義迺愈篤,道意久衰薄,0.8092185353794776
清義迺愈篤,其俗則淳樸,0.8195506350092968
清義迺愈篤,肅睦古制敦,0.8164862921203266
清義迺愈篤,義方兼有訓,0.8012769574474783
清義迺愈篤,自古求忠孝,0.8314585663603609
清義迺愈篤,履險顔益厚,0.8047514130970621
清義迺愈篤,致君樸直詞,0.8159693444865352
清義迺愈篤,學者淪素志,0.8042172522752626
落日送河梁,落日將如何,0.8008852519142344
落日送河梁,落日平臺上,0.8565239300059561
落日送河梁,落日放船好,0.8000248333805848
落日送河梁,落日照大旗,0.846808297063861
落日送河梁,眼穿當落日,0.8032454518947066
落日送河梁,落月滿屋梁,0.8308984324195574
落日送河梁,落日邀雙鳥,0.8063151674027502
落日送河梁,送節向河源,0.8146919850502133
落日送河梁,山昏塞日斜,0.8134875083096527
落日送河梁,落日在簾鈎,0.8094939593890863
落日送河梁,九江日落醒何處,0.807616030183995
落日送河梁,落盡高天日,0.8018516989543301
落日送河梁,山頭落日半輪明,0.814213529840906
落日送河梁,清江白日落欲盡,0.8330576836252024
落日送河梁,落日思輕騎,0.8093453407578362
落日送河梁,日落望鄉臺,0.8247780183853259
落日送河梁,秋風落日斜,0.8293655900925281
落日送河梁,落日九江流,0.8480256506534489
落日送河梁,落日悲江漢,0.8709623886102884
落日送河梁,江城秋日落,0.829878295603576
落日送河梁,落日未逢人,0.815521985429791
落日送河梁,落日渭陽情,0.848548840846852
落日送河梁,青山落日江湖白,0.80827643351793
落日送河梁,落日心猶壯,0.8072670033007656
鳴蟬度喬木,森木亂鳴蟬,0.9197267843469754
鳴蟬度喬木,千章夏木清,0.8302277040466018
鳴蟬度喬木,葉密鳴蟬稠,0.855343879022408
鳴蟬度喬木,抱葉寒蟬静,0.8252436084131323
鳴蟬度喬木,颼颼林響交,0.8232465657811174
鳴蟬度喬木,萬壑欹疏林,0.8042239133683806
鳴蟬度喬木,蟬聲集古寺,0.8058347009164888
鳴蟬度喬木,高風下木葉,0.8055904979936934
鳴蟬度喬木,秋風動哀壑,0.8100231581949624
鳴蟬度喬木,擇木知幽鳥,0.8077019953872728
鳴蟬度喬木,流離木杪猿,0.8067261995002383
鳴蟬度喬木,窮猿失木悲,0.8006636820152857
鳴蟬度喬木,喬木易高風,0.841100029659037
鳴蟬度喬木,寒風疏草木,0.815957598805339
鳴蟬度喬木,落樹有驚蟬,0.8537462158847944
鳴蟬度喬木,時聽嚴風折喬木,0.831184519828555
鳴蟬度喬木,猿啼失木間,0.8000242643978707
鳴蟬度喬木,寒蟬碧樹秋,0.8466847370508384
鳴蟬度喬木,舂容轉林篁,0.8089956518991054
鳴蟬度喬木,林木在庭户,0.8018567862738362
歲寒贈君何,使君寒贈袍,0.8807252618939432
歲寒贈君何,今君抱何恨,0.8234596346851241
歲寒贈君何,苦寒贈我青羔裘,0.8429212248156619
