황정견,두보,코사인 유사도
一歲無多春蹔來,今秋乃淫雨,0.8175050862811135
一歲無多春蹔來,一秋常苦雨,0.8296694520980694
一歲無多春蹔來,人生幾何春已夏,0.8291518504839044
一歲無多春蹔來,長番歲時久,0.8203121056745497
一歲無多春蹔來,一日須來一百迴,0.8179419848074908
一歲無多春蹔來,三歲清秋至,0.8115929068445911
一歲無多春蹔來,别來忽三歲,0.8019045927367969
一歲無多春蹔來,今春看又過,0.8192790007555846
一歲無多春蹔來,今朝臘月春意動,0.8122689388662954
一歲無多春蹔來,已度立春時,0.8179549338375491
一歲無多春蹔來,冬至陽生春又來,0.8504093682138343
一歲無多春蹔來,春來秋去作誰家,0.8216847414168699
落日園林須秉燭,何須把官燭,0.8037492695065553
落日園林須秉燭,金鐙下山紅日晚,0.8034701759479663
能言桃李聽傳盃,傳語桃源客,0.8462470469519103
能言桃李聽傳盃,傳杯不放杯,0.8235528080452907
紅疏緑暗明朝是,疏翠近珠簾,0.804681460901133
紅疏緑暗明朝是,稀疏小紅翠,0.8325970941141525
公事相過得幾回,生涯盡幾回,0.8200451038180802
公事相過得幾回,從公難重過,0.8030246660536234
公事相過得幾回,暫時相賞莫相違,0.8107341950783764
公事相過得幾回,昔者相過今不得,0.8203465084920603
公事相過得幾回,相看過半百,0.8279125250330817
公事相過得幾回,相逢恐恨過,0.8058586108568904
公事相過得幾回,漸老逢春能幾回,0.8303928972903645
公事相過得幾回,人間能得幾回聞,0.8086816634406297
公事相過得幾回,一日須來一百迴,0.8128599819530111
公事相過得幾回,九載一相見,0.802554400178528
公事相過得幾回,飲啄幾回同,0.8016549247245153
公事相過得幾回,百遍相過意未闌,0.8415564696341067
公事相過得幾回,相見幾回新,0.8789141397250533
公事相過得幾回,幾年一會面,0.8047830608360632
南陌東城處處春,僻近城南樓,0.8092759211332385
南陌東城處處春,東望少城花滿烟,0.8261816767066912
鬢毛欲白休辭飲,數莖白髮那抛得,0.8139288930744366
鬢毛欲白休辭飲,白髮好禁春,0.8004938640668842
鬢毛欲白休辭飲,已見白頭翁,0.8170279367297837
鬢毛欲白休辭飲,休看白髮生,0.8312879149287501
鬢毛欲白休辭飲,赤汗微生白雪毛,0.8180472215467245
鬢毛欲白休辭飲,白頭搔更短,0.8290111619692639
鬢毛欲白休辭飲,白髮千莖雪,0.851628125418239
鬢毛欲白休辭飲,能添白髮明,0.830192283486938
鬢毛欲白休辭飲,顔色白勝雪,0.80658203946098
鬢毛欲白休辭飲,鄭公樗散鬢成絲,0.8085692207674208
鬢毛欲白休辭飲,白髮悲花落,0.8090376176597651
鬢毛欲白休辭飲,老夫清晨梳白頭,0.800104093790504
鬢毛欲白休辭飲,羡君齒髮新,0.8198150402630002
鬢毛欲白休辭飲,羞將短髮還吹帽,0.821132113956081
鬢毛欲白休辭飲,鬢髮各已蒼,0.8484397121778771
鬢毛欲白休辭飲,白益毛髮古,0.8340524778971359
鬢毛欲白休辭飲,休鑷鬢毛斑,0.8818490714961406
鬢毛欲白休辭飲,别來頭併白,0.8034541675488983
鬢毛欲白休辭飲,白髮竟誰憐,0.8175037834089931
鬢毛欲白休辭飲,惆悵頭更白,0.8011992864375261
鬢毛欲白休辭飲,白頭亂髮垂過耳,0.8129175244774941
鬢毛欲白休辭飲,鬢髮還應雪滿頭,0.8630808825372166
鬢毛欲白休辭飲,頭白恐風寒,0.8398300197040083
鬢毛欲白休辭飲,未肯鬢毛衰,0.8579478887271867
鬢毛欲白休辭飲,如今白髮翁,0.8158370166168964
鬢毛欲白休辭飲,百年雙白鬢,0.8187380937571815
鬢毛欲白休辭飲,更益鬢毛斑,0.8496768161198343
鬢毛欲白休辭飲,春日垂霜鬢,0.8169237865655925
鬢毛欲白休辭飲,春日鬢俱蒼,0.8302788010431406
鬢毛欲白休辭飲,似惱鬢毛蒼,0.8590376536316388
鬢毛欲白休辭飲,苦遭白髮不相放,0.8179181911857085
鬢毛欲白休辭飲,鬢髮自成絲,0.8381164643205457
鬢毛欲白休辭飲,何須白髮侵,0.8489915818990229
鬢毛欲白休辭飲,悲歌鬢髮白,0.866550236357954
鬢毛欲白休辭飲,鬢毛元自白,0.8750895613015675
鬢毛欲白休辭飲,衰白問羣仙,0.805529111416288
鬢毛欲白休辭飲,髮少何勞白,0.8526702004167419
鬢毛欲白休辭飲,顔衰肯更紅,0.8179268475480015
鬢毛欲白休辭飲,衰白意都迷,0.8028785467116202
鬢毛欲白休辭飲,相視髮皓白,0.8257670935375664
鬢毛欲白休辭飲,白髮少新洗,0.8169298052613769
鬢毛欲白休辭飲,已作白頭翁,0.8203029159517099
鬢毛欲白休辭飲,其如鑷白休,0.823838041054445
鬢毛欲白休辭飲,新梳白髮微,0.8304455131389248
鬢毛欲白休辭飲,馮唐毛髮白,0.8525232883366887
鬢毛欲白休辭飲,知吾斑鬢總如銀,0.8166958433420327
鬢毛欲白休辭飲,羽毛淨白雪,0.8160219579910186
鬢毛欲白休辭飲,我嘆黑頭白,0.8271402592486394
鬢毛欲白休辭飲,白髮自能梳,0.8333521940413234
鬢毛欲白休辭飲,白髮煩多酒,0.830957280450995
鬢毛欲白休辭飲,鬢毛垂領白,0.8824454564187655
鬢毛欲白休辭飲,久𢬵野鶴如雙鬢,0.8252022179976295
鬢毛欲白休辭飲,不堪垂老鬢,0.820081410531892
鬢毛欲白休辭飲,白髮甘凋喪,0.8044141738119734
鬢毛欲白休辭飲,酒酣耳熱忘頭白,0.8078715344727768
鬢毛欲白休辭飲,泛愛容霜鬢,0.8191710963241752
鬢毛欲白休辭飲,白蘋愁殺白頭翁,0.8062531768562347
鬢毛欲白休辭飲,垂白辭南翁,0.8019620775748018
鬢毛欲白休辭飲,入怪鬢髮空,0.834908978206318
風雨無端只誤人,應是雨催詩,0.805726126251959
風雨無端只誤人,何忍醒時雨打稀,0.8263229424813785
酒狂驚俗未應嗔,愁多任酒醺,0.8149594636393502
酒狂驚俗未應嗔,酒酣懶舞誰相拽,0.8098561401903257
酒狂驚俗未應嗔,俗態猶猜忌,0.8465751188738839
酒狂驚俗未應嗔,自笑狂夫老更狂,0.8551367556945664
酒狂驚俗未應嗔,未怪老夫潛,0.813198407803972
酒狂驚俗未應嗔,佯狂真可哀,0.8316569993153258
酒狂驚俗未應嗔,客至從嗔不出迎,0.8036370473775131
酒狂驚俗未應嗔,客睡何曾著,0.8001862200175898
酒狂驚俗未應嗔,猶記酒顛狂,0.8608825886334769
酒狂驚俗未應嗔,狂風太放顛,0.825598111485323
酒狂驚俗未應嗔,未將梅蕊驚愁眼,0.8102687593201925
酒狂驚俗未應嗔,每扶必怒嗔,0.8010346259385883
酒狂驚俗未應嗔,畏人嫌我真,0.8017380304810766
酒狂驚俗未應嗔,旁舍未曾嗔,0.8455642845642097
酒狂驚俗未應嗔,薄俗防人面,0.815643781261942
酒狂驚俗未應嗔,風妬紅花却倒吹,0.8044903754123615
酒狂驚俗未應嗔,疑惑樽中弩,0.8025634588623418
南山疇昔從諸父,且過王生慰疇昔,0.8084670119690595
南山疇昔從諸父,南伯從事賢,0.8082886421669675
南山疇昔從諸父,憶昔村野人,0.8315540017670529
南山疇昔從諸父,尚有西郊諸葛廟,0.827308872676145
雨甲煙苗手自鉏,自鋤稀菜甲,0.8117083458953809
雨甲煙苗手自鉏,藥條藥甲潤青青,0.8450945940993757
雨甲煙苗手自鉏,雨後過畦潤,0.8005826045533153
雨甲煙苗手自鉏,細雨荷鋤立,0.8260208223777382
雨甲煙苗手自鉏,圃畦新雨潤,0.8196315883224845
雨甲煙苗手自鉏,壤童犁雨雪,0.8306423867628276
三徑就荒歸計拙,草茅無徑欲教鋤,0.8024845779490957
三徑就荒歸計拙,只須伐竹開荒徑,0.8037907679335353
三徑就荒歸計拙,計拙無衣食,0.8059191949417093
三徑就荒歸計拙,荒林無徑入,0.8054257044078688
三徑就荒歸計拙,吾衰尤計拙,0.805640514584274
三徑就荒歸計拙,年深荒草徑,0.8032466089281187
溷煩僚友送園蔬,嘉蔬没溷濁,0.8013776841543898
溷煩僚友送園蔬,鄰舍與園蔬,0.8001732795305646
溷煩僚友送園蔬,日併園蔬課,0.8090862498172882
溷煩僚友送園蔬,帳下羅賓友,0.8041183806556407
溷煩僚友送園蔬,充庖爾輩堪,0.8009479552773882
溷煩僚友送園蔬,風俗當園蔬,0.8178060485467622
溷煩僚友送園蔬,引爲賓客敬頗久,0.8033832563117997
孔氏文章冠古今,名垂萬古知何用,0.8045767841910818
孔氏文章冠古今,盛業今如此,0.800954030455179
孔氏文章冠古今,鄭氏才振古,0.8619700009268566
孔氏文章冠古今,文物多師古,0.854450632192386
孔氏文章冠古今,斯人尚典型,0.8333035472271308
孔氏文章冠古今,至今英雄人,0.8002636293797261
孔氏文章冠古今,世傳閭丘筆,0.8127510327678835
孔氏文章冠古今,吾祖詩冠古,0.8299975013325563
孔氏文章冠古今,尚愛卓文君,0.8177733011143973
孔氏文章冠古今,文章亦不盡,0.8032426038995316
孔氏文章冠古今,文采風流今尚存,0.8630639013056465
孔氏文章冠古今,名豈文章著,0.8301970243534633
孔氏文章冠古今,王今叔父尊,0.80011177697373
孔氏文章冠古今,昔觀文苑傳,0.8028726540893598
孔氏文章冠古今,文雅見天倫,0.8325035159721995
孔氏文章冠古今,文包舊史善,0.8276364948789046
孔氏文章冠古今,斯文崔魏徒,0.8097964387200366
孔氏文章冠古今,文武衣冠異昔時,0.8194449876396257
孔氏文章冠古今,數篇今見古人詩,0.8058357209993094
孔氏文章冠古今,文章千古事,0.8644713663719672
孔氏文章冠古今,秦有李斯漢蔡邕,0.8007011038598175
孔氏文章冠古今,文章並我先,0.811462506016202
孔氏文章冠古今,子建文章壯,0.8252090336431954
孔氏文章冠古今,時見文章士,0.8109976369980407
孔氏文章冠古今,聖賢冠史籍,0.8220070884404399
孔氏文章冠古今,尚書勳業超千古,0.824240963713679
孔氏文章冠古今,風流後代希,0.8138845483725684
孔氏文章冠古今,蘇氏今有之,0.8084950917515745
孔氏文章冠古今,盛事垂不朽,0.8045851603166698
孔氏文章冠古今,盛才冠巖廊,0.8233996078644747
孔氏文章冠古今,風流吾賢紹,0.8035295150427749
孔氏文章冠古今,聖賢名古邈,0.8260441325412868
君家兄弟況南金,憐君如弟兄,0.8600129568861099
君家兄弟況南金,我本良家子,0.8224197444852042
君家兄弟況南金,孟冬十郡良家子,0.8203493710519796
君家兄弟況南金,自云良家子,0.8039693239043798
君家兄弟況南金,弟子貧原憲,0.8391920253972992
君家兄弟況南金,有弟有弟在遠方,0.824426622318715
君家兄弟況南金,故鄉有弟妹,0.8544358000751386
君家兄弟況南金,中原有兄弟,0.8623558058862174
君家兄弟況南金,我已無家尋弟妹,0.8015056298249401
君家兄弟況南金,兩弟亦山東,0.8301431314494545
君家兄弟況南金,賢者是兄愚者弟,0.8032784824035799
君家兄弟況南金,吾兄吾兄巢許倫,0.8126177242481106
君家兄弟況南金,出守吾家姪,0.8184788380031657
君家兄弟況南金,孟氏好兄弟,0.8405081767541882
君家兄弟況南金,吾宗老孫子,0.8061544565535406
君家兄弟況南金,梁公曾孫我姨弟,0.8290824764874203
君家兄弟況南金,今者兄弟一百人,0.8172583276529997
君家兄弟況南金,當時弟子傳,0.8018889295443699
君家兄弟況南金,弟子四五人,0.8151339132998057
君家兄弟況南金,實維親弟昆,0.8335862680175731
君家兄弟況南金,酆城客子王季友,0.8142552447764269
君家兄弟況南金,卿家兄弟功名震,0.8613893148067084
君家兄弟況南金,士子甘旨闕,0.8026699244203437
君家兄弟況南金,人才覺弟優,0.8158681997640332
爲官落魄人誰問,借問今何官,0.8093034328744901
爲官落魄人誰問,借問大將誰,0.824193088542071
爲官落魄人誰問,問知人客姓,0.8220280762088258
爲官落魄人誰問,死去憑誰報,0.8197471344706065
爲官落魄人誰問,爲問馭者誰,0.8184770842037605
爲官落魄人誰問,借問苦心愛者誰,0.8009474019696463
從騎雍容獨見尋,無路從容陪語笑,0.8086264011629039
旅館别時無宿酒,惜别酒頻添,0.8109384108587028
旅館别時無宿酒,幸君因旅客,0.8010285475917513
旅館别時無宿酒,漂泊猶杯酒,0.8062457061926868
旅館别時無宿酒,杯饒旅思寬,0.8042477778824988
旅館别時無宿酒,對月那無酒,0.8142912658925054
旅館别時無宿酒,離筵罷多酒,0.8001430384018842
旅館别時無宿酒,何時免客愁,0.8042838588239889
旅館别時無宿酒,斟酌旅情孤,0.8181643485901043
郵筒開處得新吟,新詩日又多,0.8045541629828719
郵筒開處得新吟,題詩得秀句,0.8092649298459109
郵筒開處得新吟,東閣官梅動詩興,0.806282074540404
郵筒開處得新吟,我有新詩何處吟,0.8155542188894889
郵筒開處得新吟,賦詩新句穩,0.8067602644323406
郵筒開處得新吟,開卷得佳句,0.8361393743356704
郵筒開處得新吟,覓句新知律,0.8063934571197082
郵筒開處得新吟,新詩昨寄將,0.8145866526226375
黄山依舊寒相對,依舊竹林青,0.8059568193590927
黄山依舊寒相對,故舊獨依然,0.8082271240516853
花蘂芙蕖拍酒醇,春酒杯濃琥珀薄,0.8166529535146925
花蘂芙蕖拍酒醇,洗杓斟新醖,0.8161749280992638
花蘂芙蕖拍酒醇,樽當霞綺輕初散,0.813570691036243
浮蛆相亂菊英新,時菊碎榛叢,0.8008404037441202
浮蛆相亂菊英新,霏紅洲蕊亂,0.8021287016552404
浮蛆相亂菊英新,杯凝露菊新,0.8064909102308113
寒光欲漲紅螺面,啼痕滿面垂,0.8071292273623334
寒光欲漲紅螺面,紅膩小湖蓮,0.8291525926711064
寒光欲漲紅螺面,野潤烟光薄,0.8169244043374708
寒光欲漲紅螺面,湖日蕩船明,0.8042773053895151
寒光欲漲紅螺面,向晚波微緑,0.8047493309466975
寒光欲漲紅螺面,香爐峰色隱晴湖,0.8011223009686123
寒光欲漲紅螺面,湖色春光淨客船,0.8097202350022901
爛醉從歌白鷺巾,酒酣懶舞誰相拽,0.8032081896254997
爛醉從歌白鷺巾,陶公漉酒巾,0.808183451843766
爛醉從歌白鷺巾,白首放歌須縱酒,0.8334083856854287
爛醉從歌白鷺巾,白頭老罷舞復歌,0.8053022551436343
行樂銜盃常有意,銜杯樂聖稱避賢,0.8099818958399533
行樂銜盃常有意,生前相遇且銜杯,0.802944040919394
行樂銜盃常有意,酒債尋常行處有,0.802070311835858
行樂銜盃常有意,竟日留歡樂,0.8014296386180187
行樂銜盃常有意,且盡生前有限杯,0.8410717532111441
行樂銜盃常有意,有意待人歸,0.8047884235889359
行樂銜盃常有意,喧呼且覆杯中渌,0.8163596795304234
行樂銜盃常有意,傳杯不放杯,0.8428613091984316
行樂銜盃常有意,意遣樂還笑,0.8098415902008174
行樂銜盃常有意,興饒行處樂,0.8277378559147635
過門問字久無人,道旁過者問行人,0.8084396324590111
過門問字久無人,出門無所待,0.8220350913361815
過門問字久無人,問之不肯道姓名,0.8017921449531219
過門問字久無人,問知人客姓,0.8232784048870201
過門問字久無人,讀書難字過,0.8062485799369309
過門問字久無人,問柳尋花到野亭,0.806351559241428
過門問字久無人,問人野寺門,0.8328926005839558
過門問字久無人,逢人問公卿,0.8030075335181033
過門問字久無人,門庭畏客頻,0.8052860994231743
如入醉鄉三月春,三月三日天氣新,0.8015229113672051
如入醉鄉三月春,二月已破三月來,0.8102703388209732
如入醉鄉三月春,二月六夜春水生,0.8303490405404622
如入醉鄉三月春,青春作伴好還鄉,0.8041793559420264
如入醉鄉三月春,長安秋雨十日泥,0.8027789387855456
如入醉鄉三月春,今朝臘月春意動,0.8104953389216214
如入醉鄉三月春,暮春三月巫峽長,0.855617213945784
飄蕭閲世等虚舟,旅泛一浮萍,0.8136961783564661
飄蕭閲世等虚舟,浮雲世事空,0.8036503708578373
飄蕭閲世等虚舟,世亂遭飄蕩,0.8282433903503535
飄蕭閲世等虚舟,飄零任轉蓬,0.861431249214907
飄蕭閲世等虚舟,况我飄蓬無定所,0.8077026034193644
飄蕭閲世等虚舟,飄飄愧此身,0.8088464959635971
飄蕭閲世等虚舟,老去苦飄蓬,0.8184447175420302
飄蕭閲世等虚舟,飄飄客子蓬,0.812585524419573
飄蕭閲世等虚舟,亂代飄零予到此,0.8092466979227064
飄蕭閲世等虚舟,飄轉任浮生,0.8826717333722383
飄蕭閲世等虚舟,身世雙蓬鬢,0.8256859913682645
飄蕭閲世等虚舟,舟楫眇然自此去,0.8035871399337815
飄蕭閲世等虚舟,何異飄飄託此身,0.8117449294766155
歎息眼前無此流,歎息高生老,0.8049370900615698
歎息眼前無此流,去住彼此無消息,0.8155385210563109
歎息眼前無此流,嘆息人間萬事非,0.8204358145782296
滿地悲風盤翠竹,桂折秋風前,0.8086548577542334
滿地悲風盤翠竹,風吹蒼江樹,0.8154841147646965
滿地悲風盤翠竹,秋風動哀壑,0.8371792595340137
滿地悲風盤翠竹,秋風吹几杖,0.8071323751492181
滿地悲風盤翠竹,秋風楚竹冷,0.8022626193326888
滿地悲風盤翠竹,時聽嚴風折喬木,0.8158297287611118
滿地悲風盤翠竹,風振紫山悲,0.8329633467360014
半叢寒日破紅榴,紅綻雨肥梅,0.8054797621407269
半叢寒日破紅榴,野花留寶靨,0.8082647837891717
半叢寒日破紅榴,露冷蓮房墜粉紅,0.8007018908801432
青山空在衣冠古,青山猶哭聲,0.8010817971976472
青山空在衣冠古,遺廟丹青落,0.8222137152644814
青山空在衣冠古,舊物森猶在,0.8194488331438354
青山空在衣冠古,青山各在眼,0.8273762205133104
白鶴不歸宫殿秋,獨鶴歸何晚,0.8022563520270203
白鶴不歸宫殿秋,天寒白鶴歸華表,0.8499460210667698
白鶴不歸宫殿秋,鳴鶴不歸林,0.8217649787741512
白鶴不歸宫殿秋,玉殿起秋風,0.8042674168989459
白鶴不歸宫殿秋,秋辭白帝城,0.8091452877202511
白鶴不歸宫殿秋,秋山眼冷魂未歸,0.8045260982488163
白鶴不歸宫殿秋,霜黄碧梧白鶴棲,0.8305179828876739
王令平生樽酒地,生平老耽酒,0.8097376251564892
王令平生樽酒地,張公一生江海客,0.806035486376165
王令平生樽酒地,平生一杯酒,0.8518929135195811
王令平生樽酒地,謫官樽酒定常開,0.8047161290559322
王令平生樽酒地,江上徒逢袁紹杯,0.8042726517387002
王令平生樽酒地,平生滿樽酒,0.8689933561525113
千年萬歲想來游,萬歲千秋奉明主,0.8644485493157048
千年萬歲想來游,千秋萬歲名,0.8808380952836776
千年萬歲想來游,轉見千秋萬古情,0.8017309916413591
千年萬歲想來游,此堂豈千年,0.8147006961362019
千年萬歲想來游,萬歲蓬萊日,0.8338504923510952
千年萬歲想來游,大曆三年調玉燭,0.8013247748346246
千年萬歲想來游,百年從萬事,0.8258265680637449
井邊分水過寒廳,硯寒金井水,0.8024839461407973
井邊分水過寒廳,汲多井水渾,0.8152570350359868
井邊分水過寒廳,映竹水穿沙,0.8007967062717001
井邊分水過寒廳,侵籬澗水懸,0.8134456002734629
井邊分水過寒廳,野橋分子細,0.8102601227573376
井邊分水過寒廳,井渫泉誰汲,0.8176035235544548
井邊分水過寒廳,野屋流寒水,0.8142878406276891
斬竹南溪仗友生,至今斑竹臨江活,0.8038705808419946
斬竹南溪仗友生,惡竹應須斬萬竿,0.8023129962545639
來釀百壺春酒味,春酒杯濃琥珀薄,0.8484849283954798
來釀百壺春酒味,仙醴來浮蟻,0.8293698248344755
來釀百壺春酒味,况挹酒如澠,0.8208510900701351
來釀百壺春酒味,百壺那送酒如泉,0.861217777178016
來釀百壺春酒味,密沽斗酒諧終宴,0.8216363555533548
來釀百壺春酒味,味如甘露漿,0.8056255078144688
來釀百壺春酒味,百壺且試開懷抱,0.8080460520675241
來釀百壺春酒味,玉觴淡無味,0.8242553823731933
來釀百壺春酒味,邊酒排金碗,0.8411934711424428
來釀百壺春酒味,莫辭酒味薄,0.824870777639374
來釀百壺春酒味,只待獻香醪,0.8077721531611048
來釀百壺春酒味,驅兒羅酒漿,0.8044673134293594
來釀百壺春酒味,濁醪自初熟,0.8328645873756542
來釀百壺春酒味,不放香醪如蜜甜,0.8182718298076592
來釀百壺春酒味,樽酒家貧只舊醅,0.8441415261447326
來釀百壺春酒味,瓶中得酒還,0.8366272274852058
來釀百壺春酒味,應須美酒送生涯,0.8179571703291296
來釀百壺春酒味,茗飲蔗漿攜所有,0.849068225629587
來釀百壺春酒味,蔗漿歸廚金碗凍,0.8680960668047224
來釀百壺春酒味,爲君酤酒滿眼酤,0.8347907969793229
來釀百壺春酒味,指點銀瓶索酒嘗,0.8048731247345895
來釀百壺春酒味,邀我嘗春酒,0.8450641025033886
來釀百壺春酒味,山瓶乳酒下青雲,0.8283875891018497
來釀百壺春酒味,主人罷鱠還傾杯,0.8036663357121832
來釀百壺春酒味,射洪春酒寒仍緑,0.8055054629575782
來釀百壺春酒味,酒憶郫筒不用酤,0.8381768968243786
來釀百壺春酒味,洗杓斟新醖,0.8773179556378297
來釀百壺春酒味,蟻浮仍臘味,0.8353997274080164
來釀百壺春酒味,纔傾一盞卽醺人,0.8201557707345619
來釀百壺春酒味,當令美味入吾脣,0.8038182121066109
來釀百壺春酒味,呼婢取酒壺,0.8168547334166902
來釀百壺春酒味,共給酒一斛,0.8440349750985132
來釀百壺春酒味,濁醪與脱粟,0.814948709956549
來釀百壺春酒味,宴引春壺酒,0.8738740595024149
來釀百壺春酒味,割愛酒如澠,0.8149734253142873
來釀百壺春酒味,自覺酒須賒,0.8184192586442669
來釀百壺春酒味,潦倒新亭濁酒杯,0.8221157700736552
來釀百壺春酒味,比年病酒開涓滴,0.8042318685790903
來釀百壺春酒味,濁醪粗飯任吾年,0.8242920744937019
來釀百壺春酒味,銀壺酒易賒,0.813584754951447
來釀百壺春酒味,市鬻充杯酒,0.8336996988685335
怒流三峽夜泉聲,雲門吼瀑泉,0.8598143866176857
怒流三峽夜泉聲,詞源倒流三峽水,0.8606705835585429
怒流三峽夜泉聲,壞道哀湍瀉,0.808974381298638
怒流三峽夜泉聲,水號北流泉,0.8542309538801329
怒流三峽夜泉聲,黄牛峽静灘聲轉,0.8340230427513066
怒流三峽夜泉聲,二江聲怒號,0.8728513564060716
怒流三峽夜泉聲,耳激洞門飇,0.800626230801321
怒流三峽夜泉聲,三峽徒雷吼,0.8667629722637726
怒流三峽夜泉聲,江聲走白沙,0.8021960484199963
怒流三峽夜泉聲,一哀三峽暮,0.8046454685390108
怒流三峽夜泉聲,月湧大江流,0.8077229465611253
怒流三峽夜泉聲,積水駕三峽,0.8011498724599528
怒流三峽夜泉聲,江鳴夜雨懸,0.8298340728263325
怒流三峽夜泉聲,潺潺石間溜,0.825658964926214
怒流三峽夜泉聲,高江急峽雷霆鬭,0.8821914448830332
怒流三峽夜泉聲,江峽繞蛟螭,0.8033078245850658
怒流三峽夜泉聲,峽口大江間,0.8026381942104595
怒流三峽夜泉聲,寒江觸石喧,0.8193731765464416
怒流三峽夜泉聲,江浦雷聲喧昨夜,0.8192002729711234
怒流三峽夜泉聲,雷聲忽送千峰雨,0.820757840982066
怒流三峽夜泉聲,峽口風常急,0.8296585478956107
怒流三峽夜泉聲,江流静猶湧,0.8067964406109507
怒流三峽夜泉聲,滿峽重江水,0.814142908762725
怒流三峽夜泉聲,巫峽秋濤天地迴,0.8009760806968527
怒流三峽夜泉聲,江濤萬古峽,0.8339592009694845
怒流三峽夜泉聲,空峽夜多聞,0.8081094054974757
怒流三峽夜泉聲,石泉流暗壁,0.8046802827689945
怒流三峽夜泉聲,黄牛峽水喧,0.8242737101474484
怒流三峽夜泉聲,峽險江驚急,0.843959476470365
怒流三峽夜泉聲,巫峽中宵動,0.8142659762835337
怒流三峽夜泉聲,泉源泠泠雜猿狖,0.8077190512349122
怒流三峽夜泉聲,峽影入江深,0.8089196800380579
怒流三峽夜泉聲,峽口驚猿聞一個,0.8031437060751311
怒流三峽夜泉聲,奔泉濺水珠,0.8210810436265819
能令官舍庖厨潔,不嫌野外無供給,0.8126940141692687
能令官舍庖厨潔,但有故人供禄米,0.8153150814038393
能令官舍庖厨潔,厨烟覺遠庖,0.8062947214939153
能令官舍庖厨潔,欲須供給家無粟,0.8236585473286561
能令官舍庖厨潔,貧窮取給行艓子,0.8007814360356957
能令官舍庖厨潔,官免供給費,0.8301173309247907
能令官舍庖厨潔,充庖爾輩堪,0.8401356054189033
能令官舍庖厨潔,敕廚惟一味,0.8338201641384941
能令官舍庖厨潔,敕廚倍常羞,0.8014881683095573
能令官舍庖厨潔,客子庖厨薄,0.8624054514299127
能令官舍庖厨潔,家貧無供給,0.810810716952769
未減君家風月清,知君未愛春湖色,0.8099028619357274
未減君家風月清,吹笛秋山風月清,0.8012394231900748
未減君家風月清,唯君最愛清狂客,0.805288667659303
揮斧直須輕放手,斯須領健鶻,0.816652019619634
揮斧直須輕放手,戲拈秃筆掃驊騮,0.8140748368355388
揮斧直須輕放手,請公放筆爲直幹,0.8189187522562351
揮斧直須輕放手,脱粟爲爾揮,0.8072680032314941
揮斧直須輕放手,纖毫欲自矜,0.8015990227169499
却愁食實鳳凰驚,鳳穴雛皆好,0.8482516897100274
却愁食實鳳凰驚,歸鳳求凰意,0.8146382224247914
却愁食實鳳凰驚,群鳥至今爲哺雛,0.8185074868632465
却愁食實鳳凰驚,俱宜下鳳凰,0.8162594154638956
却愁食實鳳凰驚,碧梧棲老鳳凰枝,0.8346384448321956
却愁食實鳳凰驚,先拂鳳凰雛,0.8314532651699185
却愁食實鳳凰驚,噀雨鳳凰翎,0.8342058017152798
却愁食實鳳凰驚,饑烏下食貪,0.8096521843308637
却愁食實鳳凰驚,崑山生鳳凰,0.8152394927006597
却愁食實鳳凰驚,一毛生鳳穴,0.8156457241178476
却愁食實鳳凰驚,擇木羞鸞凰,0.8208930545108495
倦客西來厭馬鞍,鞍馬到荒林,0.8041585331628338
倦客西來厭馬鞍,盍簪喧櫪馬,0.8003784963077054
倦客西來厭馬鞍,走馬脱轡頭,0.8251158689505735
倦客西來厭馬鞍,未惜馬蹄遥,0.8108391977239131
倦客西來厭馬鞍,後來鞍馬何逡巡,0.808569171181402
倦客西來厭馬鞍,歸馬散霜蹄,0.8054595092689106
倦客西來厭馬鞍,東郊瘦馬使我傷,0.8121853245963897
倦客西來厭馬鞍,鞍馬去孤城,0.8012633816859989
倦客西來厭馬鞍,我馬向北嘶,0.8197499816741555
倦客西來厭馬鞍,空煩卸馬鞍,0.8442840564721057
倦客西來厭馬鞍,有客騎驄馬,0.8091486138308708
倦客西來厭馬鞍,馬嘶未敢動,0.8015112554393571
倦客西來厭馬鞍,幸君因旅客,0.804227015798321
倦客西來厭馬鞍,東遊西還力實倦,0.8086132091985887
倦客西來厭馬鞍,出入並鞍馬,0.8023621861026076
倦客西來厭馬鞍,歸來散馬蹄,0.8534960321811682
倦客西來厭馬鞍,戎馬不如歸馬逸,0.8280094573271735
倦客西來厭馬鞍,老病客殊方,0.8052052576530092
倦客西來厭馬鞍,戎馬日衰息,0.8086711138620684
倦客西來厭馬鞍,實少銀鞍傍險行,0.8074203643972886
倦客西來厭馬鞍,清晨散馬蹄,0.8018388100748266
倦客西來厭馬鞍,爲客羸瘵成,0.8160110412879029
倦客西來厭馬鞍,朋來坐馬韉,0.8579706379574227
倦客西來厭馬鞍,南征爲客久,0.8108780856647884
倦客西來厭馬鞍,客亭鞍馬絶,0.8425177630981522
倦客西來厭馬鞍,身病戎馬後,0.809540684654078
爲予休轡小長安,未解憶長安,0.8181381765820396
爲予休轡小長安,願枉長安日,0.8155048480361842
爲予休轡小長安,爲我迴轡擒西戎,0.8258674247089816
陳遵投轄情何厚,尺牘倒陳遵,0.8408801756827146
陳遵投轄情何厚,推薦非承乏,0.8036005234497146
王粲登樓興未闌,登樓望欲迷,0.8068100445266522
王粲登樓興未闌,登臨意惘然,0.8162756472775509
王粲登樓興未闌,衰意欲登臺,0.8196985330884954
王粲登樓興未闌,庾公興不淺,0.8010262110058282
雪壓群山晴後白,亂插繁花向晴昊,0.8003268576099986
雪壓群山晴後白,沙亂雪山清,0.8488487687513069
雪壓群山晴後白,愁對寒雲雪滿山,0.8406794250604148
雪壓群山晴後白,山添雨雪流,0.8252857767801698
雪壓群山晴後白,西山白雪高,0.8527770414193265
雪壓群山晴後白,雪嶺獨看西日落,0.822280341009301
雪壓群山晴後白,白雪避花繁,0.8005425419719934
雪壓群山晴後白,窗含西嶺千秋雪,0.8231962782746659
雪壓群山晴後白,朔雲邊雪滿西山,0.8127437926375636
雪壓群山晴後白,雪嶺界天白,0.8048045169931943
雪壓群山晴後白,連山雨未開,0.8137974784041979
雪壓群山晴後白,樓高雨雪微,0.824107103541485
雪壓群山晴後白,晴雪落長松,0.8172072258077058
雪壓群山晴後白,馬度秦山雪正深,0.8034344061622144
雪壓群山晴後白,沙村白雪仍含凍,0.8317330013890194
雪壓群山晴後白,積雪飛霜此夜寒,0.8020310090880423
雪壓群山晴後白,北走關山開雨雪,0.8019499960356429
月臨千里夜深寒,不夜月臨關,0.866360386743648
月臨千里夜深寒,月過北庭寒,0.835704555451569
月臨千里夜深寒,山寒夜中泣,0.803519998151561
月臨千里夜深寒,鄰火夜深明,0.8004580975238637
月臨千里夜深寒,月彩静高深,0.8107471340186243
月臨千里夜深寒,昨夜月同行,0.8132090959325582
月臨千里夜深寒,夜深露氣清,0.8358270610954466
月臨千里夜深寒,秋宿霜溪素月高,0.83504942917514
月臨千里夜深寒,風燈照夜欲三更,0.8189420322389227
月臨千里夜深寒,月出寒通雪山白,0.8078711914055092
月臨千里夜深寒,萬里露寒殿,0.8076254137235357
月臨千里夜深寒,昨夜月清圓,0.8102691408655183
月臨千里夜深寒,秋天昨夜涼,0.800937989763209
月臨千里夜深寒,永夜月同孤,0.8395105083873886
小留待我同歸去,誓欲隨君去,0.8399122795085161
小留待我同歸去,此時與子空歸來,0.8309655120542623
小留待我同歸去,汝去幾時來,0.814714245430944
小留待我同歸去,復作歸田去,0.8092856260448316
小留待我同歸去,今年强作歸,0.8018693338989763
洛下林中斫釣竿,漫向江頭把釣竿,0.8298335346704109
洛下林中斫釣竿,幽棲真釣錦江魚,0.8256533279274347
洛下林中斫釣竿,花溪得釣綸,0.8136889237510332
洛下林中斫釣竿,漫釣槎頭縮頸鯿,0.8002105937128738
想君寒夢正飄摇,我生苦飄零,0.8137784430381922
想君寒夢正飄摇,飄飄愧此身,0.803815548182001
想君寒夢正飄摇,我生本飄飄,0.8051944418274748
想君寒夢正飄摇,飄飄犯百蠻,0.8019418711574613
想君寒夢正飄摇,飄飄客子蓬,0.8038382020573003
追思轉覺年來劇,淒涼憶去年,0.8104886022991686
追思轉覺年來劇,酒闌却憶十年事,0.8053541523229772
追思轉覺年來劇,追隨不覺晚,0.8021713408629945
追思轉覺年來劇,暮年思轉極,0.8115622813211094
追思轉覺年來劇,秋覺追隨盡,0.8177918295631597
追思轉覺年來劇,羇旅病年侵,0.8166046848157444
亂似春風柳萬條,細柳新蒲爲誰緑,0.8153777487083742
亂似春風柳萬條,漏洩春光有柳條,0.8324922773550884
亂似春風柳萬條,千條弱柳垂青瑣,0.8751457360286983
亂似春風柳萬條,天晴宫柳暗長春,0.8043942219623814
亂似春風柳萬條,楊柳枝枝弱,0.8395551957431795
亂似春風柳萬條,隔户楊柳弱嫋嫋,0.8382153888250863
亂似春風柳萬條,狂風挽斷最長條,0.8098885072500633
亂似春風柳萬條,故園楊柳今摇落,0.8034395626016426
亂似春風柳萬條,柳條弄色不忍見,0.8334434403652591
亂似春風柳萬條,渡頭翠柳艷明眉,0.8058396100552494
新春江上使星回,使客向河源,0.8124989662006066
新春江上使星回,歸朝送使節,0.830556852981837
新春江上使星回,共迎中使望鄉臺,0.8160929338775678
新春江上使星回,奉使虚隨八月槎,0.8066302533960507
新春江上使星回,使者隨秋色,0.8271784751179365
新春江上使星回,西江使船至,0.8363010345298763
新春江上使星回,氣春江上别,0.8262320709932135
不爲離人寄早梅,不寄一行書,0.8385808661021936
不爲離人寄早梅,寄書長不達,0.8050218948765174
不爲離人寄早梅,寄語北來人,0.8156678756651206
不爲離人寄早梅,却寄雙愁眼,0.8103154721540446
不爲離人寄早梅,祇是書應寄,0.8062793987510581
不爲離人寄早梅,北書不至雁無情,0.8027595307645692
不爲離人寄早梅,江花報邑人,0.8001293665951951
愛惜幽香意如此,虚懷只愛才,0.8041678538232477
愛惜幽香意如此,看君用幽意,0.8217158829385893
愛惜幽香意如此,深意實在此,0.8132603363453844
愛惜幽香意如此,宜人獨桂林,0.805341417791422
愛惜幽香意如此,此意陶潛解,0.808799817333639
愛惜幽香意如此,賞静憐雲竹,0.8089837569331174
愛惜幽香意如此,佳此志氣遠,0.8163081951825526
愛惜幽香意如此,嗜酒愛風竹,0.8369222105351222
愛惜幽香意如此,非君愛人客,0.8008390661412734
愛惜幽香意如此,唯君最愛清狂客,0.8319288790314199
愛惜幽香意如此,愛惜如芝草,0.8279980523243351
愛惜幽香意如此,感君意氣無所惜,0.8152223756240989
獨賢從事出荒城,古人重守邊,0.8004199272961471
獨賢從事出荒城,漢將獨征西,0.8057179283766165
獨賢從事出荒城,本州從事知名久,0.8017800498630847
獨賢從事出荒城,從公伏事久,0.8035995906252817
下馬𢹂筇上石層,杖藜長松下,0.8129698824711744
下馬𢹂筇上石層,安得赤脚踏層冰,0.8300758618170527
下馬𢹂筇上石層,脚下高蹄削寒玉,0.8274710574526685
下馬𢹂筇上石層,臨階下馬坐人牀,0.8162809205521373
下馬𢹂筇上石層,倚杖穿花聽馬嘶,0.8465343930348574
下馬𢹂筇上石層,老思筇竹杖,0.8042646989203903
下馬𢹂筇上石層,策杖時能出,0.8169630387555448
下馬𢹂筇上石層,倚杖看孤石,0.8179510506371647
下馬𢹂筇上石層,兒扶猶杖策,0.801306044637679
下馬𢹂筇上石層,杖藜妨躍馬,0.8286459420742684
下馬𢹂筇上石層,騎馬入青苔,0.8191552546285357
下馬𢹂筇上石層,上馬不用扶,0.8230340145743429
下馬𢹂筇上石層,扶行幾屐穿,0.8408470796242431
下馬𢹂筇上石層,緩步仍須竹杖扶,0.8174189339825888
下馬𢹂筇上石層,石苔凌几杖,0.8452465039478865
下馬𢹂筇上石層,扶顛待柱石,0.813769733309254
幽洞尋花疑阮肇,幽尋豈一路,0.8183401998997774
幽洞尋花疑阮肇,造幽無人境,0.8018422915174598
幽洞尋花疑阮肇,問柳尋花到野亭,0.811530042633357
幽洞尋花疑阮肇,桃源自可尋,0.8092964346463649
幽洞尋花疑阮肇,桂館或求仙,0.8001737595178043
幽洞尋花疑阮肇,幽徑恐多蹊,0.8598833439893073
幽洞尋花疑阮肇,林僻此無蹊,0.8309073270431835
幽洞尋花疑阮肇,地靈步步雪山草,0.8110706938353212
幽洞尋花疑阮肇,久爲謝客尋幽慣,0.8200651878654408
幽洞尋花疑阮肇,源花費獨尋,0.8359301429044219
斷崖長嘯想孫登,南望青松架短壑,0.8114885961640732
斷崖長嘯想孫登,捫蘿澀先登,0.8233928671856807
斷崖長嘯想孫登,長嘯一含情,0.8117499396328398
欲超浮世掛冠紱,浮雲世事空,0.8141164172381423
欲超浮世掛冠紱,身上愧簪纓,0.8517782119338304
未决重雲撫劍棱,佩劍衝星聊暫拔,0.8142930668670662
未决重雲撫劍棱,氣衝看劍匣,0.8033201903202896
經雨曉煙寒索寞,索居尤寂寞,0.8000576447475469
經雨曉煙寒索寞,江邊正寂寥,0.8001981089167427
經雨曉煙寒索寞,寂寂春將晚,0.8095549458804129
經雨曉煙寒索寞,寂寞江天雲霧裏,0.8161082719049246
經雨曉煙寒索寞,五月江深草閣寒,0.8005174869882575
經雨曉煙寒索寞,寂寞春山路,0.8133248849276715
經雨曉煙寒索寞,魚龍寂寞秋江冷,0.8098968044123511
經雨曉煙寒索寞,春城雨色動微寒,0.8032241024315678
經雨曉煙寒索寞,春寒細雨出疏籬,0.8147401225189201
山形春到添高秀,晚來山更碧,0.8119402446350709
山形春到添高秀,西崖特秀發,0.8006343373111591
山形春到添高秀,山色佳有餘,0.8018949334463839
山形春到添高秀,山腰官閣迥添愁,0.8042007416509553
山形春到添高秀,林花潤色分,0.8215802947740114
山形春到添高秀,春深秦山秀,0.8014089235979829
山形春到添高秀,秋晚嶽增翠,0.8384618282919045
瀑溜冰消轉沸騰,百谷漏波濤,0.8123604123614487
瀑溜冰消轉沸騰,簷動玉壺冰,0.8164598511341576
瀑溜冰消轉沸騰,雲門吼瀑泉,0.8324568042336398
瀑溜冰消轉沸騰,壞道哀湍瀉,0.8013993154358192
瀑溜冰消轉沸騰,嵌竇潛洩瀨,0.8273457301592422
瀑溜冰消轉沸騰,積陰帶奔濤,0.813893455738895
瀑溜冰消轉沸騰,潺潺石間溜,0.8092562142802548
瀑溜冰消轉沸騰,江流静猶湧,0.8002416319774714
瀑溜冰消轉沸騰,石泉流暗壁,0.8049369714776108
瀑溜冰消轉沸騰,奔泉濺水珠,0.8260878671581788
瀑溜冰消轉沸騰,擺闔盤渦沸,0.8088581455368783
瀑溜冰消轉沸騰,溜匙兼煖腹,0.8102472228646302
坐看憔悴拾薪蒸,凋瘵滿膏肓,0.8016419993723696
素餐每愧斯民病,多病休儒服,0.8242503094352411
素餐每愧斯民病,偏勸腹腴愧年少,0.8009954692788297
素餐每愧斯民病,衰疾慚加餐,0.8437675241105107
素餐每愧斯民病,信甘孱懦嬰,0.804461557951339
素餐每愧斯民病,禮厚愧無才,0.8033508202370439
素餐每愧斯民病,將老憂貧窶,0.8080067582907751
素餐每愧斯民病,愧客茹藜羹,0.8015279336386727
素餐每愧斯民病,憂世心力弱,0.8030147584187906
素餐每愧斯民病,多病久加飯,0.8050494159618834
素餐每愧斯民病,疲苶苟懷策,0.8080914214377248
改作常爲法吏繩,制作難上請,0.8261599273122052
官小責輕須自慰,也霑新國用輕刑,0.8006226370814689
官小責輕須自慰,多病也身輕,0.816326625791232
官小責輕須自慰,見賊惟多身始輕,0.8265051650150883
官小責輕須自慰,請罪將厚責,0.8029751677822995
官小責輕須自慰,治國用輕刑,0.8026405210153641
官小責輕須自慰,小吏最相輕,0.8543590032544665
得逢佳處幾人曾,人間能得幾回聞,0.8277610772270272
得逢佳處幾人曾,此會共能幾,0.809166656713822
得逢佳處幾人曾,逢人問幾賢,0.8019333994826527
得逢佳處幾人曾,偶逢佳士亦寫真,0.8374721941098565
得逢佳處幾人曾,此日此時人共得,0.8182808335029734
得逢佳處幾人曾,佳士欣相識,0.8169143158561478
剪花莫學韓中令,將詩莫浪傳,0.8007905832807589
剪花莫學韓中令,莫學令威丁,0.8090823203180533
投轄惟聞陳孟公,甘從投轄飲,0.8127141733639546
客興不孤春竹葉,秋來興甚長,0.8036570562641284
年華全屬拒霜叢,毛暗蕭條連雪霜,0.803650579113556
年華全屬拒霜叢,花發去年叢,0.8089022260493177
年華全屬拒霜叢,年年霜露隔,0.8084020510257897
青女摧殘一夜空,戰場寃魂每夜哭,0.8065420851518732
青女摧殘一夜空,青林一灰燼,0.8005059129410486
著意留連好風景,正是江南好風景,0.8318783243979951
非君誰作主人翁,真作野人居,0.8069712303624761
非君誰作主人翁,向非劉顥爲地主,0.8136212306376487
非君誰作主人翁,可憐爲人好心事,0.805445493114444
非君誰作主人翁,人憐漢公主,0.8207253435203001
非君誰作主人翁,號爾謫仙人,0.806669083490059
非君誰作主人翁,肯訪浣花老翁無,0.8029860523366037
非君誰作主人翁,非君愛人客,0.8534140142611959
非君誰作主人翁,主人留上客,0.8208326561819532
非君誰作主人翁,唯君最愛清狂客,0.8086479540132778
非君誰作主人翁,蜀客郄岑非我鄰,0.803330103106817
非君誰作主人翁,主人不世才,0.8130609122434066
非君誰作主人翁,老翁須地主,0.8074706667113776
天遣霜華慰此公,戲假霜威促山簡,0.8074668247368351
想見尚能迷蝶夢,他鄉饒夢寐,0.8030328472221442
想見尚能迷蝶夢,定似昔人迷,0.8084539806069349
想見尚能迷蝶夢,至今夢想仍猶左,0.8440281174066627
想見尚能迷蝶夢,夢魂歸未得,0.8283521761202788
移栽聞説自蠶叢,近根開藥圃,0.8169414112077795
酒傾玉醆垂蓮盡,春酒杯濃琥珀薄,0.8398260049370121
酒傾玉醆垂蓮盡,緑樽須盡日,0.8082340732803037
酒傾玉醆垂蓮盡,百壺那送酒如泉,0.8053739878147363
酒傾玉醆垂蓮盡,密沽斗酒諧終宴,0.8119784772744123
酒傾玉醆垂蓮盡,客醉揮金碗,0.8449275196344865
酒傾玉醆垂蓮盡,酒盡沙頭雙玉瓶,0.8548027263424951
酒傾玉醆垂蓮盡,願吹野水添金杯,0.8042644300997224
酒傾玉醆垂蓮盡,碧酒隨玉粒,0.8136375739450346
酒傾玉醆垂蓮盡,邊酒排金碗,0.8503044365783006
酒傾玉醆垂蓮盡,寧辭酒盞空,0.815002051385212
酒傾玉醆垂蓮盡,對酒滿壺頻,0.8280052625480703
酒傾玉醆垂蓮盡,誰能載酒開金盞,0.8209905325890615
酒傾玉醆垂蓮盡,瓷甖無謝玉爲缸,0.8290780156723863
酒傾玉醆垂蓮盡,傾銀注玉驚人眼,0.8264644881150871
酒傾玉醆垂蓮盡,蔗漿歸廚金碗凍,0.8077472785612965
酒傾玉醆垂蓮盡,指點銀瓶索酒嘗,0.803031478926094
酒傾玉醆垂蓮盡,山瓶乳酒下青雲,0.8339811257987777
酒傾玉醆垂蓮盡,洗盞開嘗對馬軍,0.8173465502281871
酒傾玉醆垂蓮盡,把臂開樽飲我酒,0.8053935844028639
酒傾玉醆垂蓮盡,爛漫倒芳樽,0.8075722725483889
酒傾玉醆垂蓮盡,洗杓斟新醖,0.8429770347770923
酒傾玉醆垂蓮盡,纔傾一盞卽醺人,0.8595923387310951
酒傾玉醆垂蓮盡,宴引春壺酒,0.842323279573468
酒傾玉醆垂蓮盡,傳杯不放杯,0.8045338509320019
酒傾玉醆垂蓮盡,潦倒新亭濁酒杯,0.8185165371206291
酒傾玉醆垂蓮盡,酒香傾坐側,0.8184412198405968
酒傾玉醆垂蓮盡,松花酒熟旁看醉,0.8008851254260551
酒傾玉醆垂蓮盡,舞階銜壽酒,0.816100564179348
酒傾玉醆垂蓮盡,銀壺酒易賒,0.8370539073011255
鱠簇金盤下筯空,露井凍銀牀,0.8008396967543792
鱠簇金盤下筯空,象牀玉手亂殷紅,0.8030149449912429
鱠簇金盤下筯空,鮮鯽銀絲鱠,0.8043111269580125
鱠簇金盤下筯空,星纏寶校金盤陀,0.805966327188188
鱠簇金盤下筯空,夷歌捧玉盤,0.810335099576302
鱠簇金盤下筯空,翠管銀罌下九霄,0.8042395912925396
鱠簇金盤下筯空,放筯未覺金盤空,0.8480170367394394
鱠簇金盤下筯空,圓齊玉筯頭,0.8283819922710625
鱠簇金盤下筯空,蔗漿歸廚金碗凍,0.8190385675523462
鱠簇金盤下筯空,金盤玉筯無消息,0.8218967709582323
鱠簇金盤下筯空,鱠飛金盤白雪高,0.8776132640334319
鱠簇金盤下筯空,内府殷紅瑪瑙盤,0.8470362086047947
鱠簇金盤下筯空,白馬金盤陀,0.8040191965747261
鱠簇金盤下筯空,金錯囊垂罄,0.8171892088183785
秉燭欄邊連夜飲,清夜置酒臨前除,0.8003493902787567
秉燭欄邊連夜飲,清夜沉沉動春酌,0.8110162074813343
秉燭欄邊連夜飲,夜闌更秉燭,0.8818605011605578
秉燭欄邊連夜飲,縱酒欲謀良夜醉,0.8153587218529373
秉燭欄邊連夜飲,夜闌接軟語,0.8158490881007006
秉燭欄邊連夜飲,把燭橋成夜,0.8633451427109047
秉燭欄邊連夜飲,夜久燭花偏,0.8019426751516602
秉燭欄邊連夜飲,夜醉長沙酒,0.8050414061488524
全藤折與賣花翁,兼將老藤杖,0.8006356470990713
當時酩酊似山公,何時一樽酒,0.8141976600409158
當時酩酊似山公,白首放歌須縱酒,0.8010681688220874
當時酩酊似山公,此時同一醉,0.8042346697813377
當時酩酊似山公,定醉山翁酒,0.8203686554106826
當時酩酊似山公,不但習池歸酩酊,0.8052838103251103
且看小檻新花蘂,青柳檻前梢,0.8188312146115906
且看小檻新花蘂,新添水檻供垂釣,0.8056948675081744
