황정견,두보,코사인 유사도
依山築閣見平川,屯雲對古城,0.8218225417906929
依山築閣見平川,高臺面蒼陂,0.8243377070835436
依山築閣見平川,崇岡相枕帶,0.8291394838292502
依山築閣見平川,山頭南郭寺,0.8070635751218507
依山築閣見平川,古鎮峰巒集,0.8119122705235416
依山築閣見平川,山分積草嶺,0.8398567439676945
依山築閣見平川,澄江平少岸,0.8065429891435361
依山築閣見平川,東郭滄江合,0.8082857222600737
依山築閣見平川,孤城西北起高樓,0.8003767968250997
依山築閣見平川,江水流城郭,0.8037285989439498
依山築閣見平川,山腰官閣迥添愁,0.8100785734437808
依山築閣見平川,樓閣倚山巓,0.8685089028371553
依山築閣見平川,高山擁縣青,0.8185342478433064
依山築閣見平川,宅中平岸水,0.8087974225973842
依山築閣見平川,霧隱平郊樹,0.8030803022821917
依山築閣見平川,野水平橋路,0.803793890485441
依山築閣見平川,山帶烏蠻闊,0.8055156062148199
依山築閣見平川,城上俯江郊,0.8111949443146822
依山築閣見平川,閭閻繚繞接山巔,0.8070712488883802
依山築閣見平川,臨軒望山閣,0.8086034661993107
依山築閣見平川,注目寒江倚山閣,0.8399098099135671
依山築閣見平川,東得平岡出天壁,0.8227453797024356
依山築閣見平川,小園背高岡,0.8066151102195921
依山築閣見平川,高齋見一川,0.8198530608304022
依山築閣見平川,川平對石門,0.8642561079875439
依山築閣見平川,卜宅近前峰,0.8293586715007395
依山築閣見平川,江度寒山閣,0.8187726053692579
依山築閣見平川,地闊平沙岸,0.8115903637528077
依山築閣見平川,遠開山嶽散江湖,0.8085734106072717
依山築閣見平川,山城近百層,0.8318429302949244
依山築閣見平川,秦城樓閣烟花裏,0.8065161138039871
依山築閣見平川,秦樹遠樓臺,0.8112131292434264
依山築閣見平川,長沙舊驛樓,0.8021599023898156
夜闌箕斗插屋椽,棆桷夜同傾,0.8058176426867305
夜闌箕斗插屋椽,發地扶屋椽,0.8201787545230408
夜闌箕斗插屋椽,夜臺當北斗,0.8338708309483448
夜闌箕斗插屋椽,步簷倚仗看牛斗,0.8057380073381257
夜闌箕斗插屋椽,干戈北斗深,0.8135921092149019
我來名之意適然,對此欲何適,0.8037562020667729
我來名之意適然,韋侯别我有所適,0.800781694492219
我來名之意適然,雅欲逃自然,0.8120973843986117
老松魁梧數百年,念茲空長大枝葉,0.8100125771803826
老松魁梧數百年,能添老樹巔崖裏,0.8152393511315974
老松魁梧數百年,飽聞榿木三年大,0.8235372271496708
老松魁梧數百年,有柏生崇岡,0.8003980491341588
老松魁梧數百年,知子松根長茯苓,0.8002339833791747
老松魁梧數百年,新松恨不高千尺,0.8210839335099198
老松魁梧數百年,中有松柏參天長,0.8007933558216106
老松魁梧數百年,寒松竟後凋,0.8017433179393086
斧斤所赦今參天,交横集斧斤,0.8005656107621593
風鳴媧皇五十弦,鳴弦不虚發,0.8085149206361941
風鳴媧皇五十弦,正直朱絲絃,0.8045084609639592
嘉二三子甚好賢,有美生人傑,0.8060463268228859
嘉二三子甚好賢,賢良復幾人,0.8057592477541167
嘉二三子甚好賢,岑參兄弟皆好奇,0.8227944639976673
嘉二三子甚好賢,高帝子孫盡隆準,0.8023632696097618
嘉二三子甚好賢,孟冬十郡良家子,0.8108016360756727
嘉二三子甚好賢,令姪才俊茂,0.8473790622188757
嘉二三子甚好賢,二三豪俊爲時出,0.8145784420114264
嘉二三子甚好賢,有子賢與愚,0.8142110146486468
嘉二三子甚好賢,栗亭名更嘉,0.8001183944236339
嘉二三子甚好賢,諸孫賢至今,0.8242979468768499
嘉二三子甚好賢,所貴者聖賢,0.8076372064294297
嘉二三子甚好賢,郭薛俱才賢,0.8248623151985961
嘉二三子甚好賢,賢者貴爲德,0.8047554132199609
嘉二三子甚好賢,俊才得之子,0.8360222494824419
嘉二三子甚好賢,天子惟孝孫,0.8135580168944899
嘉二三子甚好賢,先帝正好武,0.8050842072384463
嘉二三子甚好賢,孟氏好兄弟,0.8147266272318368
嘉二三子甚好賢,梁公曾孫我姨弟,0.8330905514434273
嘉二三子甚好賢,比看伯叔四十人,0.8027915092985394
嘉二三子甚好賢,今者兄弟一百人,0.8237846922859087
嘉二三子甚好賢,弟子四五人,0.8318121623441235
嘉二三子甚好賢,大賢爲政卽多聞,0.8085897330033092
嘉二三子甚好賢,昔有佳人公孫氏,0.8310109671172524
嘉二三子甚好賢,晚有弟子傳芬芳,0.8064612893105458
嘉二三子甚好賢,神堯十八子,0.8118462218222326
嘉二三子甚好賢,顔氏之子才孤標,0.8167157816173669
嘉二三子甚好賢,之子俊才稀,0.8114250124902309
嘉二三子甚好賢,濟世宜引英俊人,0.8006400598301082
嘉二三子甚好賢,後來傑出雲孫比,0.8010909481454527
嘉二三子甚好賢,頃來樹佳政,0.8031062638457716
嘉二三子甚好賢,鄭公四葉孫,0.8237056721106977
嘉二三子甚好賢,宜與英俊厚,0.8088440510009351
嘉二三子甚好賢,世賢張子房,0.8236115562646247
力貧買酒醉此筵,沽酒不復疑,0.8010437925380324
力貧買酒醉此筵,密沽斗酒諧終宴,0.8611576839318378
力貧買酒醉此筵,客醉揮金碗,0.8092426615979185
力貧買酒醉此筵,終日困香醪,0.8045988335619105
力貧買酒醉此筵,香醪懶再沽,0.8163891206132088
力貧買酒醉此筵,耽酒須微禄,0.8332529373799982
力貧買酒醉此筵,坐開桑落酒,0.8052071096188818
力貧買酒醉此筵,酒酣進庶羞,0.8026268080743096
力貧買酒醉此筵,每過得酒傾,0.8029907110843157
力貧買酒醉此筵,蘆酒多還醉,0.8137682190469606
力貧買酒醉此筵,邊酒排金碗,0.8004302100760292
力貧買酒醉此筵,愁多任酒醺,0.8215233317178514
力貧買酒醉此筵,莫辭酒味薄,0.8035630730068153
力貧買酒醉此筵,縱酒欲謀良夜醉,0.8827792391877575
力貧買酒醉此筵,對酒不能喫,0.8026644951705981
力貧買酒醉此筵,置酒張燈促華饌,0.8066180630484123
力貧買酒醉此筵,驅兒羅酒漿,0.8239290553806535
力貧買酒醉此筵,十觴亦不醉,0.817715404704363
力貧買酒醉此筵,人猶乞酒錢,0.805119557231124
力貧買酒醉此筵,濁醪自初熟,0.8039438719071672
力貧買酒醉此筵,樽酒家貧只舊醅,0.8162353171829263
力貧買酒醉此筵,瓶中得酒還,0.8442985201278919
力貧買酒醉此筵,誰能載酒開金盞,0.8300021562617252
力貧買酒醉此筵,爲君酤酒滿眼酤,0.8526842988427069
力貧買酒醉此筵,邀我嘗春酒,0.8683003098346287
力貧買酒醉此筵,把臂開樽飲我酒,0.8399804592374618
力貧買酒醉此筵,得醉卽爲家,0.8067836339414567
力貧買酒醉此筵,勸酒欲無辭,0.8416876132963589
力貧買酒醉此筵,酒憶郫筒不用酤,0.82751728757813
力貧買酒醉此筵,先𢬵一飲醉如泥,0.825280818109829
力貧買酒醉此筵,沽酒攜胡蘆,0.8104326609566906
力貧買酒醉此筵,把酒宜深酌,0.8100607816371436
力貧買酒醉此筵,纔傾一盞卽醺人,0.8215217539903694
力貧買酒醉此筵,呼婢取酒壺,0.8226785577855414
力貧買酒醉此筵,罷酒酣歌拓金戟,0.8179782177248726
力貧買酒醉此筵,共給酒一斛,0.8320425013047212
力貧買酒醉此筵,宴引春壺酒,0.8122585997045162
力貧買酒醉此筵,割愛酒如澠,0.8102210696040799
力貧買酒醉此筵,自覺酒須賒,0.8101451016646424
力貧買酒醉此筵,離筵罷多酒,0.8458483140517582
力貧買酒醉此筵,定醉山翁酒,0.8323628639714934
力貧買酒醉此筵,瓮餘不盡酒,0.868794126488698
力貧買酒醉此筵,濁醪粗飯任吾年,0.8088196148352473
力貧買酒醉此筵,夜醉長沙酒,0.8097429504686902
力貧買酒醉此筵,衢尊不重飲,0.8129622221281041
力貧買酒醉此筵,醉酒或連朝,0.8110258697722385
力貧買酒醉此筵,市鬻充杯酒,0.8229643319968634
夜雨鳴廊到曉懸,聽詩静夜分,0.83204907285085
夜雨鳴廊到曉懸,五夜漏聲催曉箭,0.8327789079521134
夜雨鳴廊到曉懸,晝漏稀聞高閣報,0.8072729522218619
夜雨鳴廊到曉懸,雞鳴問寢龍樓曉,0.8079464634130553
夜雨鳴廊到曉懸,夜久語聲絶,0.8225696515407962
夜雨鳴廊到曉懸,江雨夜聞多,0.8330842715297149
夜雨鳴廊到曉懸,應得夜深聞,0.8221112971403554
夜雨鳴廊到曉懸,江鳴夜雨懸,0.8621703260025257
夜雨鳴廊到曉懸,風燈照夜欲三更,0.8104887129209875
夜雨鳴廊到曉懸,江浦雷聲喧昨夜,0.8187915844346186
夜雨鳴廊到曉懸,驟雨清秋夜,0.8255079271427207
相看不歸卧僧氊,坐客寒無氈,0.819408150111594
相看不歸卧僧氊,松根胡僧憇寂寞,0.8008395775250692
相看不歸卧僧氊,山黑家中已眠卧,0.8055658042022502
泉枯石燥復潺湲,汲多井水渾,0.8252096961701636
泉枯石燥復潺湲,壞道哀湍瀉,0.8018359635493937
泉枯石燥復潺湲,水號北流泉,0.8436826439692084
泉枯石燥復潺湲,暗汲石底井,0.8246273717424105
泉枯石燥復潺湲,出泉枯柳根,0.8086163398255332
泉枯石燥復潺湲,故老淚潺湲,0.803717212539935
泉枯石燥復潺湲,山稠隘石泉,0.8000168379189916
泉枯石燥復潺湲,嵌竇潛洩瀨,0.828309345571896
泉枯石燥復潺湲,水清石礧礧,0.8043960647637711
泉枯石燥復潺湲,滑石欹誰鑿,0.8046523425949743
泉枯石燥復潺湲,江翻石走流雲氣,0.802462186095503
泉枯石燥復潺湲,淚下如迸泉,0.8300957857138862
泉枯石燥復潺湲,江流石不轉,0.8136450598870109
泉枯石燥復潺湲,潺潺石間溜,0.9178205885162092
泉枯石燥復潺湲,劍池石壁仄,0.8046909801557194
泉枯石燥復潺湲,湍減石稜生,0.8344591027279371
泉枯石燥復潺湲,井渫泉誰汲,0.8476548179485869
泉枯石燥復潺湲,寒江觸石喧,0.8180521301697189
泉枯石燥復潺湲,野蔬暗泉石,0.8038527802949902
泉枯石燥復潺湲,滿座涕潺湲,0.8157738984576237
泉枯石燥復潺湲,通竹溜涓涓,0.8259607037507468
泉枯石燥復潺湲,石泉流暗壁,0.8723870158909296
泉枯石燥復潺湲,凍泉依細石,0.8566966983203578
泉枯石燥復潺湲,泉源泠泠雜猿狖,0.8052754178224858
泉枯石燥復潺湲,秋水浮階溜決渠,0.8068208058784454
泉枯石燥復潺湲,奔泉濺水珠,0.8576903019336969
泉枯石燥復潺湲,掩抑淚潺湲,0.8053358677908999
山川光輝爲我妍,清光應更多,0.8013748210356151
山川光輝爲我妍,溪壑爲我迴春姿,0.8048212549730087
山川光輝爲我妍,山色佳有餘,0.8170017825537726
山川光輝爲我妍,山花相映發,0.8040153226237529
野僧早飢不能饘,蔬食常不飽,0.8229143435363593
野僧早飢不能饘,饑鷹未飽肉,0.8077594002722586
野僧早飢不能饘,但使殘年飽喫飯,0.8128837789692123
野僧早飢不能饘,無食起我早,0.8191664687016007
野僧早飢不能饘,使我不能餐,0.8084244543081739
野僧早飢不能饘,老雁春忍饑,0.8180906750844448
野僧早飢不能饘,對食暫餐還不能,0.8382783900560205
野僧早飢不能饘,對食不能餐,0.8120873287239663
野僧早飢不能饘,苦飢始得食一蟲,0.8470350981074773
野僧早飢不能饘,飢有易子食,0.8292914966955511
野僧早飢不能饘,食人更肯留妻子,0.8143327085653567
野僧早飢不能饘,一請甘饑寒,0.8212993166546718
野僧早飢不能饘,妻兒待米且歸去,0.80758071550731
野僧早飢不能饘,無食無兒一婦人,0.8064302731169682
野僧早飢不能饘,饑烏下食貪,0.802704792099669
野僧早飢不能饘,常餐占野蔬,0.8122130902146676
野僧早飢不能饘,長大常苦饑,0.8069206825209281
曉見寒谿有炊烟,夕烽來不近,0.8016514668153283
曉見寒谿有炊烟,寒城朝烟淡,0.8399926242382252
曉見寒谿有炊烟,遠烟鹽井上,0.8218508863775591
曉見寒谿有炊烟,厨烟覺遠庖,0.8166076760035563
曉見寒谿有炊烟,土銼冷疏烟,0.8249684519759717
曉見寒谿有炊烟,井屋有烟起,0.8521910955169733
曉見寒谿有炊烟,朝來新火起新烟,0.837007049762791
東坡道人已沉泉,鑿冰恐侵河伯宫,0.8157461834209377
東坡道人已沉泉,代公尉通泉,0.8144334340010863
東坡道人已沉泉,聞道殺人漢水上,0.8011688330360945
東坡道人已沉泉,東郭老人住青丘,0.8057174265076029
張侯何時到眼前,何時眼前突兀見此屋,0.8086539253650091
張侯何時到眼前,未知張王後,0.8224943465041474
釣臺驚濤可晝眠,蟄龍三冬卧,0.8014677115174269
釣臺驚濤可晝眠,潛龍無聲老蛟怒,0.8023140829803137
釣臺驚濤可晝眠,魚龍偃卧高,0.8242101059552047
釣臺驚濤可晝眠,白晝攤錢高浪中,0.8031745330757709
釣臺驚濤可晝眠,江喧長少睡,0.8007511356599635
釣臺驚濤可晝眠,蛟龍欲蟄寒沙水,0.8015685133432102
怡亭看篆蛟龍纏,旂尾蛟龍會,0.8095545823918204
怡亭看篆蛟龍纏,蛟龍岌相纏,0.8123899267961692
怡亭看篆蛟龍纏,蛟龍引子過,0.8055048924049515
怡亭看篆蛟龍纏,古屋畫龍蛇,0.8167072003208723
怡亭看篆蛟龍纏,舊俗燒蛟龍,0.8050308131776106
怡亭看篆蛟龍纏,久陰蛟螭出,0.8346283137395023
怡亭看篆蛟龍纏,蛟龍纏倚劍,0.8569158451455723
怡亭看篆蛟龍纏,龍蛇動篋蟠銀鈎,0.8164169550283031
怡亭看篆蛟龍纏,蛟螭深作横,0.8092107884878139
怡亭看篆蛟龍纏,華屋刻蛟螭,0.8389839028603584
安得此身脱拘攣,脱身簿尉中,0.8388754819963611
安得此身脱拘攣,恐懼棄捐忍羇旅,0.8039839796227529
安得此身脱拘攣,惡名幸脱免,0.8199338804153347
安得此身脱拘攣,既未免羈絆,0.8051556010846679
安得此身脱拘攣,脱身得西走,0.8338373254736897
安得此身脱拘攣,此身那得更無家,0.818574471317791
安得此身脱拘攣,何用浮名絆此身,0.8133115974726572
安得此身脱拘攣,初驚無拘攣,0.8319234390537726
安得此身脱拘攣,焉用身獨完,0.815321305908826
安得此身脱拘攣,安辭且窮棲,0.8136595005201778
安得此身脱拘攣,無復能拘礙,0.8003621073250524
安得此身脱拘攣,一官羈絆實藏身,0.8517190776339637
安得此身脱拘攣,脱身無所愛,0.8518249902344617
安得此身脱拘攣,黔首遂拘攣,0.8312068593123838
安得此身脱拘攣,衣食相拘閡,0.8055656141080103
安得此身脱拘攣,久客幸脱免,0.8008339901542265
安得此身脱拘攣,脱身亦奔竄,0.8429010181184721
武昌赤壁弔周郎,須存武威郡,0.8067848219382807
武昌赤壁弔周郎,南有漢王祠,0.8459925444764926
武昌赤壁弔周郎,武侯祠堂不可忘,0.8031448819055087
武昌赤壁弔周郎,秦有李斯漢蔡邕,0.8059083527952202
武昌赤壁弔周郎,周宣漢武今王是,0.800585519098739
武昌赤壁弔周郎,君不見夔子之國杜陵翁,0.8133589339218057
武昌赤壁弔周郎,肅宗昔在靈武城,0.8074385394762211
武昌赤壁弔周郎,君不見西漢杜陵老,0.8218341082409263
寒溪西山尋漫浪,誤疑茅堂過江麓,0.8057646530729741
寒溪西山尋漫浪,沙白灘漫漫,0.8027226272941512
寒溪西山尋漫浪,寺下春江深不流,0.8040681760295545
寒溪西山尋漫浪,前江後山根,0.8061268179433971
寒溪西山尋漫浪,巴東之峽生凌凘,0.8152402518853334
寒溪西山尋漫浪,君不見瀟湘之山衡山高,0.8145010747802748
忽聞天上故人來,霧裏仙人來,0.8025458154651579
忽聞天上故人來,殊方又喜故人來,0.8360905674925202
我瞻高明少吐氣,石林氣高浮,0.8134346613237149
我瞻高明少吐氣,丈人祠西佳氣濃,0.8010996501049565
君亦歡喜失微恙,歡喜每傾倒,0.8191351487269042
君亦歡喜失微恙,恐君有遺失,0.8097897833846381
君亦歡喜失微恙,還喜得吾賢,0.8040184516070057
詞林根柢頗摇蕩,同惡隨蕩析,0.8028702341286769
詞林根柢頗摇蕩,窮秋正摇落,0.8001435128572012
詞林根柢頗摇蕩,浩蕩問詞源,0.8142300031794014
詞林根柢頗摇蕩,詞林有根柢,0.9035350421670101
詞林根柢頗摇蕩,詞場竟疏闊,0.8114063149716191
天生大材竟何用,儒術於我何有哉,0.8144285474640998
天生大材竟何用,張公歎其材盡下,0.802851199232893
天生大材竟何用,焉用身獨完,0.8006040325415613
天生大材竟何用,天用莫如龍,0.8277414192544257
天生大材竟何用,材力爾精靈,0.8077298280825322
天生大材竟何用,方知不材者,0.8281073169771045
天生大材竟何用,何人符大名,0.8150508600678312
天生大材竟何用,用才復擇誰,0.8207719406087379
天生大材竟何用,古來材大難爲用,0.8579693480321839
天生大材竟何用,陶鈞力大哉,0.8128252639680649
天生大材竟何用,生男墮地要膂力,0.8244451380211251
天生大材竟何用,謀拙竟何人,0.8152380517505844
天生大材竟何用,不道棟梁材,0.807053858387984
只與千古拜圖像,形制開古迹,0.8069094545616194
只與千古拜圖像,觀圖憶古人,0.8133509947001631
只與千古拜圖像,但見書畫傳,0.8139277729943066
只與千古拜圖像,雲臺畫形像,0.8141538848423048
只與千古拜圖像,有禮太古前,0.8090518931028274
只與千古拜圖像,封内如太古,0.8017904638429276
只與千古拜圖像,堂上指圖畫,0.8093418666129627
只與千古拜圖像,昔獻書畫圖,0.8023750826747711
只與千古拜圖像,先披古畫圖,0.8104546018307173
張侯文章殊不病,李侯金閨彦,0.8145605269924625
張侯文章殊不病,李侯有佳句,0.8358414042087086
張侯文章殊不病,文章實致身,0.8112363609129207
張侯文章殊不病,鄭氏才振古,0.8053064648906648
張侯文章殊不病,汝更少年能缀文,0.8029706274944114
張侯文章殊不病,尚愛卓文君,0.8506712337198779
張侯文章殊不病,文章差底病,0.8499380706957431
張侯文章殊不病,君不見徐卿二子生絶奇,0.8005112386825094
張侯文章殊不病,李侯重有此節度,0.8052355582106245
張侯文章殊不病,論文或不愧,0.8474055890433216
張侯文章殊不病,戚聯豪貴躭文儒,0.8374586795068291
張侯文章殊不病,不通姓氏粗豪甚,0.8075022965511247
張侯文章殊不病,庾信文章老更成,0.8363631956448295
張侯文章殊不病,郭薛俱才賢,0.8011020557242681
張侯文章殊不病,文章亦不盡,0.8543063209154513
張侯文章殊不病,老儒不用尚書郎,0.8082289659691184
張侯文章殊不病,名豈文章著,0.8306387148926646
張侯文章殊不病,平公今詩伯,0.8257495658071519
張侯文章殊不病,文章一小技,0.820901081902649
張侯文章殊不病,枚乘文章老,0.8353595340357667
張侯文章殊不病,文翁儒化成,0.8008321524333926
張侯文章殊不病,論文到崔蘇,0.8011510515576565
張侯文章殊不病,文章日自負,0.8006135702081718
張侯文章殊不病,用才文章境,0.8195484117091238
張侯文章殊不病,斯文崔魏徒,0.8082049079431679
張侯文章殊不病,恐是漢代韓張良,0.8330390578050995
張侯文章殊不病,孟子論文更不疑,0.8176364549852648
張侯文章殊不病,婁公不語宋公語,0.8110119772295694
張侯文章殊不病,子建文章壯,0.823887413981061
張侯文章殊不病,時見文章士,0.8176118027550873
張侯文章殊不病,君不見夔子之國杜陵翁,0.8079500966261972
張侯文章殊不病,已似愛文章,0.8373425669788703
張侯文章殊不病,文章敢自誣,0.8309507517860264
張侯文章殊不病,君不見東吳顧文學,0.8368987540621866
張侯文章殊不病,詩家筆勢君不嫌,0.8128411470180024
張侯文章殊不病,衞侯不易得,0.8211271646567897
張侯文章殊不病,少小愛文詞,0.8095902490376818
張侯文章殊不病,宗英李端公,0.8064887211561622
歷險心膽元自壯,用激壯士肝,0.8168357437718451
歷險心膽元自壯,自覺面勢堅,0.8006862022450181
歷險心膽元自壯,祇收壯健勝鐵甲,0.8092745745297365
歷險心膽元自壯,磊落貞觀事,0.8017925187951871
汀洲鴻雁未安集,胡雁翅濕高飛難,0.8076212321534695
汀洲鴻雁未安集,天上多鴻雁,0.8320315470923108
汀洲鴻雁未安集,鴻雁幾時到,0.8407281132957065
汀洲鴻雁未安集,鴻雁及羔羊,0.8367978989055381
汀洲鴻雁未安集,南雁意在北,0.8038273113440457
汀洲鴻雁未安集,鳧雁終高去,0.8134832642841847
汀洲鴻雁未安集,春雁同歸必見猜,0.8094428368761205
汀洲鴻雁未安集,白鷺群飛太劇乾,0.8083103875329063
汀洲鴻雁未安集,暮春鴛鷺立洲渚,0.832254542307391
汀洲鴻雁未安集,雁矯銜蘆内,0.8256539531869338
汀洲鴻雁未安集,鴻雁將安歸,0.8309895983441726
汀洲鴻雁未安集,塞雁與時集,0.8595846852634128
有人出手辦兹事,好手不可遇,0.8136138299566282
有人出手辦兹事,我行怪此安敢出,0.81414408331957
有人出手辦兹事,江邊老翁錯料事,0.8117093133858246
有人出手辦兹事,好事就之爲攜酒,0.802714683385459
有人出手辦兹事,道州手札適復至,0.8076757922868583
有人出手辦兹事,皆因此人手,0.8038215574417535
經行東坡眠食地,經旬出飲獨空牀,0.8010290739756962
經行東坡眠食地,自經喪亂少睡眠,0.8008115995897034
水清石見君所知,君意人莫知,0.81250688320651
水清石見君所知,石間見海眼,0.8000500950696202
水清石見君所知,水清反多魚,0.8036926745300319
水清石見君所知,江清心可瑩,0.8145447361980508
此是吾家秘密藏,鴻寶寧全秘,0.8050782922149837
此是吾家秘密藏,深藏供老宿,0.8102396275880012
此是吾家秘密藏,秘訣隱文須内教,0.8167142608849044
此是吾家秘密藏,鈎深法更秘,0.8058269199809133
雲横疑有路,雲斷岳蓮臨大路,0.8116906175318234
雲横疑有路,低空有斷雲,0.8056841148356549
雲横疑有路,雲長出斷山,0.8103260173242721
信矣江山美,江山有巴蜀,0.8055055594853681
佳句洗眵昏,佳句染華箋,0.8021157810166204
佳句洗眵昏,開卷得佳句,0.8184730104622818
誰奈離愁得,窮愁醉不醒,0.8015756335882173
誰奈離愁得,客愁全爲減,0.8223689206054702
誰奈離愁得,眼見客愁愁不醒,0.8298729345096887
誰奈離愁得,天際傷愁别,0.8208711682690295
誰奈離愁得,離别不堪無限意,0.8668301172241812
誰奈離愁得,客愁那聽此,0.861564199787803
誰奈離愁得,何得愁中却盡生,0.8262497817210461
誰奈離愁得,愁來賦别離,0.8392395604174215
誰奈離愁得,最奈客愁何,0.9100739949985106
誰奈離愁得,離别人誰在,0.8107219437530472
誰奈離愁得,恨别滿江鄉,0.8008999284101049
誰奈離愁得,何時免客愁,0.8073873701557389
誰奈離愁得,其如離别何,0.8234366530176076
誰奈離愁得,愁來遽不禁,0.8416477114284818
村醪或可尊,况挹酒如澠,0.8208020070117015
村醪或可尊,沽酒不復疑,0.8047051575576164
村醪或可尊,密沽斗酒諧終宴,0.8097575544832247
村醪或可尊,香醪懶再沽,0.8401916146955376
村醪或可尊,酒酣進庶羞,0.8052585217903505
村醪或可尊,濁醪必在眼,0.8486164891722561
村醪或可尊,蘆酒多還醉,0.8092900401534053
村醪或可尊,濁醪自初熟,0.8359225019247505
村醪或可尊,樽酒家貧只舊醅,0.8256545525009469
村醪或可尊,鄰人有美酒,0.8577916328712514
村醪或可尊,瓶中得酒還,0.8160010515636928
村醪或可尊,茗飲蔗漿攜所有,0.8228267678535298
村醪或可尊,邀我嘗春酒,0.8069471254677816
村醪或可尊,酒憶郫筒不用酤,0.8167212857265593
村醪或可尊,沽酒攜胡蘆,0.8038175071715563
村醪或可尊,濁醪與脱粟,0.835830980379952
村醪或可尊,相迎自醱醅,0.803103198963766
村醪或可尊,瓮餘不盡酒,0.8090931997867865
村醪或可尊,濁醪粗飯任吾年,0.8122534659654557
村醪或可尊,衢尊不重飲,0.8237167240891154
村醪或可尊,市鬻充杯酒,0.8335733243457544
水無名字託人賢,略有其名存,0.8059496997524831
水無名字託人賢,名賢隱鍛鑪,0.8057311421352127
兩蘇翰墨相爲重,計疏疑翰墨,0.802985153660599
未刻他山世已傳,付與後世傳,0.8061393350032182
未刻他山世已傳,刻畫竟誰傳,0.8472647768967257
未刻他山世已傳,不露文章世已驚,0.8050135524230029
鍾鳴山川曉,山谷遠含風,0.8006455485211046
鍾鳴山川曉,晨鐘雲岸濕,0.809858129505391
鍾鳴山川曉,林昏罷幽磬,0.8067509442236711
露下星斗濕,蘭摧白露下,0.8037345071569884
露下星斗濕,月明垂葉露,0.8373218926840431
露下星斗濕,磊落星月高,0.8064005857248051
露下星斗濕,霜露在草根,0.8093999225450872
露下星斗濕,夜臺當北斗,0.8140046540208346
露下星斗濕,妖星下直廬,0.8267072778864805
露下星斗濕,玉露漙清影,0.8006936748449897
露下星斗濕,露下天高秋水清,0.8000977532111377
露下星斗濕,楚星南天黑,0.8044820190748236
露下星斗濕,南極一星朝北斗,0.8098964139468505
露下星斗濕,草露滴秋根,0.823686135029427
露下星斗濕,風來北斗昏,0.8173636508976557
露下星斗濕,星辰北斗深,0.8483220115171857
露下星斗濕,高枕翻星月,0.8211034805918661
露下星斗濕,南斗避文星,0.8260748816927134
露下星斗濕,日没衆星嘒,0.8072059762139534
露下星斗濕,秀氣衝星斗,0.8001290214642656
老夫梳白頭,數莖白髮那抛得,0.8245138393071136
老夫梳白頭,已見白頭翁,0.8482696205361552
老夫梳白頭,休看白髮生,0.8236056915031238
老夫梳白頭,今晨梳我頭,0.8394816238196383
老夫梳白頭,白頭搔更短,0.8251201004424751
老夫梳白頭,能添白髮明,0.832432636279246
老夫梳白頭,癡女頭自櫛,0.8082405305857111
老夫梳白頭,老夫清晨梳白頭,0.9422509263323374
老夫梳白頭,鬢髮各已蒼,0.804708368820342
老夫梳白頭,出門搔白首,0.8183964849345828
老夫梳白頭,休鑷鬢毛斑,0.810888856440396
老夫梳白頭,别來頭併白,0.8425785923502944
老夫梳白頭,惆悵頭更白,0.8310374056396568
老夫梳白頭,白頭亂髮垂過耳,0.8322359759179843
老夫梳白頭,梳頭滿面絲,0.8047799838105912
老夫梳白頭,朝夕催人自白頭,0.8117649186170545
老夫梳白頭,鬢髮還應雪滿頭,0.8158574586814824
老夫梳白頭,頭白好歸來,0.8050797453852145
老夫梳白頭,如今白髮翁,0.8496297451309085
老夫梳白頭,百年雙白鬢,0.8042025557637902
老夫梳白頭,那免白頭翁,0.8512988563287469
老夫梳白頭,鬢髮自成絲,0.8057702991435202
老夫梳白頭,何須白髮侵,0.8059318555524522
老夫梳白頭,悲歌鬢髮白,0.8245361136523894
老夫梳白頭,鬢毛元自白,0.8263566425950715
老夫梳白頭,髮少何勞白,0.8016910975054716
老夫梳白頭,竹冷髮堪梳,0.8028313889840912
老夫梳白頭,總作白頭翁,0.8243258597753854
老夫梳白頭,男兒生無所成頭皓白,0.8001108038922633
老夫梳白頭,白髮少新洗,0.8347152017424767
老夫梳白頭,歎及老夫衰,0.8144512451950182
老夫梳白頭,起予幸斑白,0.804621398008146
老夫梳白頭,已作白頭翁,0.8563598413647793
老夫梳白頭,新梳白髮微,0.8763791017649905
老夫梳白頭,馮唐毛髮白,0.810785683786857
老夫梳白頭,半頂梳頭白,0.8577942970439607
老夫梳白頭,白髮寐常早,0.8128361686695151
老夫梳白頭,我嘆黑頭白,0.8778827402305533
老夫梳白頭,白髮自能梳,0.876182513723818
老夫梳白頭,鬢毛垂領白,0.83657402997417
老夫梳白頭,客間頭最白,0.8430958251900345
老夫梳白頭,老夫今始知,0.8014648667778013
老夫梳白頭,哭君餘白頭,0.819126307670214
老夫梳白頭,白蘋愁殺白頭翁,0.8180627848906608
老夫梳白頭,强梳白髮提胡盧,0.839887464742364
老夫梳白頭,五十白頭翁,0.8350758888521981
形模雖入婦女笑,耶孃妻子走相送,0.8124742779114911
形模雖入婦女笑,老妻覩我顔色同,0.8074560989201985
形模雖入婦女笑,婦女行泣夫走藏,0.8078538534091907
形模雖入婦女笑,佳人屢出董嬌饒,0.8167581845751837
形模雖入婦女笑,得辭兒女醜,0.8357573806872165
風味可解壯士顔,使我顔色好,0.818442216715209
風味可解壯士顔,壯士慘不驕,0.8234035627841447
風味可解壯士顔,顔色白勝雪,0.818652965420569
風味可解壯士顔,少須顔色好,0.8203896380819125
風味可解壯士顔,佳此志氣遠,0.8190946505110973
風味可解壯士顔,當令美味入吾脣,0.8116495318111058
風味可解壯士顔,壯士淚如水,0.8087392861805833
已覺酒興生江山,江湖興頗隨,0.8149622605412851
已覺酒興生江山,東閣官梅動詩興,0.8103241807263457
已覺酒興生江山,憶在潼關詩興多,0.8105460723306438
已覺酒興生江山,自覺酒須賒,0.8151730924448649
已覺酒興生江山,卧病江湖春復生,0.8114880721088861
玉人爲開桃李顔,不問緑李與黄梅,0.8013711695509691
恐似曹瞞説鷄肋,若道巫山女粗醜,0.8121908328390635
恐似曹瞞説鷄肋,未似尸鄉翁,0.8043717538811357
恐似曹瞞説鷄肋,苦恨耳多聾,0.8019617905803953
恐似曹瞞説鷄肋,或似喪家狗,0.8145884852401837
仙儒昔日卷龜殻,昔日太宗拳毛騧,0.8007920873431893
仙儒昔日卷龜殻,昨日玉魚蒙葬地,0.8057436245686148
仙儒昔日卷龜殻,龍伯國人罷釣鼇,0.8003318129635382
蛤蜊自可洗愁顔,頭脂足垢何曾洗,0.8112238201047852
蛤蜊自可洗愁顔,當令美味入吾脣,0.8076889427799931
那堪把酒對西山,何知共酒杯,0.8102436318114257
那堪把酒對西山,對酒不能喫,0.8318148541837656
那堪把酒對西山,急送茅齋也可憐,0.8033933740341809
那堪把酒對西山,對酒滿壺頻,0.8023959786971852
那堪把酒對西山,把臂開樽飲我酒,0.8076911715104751
那堪把酒對西山,把酒宜深酌,0.828993764464518
那堪把酒對西山,重陽獨酌杯中酒,0.8118631351357305
那堪把酒對西山,對月那無酒,0.8770977402207141
海鏡纖毫只强顔,鏡奩换粉黛,0.8132507606624458
海鏡纖毫只强顔,鏡中衰謝色,0.8011011195258808
海鏡纖毫只强顔,纖毫欲自矜,0.8042620823444975
海鏡纖毫只强顔,有鏡巧催顔,0.8397398668060021
海鏡纖毫只强顔,暮顔靦青鏡,0.8100944436534465
想見霜臍當大嚼,瓜嚼水精寒,0.8264772719981968
想見霜臍當大嚼,嘗果栗皺開,0.8347544514587819
想見霜臍當大嚼,秋卵方漫喫,0.8139629833448913
想見霜臍當大嚼,落刃嚼冰霜,0.8396428294145071
想見霜臍當大嚼,破甘霜落爪,0.8218029926957238
夢回雪壓摩圍山,霜皮溜雨四十圍,0.8065143711558243
已發黄州首更回,直到綿州始分首,0.8139627007334267
已發黄州首更回,西江首獨迴,0.8168977516234055
試問淮南風月主,爲問南溪竹,0.8003300818956223
試問淮南風月主,正是江南好風景,0.803082541835326
新年桃李爲誰開,故園花自發,0.8154152425988954
新年桃李爲誰開,不問緑李與黄梅,0.8320497731651959
新年桃李爲誰開,手種桃李非無主,0.8301285941900725
新年桃李爲誰開,桃花一簇開無主,0.8200713150079806
新年桃李爲誰開,斬新花蕊未應飛,0.806758251899358
新年桃李爲誰開,西蜀櫻桃也自紅,0.8002056860166993
新年桃李爲誰開,山花已自開,0.8000783012407173
新年桃李爲誰開,花開滿故枝,0.806345561300195
新年桃李爲誰開,春知催柳别,0.8076736179079016
新年桃李爲誰開,花發去年叢,0.806003871690121
新年桃李爲誰開,菊花從此不須開,0.8046524255086427
新年桃李爲誰開,去年梅柳意,0.805026756373268
新年桃李爲誰開,江縣紅梅已放春,0.8087297989054696
誰憐舊日青錢選,遥憶舊青氈,0.8062443150387905
誰憐舊日青錢選,宫闈不擬選才人,0.8068014605447708
不立春風玉笋班,雪飛玉立盡清秋,0.8071071509862822
傳得黄州新句法,猥誦佳句新,0.8259766454547899
傳得黄州新句法,佳句法如何,0.8159764225061792
傳得黄州新句法,近來海内爲長句,0.8013812971673182
傳得黄州新句法,題詩得秀句,0.8206462134675012
傳得黄州新句法,新詩句句好,0.8439669080851258
傳得黄州新句法,老去新詩誰與傳,0.8183912474490764
傳得黄州新句法,近聞寬法離新州,0.8117367495666096
傳得黄州新句法,賦詩新句穩,0.8014272625677572
傳得黄州新句法,畢耀仍傳舊小詩,0.8017310831244555
傳得黄州新句法,清詩句句盡堪傳,0.8674586633015724
傳得黄州新句法,最傳秀句寰區滿,0.8186275959277592
傳得黄州新句法,傳聲典信州,0.8213313428062947
傳得黄州新句法,覓句新知律,0.8142166316044777
傳得黄州新句法,詩家秀句傳,0.8752664352279547
傳得黄州新句法,新詩海内流傳遍,0.835266534351309
江山也似隨春動,一片花飛減却春,0.8010179236619407
江山也似隨春動,無賴春色到江亭,0.8199058887512142
江山也似隨春動,江花未盡會江樓,0.8058418198707991
江山也似隨春動,吹花隨水去,0.8095129530254126
江山也似隨春動,去帆春色隨,0.8354967052923576
江山也似隨春動,錦江春色逐人來,0.8262244174652176
江山也似隨春動,絶知春意好,0.8089933769437552
江山也似隨春動,湖山合動摇,0.8034789205210744
花柳真成觸眼新,新愁眼欲穿,0.8198129675338728
花柳真成觸眼新,那知柳亦新,0.8136142340429116
花柳真成觸眼新,未將梅蕊驚愁眼,0.8042735383369817
花柳真成觸眼新,庭春入眼濃,0.801845882178845
花柳真成觸眼新,花枝照眼句還成,0.8667030069384432
清濁盡須歸甕蟻,濁醪必在眼,0.8001804652733964
清濁盡須歸甕蟻,不放香醪如蜜甜,0.8100595284852479
清濁盡須歸甕蟻,杯乾甕卽空,0.8037888338609491
清濁盡須歸甕蟻,濁醪與脱粟,0.8008140469897386
清濁盡須歸甕蟻,濁醪粗飯任吾年,0.8149728191179902
清濁盡須歸甕蟻,無人竭浮蟻,0.8311057142009565
吉凶更莫問波臣,羣兇逆未定,0.8442739335920908
吉凶更莫問波臣,賊臣惡子休干紀,0.8115999152857205
吉凶更莫問波臣,凶徒惡未悛,0.819158690329963
吉凶更莫問波臣,宗臣忌諱災,0.8001185364838769
吉凶更莫問波臣,身當問罪先,0.8020447764551254
春工調物似鹽梅,傅説已鹽梅,0.8216907325249568
春工調物似鹽梅,青春動才調,0.802949610542723
春工調物似鹽梅,篙工密逞巧,0.8226954001225727
一一根中生意回,根斷泉源豈天意,0.8157195063666036
一一根中生意回,此生隨萬物,0.8045685463378837
一一根中生意回,生意從此活,0.8122048780505128
風日安排催歲换,少留改歲年,0.8171963281056857
風日安排催歲换,忽已歲時遷,0.8178448716073912
風日安排催歲换,歲暮陰陽催短景,0.8099234823055409
風日安排催歲换,天時人事日相催,0.804794734469436
丹青次第與花開,卽遣花開深造次,0.8214656668176534
久狎漁樵作往還,樵漁寄此生,0.813032915480953
久狎漁樵作往還,萬里狎漁翁,0.8223897427974635
久狎漁樵作往還,野静白鷗來,0.800643868477245
久狎漁樵作往還,何處狎樵漁,0.841736039670578
久狎漁樵作往還,萬里狎樵漁,0.8528287552079497
久狎漁樵作往還,白頭厭伴漁人宿,0.8207149041704835
曉風宫殿夢催班,曉漏追趨青瑣闥,0.8530602073495634
曉風宫殿夢催班,二毛趨帳殿,0.8365136880094706
曉風宫殿夢催班,宫殿風微燕雀高,0.8390942270211673
曉風宫殿夢催班,雞鳴紫陌曙光寒,0.8085526725578951
曉風宫殿夢催班,香飄合殿春風轉,0.8005707578124492
曉風宫殿夢催班,宫雲去殿低,0.8103388787294066
曉風宫殿夢催班,水精宫殿轉霏微,0.8330891441863151
曉風宫殿夢催班,曉隨天仗入,0.8110494781768518
曉風宫殿夢催班,憶昨趨行殿,0.8208491681672601
曉風宫殿夢催班,卑宫制詔遥,0.8079596710257403
曉風宫殿夢催班,正殿引朱衣,0.852668516829751
曉風宫殿夢催班,兩宫各警蹕,0.800575021773016
曉風宫殿夢催班,金管迷宫徵,0.8059310530982552
曉風宫殿夢催班,幾回青瑣點朝班,0.8059697530761052
曉風宫殿夢催班,幾回青瑣點朝班,0.8059697530761052
曉風宫殿夢催班,玉殿起秋風,0.8113432552971722
曉風宫殿夢催班,更覺彩衣春,0.8008217854391767
鄰娃似與春争道,謾道春來好,0.8006270327603029
酥滴花枝綵剪幡,象牀玉手亂殷紅,0.8307617619991807
酥滴花枝綵剪幡,内蕊繁於纈,0.8119034271289622
酥滴花枝綵剪幡,籠竹和烟滴露梢,0.8291647202586788
酥滴花枝綵剪幡,千朶萬朶壓枝低,0.8061207803420319
酥滴花枝綵剪幡,斬新花蕊未應飛,0.8044532861737638
酥滴花枝綵剪幡,嫩蕊濃花滿目斑,0.8038769936805074
酥滴花枝綵剪幡,輕紅擘茘枝,0.816515621720071
酥滴花枝綵剪幡,露冷蓮房墜粉紅,0.8109658415412877
酥滴花枝綵剪幡,點注桃花舒小紅,0.8103086646609816
酥滴花枝綵剪幡,樝梨纔綴碧,0.8363456346052061
酥滴花枝綵剪幡,朱果爛枝繁,0.8256791960281942
酥滴花枝綵剪幡,花蕊亞枝紅,0.8588466769368015
酒有全功筆有神,下筆如有神,0.830985217219199
酒有全功筆有神,雖未成龍亦有神,0.8310201858340225
酒有全功筆有神,文章有神交有道,0.8274413538533966
酒有全功筆有神,詩成覺有神,0.859774063653486
酒有全功筆有神,詩興不無神,0.8300349264287715
酒有全功筆有神,詩應有神助,0.8419634676370431
酒有全功筆有神,將軍畫善蓋有神,0.818901025053531
酒有全功筆有神,書貴瘦硬方通神,0.8202632421890339
酒有全功筆有神,才力老益神,0.8039053986986119
可將心付白頭新,别來頭併白,0.8109184803813325
可將心付白頭新,總作白頭翁,0.8101769663950309
可將心付白頭新,白頭惟有赤心存,0.805576691987169
可將心付白頭新,愁殺白頭人,0.8010078593182055
可將心付白頭新,白蘋愁殺白頭翁,0.8098969608559257
莫道前銜是近臣,銜寃有是夫,0.8054277842482415
莫道前銜是近臣,莫道新知要,0.8163290123655857
天教兄弟各異方,各在天一涯,0.8117048924373969
天教兄弟各異方,岑參兄弟皆好奇,0.8052510600506428
天教兄弟各異方,諸弟各異方,0.9241159177470292
天教兄弟各異方,有弟皆分散,0.80960289471944
天教兄弟各異方,雲端各異方,0.8272917758233753
天教兄弟各異方,有弟有弟在遠方,0.8235859759959012
天教兄弟各異方,故鄉有弟妹,0.8160047088898141
天教兄弟各異方,弟妹各何之,0.8430853439818826
天教兄弟各異方,無由弟妹來,0.8059077206321341
天教兄弟各異方,中原有兄弟,0.8172499061613032
天教兄弟各異方,分曹失異同,0.810157767631537
天教兄弟各異方,兄弟分離苦,0.8213095868181975
天教兄弟各異方,殊方聽有異,0.8017471528372973
天教兄弟各異方,實維親弟昆,0.8032075032656434
不使新年對舉觴,何知共酒杯,0.8029168942592344
不使新年對舉觴,誰能載酒開金盞,0.8190625995269415
不使新年對舉觴,惜别酒頻添,0.8010107549535748
不使新年對舉觴,把臂開樽飲我酒,0.8115908819240187
不使新年對舉觴,莫怪頻頻勸酒杯,0.8132590118139641
不使新年對舉觴,開筵得屢供,0.8097792341092587
不使新年對舉觴,傳杯不放杯,0.8153141130403048
不使新年對舉觴,獻壽更稱觴,0.8268622548692279
不使新年對舉觴,舞階銜壽酒,0.8118650429084853
作雲作雨手翻覆,五花散作雲滿身,0.8010043188973108
作雲作雨手翻覆,翻手作雲覆手雨,0.966035502243178
作雲作雨手翻覆,地軸爲之翻,0.8178974100807853
作雲作雨手翻覆,莫作翻雲鶻,0.8337178758482001
作雲作雨手翻覆,爛熳爲雲雨,0.8386601659358968
作雲作雨手翻覆,黑入太陰雷雨垂,0.8206939177200097
作雲作雨手翻覆,欲作魚梁雲覆湍,0.8531049693582569
作雲作雨手翻覆,密雲復無雨,0.81355477304714
作雲作雨手翻覆,風吹巨焰作,0.8010530290611151
作雲作雨手翻覆,翻風轉日木怒號,0.8045100155652842
作雲作雨手翻覆,驕陽化爲霖,0.817767694046232
作雲作雨手翻覆,山雨不作泥,0.8427756997805412
作雲作雨手翻覆,無成涕作霖,0.8004949557254382
