황정견,두보,코사인 유사도
可以忘憂唯有酒,使我不能餐,0.8069708933991074
可以忘憂唯有酒,對食暫餐還不能,0.8059182462158176
可以忘憂唯有酒,對食不能餐,0.8030590343018031
可以忘憂唯有酒,寬心應是酒,0.8287427792186512
可以忘憂唯有酒,無忘酒共持,0.8792435211875262
可以忘憂唯有酒,可但步兵偏愛酒,0.8317684294147141
可以忘憂唯有酒,窮愁但有骨,0.8081269279298615
可以忘憂唯有酒,對月那無酒,0.816635171608965
可以忘憂唯有酒,瓮餘不盡酒,0.8086501175744133
可以忘憂唯有酒,有求常百慮,0.8182200610234784
前日過君飲不多,明日蕭條醉盡醒,0.8034565246561303
前日過君飲不多,君來必十月,0.8092420137717613
前日過君飲不多,每過得酒傾,0.8552937449637381
前日過君飲不多,縱酒欲謀良夜醉,0.8098090506386382
前日過君飲不多,每日江頭盡醉歸,0.8113173885056704
前日過君飲不多,對酒不能喫,0.801026397322415
前日過君飲不多,興來今日盡君歡,0.8421525861073416
前日過君飲不多,昨夜邀歡樂更無,0.8028619839153371
前日過君飲不多,先𢬵一飲醉如泥,0.815331955124712
前日過君飲不多,此行何日到,0.820521550912237
前日過君飲不多,他日一杯難强進,0.8248369775382857
前日過君飲不多,明日重陽酒,0.80314948858411
前日過君飲不多,今日過雲遲,0.810054382102144
前日過君飲不多,暇日從時飲,0.8374906366259567
前日過君飲不多,瓮餘不盡酒,0.8058437193035964
前日過君飲不多,醉酒或連朝,0.8145365717620844
明日解酲無五斗,歸醉每無愁,0.800992627554432
古木清陰丹井欄,漱壑松柏秃,0.8031725739257025
古木清陰丹井欄,古木巃嵸枝相樛,0.8154035531301367
古木清陰丹井欄,萬壑欹疏林,0.8030137047167587
古木清陰丹井欄,石根青楓林,0.817585079508681
古木清陰丹井欄,古屋畫龍蛇,0.8016553333743579
古木清陰丹井欄,古廟杉松巢水鶴,0.8176426367571645
古木清陰丹井欄,古城疏落木,0.8075105869240886
古木清陰丹井欄,鎖石藤梢元自落,0.8004345624662121
古木清陰丹井欄,木雜古今樹,0.8078241222309106
古木清陰丹井欄,護堤盤古木,0.8423304383001009
夜來凉月屋頭還,月出山更静,0.8024390451676134
夜來凉月屋頭還,昨夜月同行,0.8173133669394637
夜來凉月屋頭還,秋月仍圓夜,0.8031555827095876
夜來凉月屋頭還,昨夜月清圓,0.8271395754967434
論交撥置形骸外,爾曹身與名俱滅,0.8034408842071401
論交撥置形骸外,萬事盡付形骸外,0.864163514570881
論交撥置形骸外,形骸痛飲中,0.8332425224535882
論交撥置形骸外,事迹可兩忘,0.8088791673968037
論交撥置形骸外,喪亂形仍役,0.8008730682696754
論交撥置形骸外,已撥形骸累,0.8424408556626359
論交撥置形骸外,妙取筌蹄棄,0.8093555685533151
論交撥置形骸外,才盡傷形骸,0.8378252103777775
得意相忘樽俎間,忘形向友朋,0.8131871276078453
得意相忘樽俎間,朋酒日歡會,0.826383620005428
冰壺不可與夏蟲饗,味苦夏蟲避,0.8126620312313022
秋月不可與俗士賞,好手不可遇,0.8101939292060569
秋月不可與俗士賞,爽氣不可致,0.8183240185519034
秋月不可與俗士賞,出處庶可齊,0.8005432356418367
秋月不可與俗士賞,歲月不我與,0.8264694031066795
已得樽前兩友生,生前相遇且銜杯,0.8101734860798959
已得樽前兩友生,樽前失詩流,0.8015900854492439
更思一士濟陽城,濟南名士多,0.8139553045279312
更思一士濟陽城,臨江節士安足數,0.8007760185889503
更思一士濟陽城,坐逢楊子鎮東州,0.8163487725907527
更思一士濟陽城,韓公本意築三城,0.8005400561641698
雖無四至九卿之規畫,今之新圖有二馬,0.8281329569554821
雖無四至九卿之規畫,褚公書絶倫,0.8010280256186121
雖無四至九卿之規畫,馬卿四賦良,0.8046217135872007
猶有千秋萬歲之真榮,萬歲千秋奉明主,0.8550145383885379
猶有千秋萬歲之真榮,千秋萬歲名,0.9046037525419788
猶有千秋萬歲之真榮,轉見千秋萬古情,0.8203984690513351
猶有千秋萬歲之真榮,此堂豈千年,0.8376621944381208
猶有千秋萬歲之真榮,丈夫垂名動萬年,0.8024986767278988
猶有千秋萬歲之真榮,聖壽宜過一萬春,0.8003401962797667
空名未食太倉米,日糴太倉五升米,0.86164820423437
空名未食太倉米,貧窶有倉卒,0.8377026723420513
空名未食太倉米,食蕨不願餘,0.8009016916325102
空名未食太倉米,故人供禄米,0.8004463708355765
空名未食太倉米,苦飢始得食一蟲,0.809348536233131
空名未食太倉米,園收芋栗不全貧,0.8191114891010904
空名未食太倉米,日聞紅粟腐,0.8147138532105651
空名未食太倉米,難分太倉粟,0.8651786960233434
空名未食太倉米,欲須供給家無粟,0.8347727781275022
空名未食太倉米,稻米流脂粟米白,0.8244576919141806
空名未食太倉米,公私倉廩俱豐實,0.8137571453299091
空名未食太倉米,是時倉廩實,0.8097401190119864
空名未食太倉米,肉食三十萬,0.8027161891594672
空名未食太倉米,國馬竭粟豆,0.8136517847874427
空名未食太倉米,官雞輸稻粱,0.8122932767458679
空名未食太倉米,稻米炊能白,0.8023947513424666
空名未食太倉米,日給還脱粟,0.8056470449312829
空名未食太倉米,今年米賤太傷農,0.8107938771790949
空名未食太倉米,鳥雀苦肥秋粟菽,0.8274421253539754
空名未食太倉米,應過數粒食,0.8106241067990054
今作斑衣老萊子,繡衣黄白郎,0.8173388664929716
卿家嗣宗望爾來,嗣宗諸子姪,0.8652239927602007
卿家嗣宗望爾來,世祖修高廟,0.8196087622114719
卿家嗣宗望爾來,聞道收宗廟,0.8061657964363655
卿家嗣宗望爾來,況復傳宗匠,0.808912880133067
卿家嗣宗望爾來,王今叔父尊,0.8019351507333496
卿家嗣宗望爾來,肅宗登寶位,0.8032411289135236
卿家嗣宗望爾來,例及吾家詩,0.8029285777048908
卿家嗣宗望爾來,肅宗復社稷,0.8193997343530441
卿家嗣宗望爾來,吾宗老孫子,0.8135522345701018
卿家嗣宗望爾來,卿家兄弟功名震,0.8152277412661794
卿家嗣宗望爾來,宗枝神堯後,0.814807730739111
卿家嗣宗望爾來,爾之高祖母,0.803682474878723
卿家嗣宗望爾來,風流吾賢紹,0.8016653193540906
不獨我聞足音喜,還喜得吾賢,0.8125327858380483
不獨我聞足音喜,知音兼衆語,0.8068725242594071
西風索寞葉初乾,柳拂旌旂露未乾,0.8054911115639671
西風索寞葉初乾,葉稀風更落,0.835288714418388
西風索寞葉初乾,窮秋正摇落,0.8016436994226508
西風索寞葉初乾,蕭蕭半死葉,0.8041669443732836
西風索寞葉初乾,魚龍寂寞秋江冷,0.8009643414332119
西風索寞葉初乾,北風黄葉下,0.8174254787833839
西風索寞葉初乾,無邊落木蕭蕭下,0.8183145807882599
西風索寞葉初乾,林疏黄葉墜,0.8012929264664419
長鋏歸來亦罷彈,吾醉亦長歌,0.8139268036020073
長鋏歸來亦罷彈,虞舜罷彈琴,0.8090773022025359
窮巷蓬蒿深一尺,濟上没蓬蒿,0.8299682385509508
窮巷蓬蒿深一尺,蓬蒿翳環堵,0.8312636508513354
窮巷蓬蒿深一尺,廣深丈尺間,0.8042793878573335
窮巷蓬蒿深一尺,荆扉深蔓草,0.8012743796144259
窮巷蓬蒿深一尺,百年地僻柴門迥,0.815763115534867
窮巷蓬蒿深一尺,宅幸蓬蓽遮,0.8171949996285026
窮巷蓬蒿深一尺,塊獨委蓬蒿,0.8148302045221228
窮巷蓬蒿深一尺,柴荆寄樂土,0.8025322502389587
窮巷蓬蒿深一尺,牆隅亦深邃,0.8047537247065044
朱門廉陛高難攀,鐵鎖高垂不可攀,0.8181328120837417
朱門廉陛高難攀,幾時高議排金門,0.8114153360052976
吾儕相逢置是事,邂逅豈卽非良圖,0.8030647076872697
吾儕相逢置是事,相逢皆老夫,0.82201970846482
吾儕相逢置是事,相遇卽諸昆,0.8163121111540765
吾儕相逢置是事,此事恍惚難明論,0.8090301023074504
百世之下仰高山,此堂豈千年,0.8036751522378405
百世之下仰高山,中有高唐天下無,0.8364298764833784
百世之下仰高山,高宜百萬層,0.8036215476196142
百世之下仰高山,高山之外皆培塿,0.8164370805031942
夏雲凉生土囊口,春生南國瘴,0.8088755909672716
周鼎湯盤見科斗,星纏寶校金盤陀,0.8056389247123383
周鼎湯盤見科斗,數見銘鐘鼎,0.8137141467417088
周鼎湯盤見科斗,文律早周旋,0.8093019791469107
周鼎湯盤見科斗,河岳空金湯,0.8200228060462663
清風古氣滿眼前,正想氤氲滿眼香,0.8080256284465148
清風古氣滿眼前,眼前今古意,0.8297549673084035
清風古氣滿眼前,滿眼顔色好,0.80134659437079
清風古氣滿眼前,江漢風流萬古情,0.8043367587416306
乃是户曹報章還,未曾寄官曹,0.8141718712051698
只今書生無此語,自斷此生休問天,0.8105221018612789
只今書生無此語,不意書生耳,0.8331421763111346
只今書生無此語,書成無信將,0.8078701048080437
只今書生無此語,但見書畫傳,0.8198766373005986
只今書生無此語,不道故人無素書,0.818917055450854
已在貞元元和間,好在阮元瑜,0.8143278137513265
已在貞元元和間,乾元元年春,0.8512646883949437
已在貞元元和間,眇然貞觀初,0.8051464737206255
已在貞元元和間,但見元氣常調和,0.822632145240372
已在貞元元和間,安得更似開元中,0.8181821942133721
已在貞元元和間,經營上元始,0.8302083684221893
已在貞元元和間,正直元因造化功,0.8159730958446603
已在貞元元和間,往者開元中,0.8186123160054785
已在貞元元和間,貞觀是元龜,0.8682825150535565
已在貞元元和間,元元歸始終,0.8669750157799588
已在貞元元和間,元和辭大罏,0.8112064806152596
已在貞元元和間,南内開元曲,0.80953738039228
已在貞元元和間,昔在開元中,0.8501092997148225
已在貞元元和間,武帝元同時,0.8040278850372284
野人泣血漫相明,路人紛雨泣,0.8046828958921957
野人泣血漫相明,此老無聲淚垂血,0.8141329029998496
野人泣血漫相明,新鬼煩冤舊鬼哭,0.8347095102476425
野人泣血漫相明,戰哭多新鬼,0.8186804029861585
野人泣血漫相明,妻子山中哭向天,0.8147164979846289
野人泣血漫相明,呻吟更流血,0.8111679306359585
野人泣血漫相明,送行勿泣血,0.8360862772785063
野人泣血漫相明,山寒夜中泣,0.803780163604985
野人泣血漫相明,戰場寃魂每夜哭,0.80700892250191
野人泣血漫相明,泣血迸空回白頭,0.8389260191579486
野人泣血漫相明,向公泣血灑行殿,0.8374072526441725
野人泣血漫相明,相見横涕泗,0.8033783050404117
和氏之璧無連城,金璞無留礦,0.8045307114446042
和氏之璧無連城,與報惠連詩不惜,0.8029065530551291
和氏之璧無連城,連城爲寶重,0.827207068128323
參軍拄笏看雲氣,雲水氣參錯,0.8083236451278191
此中安知枯與榮,榮枯咫尺異,0.8054559990088958
此中安知枯與榮,榮貴如糞土,0.8015603463874155
此中安知枯與榮,勿悲尚枯槁,0.8020883295755619
此中安知枯與榮,有同枯椶木,0.8093762047498331
我夢浮天波萬里,欲浮江海去,0.808605346591076
我夢浮天波萬里,羇遊萬里闊,0.824474147820745
我夢浮天波萬里,繫舟身萬里,0.809218657572765
扁舟去作鴟夷子,不有小舟能蕩槳,0.8115256624848988
扁舟去作鴟夷子,扁舟吾已僦,0.8145447587743515
扁舟去作鴟夷子,扁舟不獨如張翰,0.8350961267453014
扁舟去作鴟夷子,舟楫浪前輕,0.8032829814781839
扁舟去作鴟夷子,扁舟落吾手,0.8055338332800457
扁舟去作鴟夷子,天入滄浪一釣舟,0.8125251937938602
扁舟去作鴟夷子,兼泛滄浪學釣翁,0.8008437357550477
扁舟去作鴟夷子,子豈無扁舟,0.8233689684817516
扁舟去作鴟夷子,漸擬放扁舟,0.8016409717590534
扁舟去作鴟夷子,扁舟繫此亭,0.8045486803648727
扁舟去作鴟夷子,舟楫復江湖,0.8055930925294277
扁舟去作鴟夷子,舟楫眇然自此去,0.8155926474850785
扁舟去作鴟夷子,扁舟空老去,0.8457787114855957
扁舟去作鴟夷子,蝦菜忘歸范蠡船,0.8111217086211013
兩士風流對酒樽,座對賢人酒,0.8457288869869025
四無人聲鳥聲喜,空聞燕雀喧,0.8041365601151181
四無人聲鳥聲喜,睡美不聞鐘鼓傳,0.8009304863970823
四無人聲鳥聲喜,而無人世喧,0.8158456634056839
四無人聲鳥聲喜,喧已去人群,0.8070182964888
四無人聲鳥聲喜,聞見同一聲,0.8057697480169554
四無人聲鳥聲喜,三更鳥獸呼,0.8287811597665244
心如傷弓怯虚彈,哀筝傷老大,0.8013243988845524
心如傷弓怯虚彈,傷弓流落羽,0.8007919632240205
不堪市井逐乾没,去傍干戈覓,0.8059032468755583
且願朋舊相追攀,相與博塞爲歡娱,0.8059635339282325
且願朋舊相追攀,不得相追隨,0.8562602054997934
且願朋舊相追攀,清晨陪躋攀,0.8177694199064083
且願朋舊相追攀,親賓縱談謔,0.8011911051075827
且願朋舊相追攀,且復戀良友,0.806528349276584
且願朋舊相追攀,和親願結歡,0.8338765894057749
且願朋舊相追攀,暫時相賞莫相違,0.8052713616898332
且願朋舊相追攀,親友相追攀,0.907989691213148
且願朋舊相追攀,親朋日暮迴,0.8068050913278305
且願朋舊相追攀,憶昨歡娱常見招,0.8311260979880916
且願朋舊相追攀,舊俗自相歡,0.8076028807553755
且願朋舊相追攀,朋酒日歡會,0.819370021783496
寄聲小掾篤行李,寄語楊員外,0.8055962568366648
寄聲小掾篤行李,荆州鄭薛寄詩近,0.8227579840615024
寄聲小掾篤行李,因聲置驛外,0.8017991054568859
寄聲小掾篤行李,附書與裴因示蘇,0.8022257342924874
落日東面空雲山,江東日暮雲,0.8094203713600202
落日東面空雲山,落日平臺上,0.8033954603991602
落日東面空雲山,已見楚山碧,0.8130525340428201
落日東面空雲山,明日隔山岳,0.8100804472148119
落日東面空雲山,山頭落日半輪明,0.811152746947627
落日東面空雲山,山行落日下絶壁,0.8183399657723671
落日東面空雲山,日出寒山外,0.8114180402299233
落日東面空雲山,雪嶺獨看西日落,0.803365672417873
落日東面空雲山,清江白日落欲盡,0.8150480104386408
落日東面空雲山,殺聲落日迴蒼穹,0.8099950502905302
落日東面空雲山,但見西嶺青,0.8146613167296015
落日東面空雲山,日滿樓前江霧黄,0.8018444747881449
落日東面空雲山,天雲浮絶壁,0.8157695354272059
落日東面空雲山,注目寒江倚山閣,0.8097111530008535
落日東面空雲山,日下四山陰,0.8108573993521756
落日東面空雲山,青山落日江湖白,0.8475820371973738
落日東面空雲山,朱崖雲日高,0.828300951386085
挾策讀書計糊口,讀書破萬卷,0.852186940587365
挾策讀書計糊口,盡捻書籍賣,0.8014031632057701
挾策讀書計糊口,未足臨書卷,0.8111408920346626
挾策讀書計糊口,老妻書數紙,0.8109239420512702
挾策讀書計糊口,經書滿腹中,0.8119793844454346
挾策讀書計糊口,群書一萬卷,0.8148290784988095
挾策讀書計糊口,群書萬卷常暗誦,0.8137385454599868
挾策讀書計糊口,男兒須讀五車書,0.8107019373816835
挾策讀書計糊口,念我能書數字至,0.8011364998207975
挾策讀書計糊口,童稚日餬口,0.8228289328702598
故人南箕與北斗,秦城迴北斗,0.8084946897212484
故人南箕與北斗,挂席上南斗,0.8152212859120785
故人南箕與北斗,夜臺當北斗,0.8307508787013265
故人南箕與北斗,秦城北斗邊,0.8097358209061876
故人南箕與北斗,故園當北斗,0.8817871862963842
故人南箕與北斗,南極一星朝北斗,0.8147542405552513
故人南箕與北斗,傍見北斗向江低,0.815084158492124
故人南箕與北斗,北斗故臨秦,0.8537796660545226
故人南箕與北斗,南斗避文星,0.8080823752732523
故人南箕與北斗,於今向南斗,0.8341599123132567
江南江北萬重山,江南瘴癘地,0.8094572543338706
江南江北萬重山,連山西南斷,0.8022693797098619
江南江北萬重山,南浦清江萬里橋,0.8348759319964484
江南江北萬重山,綿州江水之東津,0.8014571438931025
江南江北萬重山,南望千山萬山赤,0.8111176514842207
江南江北萬重山,江山有巴蜀,0.850812382845717
江南江北萬重山,黄河南岸是吾蜀,0.8136959532155541
江南江北萬重山,南江繞舍東,0.8199098127161724
江南江北萬重山,岷嶺南蠻北,0.8124218505975497
江南江北萬重山,江北江南春冬花,0.8408559826683744
江南江北萬重山,兩見巫山楚水春,0.8095804244762052
江南江北萬重山,雲嶂寬江北,0.8369228785182741
江南江北萬重山,澶漫山東一百州,0.8062441031668891
江南江北萬重山,滿峽重江水,0.8095803255416248
江南江北萬重山,天地西江遠,0.8047159654014132
江南江北萬重山,西北樓成雄楚都,0.8007963595606156
江南江北萬重山,西江接錦城,0.8101829937042899
江南江北萬重山,江國踰千里,0.8062092898635949
江南江北萬重山,江漢山重阻,0.8652544972939676
千里寄書聲不還,幾歲寄我空中書,0.8271156272341529
千里寄書聲不還,寄書問三川,0.8080910783011881
千里寄書聲不還,自寄一封書,0.8105742488641245
千里寄書聲不還,封書寄與淚潺湲,0.8090076670673438
千里寄書聲不還,不寄一行書,0.8709091794979608
千里寄書聲不還,人稀書不到,0.8049524654956991
千里寄書聲不還,寄書長不達,0.8645994690227705
千里寄書聲不還,書成無信將,0.817316906987958
千里寄書聲不還,音書静不來,0.811387115197401
千里寄書聲不還,祇是書應寄,0.8130688781339845
千里寄書聲不還,煩君萬里傳,0.8494865097013404
千里寄書聲不還,家遠傳書日,0.8103368423262027
千里寄書聲不還,别家三月一書來,0.808541083980514
千里寄書聲不還,書成無過雁,0.8019930338793541
千里寄書聲不還,一聲何處送書雁,0.8343625352540733
千里寄書聲不還,萬里車書通,0.8335707130092005
千里寄書聲不還,北書不至雁無情,0.8170380617848834
千里寄書聲不還,空裏愁書字,0.8216316621308144
當時朱絃寫心曲,爲公歌此曲,0.8044480984411
當時朱絃寫心曲,朱絲有斷絃,0.8302571256511251
當時朱絃寫心曲,正直朱絲絃,0.8108354974828836
當時朱絃寫心曲,哀絃繞白雪,0.8064741918128681
當時朱絃寫心曲,此曲哀怨何時終,0.8327004433430789
果在高山深水間,幽居在空谷,0.8040303332174361
果在高山深水間,在山泉水清,0.8122184449297525
果在高山深水間,山僧高下居,0.8019480337795437
果在高山深水間,茲山亦深登,0.8040492226808194
果在高山深水間,滅跡於君山湖上之青峰,0.8372083727720341
果在高山深水間,深山窮谷不可處,0.8444353482625153
果在高山深水間,況乃山高水有波,0.8053122539219966
果在高山深水間,高山之外皆培塿,0.8242275649881876
果在高山深水間,君不見瀟湘之山衡山高,0.8008582672330296
枯桐滿腹生蛛網,蛛絲仍未收,0.8017308248753381
枯桐滿腹生蛛網,書籤藥裹封蛛網,0.8335411495335086
枯桐滿腹生蛛網,庭中藤刺簷,0.8209868964791363
枯桐滿腹生蛛網,蛛絲罥鬢長,0.8094263244393127
廖侯文字得我驚,李侯有佳句,0.8485197174582748
廖侯文字得我驚,蘇侯得數過,0.8243790731899884
廖侯文字得我驚,韋侯韋侯數相見,0.829204064065511
廖侯文字得我驚,尚愛卓文君,0.8218397549215846
廖侯文字得我驚,李侯重有此節度,0.8245360903364201
廖侯文字得我驚,不通姓氏粗豪甚,0.8142481391888008
廖侯文字得我驚,庾信文章老更成,0.8007357622410631
廖侯文字得我驚,縱使盧王操翰墨,0.8122519552934104
廖侯文字得我驚,平公今詩伯,0.8065540675382312
廖侯文字得我驚,文章一小技,0.8119550124797863
廖侯文字得我驚,婁公不語宋公語,0.8025455285712766
廖侯文字得我驚,時見文章士,0.806278212746349
廖侯文字得我驚,君不見東吳顧文學,0.8049394356877042
廖侯文字得我驚,衞侯不易得,0.8190333333239324
廖侯文字得我驚,念我能書數字至,0.8047609362108596
廖侯文字得我驚,宋公放逐曾題壁,0.802764366556436
五嶽縱横守嚴城,三城守邊却可圖,0.8318147926590818
五嶽縱横守嚴城,禄山北築雄武城,0.8001537256415372
五嶽縱横守嚴城,詔鎮雄所搤,0.8067471855549413
五嶽縱横守嚴城,壁立石城横塞起,0.8067740742522604
萬夫之下不稱屈,羣雄問獨夫,0.8018667455167099
萬夫之下不稱屈,由來萬匹强,0.8062460736574941
萬夫之下不稱屈,折節萬夫後,0.8038079512424792
萬夫之下不稱屈,百中争能恥下鞲,0.814877011283756
定知名滿四海非真榮,海内知名士,0.8195153279812399
定知名滿四海非真榮,聲名從此大,0.8056251287942423
富如春秋也如此,生意春如昨,0.8071098516100961
富如春秋也如此,富貴於我如浮雲,0.8177891590459918
富如春秋也如此,韋生富春秋,0.8071787446322276
富如春秋也如此,富貴當如此,0.8700970029704833
他日卜鄰長兒子,生女猶得嫁比鄰,0.8151274445662597
他日卜鄰長兒子,别家長兒女,0.8245366318032409
他日卜鄰長兒子,遠遊長兒子,0.8177549700967096
一丘各自有林泉,自有一山川,0.8315805036026233
一丘各自有林泉,發興自林泉,0.8224104628879763
一丘各自有林泉,鐘鼎山林各天性,0.8390457330087708
扶將白頭親宴喜,我昔近侍叨奉引,0.8059289425219456
扶將白頭親宴喜,高宴諸侯禮,0.8011569850475003
扶將白頭親宴喜,接宴身兼杖,0.8097864444563463
扶將白頭親宴喜,白頭供宴語,0.830842991121441
秋風日暮衣裳單,雲卧衣裳冷,0.8013707976505986
秋風日暮衣裳單,悲風日暮多,0.8163199882443044
秋風日暮衣裳單,短褐風霜入,0.8044099622795052
秋風日暮衣裳單,歲暮衣裳單,0.9187626824794197
秋風日暮衣裳單,衣冠心慘愴,0.8018064362077074
秋風日暮衣裳單,野風吹征衣,0.8422282389952979
秋風日暮衣裳單,我實衣裳單,0.8427720360734134
秋風日暮衣裳單,征衣颯飄颻,0.8083017782934919
秋風日暮衣裳單,照我征衣裳,0.8357285487661539
秋風日暮衣裳單,無使霜露霑人衣,0.8080104872187313
秋風日暮衣裳單,秋風淅淅吹我衣,0.8625845887647601
秋風日暮衣裳單,秋風此日灑衣裳,0.9058460114305533
秋風日暮衣裳單,碧海吹衣裳,0.8137095361430444
秋風日暮衣裳單,衣裳判白露,0.8122848394034567
秋風日暮衣裳單,暮秋霑物冷,0.8364790882552189
秋風日暮衣裳單,覺君衣裳單,0.8466163496706957
秋風日暮衣裳單,卒伍單衣裳,0.8189021610620864
深巷落葉已如彈,葉密鳴蟬稠,0.8012012341943504
深巷落葉已如彈,葉稀風更落,0.8116581968674217
深巷落葉已如彈,蕭蕭半死葉,0.8026029884709995
深巷落葉已如彈,桑柘葉如雨,0.8024734282159351
深巷落葉已如彈,落樹有驚蟬,0.804566085326866
深巷落葉已如彈,林疏黄葉墜,0.8007056321649146
數來會面復能幾,若人可數見,0.8307700869201048
數來會面復能幾,人間能得幾回聞,0.8193462933641824
數來會面復能幾,此會共能幾,0.8265378252974045
數來會面復能幾,問我數能來,0.8093354888516876
數來會面復能幾,矧此數相見,0.8049011509346571
數來會面復能幾,人生會面難再得,0.8321946465198702
數來會面復能幾,長成忽會面,0.8222120989037666
數來會面復能幾,相見幾回新,0.8322624212433503
數來會面復能幾,幾年一會面,0.8597420832834012
數來會面復能幾,忽驚會面稀,0.8054160119652416
數來會面復能幾,會面思來札,0.8028198182334652
六龍去人不可攀,可望不可攀,0.8324374470374813
六龍去人不可攀,青雲不可梯,0.8040821517577419
六龍去人不可攀,澒洞不可掇,0.8036703011756063
六龍去人不可攀,攀龍附鳳勢莫當,0.8069864876697173
六龍去人不可攀,飛兔不近駕,0.8016316804362079
六龍去人不可攀,神仙中人不易得,0.8039258796825819
短歌溷公更一和,玉珮仍當歌,0.8003557448442311
短歌溷公更一和,悲歌在一聽,0.8145117596444164
短歌溷公更一和,爲公歌此曲,0.8654962306157842
短歌溷公更一和,當歌欲一放,0.8500769529921767
短歌溷公更一和,歌罷仰天歎,0.8117260181890584
短歌溷公更一和,嗚呼一歌兮歌已哀,0.8431798358285547
短歌溷公更一和,嗚呼二歌兮歌始放,0.8376019288508298
短歌溷公更一和,嗚呼三歌兮歌三發,0.8451543799386305
短歌溷公更一和,嗚呼四歌兮歌四奏,0.8106159969449084
短歌溷公更一和,嗚呼五歌兮歌正長,0.8539191301237361
短歌溷公更一和,嗚呼六歌兮歌思遲,0.8332262907719437
短歌溷公更一和,嗚呼七歌兮悄終曲,0.8255786891146883
短歌溷公更一和,歌長擊樽破,0.8196585320865691
短歌溷公更一和,吾醉亦長歌,0.8063351781776196
短歌溷公更一和,長歌短咏迭相酬,0.8790882931027478
短歌溷公更一和,幾時回首一高歌,0.8047387174272229
短歌溷公更一和,哀歌欲和誰,0.8247181589240602
短歌溷公更一和,哀歌歎短衣,0.8006840043831344
短歌溷公更一和,一爲歌行歌主客,0.8460210008977123
聊乞淮南作小山,故將移住南山邊,0.8087246357208027
聊乞淮南作小山,與致溪邊十畝陰,0.8087450553447105
廖侯言如不出口,問之不肯道姓名,0.8064246151011245
廖侯言如不出口,那能總鉗口,0.8181541937631496
廖侯言如不出口,未忍卽開口,0.8060483444922417
廖侯言如不出口,紛然不適口,0.8022139158433281
廖侯言如不出口,説尹終在口,0.8609090123286958
廖侯言如不出口,守道不封己,0.8002410250531897
廖侯言如不出口,開口取將相,0.8157169702006923
廖侯言如不出口,劇談王侯門,0.8028651602681363
廖侯言如不出口,婁公不語宋公語,0.8238964002173791
廖侯言如不出口,語盡還成開口笑,0.8013351451751434
廖侯言如不出口,竟能盡説諸侯入,0.8087258491242622
廖侯言如不出口,子實不得喫,0.8044461006557316
廖侯言如不出口,談笑覓封侯,0.8109408583163579
廖侯言如不出口,衞侯不易得,0.8122506534181718
廖侯言如不出口,龐公不浪出,0.8022140307321787
度越崔張與二班,分曹限紫微,0.8142378893503498
度越崔張與二班,齊紈魯縞車班班,0.8012779425782086
古風蕭蕭筆追還,馬蕭蕭,0.8136745994227962
古風蕭蕭筆追還,曲江蕭條秋氣高,0.8009434119582222
古風蕭蕭筆追還,涼風蕭蕭吹汝急,0.8188949614810606
古風蕭蕭筆追還,馬鳴風蕭蕭,0.8103738909995841
古風蕭蕭筆追還,蕭蕭北風勁,0.8204488711605301
古風蕭蕭筆追還,長林何蕭蕭,0.8049713733527655
古風蕭蕭筆追還,絶筆長風起纖末,0.8163947558413976
古風蕭蕭筆追還,江風蕭蕭雲拂地,0.8188631598122162
古風蕭蕭筆追還,蕭颯灑秋色,0.8118233573570883
古風蕭蕭筆追還,飄風争所操,0.8010712115341303
前日辭家來射策,奉辭還杖策,0.8083316796028291
前日辭家來射策,歸家初散紫宸朝,0.8051591821234145
前日辭家來射策,去年今日侍龍顔,0.8013367770997959
前日辭家來射策,前年避賊過金牛,0.8225368288398704
前日辭家來射策,當日報關西,0.8142294582650272
前日辭家來射策,歸朝送使節,0.8004572552544585
前日辭家來射策,是日牽來赤墀下,0.8069770780221526
前日辭家來射策,詔王來射雁,0.8118584003801016
前日辭家來射策,他日辭神女,0.8104667787952695
前日辭家來射策,前朝翰林後,0.8016484010615474
聲名籍甚諸公間,端復得之名譽早,0.8308943065668037
聲名籍甚諸公間,至今阮籍等,0.8391546281749301
聲名籍甚諸公間,名聲國中老,0.8192003637691015
聲名籍甚諸公間,中允聲名久,0.8367927868959352
聲名籍甚諸公間,籍籍名家孫,0.8445860025092817
聲名籍甚諸公間,名在飛騎籍,0.8074133299481454
聲名籍甚諸公間,籍甚黄丞相,0.8679568624924754
聲名籍甚諸公間,郭薛俱才賢,0.8178965986320517
聲名籍甚諸公間,班揚名甚盛,0.8339629263266068
聲名籍甚諸公間,名玷薦賢中,0.8401438291933998
聲名籍甚諸公間,名豈文章著,0.8141209471856619
聲名籍甚諸公間,前輩聲名人,0.8380031436300661
聲名籍甚諸公間,早聞名公賞,0.8084862181456935
聲名籍甚諸公間,名今陳留亞,0.8121562658667134
聲名籍甚諸公間,名聲豈浪垂,0.8000322259929427
聲名籍甚諸公間,賢臣官則尊,0.8033133695034269
聲名籍甚諸公間,名數頗具陳,0.8026237339090307
聲名籍甚諸公間,聖賢冠史籍,0.8061768787813689
聲名籍甚諸公間,籍甚衆多推,0.8083253089977314
聲名籍甚諸公間,卿家兄弟功名震,0.8149012385744676
聲名籍甚諸公間,褚公書絶倫,0.8115493938041877
聲名籍甚諸公間,美名光史臣,0.8479500101395686
華陰白雲鎖千嶂,積陰雲雪稠,0.8226961267741618
華陰白雲鎖千嶂,連峰積長陰,0.8317193336675952
華陰白雲鎖千嶂,白帝城西萬竹蟠,0.8063423526483666
華陰白雲鎖千嶂,綵雲陰復白,0.8284566524547725
華陰白雲鎖千嶂,疊嶺宿霾雲,0.8178762405614792
勝日一談誰能賞,一勝何足論,0.8258289499968021
勝日一談誰能賞,絶境興誰同,0.8141176316499115
勝日一談誰能賞,此會共能幾,0.8277490524444455
勝日一談誰能賞,勝事難屢挹,0.8004509505872928
君不見,君不見空牆日色晚,0.8316379061001153
君不見,君不聞,0.9201987828016254
君不見,君不見,1.0
君不見,君不見管鮑貧時交,0.8289363546027232
君不見,君不見才士汲引難,0.8137349420362532
君不見,君不見,1.0
君不見,君不見鞲上鷹,0.8273368356613241
君不見,不復見平陸,0.8041325122410627
君不見,不見遊子還,0.8430952029217913
君不見,見爾不能無,0.8023741368689683
君不見,人生不相見,0.8029537671661541
君不見,神魚今不見,0.8015153974325843
君不見,眼見客愁愁不醒,0.8073604037000147
君不見,君不見秦時蜀太守,0.841587402399177
君不見,君不見昔日蜀天子,0.8407431100425351
君不見,君不見徐卿二子生絶奇,0.8071545196339001
君不見,不見李生久,0.8429314823961618
君不見,君不見朝來割素鬐,0.8128963324920284
君不見,數杯君不見,0.8297276711816586
君不見,歸朝不相見,0.8092531007309915
君不見,不得見清時,0.8033404617972632
君不見,古人不可見,0.8098841707351516
君不見,不見杏壇丈,0.8024172673669905
君不見,不復見顔鮑,0.808206400190354
君不見,君不見道邊廢棄池,0.8067166999316533
君不見,不見比封君,0.8433115402689781
君不見,不見江東弟,0.8314882249630762
君不見,辛勤不見華蓋君,0.8033814272429405
君不見,斯人不重見,0.8071736144049408
君不見,君不見東吳顧文學,0.8468253290603617
君不見,君不見西漢杜陵老,0.8480908505813785
曩時子産識然明,賢人識定分,0.8051507376194065
曩時子産識然明,異時懷二子,0.8108267036278376
曩時子産識然明,當時弟子傳,0.8151320780309224
知音鬱鬱閉佳城,孤舟增鬱鬱,0.8035389499554219
勿以匣中之明月,明月無瑕豈容易,0.8039431381893314
勿以匣中之明月,遺我泉客珠,0.813149206488409
我去丘園十年矣,從軍十年餘,0.8073973955974603
我去丘園十年矣,百年秋已半,0.8156142117861755
我去丘園十年矣,三年望汝歸,0.8130296313396136
我去丘園十年矣,飄蓬踰三年,0.8002425785576167
我去丘園十年矣,三年飢走荒山道,0.8049012216424771
我去丘園十年矣,悲君已是十年流,0.828751371534417
我去丘園十年矣,卽今倏忽已五十,0.8064825506301824
我去丘園十年矣,百年嗟已半,0.8174783866818572
我去丘園十年矣,往還二十載,0.8030176250267809
我去丘園十年矣,十年别荒村,0.845357249708778
我去丘園十年矣,不見故人十年餘,0.8057594667812698
我去丘園十年矣,一辭故國十經秋,0.8032632618505902
我去丘園十年矣,歸徑行已昨,0.8037780470368836
我去丘園十年矣,一卧東山三十春,0.8163758626433276
我去丘園十年矣,于今四十年,0.8154466455237328
種桑可蠶犢生子,縱有健婦把鋤犁,0.8102484764954953
種桑可蠶犢生子,得種菜與麻,0.8088413653045647
種桑可蠶犢生子,黍地無人耕,0.8199804542356266
種桑可蠶犢生子,男耕女桑不相失,0.8644506156103613
種桑可蠶犢生子,有田種穀今流血,0.8098093854098894
種桑可蠶犢生子,復覩耕桑民,0.804240371111256
種桑可蠶犢生子,農力廢耕桑,0.8298147725572056
種桑可蠶犢生子,畬田費火耕,0.807045101420891
種桑可蠶犢生子,一寸荒田牛得耕,0.8325625862831714
種桑可蠶犢生子,蠶亦成,0.8266772805610132
使年七十今中半,四十明朝過,0.854035607129075
使年七十今中半,從軍十年餘,0.8150637192237629
使年七十今中半,百年秋已半,0.8495568384336485
使年七十今中半,只今年纔十六七,0.9086628334553686
使年七十今中半,君來必十月,0.8227820499534902
使年七十今中半,今已十月後,0.8557363097799282
使年七十今中半,閏八月初吉,0.8151704189635719
使年七十今中半,人生七十古來稀,0.8040477606668579
使年七十今中半,十年過父老,0.8187458770170802
使年七十今中半,相看過半百,0.8212945199791435
使年七十今中半,焉知二十載,0.8002366269593333
使年七十今中半,惆悵年半百,0.8261309417637155
使年七十今中半,百年已過半,0.8801263192232396
使年七十今中半,二月已破三月來,0.8093141910734138
使年七十今中半,憶年十五心尚孩,0.8196777928053115
使年七十今中半,卽今倏忽已五十,0.884498600887059
使年七十今中半,百年嗟已半,0.8479034873490754
使年七十今中半,年未三十忠義俱,0.8090304548236192
使年七十今中半,自卯將及酉,0.8336716229713399
使年七十今中半,别來忽三歲,0.805268555970605
使年七十今中半,蹉跎有六年,0.8307100483612482
使年七十今中半,與兄行年校一歲,0.8173940572952032
使年七十今中半,四十五十無夫家,0.8058562211608644
使年七十今中半,南方六七月,0.8146783408704735
使年七十今中半,往者十四五,0.8179920407843477
使年七十今中半,快意八九年,0.817500997117869
使年七十今中半,别離已五年,0.8370846961718776
使年七十今中半,開元已來數八分,0.8050479994676825
使年七十今中半,十二年來多戰場,0.8055173121143531
使年七十今中半,二十四迴明,0.811270287554115
使年七十今中半,如今九日至,0.8257820516405654
使年七十今中半,五十年間似反掌,0.8130543384991924
使年七十今中半,年過半百不稱意,0.8360682249521408
使年七十今中半,于今四十年,0.8778640051381243
使年七十今中半,嗚呼已十年,0.8032322158574843
使年七十今中半,洞庭相逢十二秋,0.8006275967633882
據席談經只强顔,經旬出飲獨空牀,0.802532998442667
據席談經只强顔,對棋陪謝傅,0.8134011193028805
據席談經只强顔,討論實解頤,0.8141722984262505
不安時論取譏彈,邊人不敢議,0.8051702076465677
不安時論取譏彈,敢論才見忌,0.8267754135849075
不安時論取譏彈,取次莫論兵,0.8254672098795046
不安時論取譏彈,不争好惡莫相疑,0.8018065076479602
不安時論取譏彈,世亂敢求安,0.8265013991558572
愛君草木同臭味,誰看異味重,0.8105717713382792
愛君草木同臭味,豈知異物同精氣,0.8047910747053248
愛君草木同臭味,愛汝玉山草堂静,0.8326362505833347
愛君草木同臭味,味豈同金菊,0.8165047265782113
愛君草木同臭味,有同枯椶木,0.8020539853662725
愛君草木同臭味,病身虚俊味,0.8172572128119084
愛君草木同臭味,愛惜如芝草,0.8117922254244763
愛君草木同臭味,林木心所欣,0.803444623132632
頗似瓜葛相依攀,親友相追攀,0.8285646880549276
我有仙方煮白石,陰火煑玉泉,0.812976861040404
我有仙方煮白石,高人鍊丹砂,0.8218114803428098
我有仙方煮白石,我欲就丹砂,0.8088755381270916
何時期君藍田山,明朝且入藍田山,0.8780041519924231
何時期君藍田山,余時遊名山,0.802085521535941
何時期君藍田山,君不見瀟湘之山衡山高,0.8088869391551458
士寒餓,救汝寒凛慄,0.8339173447830943
士寒餓,老雁春忍饑,0.8060979626694846
士寒餓,飢寒奴僕賤,0.8182478931099979
士寒餓,歲暮饑凍逼,0.8043542488300752
士寒餓,祁寒爲之暄,0.8135008220975819
士寒餓,秋至轉飢寒,0.8138376994275237
士寒餓,一請甘饑寒,0.8037095563234976
士寒餓,蠻夷長老畏苦寒,0.8162606444930132
士寒餓,饑寒迫向隅,0.8190609922198993
古猶今,眼前今古意,0.8429047333454422
古猶今,禮亦如古昔,0.804236362212017
古猶今,古往今來共一時,0.8106301373368768
古猶今,古往今來皆涕淚,0.8176122558655583
向來亦有子桑琴,膝有無聲琴,0.8243444020479861
倚楹嘯歌非寓淫,詩成吟咏轉淒涼,0.8011814061587204
倚楹嘯歌非寓淫,長歌短咏迭相酬,0.8057248869007687
倚楹嘯歌非寓淫,作詩呻吟内,0.8050883897798344
倚楹嘯歌非寓淫,口雖吟咏心中哀,0.8114251672774396
伯牙高山水深深,寺下春江深不流,0.8078585677734591
伯牙高山水深深,山深水增波,0.8032400871179675
伯牙高山水深深,春深秦山秀,0.8034831169463557
伯牙高山水深深,深山窮谷不可處,0.8252683832909351
伯牙高山水深深,深水謁夷陵,0.8102054259329264
萬世丘壟一知音,流落隨丘墟,0.8052992326706241
萬世丘壟一知音,萬古永相望,0.8011194731772879
閻君七弦抱幽獨,今君抱何恨,0.8009311400506465
晁子爲之梁父吟,得兼梁甫吟,0.8149636548949856
晁子爲之梁父吟,所愧爲人父,0.8086732663497236
晁子爲之梁父吟,請爲父老歌,0.8508430998177943
晁子爲之梁父吟,李舟名父子,0.8033662383498326
晁子爲之梁父吟,日暮聊爲梁父吟,0.8462568242050046
晁子爲之梁父吟,爲我謝賈公,0.8059272427226847
晁子爲之梁父吟,愁來梁父吟,0.8369072580242476
晁子爲之梁父吟,仍爲餧其子,0.8251115887069675
晁子爲之梁父吟,庶作梁父吟,0.8696324553442889
晁子爲之梁父吟,欻憶吟梁父,0.8260476951038045
晁子爲之梁父吟,吾宗老孫子,0.804083093960414
晁子爲之梁父吟,梁公曾孫我姨弟,0.8129051578943921
晁子爲之梁父吟,邦人思之比父母,0.8048682144531693
晁子爲之梁父吟,爾之高祖母,0.8181939945765191
天寒絡緯悲向壁,松悲天水冷,0.8024311465895002
天寒絡緯悲向壁,山寒夜中泣,0.8023264477421679
天寒絡緯悲向壁,城闕秋生畫角哀,0.8223662463402608
