황정견,두보,코사인 유사도
鬱孤臺下水如空,秦川對酒平如掌,0.807626802921736
江山信美思歸去,故山歸興盡,0.8153922136790416
江山信美思歸去,江山有巴蜀,0.8005240677348133
江山信美思歸去,江海送君情,0.8068584030263817
江山信美思歸去,故鄉歸不得,0.8053282726810651
江山信美思歸去,江山非故園,0.8043187958257471
江山信美思歸去,江漢思歸客,0.8606981604480312
聽我勞歌亦欲東,爲公歌此曲,0.8381244417368869
聽我勞歌亦欲東,當歌欲一放,0.8297803768782472
聽我勞歌亦欲東,請爲父老歌,0.8142466335164229
聽我勞歌亦欲東,嗚呼一歌兮歌已哀,0.8056626807767332
聽我勞歌亦欲東,嗚呼二歌兮歌始放,0.8082222357473929
聽我勞歌亦欲東,嗚呼六歌兮歌思遲,0.8221369831683449
聽我勞歌亦欲東,長歌意無極,0.8080866935977472
聽我勞歌亦欲東,吾醉亦長歌,0.8498746680573646
聽我勞歌亦欲東,臨風欲慟哭,0.8021969722807876
聽我勞歌亦欲東,酣歌淚欲垂,0.8142959299154138
聽我勞歌亦欲東,長歌欲損神,0.8291038522052799
聽我勞歌亦欲東,哀歌欲和誰,0.8070135534867596
聽我勞歌亦欲東,勞歌跼寢興,0.8205213608096601
聽我勞歌亦欲東,一爲歌行歌主客,0.8120249932812118
主簿朝衣如敗荷,幅巾鞶帶不掛身,0.8134710967504797
高懷千尺上松蘿,高標跨蒼穹,0.8304230249414243
高懷千尺上松蘿,南望青松架短壑,0.8051846996693088
高懷千尺上松蘿,高擁木石當清秋,0.801939670493611
高懷千尺上松蘿,千崖秋氣高,0.8003159494987364
高懷千尺上松蘿,萬丈丹梯尚可攀,0.8262234393494372
高懷千尺上松蘿,新松恨不高千尺,0.8467552539469545
高懷千尺上松蘿,高蘿垂飲猿,0.8084129523654345
高懷千尺上松蘿,攀桂仰天高,0.8100402196538558
秋水黏天不自多,江湖秋水多,0.8054014250333481
秋水黏天不自多,秋水纔深四五尺,0.8000863743838544
秋水黏天不自多,天生江水向東流,0.8069403925578966
秋水黏天不自多,遠水非無浪,0.8019440929815231
秋水黏天不自多,秋水席邊多,0.8269054604550534
詩留别後見羊何,佳句法如何,0.8029277671664728
詩留别後見羊何,去遠留詩别,0.8331071126850771
詩留别後見羊何,遺後見君情,0.8153331227168974
詩留别後見羊何,别後見何人,0.8421846299185338
向來四海習鑿齒,古來相傳是海眼,0.8073605807112919
向來四海習鑿齒,東至集壁西梁洋,0.8008771660673242
向來四海習鑿齒,劍池石壁仄,0.8009942766055069
今日期君不啻過,從公難重過,0.8027978072670388
今日期君不啻過,君來必十月,0.8384046397133005
今日期君不啻過,昔者相過今不得,0.8286631842788114
今日期君不啻過,興來今日盡君歡,0.8016855404023491
今日期君不啻過,明年此會知誰健,0.8114696971093096
今日期君不啻過,豈無一日還,0.8115892200298229
今日期君不啻過,重來未有期,0.8254227519038813
今日期君不啻過,十年不見來何時,0.8130439203292985
今日期君不啻過,此别惜相從,0.8147739332497894
今日期君不啻過,同舟昨日何由得,0.8007774194391226
今日期君不啻過,今春看又過,0.8111922024541116
今日期君不啻過,此行何日到,0.858770537291984
今日期君不啻過,如今九日至,0.8271867914390649
今日期君不啻過,明日重陽酒,0.8013818155305645
今日期君不啻過,今日過雲遲,0.8165690444905732
今日期君不啻過,今日苦短昨日休,0.8030120630793902
今日期君不啻過,今年强作歸,0.8087903555252505
今日期君不啻過,今年人日空相憶,0.8221140745160165
今日期君不啻過,明年此日知何處,0.8291940460759488
今日期君不啻過,今年又北歸,0.8021289961886022
撲屋陰風雪作團,風磴吹陰雪,0.8432634103148153
撲屋陰風雪作團,積陰雲雪稠,0.8023151298763611
撲屋陰風雪作團,茅簷覆地花,0.8356122850855119
撲屋陰風雪作團,霜皮溜雨四十圍,0.8029671643668432
撲屋陰風雪作團,黄屋朔風卷,0.8006767584457993
撲屋陰風雪作團,晴雲滿户團傾蓋,0.8360297935253336
君當自致青雲上,亦未摶空上九天,0.808295553350897
君當自致青雲上,使君意氣凌青霄,0.8568708321594831
君當自致青雲上,爲我下青冥,0.801069289849373
君當自致青雲上,亦上赤霄行,0.8300216654776408
快取金狨覆馬鞍,更調鞍馬狂歡賞,0.8356636442191188
快取金狨覆馬鞍,軟裘快馬當冰雪,0.8268523955227602
快取金狨覆馬鞍,走馬脱轡頭,0.8487007228533335
快取金狨覆馬鞍,當軒下馬入錦茵,0.8269433809585409
快取金狨覆馬鞍,願騰六尺馬,0.8020123048511749
快取金狨覆馬鞍,歸馬散霜蹄,0.8079892108538045
快取金狨覆馬鞍,馬頭金匼匝,0.81268070705945
快取金狨覆馬鞍,銀鞍却覆香羅帕,0.8385257954208809
快取金狨覆馬鞍,千金裝馬鞭,0.8728948824823373
快取金狨覆馬鞍,白馬嚼齧黄金勒,0.8512215270225255
快取金狨覆馬鞍,驄馬新鑿蹄,0.8115467644886628
快取金狨覆馬鞍,快馬金纏轡,0.8992855490139464
快取金狨覆馬鞍,丈人駿馬名胡騮,0.8227105746419916
快取金狨覆馬鞍,白馬蹴微雪,0.8040937547161199
快取金狨覆馬鞍,雪没錦鞍韉,0.861593794851153
快取金狨覆馬鞍,纏結青驄馬,0.8010487474800525
快取金狨覆馬鞍,空煩卸馬鞍,0.8666321273996774
快取金狨覆馬鞍,花邊立馬簇金鞍,0.872049583658657
快取金狨覆馬鞍,烏帽拂塵青騾粟,0.8209894813779611
快取金狨覆馬鞍,細馬時鳴金騕褭,0.8020610642991703
快取金狨覆馬鞍,使君五馬一馬驄,0.8174722739592907
快取金狨覆馬鞍,樓前出騎馬,0.8129113714478258
快取金狨覆馬鞍,出入並鞍馬,0.8249844158201892
快取金狨覆馬鞍,先帝御馬玉花驄,0.8174629677724434
快取金狨覆馬鞍,歸來散馬蹄,0.8052846842191228
快取金狨覆馬鞍,白馬金盤陀,0.8213328192793682
快取金狨覆馬鞍,戎馬不如歸馬逸,0.8021072618202109
快取金狨覆馬鞍,御鞍金騕褭,0.8506725758163043
快取金狨覆馬鞍,垂鞭嚲鞚凌紫陌,0.8233718013650311
快取金狨覆馬鞍,酒酣並轡金鞭垂,0.8552822171922043
快取金狨覆馬鞍,拖玉腰金報主身,0.8145058961760616
快取金狨覆馬鞍,必脱黄金轡,0.8270435504414144
快取金狨覆馬鞍,金羈白雪毛,0.8012385477832988
快取金狨覆馬鞍,争道朱蹄驕齧膝,0.8232757718743633
公退蒲團坐後亭,沉吟坐西軒,0.8085334696291406
公退蒲團坐後亭,舟中得病移衾枕,0.8046808287183826
公退蒲團坐後亭,並坐石堂下,0.8097991989765692
公退蒲團坐後亭,乘月坐胡牀,0.8196622028470194
公退蒲團坐後亭,許坐曾軒數散愁,0.8014568248739788
短日松風吟萬籟,陰壑生虚籟,0.8408052770820786
短日松風吟萬籟,榿林礙日吟風葉,0.8188217043699999
短日松風吟萬籟,萬壑樹聲滿,0.8034373818449713
短日松風吟萬籟,虚閣自松聲,0.832780859529151
短日松風吟萬籟,清風獨杖藜,0.8034642822628995
短日松風吟萬籟,巫峽清秋萬壑哀,0.8084578345643354
短日松風吟萬籟,秋風動哀壑,0.8243979659289029
短日松風吟萬籟,秋風吹几杖,0.8073181587243357
短日松風吟萬籟,風急天高猿嘯哀,0.8054962416431921
短日松風吟萬籟,千崖無人萬壑静,0.8157210040139893
黄葵紫菊委榛叢,南山豆苗早荒穢,0.8069983293317127
黄葵紫菊委榛叢,時菊碎榛叢,0.8658325182376938
黄葵紫菊委榛叢,菊垂今秋花,0.8047825106218927
黄葵紫菊委榛叢,荆扉深蔓草,0.8119743597390685
黄葵紫菊委榛叢,籬外黄花菊對誰,0.8071591444130495
黄葵紫菊委榛叢,藍田丘壑蔓寒藤,0.8064293943099874
黄葵紫菊委榛叢,丹橘黄甘此地無,0.8093501538896382
雪梅靚粧欲無對,顔色白勝雪,0.8043978346100157
雪梅靚粧欲無對,粉黛亦解苞,0.808084788672498
雪梅靚粧欲無對,有靦屢鮮妝,0.834359908112583
雪梅靚粧欲無對,欲發照江梅,0.8057277001692462
雪梅靚粧欲無對,疏花披素艷,0.8021234928145253
雪梅靚粧欲無對,雪岸叢梅發,0.8122116630313013
遣騎相呼近酒樽,密沽斗酒諧終宴,0.8112535568252685
遣騎相呼近酒樽,驅兒羅酒漿,0.801518314513731
遣騎相呼近酒樽,隔籬呼取盡餘杯,0.8082390689757808
遣騎相呼近酒樽,誰能載酒開金盞,0.8041755921463876
遣騎相呼近酒樽,移樽勸山簡,0.8010419228272081
遣騎相呼近酒樽,把臂開樽飲我酒,0.8061059946761666
遣騎相呼近酒樽,莫怪頻頻勸酒杯,0.8037943564790758
遣騎相呼近酒樽,呼婢取酒壺,0.8569659108915457
遣騎相呼近酒樽,喧呼且覆杯中渌,0.8047896885465631
遣騎相呼近酒樽,江閣邀賓許馬迎,0.8175610553452964
遣騎相呼近酒樽,宴引春壺酒,0.8249423097151429
遣騎相呼近酒樽,相迎自醱醅,0.8115207521477562
言君曉皷前征斾,宣命前程急,0.8039100552850627
蒼崖按轡虎豹號,鐵鳳森翺翔,0.8062470811833361
蒼崖按轡虎豹號,龍怒拔老湫,0.8276773109957545
蒼崖按轡虎豹號,猛虎立我前,0.8080563528026157
蒼崖按轡虎豹號,蒼崖吼時裂,0.8280134959666186
蒼崖按轡虎豹號,欲出畏虎狼,0.8346839665595067
蒼崖按轡虎豹號,猛虎憑其威,0.8001709723390893
蒼崖按轡虎豹號,虎氣必騰上,0.8056325985422979
蒼崖按轡虎豹號,虎豹號我西,0.8436032807319593
蒼崖按轡虎豹號,迴首虎崖石,0.8088478598220175
蒼崖按轡虎豹號,再聞虎豹鬭,0.8398397787743391
蒼崖按轡虎豹號,虎倒龍顛委榛棘,0.8066993052014754
蒼崖按轡虎豹號,偃蹇龍虎姿,0.8018748659828886
蒼崖按轡虎豹號,龍文虎脊皆君馭,0.8295765899720737
蒼崖按轡虎豹號,潛龍無聲老蛟怒,0.8000211437051877
蒼崖按轡虎豹號,庭前猛虎卧,0.8056999431728007
蒼崖按轡虎豹號,蛟龍岌相纏,0.8033554632129714
蒼崖按轡虎豹號,前有毒蛇後猛虎,0.8314597593026969
蒼崖按轡虎豹號,拔劍或與蛟龍争,0.8108541358469054
蒼崖按轡虎豹號,風塵澒洞兮豺虎咬人,0.8054148536657753
蒼崖按轡虎豹號,峽深豺虎驕,0.8044122398414023
蒼崖按轡虎豹號,峽坼雲霾龍虎卧,0.8289430652270549
蒼崖按轡虎豹號,瞿唐漫天虎鬚怒,0.80265218514942
蒼崖按轡虎豹號,聲吼纏猛虎,0.8222983150663438
蒼崖按轡虎豹號,號怒怪熊羆,0.8160252688890735
蒼崖按轡虎豹號,猛蛟突獸紛騰逃,0.8039653816410363
蒼崖按轡虎豹號,蒼水使者捫赤絛,0.8180765425852968
蒼崖按轡虎豹號,南有龍湫北虎溪,0.8012785831119471
蒼崖按轡虎豹號,竦壁攢鏌鋣,0.815777708135302
蒼崖按轡虎豹號,猛虎卧在岸,0.8116079788629584
蒼崖按轡虎豹號,熊羆咆空林,0.812284837117483
蒼崖按轡虎豹號,虎豹哀號又堪記,0.8142795542129865
蒼崖按轡虎豹號,雲雪埋山蒼兕吼,0.8287490577887568
蒼崖按轡虎豹號,風號聞虎豹,0.8262800268526648
蒼崖按轡虎豹號,熊羆欲蟄龍蛇深,0.803729721680702
蒼崖按轡虎豹號,熊掛玄蛇吼,0.8264153271296161
蒼崖按轡虎豹號,虎狼窺中原,0.8002833431735659
蒼崖按轡虎豹號,龍虎一吟吼,0.8207291381849346
野水呼船風雨晦,驟雨落河魚,0.806813651546918
野水呼船風雨晦,風急打船頭,0.819151440243871
野水呼船風雨晦,反思前夜風雨急,0.80514230962816
野水呼船風雨晦,鷄鳴風雨交,0.832215804074744
野水呼船風雨晦,曉來急雨春風顛,0.8388208227705687
野水呼船風雨晦,四山多風溪水急,0.8262123583693375
野水呼船風雨晦,江雨夜聞多,0.8077067775373025
野水呼船風雨晦,村舂雨外急,0.8003201125016111
野水呼船風雨晦,宿雨南江漲,0.8197763278122607
野水呼船風雨晦,滄江夜來雨,0.8033504190593579
野水呼船風雨晦,風雨聞號呼,0.8533457350668024
野水呼船風雨晦,急雨捎溪足,0.8107853605593394
野水呼船風雨晦,江鳴夜雨懸,0.8139527002916709
野水呼船風雨晦,江中風浪雨冥冥,0.8029937758610746
昨日歸來有行色,先生早賦歸去來,0.8052319220343755
昨日歸來有行色,歸來權可取,0.8024049723888148
昨日歸來有行色,何日是歸年,0.8018844964379963
昨日歸來有行色,此行何日到,0.8011676121211982
昨日歸來有行色,早歸來,0.8058859496525044
昨日歸來有行色,歸徑行已昨,0.8012051434383718
昨日歸來有行色,昨日晚晴今日黑,0.8082429687364424
昨日歸來有行色,今年强作歸,0.8061404515649183
未曾從容解冠帶,無路從容陪語笑,0.8007354782313987
未曾從容解冠帶,衣冠却扈從,0.821302597603439
未曾從容解冠帶,攬帶看朱紱,0.8188960079772363
未曾從容解冠帶,幅巾鞶帶不掛身,0.8042465842041056
未曾從容解冠帶,十年可解甲,0.8031084796926937
未曾從容解冠帶,解袂從此旋,0.8251051250363344
府中奪我同官良,軍中異苦樂,0.8039155812530162
府中奪我同官良,官屬果稱是,0.8059916043588354
府中奪我同官良,幕府輟諫官,0.8069095320862745
府中奪我同官良,奪我同官良,0.9375760975608225
府中奪我同官良,官軍請深入,0.8161421267745432
府中奪我同官良,次選中男行,0.8159075378408656
府中奪我同官良,我軍取相州,0.8045421512432496
府中奪我同官良,上官權許與,0.8211113261666666
府中奪我同官良,葉縣郎官宰,0.8226084677372313
府中奪我同官良,官有王司直,0.8002241008896154
府中奪我同官良,邑中上客有柱史,0.8121392267900643
府中奪我同官良,中軍待上客,0.8065461730511327
府中奪我同官良,况今攝行大將權,0.8009520761731226
府中奪我同官良,軍吏迴官燭,0.8097733935656826
府中奪我同官良,婦女多在官軍中,0.802772150422491
府中奪我同官良,主人薨城府,0.8006660778958254
府中奪我同官良,羣公各典司,0.8078137771239291
府中奪我同官良,城中賢府主,0.8049967256752564
府中奪我同官良,郎官幸備員,0.8155634042652256
府中奪我同官良,列郡宜競借,0.8060630300066114
府中奪我同官良,司直非冗官,0.8191405786191691
府中奪我同官良,鬻市輸官曹,0.8106578026395741
府中奪我同官良,上官督有司,0.8377064138724679
簡書趣行將數輩,書記赴三捷,0.8095449160756835
簡書趣行將數輩,詩書自討論,0.8081204670964024
簡書趣行將數輩,拾遺曾奏數行書,0.8025319281164065
簡書趣行將數輩,老妻書數紙,0.8114754879249781
簡書趣行將數輩,念我能書數字至,0.8234604952075922
簡書趣行將數輩,郭欽上書見大計,0.8077753709768082
王事君今困馬鞍,盍簪喧櫪馬,0.8011530392432034
王事君今困馬鞍,走馬脱轡頭,0.800259627986936
王事君今困馬鞍,高生跨鞍馬,0.800564088074049
王事君今困馬鞍,士卒多騎内厩馬,0.8162543065301404
王事君今困馬鞍,欲别上馬身無力,0.8079819638967816
王事君今困馬鞍,空煩卸馬鞍,0.8412527495916902
王事君今困馬鞍,興發會能馳駿馬,0.8032749373299437
王事君今困馬鞍,匹馬向王畿,0.8252006694407719
王事君今困馬鞍,國初已來畫鞍馬,0.8069709516732468
王事君今困馬鞍,戎馬不如歸馬逸,0.8310451249639912
王事君今困馬鞍,蘇侯據鞍喜,0.8277081923287442
王事君今困馬鞍,中年胡馬驕,0.8177585003591532
王事君今困馬鞍,戎馬今何地,0.8066716835830812
王事君今困馬鞍,身病戎馬後,0.8320131234780481
田園我亦思牛背,田園須暫往,0.8171314037467905
安得歸舟載月明,不有小舟能蕩槳,0.8019480799812201
安得歸舟載月明,須向山陰入小舟,0.822611503108251
安得歸舟載月明,遣騎覓扁舟,0.8155959627180196
鸕鷀白鷗爲友生,河間雙白鷗,0.8524553383061977
鸕鷀白鷗爲友生,白鷗元水宿,0.8488632561679764
鸕鷀白鷗爲友生,泛渚白鷗輕,0.8205721248497948
鸕鷀白鷗爲友生,鸕鷀鸂鶒莫漫喜,0.8137706701127023
鸕鷀白鷗爲友生,狎鷗輕白浪,0.8346082630214856
鸕鷀白鷗爲友生,還同海上鷗,0.800056725646852
鸕鷀白鷗爲友生,殘生隨白鷗,0.811359692783608
鸕鷀白鷗爲友生,春鷗洗翅呼,0.802580108215482
鸕鷀白鷗爲友生,白鷺群飛太劇乾,0.810961179972188
鸕鷀白鷗爲友生,沙鷗並一雙,0.8511284084815542
鸕鷀白鷗爲友生,江晚白鷗飢,0.8140673513032876
鸕鷀白鷗爲友生,水宿伴鳧鷖,0.8154414068321172
一身不是百年物,自是君身有仙骨,0.8209269877261096
一身不是百年物,此身那得更無家,0.8002353219480167
一身不是百年物,百萬化爲魚,0.8046099259523138
一身不是百年物,百身一莓苔,0.8171569532177656
一身不是百年物,此生隨萬物,0.8368872933316878
一身不是百年物,有愧百年身,0.8238251849176732
一身不是百年物,長大不容身,0.8112642647990846
一身不是百年物,百年從萬事,0.8194209792509531
一身不是百年物,百年同棄物,0.8227062165952301
五湖無邊萬里行,萬里可横行,0.8112149790186091
五湖無邊萬里行,萬里清江上,0.80679504433911
五湖無邊萬里行,江湖萬里開,0.8315090587076731
五湖無邊萬里行,中有萬里之長江,0.8134995972893981
五湖無邊萬里行,終南萬里春,0.8091422137784136
五湖無邊萬里行,萬里長江邊,0.8237363525355861
念君未可及吾盟,故妻難及晨,0.8091115592886036
念君未可及吾盟,及此問吾廬,0.8097296684275106
富於春秋貌突兀,兀兀遂至今,0.8275748228810107
富於春秋貌突兀,何得立突兀,0.8235687243879679
富於春秋貌突兀,突兀猶趁人,0.8043324181409846
富於春秋貌突兀,何時眼前突兀見此屋,0.805250250438423
富於春秋貌突兀,韋生富春秋,0.8147346948536179
睥睨滿世收功名,莫作後功名,0.8055572439720013
睥睨滿世收功名,前輩聲名人,0.8064910702956896
睥睨滿世收功名,功名不早立,0.8096026782670849
睥睨滿世收功名,功成空名垂,0.8168212688828067
睥睨滿世收功名,子等成大名,0.809349659357044
參軍雖卑獄司命,王有虎臣司苑門,0.8096591171485347
參軍雖卑獄司命,王命官屬休,0.8126175971544252
參軍雖卑獄司命,幕府輟諫官,0.8050941531490846
參軍雖卑獄司命,官軍請深入,0.8199457499500163
參軍雖卑獄司命,關中既留蕭丞相,0.8086054473407824
參軍雖卑獄司命,罷官亦由人,0.8024489265098433
參軍雖卑獄司命,司徒下燕趙,0.8066510943880595
參軍雖卑獄司命,自識將軍禮數寬,0.8004122403685682
參軍雖卑獄司命,官有王司直,0.8605784123943201
參軍雖卑獄司命,屢食將軍第,0.8165337232184686
參軍雖卑獄司命,官軍未通蜀,0.8290211748977413
參軍雖卑獄司命,黄閣長司諫,0.8161030273759565
參軍雖卑獄司命,何補參軍乏,0.8020676699234677
參軍雖卑獄司命,義忝上官通,0.80770354506575
參軍雖卑獄司命,分軍應供給,0.8146903077885559
參軍雖卑獄司命,降將飾卑詞,0.8056806156613083
參軍雖卑獄司命,羣公各典司,0.8215044820830639
參軍雖卑獄司命,備員竊補衮,0.8126580609543863
參軍雖卑獄司命,郎官幸備員,0.8364303117063339
參軍雖卑獄司命,自平中官吕太一,0.8030592403522724
參軍雖卑獄司命,司直非冗官,0.8480671957633268
參軍雖卑獄司命,上官督有司,0.8662822469169533
參軍雖卑獄司命,朝難將帥權,0.8175955287119546
參軍雖卑獄司命,近時主將戮,0.8004514324611677
參軍雖卑獄司命,中丞連帥職,0.8152197504187979
參軍雖卑獄司命,封内權得按,0.801674719836463
多由陰德至公卿,由來積德門,0.8223897156473057
多由陰德至公卿,翼亮貞文德,0.8053393683153447
多由陰德至公卿,君臣重修德,0.814642808420675
多由陰德至公卿,重鎮還須濟世才,0.8009113964751391
多由陰德至公卿,賢者貴爲德,0.8184495431345327
多由陰德至公卿,大賢爲政卽多聞,0.8268027868712
多由陰德至公卿,自古聖賢多薄命,0.8026025266288115
多由陰德至公卿,王門高德業,0.8070403272961866
多由陰德至公卿,聖主他年貴,0.801840304498366
多由陰德至公卿,諸公德業優,0.8310498039494449
不滿三尺齊晏嬰,大抵三尺强,0.8289776301290817
不滿三尺齊晏嬰,不聞八尺軀,0.8316854659803181
丈夫身在形骸外,竄身筋骨勞,0.8281660119061827
丈夫身在形骸外,骨肉滿眼身羇孤,0.8074934302076907
丈夫身在形骸外,萬事盡付形骸外,0.8400463086991661
丈夫身在形骸外,形骸痛飲中,0.8184978851988478
丈夫身在形骸外,已撥形骸累,0.8174453700527404
丈夫身在形骸外,形骸今若是,0.821852730545104
丈夫身在形骸外,天地身何在,0.8025306020685792
丈夫身在形骸外,老身須付託,0.8042009180013092
丈夫身在形骸外,形骸用杖扶,0.8083906857318074
丈夫身在形骸外,才盡傷形骸,0.8213513217945507
俗眼那能致重輕,薄俗難具論,0.804918493230105
俗眼那能致重輕,時俗造次那得致,0.8023779409782401
俗眼那能致重輕,衣馬不復能輕肥,0.8074327374942576
俗眼那能致重輕,洗眼看輕薄,0.8149970090606855
俗眼那能致重輕,未肯羡輕肥,0.8044194976277418
俗眼那能致重輕,交態遭輕薄,0.8002349513733406
俗眼那能致重輕,小吏最相輕,0.8086708014059809
陽山老藤截玉肪,長鑱長鑱白木柄,0.8133868025767632
陽山老藤截玉肪,白摧朽骨龍虎死,0.8056553602005161
陽山老藤截玉肪,蒼稜白皮十抱文,0.8068818087931274
陽山老藤截玉肪,斬根削皮如紫玉,0.885038835321843
陽山老藤截玉肪,柯如青銅根如石,0.834428064866871
陽山老藤截玉肪,皮須截錦苔,0.8014387944894619
烏田翠竹避寒光,竹皮寒舊翠,0.8037944462659786
愧無征南蠆尾手,愧爾東西南北人,0.8055915088702711
爲寫黄門急就章,朝罷須裁五色詔,0.8143157510890393
爲寫黄門急就章,爲報欲論詩,0.8094847822053839
爲寫黄門急就章,何時有報章,0.8090969826924714
羅侯相見無雜語,之子時相見,0.8026893927198377
羅侯相見無雜語,程侯晚相遇,0.8151955790131922
羅侯相見無雜語,韋侯韋侯數相見,0.8161892775162356
羅侯相見無雜語,開口取將相,0.8036335025577042
羅侯相見無雜語,婁公不語宋公語,0.8121762535244531
羅侯相見無雜語,一談一笑俗相看,0.8000606405485964
羅侯相見無雜語,諸公不相棄,0.800953977533778
苦問潙山有無句,我有新詩何處吟,0.8019401748383101
春草肥牛脱鼻繩,草肥蕃馬健,0.845666961141798
春草肥牛脱鼻繩,藍田丘壑蔓寒藤,0.8017777383897144
春草肥牛脱鼻繩,春泥百草生,0.806610071515756
春草肥牛脱鼻繩,縈沙惹草細於毛,0.8029873387129263
菰蒲野鴨還飛去,渚蒲隨地有,0.8131532560735715
菰蒲野鴨還飛去,人遠鳧鴨亂,0.8240963510669546
菰蒲野鴨還飛去,沙晚低風蝶,0.8044565108954013
菰蒲野鴨還飛去,野畦連蛺蝶,0.8109603893355402
菰蒲野鴨還飛去,野棹没青蘋,0.8417332787854509
菰蒲野鴨還飛去,沙頭宿鷺聯拳静,0.809134604957698
菰蒲野鴨還飛去,江浦寒鷗戲,0.8163369465989616
菰蒲野鴨還飛去,渚清沙白鳥飛迴,0.8179789360423604
菰蒲野鴨還飛去,鶺鴒飛急到沙頭,0.8103428870228199
菰蒲野鴨還飛去,沙茸出小蒲,0.8337308151643514
願草驚蛇起風雨,義動修蛇蟄,0.83115358592813
願草驚蛇起風雨,龍怒拔老湫,0.8225987053891863
願草驚蛇起風雨,翻動龍蛇窟,0.8040322196040082
願草驚蛇起風雨,蝮蛇長如樹,0.803909605031687
願草驚蛇起風雨,筆落驚風雨,0.8313600507462096
願草驚蛇起風雨,驚惶致雷雨,0.8456970799650689
願草驚蛇起風雨,腥至焦長蛇,0.805421302262211
願草驚蛇起風雨,蝮蛇暮偃蹇,0.8097426783945794
願草驚蛇起風雨,還嗟地出雷,0.8075672007979018
願草驚蛇起風雨,風雷肯爲伸,0.8008410618392463
願草驚蛇起風雨,翻風轉日木怒號,0.8063431001021976
願草驚蛇起風雨,風雷搜百靈,0.8318283672206743
願草驚蛇起風雨,潛龍故起雲,0.8187998184364804
願草驚蛇起風雨,龍蛇不成蟄,0.8148714931672363
願草驚蛇起風雨,雷霆劈長松,0.803795496193691
願草驚蛇起風雨,風雷纏地脈,0.8244163391386166
願草驚蛇起風雨,熊羆欲蟄龍蛇深,0.8095471441527833
願草驚蛇起風雨,蛟龍欲蟄寒沙水,0.8098647901342135
長詩説紙落秋河,揮毫落紙如雲烟,0.8146516906306469
長詩説紙落秋河,落碪何曾白紙濕,0.8064313095000024
長詩説紙落秋河,吟詩秋葉黄,0.8228908690553806
長詩説紙落秋河,老去詩篇渾漫與,0.8047069563350355
長詩説紙落秋河,賦詩猶落筆,0.8383629821711138
要知溪工下手處,子知出處必須經,0.8037957676212446
却將冰幅展似君,聞君掃却赤縣圖,0.806249504196124
却將冰幅展似君,數回細寫愁仍破,0.8040663340267541
震旦花開第一祖,昭陽殿裏第一人,0.8057797409390741
嗟來茂衡,吁嗟後郤詵,0.8028658706415315
嗟來茂衡,嗟爾江漢人,0.8083306657685725
欲與日月並行,歲月誰與度,0.8173680847477782
欲與日月並行,日月還相鬭,0.8036500437813663
欲與日月並行,鞭撻日月久,0.80137831558127
欲與日月並行,歲月不我與,0.8125321285011764
萬物峥嶸,旅食歲峥嶸,0.8081368827815283
萬物峥嶸,峥嶸羣山雲,0.8200089573804894
萬物峥嶸,萬象萋已碧,0.8012935990530262
萬物峥嶸,碣石歲峥嶸,0.8069643113432459
萬物峥嶸,萬象皆春氣,0.8057562135004082
本由心生,以茲悟生理,0.8181205448793172
本由心生,性命由他人,0.8538317261993422
本由心生,虚空不離禪,0.8020737653936645
本由心生,静者心多妙,0.8038780182408274
本由心生,應接非本性,0.8558294531064435
本由心生,物理固自然,0.8089932675405883
本由心生,静求元精理,0.8305356567737054
本由心生,於身色有用,0.809462870388331
本由心生,直取性情真,0.8358263774539276
本由心生,始覺心和平,0.8083745730955222
本由心生,出處遂何心,0.8053908578357944
本由心生,受性本幽獨,0.8355315835299333
本由心生,秉心識本源,0.8684015606352478
本由心生,天然生知資,0.8287452324541059
本由心生,龐公任本性,0.819409832632288
本由心生,消中得自由,0.8288950436454801
本由心生,萬物附本性,0.8129731353672138
本由心生,出處各天機,0.8116636292254278
本由心生,安爲動主理信然,0.823892586887295
本由心生,虚心味道玄,0.844558814460658
本由心生,寬猛性所將,0.81362052771796
去子之取舍與愛憎,君辱敢愛死,0.8084994305159502
去子之取舍與愛憎,王子自愛惜,0.8055935538126824
惟人自縛非天黥,罷官亦由人,0.8216018357530243
惟人自縛非天黥,性命由他人,0.8031300701310113
惟人自縛非天黥,天用莫如龍,0.8025231907547234
惟人自縛非天黥,惟天有設險,0.8035680367749319
惟人自縛非天黥,汝病是天意,0.83238487276182
惟人自縛非天黥,應天才不小,0.8059580215104432
惟人自縛非天黥,吾叱奴人解其縛,0.8003304845122955
惟人自縛非天黥,一生自獵知無敵,0.8011700813123016
惟人自縛非天黥,只有不關渠,0.8020207370217198
惟人自縛非天黥,自私猶畏天,0.8236440994647353
墮子筋骨,鋒稜瘦骨成,0.8303815763074371
墮子筋骨,竄身筋骨勞,0.8670566252974136
墮子筋骨,地冷骨未朽,0.8016041462437624
墮子筋骨,汝骨在空城,0.8036903396634867
墮子筋骨,所悲骨髓乾,0.8168077345802065
墮子筋骨,我馬骨正折,0.806857729953515
墮子筋骨,手脚凍皴皮肉死,0.804722618229451
墮子筋骨,骨肉滿眼身羇孤,0.8298638383381223
墮子筋骨,骨髓幸未枯,0.8163951341659963
墮子筋骨,戰地骸骨白,0.8322119375942187
墮子筋骨,損傷已露筋,0.8108222775601688
墮子筋骨,骨大却生筋,0.8463031556275462
堂堂法窟,廟堂知至理,0.8087894737953467
堂堂法窟,中堂有神仙,0.8121137962607637
堂堂法窟,真如會法堂,0.8760746786030476
九丘四溟,四海八荒同一雲,0.8278137652817152
九丘四溟,長鯨吞九州,0.8032762767672961
九丘四溟,天威總四溟,0.8300806983768525
九丘四溟,安得覆八溟,0.8168981782887905
九丘四溟,四海一塗炭,0.8021057860017409
不改五官之用,一物官盡取,0.8066496912611111
不改五官之用,於身色有用,0.8220078817324726
常爲萬物之宰,殘害爲異物,0.8111101629808273
常爲萬物之宰,百萬化爲魚,0.8110678110789966
常爲萬物之宰,所務穀爲本,0.8060806978008801
常爲萬物之宰,此生隨萬物,0.8021807464119419
常爲萬物之宰,此物神俱王,0.8092621811014484
常爲萬物之宰,王每中一物,0.8036689834781645
常爲萬物之宰,萬物附本性,0.8185666761801098
常爲萬物之宰,邦以民爲本,0.8191537648295881
常爲萬物之宰,萬象皆春氣,0.8038540239517332
而無死生,真堪託死生,0.8054441999704982
而無死生,有儒愁餓死,0.8132287632920769
而無死生,不知死與生,0.8663539022501343
而無死生,存者且偷生,0.8075354350794715
而無死生,君今生死地,0.8388492904892042
而無死生,孰知是死别,0.8237327538630237
而無死生,恐非平生魂,0.8006192868197087
而無死生,嵇康不得死,0.8151111607245515
而無死生,無家問死生,0.8112992356103645
而無死生,便有死生分,0.8303184970396877
而無死生,愚智心盡死,0.8067662246579967
而無死生,人生無賢愚,0.813330408056355
而無死生,萬古一死生,0.8179531248493348
念子坐幽室,客子念故宅,0.8146906045541884
念子坐幽室,夜深坐南軒,0.8086598745617495
是謂蟄蟲欲作,汝病是天意,0.807639308042705
是謂蟄蟲欲作,聞道嬖孽能全生,0.80124102480021
是謂蟄蟲欲作,甚疑鬼物憑,0.805785875458602
是謂蟄蟲欲作,無乃傳其狀,0.8083173844627747
是謂蟄蟲欲作,元惡迷是似,0.8085810118291594
吾驚之以雷霆,何得空裏雷,0.814016857322291
吾驚之以雷霆,雷霆走精鋭,0.8296048314666653
吾驚之以雷霆,安得鞭雷公,0.8081504763566429
吾驚之以雷霆,雷霆可震威,0.850952824343681
吾驚之以雷霆,其光或雷電,0.8085892914885411
吾驚之以雷霆,昨宵殷其雷,0.810452493011568
吾驚之以雷霆,驚惶致雷雨,0.8541643486436873
吾驚之以雷霆,雷霆空霹靂,0.8080297481374861
吾驚之以雷霆,不可無雷霆,0.8641446968629477
吾驚之以雷霆,雲雷歘奔命,0.8060499741185136
吾驚之以雷霆,風雷肯爲伸,0.8036167106118983
吾驚之以雷霆,號怒怪熊羆,0.8017857444073737
吾驚之以雷霆,風雷搜百靈,0.8032293793433714
吾驚之以雷霆,來如雷霆收震怒,0.8457201731715835
吾驚之以雷霆,雷霆劈長松,0.8098808805976512
巧冶鑄干將,篙工密逞巧,0.8284090569755106
巧冶鑄干將,煉金歐冶子,0.8129436027232273
成爲萬乘器,與人一心成大功,0.8006692693627269
貫日吐寒光,山精白日藏,0.8025520678811997
貫日吐寒光,大明韜日月,0.8161498019473913
貫日吐寒光,每夜吐光芒,0.8257311912994919
貫日吐寒光,初日翳復吐,0.8160553616739676
貫日吐寒光,朱甍半光炯,0.801079526681338
貫日吐寒光,赤日石林氣,0.8010946418934823
貫日吐寒光,銅盤燒蠟光吐日,0.8423332755115552
貫日吐寒光,川蜺飲練光,0.8042642349606615
貫日吐寒光,日氣射江深,0.8517727242852121
貫日吐寒光,迴風滔日孤光動,0.8289323893857653
貫日吐寒光,神光照夜年,0.8021394605698244
貫日吐寒光,皛皛行雲浮日光,0.8166786444831451
貫日吐寒光,光射潛虬動,0.8084922061069486
貫日吐寒光,落杵光輝白,0.8060598126011076
貫日吐寒光,赤日照耀從西來,0.813923923836039
貫日吐寒光,落日初霞閃餘映,0.8175581738802014
其誰湔拂汝,誰克免其身,0.80402282557015
蛛網連城玉,蛛絲仍未收,0.8222475348703269
蛛網連城玉,書籤藥裹封蛛網,0.8012218357604535
蛛網連城玉,蛛絲小人態,0.8092790455134378
蛛網連城玉,豐屋珊瑚鉤,0.8063550944492305
蛛網連城玉,蛛絲罥鬢長,0.810672407095333
蛛網連城玉,結纜排魚網,0.8057006296404423
苔生百鍊剛,階面青苔老更生,0.8014662131134518
苔生百鍊剛,古苔生迮地,0.8137891766596766
子雲賦逐貧,君有長才不貧賤,0.8066045136597099
退之文送窮,疏通略文字,0.8130793912368521
退之文送窮,戒之在至公,0.8118047289046592
二作雖類俳,其餘七匹亦殊絶,0.8103371842726356
頗見壯士胸,自非曠士懷,0.8024732752891104
頗見壯士胸,壯士慘不驕,0.8170581756870027
頗見壯士胸,慘澹苦士志,0.8070756768033417
頗見壯士胸,用激壯士肝,0.8531123171290326
頗見壯士胸,丈夫貴壯健,0.8229270219878992
頗見壯士胸,北庭送壯士,0.8060147043933534
頗見壯士胸,志士懷感傷,0.8123732242496567
頗見壯士胸,豪俊初未遇,0.8075837516454929
頗見壯士胸,佳此志氣遠,0.830228472017642
頗見壯士胸,義士皆痛憤,0.8048815998168459
頗見壯士胸,君看磊落士,0.8046929596410384
頗見壯士胸,壯士斂精魂,0.8202594726739041
頗見壯士胸,若道士無英俊才,0.8046398299293003
頗見壯士胸,丈夫多英雄,0.808709445582566
頗見壯士胸,壯士血相視,0.8284619585946633
頗見壯士胸,壯士淚如水,0.851944524929199
頗見壯士胸,居然屈壯圖,0.811261131339671
頗見壯士胸,角鷹倒翻壯士臂,0.8011730771352212
頗見壯士胸,志士惜妄動,0.8352858741547549
頗見壯士胸,志士惜白日,0.8154252018077183
頗見壯士胸,欻見俊哲情,0.8002386038079363
頗見壯士胸,烈士惡苟得,0.8294305525485346
頗見壯士胸,上貴見肝膽,0.801564867606144
頗見壯士胸,嗚呼壯士多慷慨,0.8273749554457943
晁子問行津,道甫問訊今何如,0.8062540031089673
晁子問行津,逢人問孔融,0.8142692035383449
晁子問行津,道旁過者問行人,0.8207634929774266
晁子問行津,問我久遠行,0.8066068033286853
晁子問行津,行李須相問,0.8313545156902331
晁子問行津,小兒學問止論語,0.8032972808001755
晁子問行津,逢人問公卿,0.820575954989047
晁子問行津,重問子何之,0.8000775680545951
晁子問行津,汝迎妻子達荆州,0.8000320211596237
欲濟無山窮,欲濟願水縮,0.8308200425762934
著書蓬蒿底,濟上没蓬蒿,0.8158679875570631
著書蓬蒿底,老夫不出長蓬蒿,0.8200264764502829
著書蓬蒿底,園廬但蒿藜,0.8215894046510797
著書蓬蒿底,相率除蓬蒿,0.8213913767997132
著書蓬蒿底,塊獨委蓬蒿,0.82642078302399
端有古人風,從來多古意,0.8076162146576455
端有古人風,有美生人傑,0.8053048965087652
端有古人風,賢良復幾人,0.8172961441415258
端有古人風,古人誰復過,0.8257812044273519
端有古人風,古先莫能儔,0.815898420592177
端有古人風,文物多師古,0.8252753041776184
端有古人風,絶代有佳人,0.8176308121160258
端有古人風,因見古人情,0.8264072718070826
端有古人風,斯人尚典型,0.8062820049522077
端有古人風,天下幾人畫古松,0.8245050108373362
端有古人風,觀圖憶古人,0.8023925801510123
端有古人風,不薄今人愛古人,0.8276338339539748
端有古人風,有才繼騷雅,0.8125687567036988
端有古人風,少保有古風,0.8678457842722775
端有古人風,古來賢達士,0.8064311425908943
端有古人風,號令頗有前賢風,0.8697365782363664
端有古人風,使君高義驅今古,0.81446142791941
端有古人風,文采風流今尚存,0.8193354264792375
端有古人風,賦有冠古才,0.8019269949552921
端有古人風,數篇今見古人詩,0.8031920491995437
端有古人風,質朴古人風,0.8551522378298937
端有古人風,近有風流作,0.8274122861502348
端有古人風,江漢風流萬古情,0.8071759645172891
端有古人風,自古幽人泣,0.8064599169503355
端有古人風,風流後代希,0.8284883263270175
端有古人風,風流吾賢紹,0.8183190920608363
端有古人風,聖賢名古邈,0.8107750342911209
沙擁大江水,沙汰江河濁,0.86321178934826
沙擁大江水,左輔白沙如白水,0.834540837919293
沙擁大江水,漂沙圻岸去,0.8119172107862263
沙擁大江水,沙亂雪山清,0.8000354175309351
沙擁大江水,長淮浪高蛟龍怒,0.8087594661431989
沙擁大江水,沙白灘漫漫,0.8103733930245185
沙擁大江水,大江動我前,0.8066925361595613
沙擁大江水,青冥寒江渡,0.8018925206181982
沙擁大江水,大江東流去,0.8447872894661226
沙擁大江水,澄江平少岸,0.8380044400611373
沙擁大江水,江發蠻夷漲,0.8318584001675849
沙擁大江水,黄師塔前江水東,0.8115824354319232
沙擁大江水,東郭滄江合,0.8094886712376637
沙擁大江水,茅飛渡江灑江郊,0.8039025812987025
沙擁大江水,天生江水向東流,0.8068812331059195
沙擁大江水,地平江動蜀,0.8264512134495248
沙擁大江水,江潭隱白蘋,0.8026211418057196
沙擁大江水,綿州江水之東津,0.8162937529091826
沙擁大江水,青天江海流,0.8012288672717356
沙擁大江水,清江轉山急,0.810904342563936
沙擁大江水,江沫擁春沙,0.8619614890793168
沙擁大江水,江水流城郭,0.8108317852687392
沙擁大江水,東津江欲平,0.8292500897158253
沙擁大江水,出號江城黑,0.8083249157220916
沙擁大江水,江水長流地,0.8309972238559893
沙擁大江水,漰口江如練,0.8316942946560493
沙擁大江水,黄河北岸海西軍,0.827670357275113
沙擁大江水,揮淚臨大江,0.8012500081621172
沙擁大江水,江喧水氣浮,0.8004944214468779
沙擁大江水,日暮東臨大江哭,0.8332932515617073
沙擁大江水,江中淘河嚇飛燕,0.8094929189319825
沙擁大江水,江聲走白沙,0.8397073523392324
沙擁大江水,月湧大江流,0.8556765097072532
沙擁大江水,江寒出水長,0.8137389753432704
沙擁大江水,峽門江腹擁城隅,0.8082631964864947
沙擁大江水,俛視大江奔,0.8119158037139556
沙擁大江水,雨含長江白,0.8439301895778604
沙擁大江水,江長注海奔,0.8367381907860677
沙擁大江水,山泉落滄江,0.8114785347640917
沙擁大江水,江間波浪兼天湧,0.8082464843926329
沙擁大江水,浪翻江黑雨飛初,0.8175426520572714
沙擁大江水,峽口大江間,0.8329597746962185
沙擁大江水,西江白谷分,0.8217820990237044
沙擁大江水,大江蟠嵌根,0.8036208906166413
沙擁大江水,東屯大江北,0.8445128768433785
沙擁大江水,江渾魚掉頭,0.819761046438692
沙擁大江水,滿峽重江水,0.8174737070969298
沙擁大江水,東西兩岸坼,0.8032108579405804
沙擁大江水,峽束滄江起,0.8427190626386176
沙擁大江水,寒江東北流,0.8396888167949668
沙擁大江水,遠岸秋沙白,0.8281568922621867
沙擁大江水,荻岸如秋水,0.8029467829977519
沙擁大江水,地坼江帆隱,0.8145629446456764
沙擁大江水,江濤簸岸黄沙走,0.8531452386823668
沙擁大江水,大水淼茫炎海接,0.808878503962905
沙擁大江水,小江還積浪,0.8328626025180061
沙擁大江水,地闊平沙岸,0.8272060434742662
沙擁大江水,西江接錦城,0.806395513507733
沙擁大江水,岸轉異江湖,0.8067863777375208
泥封函谷關,燕薊奔封豕,0.8068965825081208
古來世上雄,從來多古意,0.8127051539620733
古來世上雄,有美生人傑,0.8129416400466669
古來世上雄,是何意態雄且傑,0.8084561135520713
古來世上雄,古來無人境,0.8100733283608184
古來世上雄,古來於異域,0.810880225773523
古來世上雄,文物多師古,0.8058878945260782
古來世上雄,人生七十古來稀,0.8038839995231635
古來世上雄,如公盡雄俊,0.8157717669143951
古來世上雄,至今英雄人,0.8389937874900093
古來世上雄,人道我卿絶世無,0.8198450693385
古來世上雄,既稱絶世無,0.8275258005073668
古來世上雄,凡今誰是出群雄,0.8110809290267537
古來世上雄,梓中豪俊大者誰,0.8050691518850444
古來世上雄,古來賢達士,0.8384540842506396
古來世上雄,但看古來盛名下,0.8588821768201996
古來世上雄,若道士無英俊才,0.8100422107087397
古來世上雄,丈夫多英雄,0.8053366753797422
古來世上雄,亂世想賢才,0.8140258356822454
古來世上雄,豪華看古往,0.8000942251126539
古來世上雄,人傳世上情,0.8154797762172417
古來世上雄,古來傑出士,0.8969541673364891
古來世上雄,草書非古空雄壯,0.8254528530897887
古來世上雄,主人不世才,0.8123914591590171
古來世上雄,古來經濟才,0.8648886480494259
古來世上雄,濟世宜引英俊人,0.8219486718834799
古來世上雄,後來傑出雲孫比,0.8119540950319357
宰木風雨寒,反思前夜風雨急,0.8001208683308265
宰木風雨寒,鷄鳴風雨交,0.8120271498069438
宰木風雨寒,天寒霜雪繁,0.812311474448507
宰木風雨寒,寒雨颯颯枯樹濕,0.833711852713547
宰木風雨寒,季冬樹木蒼,0.8175136296350269
宰木風雨寒,霜露晚淒淒,0.8119959082866044
宰木風雨寒,霜露在草根,0.8090544686516759
宰木風雨寒,山木慘慘天欲雨,0.8202767254294916
宰木風雨寒,因驚四月雨聲寒,0.8007410737604642
宰木風雨寒,風雨秋一葉,0.8099402949152242
宰木風雨寒,秋風動哀壑,0.8065759445194752
宰木風雨寒,玉露凋傷楓樹林,0.8067647709853725
宰木風雨寒,青楓葉赤天雨霜,0.8000214410526263
宰木風雨寒,清秋草木黄,0.8143857926631288
宰木風雨寒,喬木易高風,0.8181968935663586
宰木風雨寒,秋風楚竹冷,0.8177432138946901
宰木風雨寒,寒風疏草木,0.8684561844980425
宰木風雨寒,是日霜風凍七澤,0.8017370128154405
宰木風雨寒,風濤颯颯寒山陰,0.807793404367685
宰木風雨寒,五月寒風冷佛骨,0.8255504284803881
宰木風雨寒,北風昨夜雨,0.8217317950186147
宰木風雨寒,風雨暗荆蠻,0.8130346619469317
宰木風雨寒,寒蟬碧樹秋,0.8010407084999884
魯儒守一經,學業醇儒富,0.8014463003859786
魯儒守一經,腐儒衰晚謬通籍,0.8044497921505338
魯儒守一經,諸生困一經,0.8497555837629599
魯儒守一經,尚書訓士齊,0.8088660047869828
魯儒守一經,居守付宗臣,0.8119650283393259
魯儒守一經,宗儒俎豆事,0.8023015425327694
魯儒守一經,先儒曾抱麟,0.8058932013872344
魯儒守一經,經術竟相傳,0.8112424713619637
魯儒守一經,韋經亞相傳,0.8296217392222848
